resolved_accession	length
CP133053.1	316034
CP022285.1	170420
CP091333.1	3996233
CP001922.1	74451
CP074696.1	8961
CP184601.1	3932139
CP088900.1	2309
CP139827.1	24188
CP166770.1	4075106
CP018143.1	4021072
CP179702.1	4025750
CP038503.1	29128
CP088898.1	2924
CP044518.1	6099
CP131886.1	110546
CP072281.1	218105
CP039024.1	30876
CP188279.1	110967
CP096704.1	4017911
CP155637.1	3989228
CP072124.1	87529
CP059301.1	174292
CP091334.1	3980154
CP169795.1	3914702
CP031380.1	3919274
CP098793.1	9878
CP163040.1	72257
CP082952.1	4007379
CP175875.1	3126
CP151692.1	4017757
CP098794.1	5452
CP157258.1	104651
CP034243.1	3943105
CP053218.1	3699225
CP096697.1	112156
CP021348.1	25150
CP139832.1	48590
CP017643.1	70875
CP137066.1	3908746
CP175874.1	4057
CP050423.1	5679
CP065432.1	4016386
CP080453.1	2178
CP159764.1	80394
CP113453.1	1691
CP091361.1	4014141
CP107598.1	19667
CP051862.1	3763047
CP050529.1	2682
CP107578.1	19667
CP143351.1	14639
CP115622.1	18774
CP125223.1	3908916
CP187579.1	4178746
CP096694.1	22354
CP107586.1	19667
CP175849.1	28960
CP131900.1	8731
CP050411.1	8731
CP155458.1	3994412
CP159518.1	4000167
CP104912.1	3951179
CP035052.1	74091
CP147667.1	8731
CP155725.1	8731
CP023140.1	3891370
CP144560.1	8731
CP157481.1	72787
CP040260.1	202283
CP113082.1	8731
CP175654.1	70401
CP017652.1	3967831
CP058289.1	3927723
CP169831.1	10967
CP085788.1	4023505
CP050425.1	4002798
CP053219.1	97161
AP031582.1	3890845
CP123855.1	19052
CP124678.1	3932645
CP043458.1	3684634
CP169867.1	115879
CP077843.1	3987206
JBQOVK000000000.1	84615
JBQOVK000000000.1	9139
JBQOVK000000000.1	12274
JBQOVK000000000.1	135708
JBQOVK000000000.1	15101
JBQOVK000000000.1	59345
JBQOVK000000000.1	895
JBQOVK000000000.1	24045
JBQOVK000000000.1	16476
JBQOVK000000000.1	18324
JBQOVK000000000.1	8576
JBQOVK000000000.1	31202
JBQOVK000000000.1	6082
JBQOVK000000000.1	70474
JBQOVK000000000.1	30510
CP050393.1	8731
CP020598.1	3870945
CP136180.1	3840805
CP014528.1	4172609
CP096730.1	77542
CP132915.1	3749633
CP121370.1	3717007
CP178357.1	200633
CP181858.1	178725
CU459140.1	94413
CP175886.1	2762
CP050385.1	4210906
CP175829.1	9860
CP147665.1	4041416
CP107615.1	19667
CP173428.1	3841751
CP169769.1	9205
CP094286.1	8731
CM132596.1	4024257
CP019034.1	4004719
CP178414.1	4554
JBSOQV000000000.1	70518
JBSOQV000000000.1	62604
JBSOQV000000000.1	12635
JBSOQV000000000.1	154706
JBSOQV000000000.1	61874
JBSOQV000000000.1	84096
JBSOQV000000000.1	201815
JBSOQV000000000.1	25035
JBSOQV000000000.1	98616
JBSOQV000000000.1	64195
JBSOQV000000000.1	43844
CP046899.1	205113
CP104448.1	4092895
CP196001.1	3791486
CP175845.1	2543
AP024806.1	8948
CP095092.1	11178
CP175651.1	29278
JBQOVP000000000.1	68783
JBQOVP000000000.1	16769
JBQOVP000000000.1	28111
JBQOVP000000000.1	9907
JBQOVP000000000.1	55763
JBQOVP000000000.1	196305
CP033869.1	4193847
CP091352.1	3905527
CP175650.1	77820
CP088894.1	3858469
CP050906.1	8731
CP146231.1	3948245
CP051475.1	8731
CP076804.1	3987199
CP102764.1	87371
CP003850.1	8721
CP069842.1	14879
CP155477.1	108159
CP169822.1	7818
CP087329.1	88290
CP194388.1	3986543
CP181857.1	4036762
CP131905.1	17703
CP199970.1	4074655
CP040083.1	9185
CP173429.1	68501
CP096765.1	110970
CP027609.1	8731
CP058290.1	7655
CP096681.1	4237035
CP163385.1	8638
LT605060.1	148956
CP144244.1	2309
CP096575.1	3878974
CP091328.1	4055807
CP139209.1	10631
CP113081.1	83610
CP024577.1	15113
CP134575.1	77530
CP191593.1	16095
CP043469.1	3908609
CM129839.1	4039479
CP027181.1	6078
CP054561.1	10832
AP024810.1	3948
CP104345.1	338291
CP137072.1	97180
CP018144.1	77513
CP059731.1	17003
CP104449.1	50024
CP169376.1	112009
CP096738.1	3951111
LT605059.1	3980027
CP096722.1	4061968
CP059475.1	113429
CP151694.1	4027485
CP046555.1	19653
CP160032.1	3964414
CP038652.1	5734
CP151079.1	107052
CP175876.1	4082851
CP023024.1	7143
CP181855.1	178726
CP084735.1	69524
CP074698.1	3973160
CP169835.1	8768
CP026339.1	16095
CP169790.1	8911
LN865143.1	3928513
CP095091.1	3921433
CP038645.1	116047
AP024802.1	3920683
CP187581.1	6772
CP169820.1	100723
CM130065.1	3977085
CP096896.1	106927
CP107607.1	11625
CP062919.1	3747579
CP195998.1	35018
CP020581.1	3932204
CP169768.1	3919491
CP091370.1	4021915
CP039026.1	30410
CP020577.1	73264
CP066239.1	11508
CP169780.1	16606
CP174090.1	4079290
CP059386.1	3800835
CP191653.1	7459
CP149838.1	4004850
CP035044.1	12952
CP115629.1	4032528
CP191655.1	3892144
CP124679.1	8731
CP039342.1	55269
CP134578.1	66757
CP159516.1	4001362
CP175842.1	2735
CP145433.1	1663
CP166163.1	108159
CP039025.2	3955017
CP018334.1	11586
CP175882.1	4001604
CP076741.1	112148
CP061516.1	83626
CP110462.1	3983259
CP091373.1	4058269
CP072295.1	4095778
CP117761.1	3030
CP175854.1	19048
CP195996.1	3840219
CP156046.1	8923
CP157261.1	107426
CP132214.1	4029133
CP169828.1	3934575
CP103342.1	2421
CP169807.1	7854
CP195702.1	17414
CP136175.1	8066
JBQOVR000000000.1	106947
JBQOVR000000000.1	37191
JBQOVR000000000.1	162192
JBQOVR000000000.1	10957
JBQOVR000000000.1	75280
JBQOVR000000000.1	118241
JBQOVR000000000.1	211722
JBQOVR000000000.1	10717
JBQOVR000000000.1	14509
JBQOVR000000000.1	63179
JBQOVR000000000.1	2908
CP160130.1	4008721
CP195995.1	169059
CP129247.1	16101
CP104910.1	8731
CP072293.1	7540
CP196931.1	70099
CP046654.1	3980848
CP040052.1	5681
CP103415.1	11192
CP162146.1	96204
CP134581.1	110957
CP050403.1	4137731
CP184586.1	184473
CP125226.1	14639
CP179708.1	8731
AP024807.1	7104
CP050406.1	12574
CP178418.1	3863355
CP096754.1	71044
CP107595.1	3955973
CP060504.1	3898606
CM132597.1	3978296
CP150098.1	114265
CP151719.1	4061790
CP131885.1	3922459
CP087341.1	93962
CP096746.1	112156
CP072292.1	68225
CP169812.1	135535
CP043470.1	110962
CP136174.1	9474
CP098796.1	141631
CP178411.1	2309
CP107587.1	4057314
CP096756.1	71044
CP106990.1	10967
CP196000.1	8129
CP191639.1	10566
CP087596.1	5870
CP175805.1	11216
CP043453.1	111162
CP026749.2	42455
CP043471.1	32363
CP096726.1	110965
CP020590.1	3866657
CP091360.1	3638126
CP134573.1	77529
CP096725.1	77534
CP059729.1	4068815
CP178419.1	12709
CP043953.1	3972439
CP076805.1	105056
CP076812.1	4205863
CP096702.1	4084141
CP121585.1	2052
CP188270.1	12709
CP027179.1	39535
CP040080.1	3766238
CP058731.1	7730
CP143352.1	2025
CP003847.1	4001621
CP043457.1	10879
CP199308.1	4057641
CP157253.1	76059
CP117765.1	72322
CP131951.1	107426
CP087334.1	7296
CP107606.1	67019
CP175837.1	100041
CP150097.1	3859912
CP041590.1	145071
CP115643.1	4048321
CP077845.1	11194
CP151709.1	4060980
CP194660.1	3861
CP072273.1	7540
CP169773.1	3953664
CP023021.1	9024
CP098792.1	141629
CP072270.1	4091200
CP091597.1	11378
CP190387.1	3968920
CP137140.1	3946903
CP103339.1	85026
CP012952.1	4063596
CP051879.1	2697
CP175848.1	74012
CP098800.1	257
CP195701.1	102511
CP144242.1	3893302
CP110464.1	12952
CP027187.1	6078
CP145432.1	1196
CP022283.1	4159217
CP175868.1	2763
CP157345.1	107426
CP104336.1	328511
CP032743.1	3949489
CP134541.1	131816
CP131894.1	110967
CP169829.1	74214
CP098799.1	5452
CP179694.1	4103143
CP017152.1	4178958
CP169859.1	3893825
CP065052.1	72156
JBSOQU000000000.1	28684
JBSOQU000000000.1	7449
JBSOQU000000000.1	88517
JBSOQU000000000.1	4030
JBSOQU000000000.1	66130
JBSOQU000000000.1	51372
JBSOQU000000000.1	35604
JBSOQU000000000.1	2056
JBSOQU000000000.1	26469
JBSOQU000000000.1	51120
JBSOQU000000000.1	68523
JBSOQU000000000.1	50820
JBSOQU000000000.1	95581
CP071764.1	2277
CP051477.1	3432
CP156935.1	78179
CP156044.1	4089266
CP179707.1	3997136
CP027185.1	105128
CP199972.1	3880498
CP110466.1	80243
CP191587.1	5281
CP040262.1	5464
CP027186.1	38505
CP033871.1	14807
CP106988.1	4000035
CP194651.1	3735903
CP175851.1	4147
CP169791.1	3898494
CP161989.1	3777571
CP107609.1	19667
CP169817.1	6078
CP066233.1	73360
CP008851.1	74749
CP060994.1	3778436
CP076813.1	9197
CP003887.1	70170
CP121587.1	8742
CP050916.1	4015142
CP050910.1	8731
CP087306.1	8731
CP031444.1	3935403
CP169865.1	10083
CP076801.1	3851439
CP001172.2	3759495
CP139831.1	3860344
CP121373.1	19102
CP195997.1	188801
CP094284.1	110967
CP137073.1	3997375
CP175844.1	11194
CP187582.1	2277
CP191635.1	5281
CP133714.1	90078
CP050525.1	1764
CP027244.1	8731
LN868200.1	3819158
CP199978.1	17462
CP169837.1	15844
CP175883.1	151475
CP169777.1	179192
CP096751.1	77530
CP016301.1	110967
JBSOQT000000000.1	75272
JBSOQT000000000.1	3626
JBSOQT000000000.1	20617
JBSOQT000000000.1	34314
JBSOQT000000000.1	24964
JBSOQT000000000.1	22982
JBSOQT000000000.1	16418
JBSOQT000000000.1	10043
JBSOQT000000000.1	1478
JBSOQT000000000.1	118024
JBSOQT000000000.1	204235
CP137075.1	3849243
CP026748.1	5602
CP102580.1	3979237
CP087332.1	148957
CP113446.1	8916
CP043459.1	287961
CP099857.1	4056249
CP162300.1	3833964
CP107589.1	11625
CP137076.1	69524
CP050430.1	2762
CP050414.1	8732
CP107614.1	3901216
CP091454.1	82120
CP154375.1	2343
CP151714.1	145508
CP121595.1	3962360
CP104351.1	4092451
CP059387.1	113330
CP096737.1	110968
CP026126.1	11305
JBRUXD000000000.1	31783
JBRUXD000000000.1	15991
JBRUXD000000000.1	42363
JBRUXD000000000.1	303982
JBRUXD000000000.1	12891
JBRUXD000000000.1	20166
JBRUXD000000000.1	51819
JBRUXD000000000.1	19553
JBRUXD000000000.1	49406
JBRUXD000000000.1	61673
JBRUXD000000000.1	61792
CP191622.1	5281
CP015364.1	3998012
CP188288.1	12863
CP161987.1	114495
CP188771.1	202493
CP175832.1	3840806
CP074711.1	38118
CP048827.1	3861977
CP131904.1	110967
CP084733.1	3989953
CP059302.1	5210
CP059543.1	117806
CP031381.2	24268
CP091359.1	3918856
CP159626.1	4001355
CP191588.1	16095
CP087312.1	3860314
CP061526.1	14639
CP096729.1	4021197
CP087336.1	115180
CP131950.1	3924187
CP096752.1	110967
CP132215.1	71234
CP134567.1	47274
CP040425.1	4014051
AP031578.1	4004317
CP074708.1	26481
CP188284.1	4554
CP059042.1	16502
CP188278.1	3953265
CP175835.1	4262730
CP191637.1	16095
CP044519.1	4054239
CP091340.1	3874353
CP039518.1	3891074
CP023033.1	80546
CP027532.1	41087
CP151705.1	3974547
CP134544.1	3981017
CP115630.1	71233
CP010781.1	3909008
CP179703.1	8731
CP178423.1	2309
CP151693.1	127468
CP149831.1	3983649
CP169855.1	106968
CP084732.1	69524
CP132918.1	11779
CP050398.1	607
CP050917.1	71194
CP191594.1	4077713
CP096759.1	4055260
CP038648.1	9205
CP149839.1	19636
CP049364.1	21761
CP076810.1	8229
CP043954.1	7791
CP199965.1	6361
CP026340.1	5281
CU459141.1	3936291
CP161992.1	4027481
CP034094.1	27452
CP115644.1	107426
CP072125.1	7540
CP160034.1	8251
CP062923.1	5242
CP195706.1	22406
CP129249.1	2114
CP074707.1	20351
CP139835.1	34880
CP042562.1	5039
CP091335.1	3901878
CP072527.1	113682
CP091343.1	3930310
CP179882.1	13932
CP054417.1	11194
CP169841.1	15323
CP087321.1	3980536
CP009256.1	3803317
CP050434.1	10967
CP046546.1	3981894
CP194653.1	11123
CM125920.1	3853766
CP039933.1	10255
CP066234.1	19616
CP190359.1	4039992
CP096745.1	4028024
CP175867.1	5679
CP154372.1	4111123
CP185767.1	3887522
CP191640.1	16095
LN865144.1	7742
CP061522.1	110964
CP107582.1	19667
CP107594.1	110194
CP194387.1	3984654
CP091353.1	3963068
CP050402.1	8731
CP169805.1	3936621
CP190361.1	72283
CP137068.1	88892
CP131901.1	4097773
CP133052.1	3844255
CP061521.1	3938042
CP096711.1	110967
CP132919.1	11086
CP094283.1	4036993
CP136182.1	3831295
CP031382.1	70101
CP027528.1	4149444
CP096762.1	3930603
CP047974.1	103751
CP104341.1	50022
CP096740.1	3952043
CP044520.1	66277
CP199975.1	18410
CP195992.1	95493
CP038261.1	18786
CP096741.1	11196
CP121626.1	109264
CP155460.1	78115
CP121628.1	17459
CP134598.1	110965
CP121557.1	3855410
CP191660.1	29650
CP048135.1	208004
CP184603.1	3932137
CP107605.1	4064267
CP021327.1	112155
CP072284.1	5679
CP159624.1	4001363
CP046655.1	9540
CP188274.1	2742
CP087311.1	83611
CP059542.1	3970467
CP169767.1	24312
CP169852.1	3934340
CP050390.1	3919631
CP034097.1	8493
CP091366.1	3974863
CP035183.1	3940649
CP175841.1	3837188
CP171395.1	78284
CP096764.1	4053803
CM129936.1	3920785
CP178409.1	2924
CP096716.1	77530
CP151710.1	145522
AP024805.1	10831
CP042559.1	8795
CP042560.1	7703
CP102581.1	110967
CP056784.2	3864540
CP184593.1	3932120
CP175645.1	108159
CP039519.1	127784
CP023025.1	113420
CP077848.1	8731
CP191650.1	13924
CP188282.1	72256
CP061517.1	4040626
CP157252.1	3933474
CP136168.1	3824214
CP136178.1	3962234
CP087298.1	3942126
CP096687.1	110968
CM129970.1	4046148
CP114382.1	8731
JBQOVQ000000000.1	82423
JBQOVQ000000000.1	774
JBQOVQ000000000.1	9635
JBQOVQ000000000.1	57955
JBQOVQ000000000.1	184519
JBQOVQ000000000.1	73688
JBQOVQ000000000.1	56137
JBQOVQ000000000.1	39470
CP171791.1	3923099
CU459139.1	2726
CP188271.1	4554
CP185772.1	3726016
CP121633.1	17462
CM121372.1	120801
CP191598.1	16095
CP175647.1	29278
JBQOVN000000000.1	67469
JBQOVN000000000.1	34218
JBQOVN000000000.1	21915
JBQOVN000000000.1	24264
JBQOVN000000000.1	26325
JBQOVN000000000.1	98018
JBQOVN000000000.1	10366
JBQOVN000000000.1	102277
JBQOVN000000000.1	9993
JBQOVN000000000.1	46850
JBQOVN000000000.1	25229
JBQOVN000000000.1	94193
JBQOVN000000000.1	52031
JBQOVN000000000.1	62696
JBQOVN000000000.1	200618
JBQOVN000000000.1	2495
JBQOVN000000000.1	4932
JBQOVN000000000.1	50233
CP087299.1	83611
CP179692.1	4019995
CP175653.1	3884974
CP059039.1	3750370
CP121564.1	70111
CP184614.1	78031
CP188289.1	4554
CP079932.1	148955
CP030106.1	3947407
CP071765.1	8731
CP050918.1	8731
CP035050.1	11810
CP051876.1	48239
CP051878.1	8215
CP053099.1	13409
CP169809.1	4011405
CP107610.1	3965229
CP191628.1	2726
CP012587.1	3719282
CP059390.1	4721
CP196986.1	70542
CP155461.1	14639
CP076737.1	8970
CP133719.1	7818
CP100307.1	8731
CP096743.1	110967
CP059303.1	12651
CP053033.1	72257
CP131953.1	2024
CP199967.1	18235
CP155721.1	4056338
CP151078.1	3899864
CP038260.1	25856
CP060996.1	13325
CP041589.1	10967
CP115639.1	3939250
CP084734.1	8731
CP169874.1	18491
CP151715.1	4063898
CP096753.1	4066669
CP175872.1	10094
CP014217.1	5465
CP069840.1	3978309
CP191627.1	4162860
CP027608.1	106967
CP049363.1	3854994
CP096709.1	110967
CP104908.1	3907867
CP003967.2	3704284
CP166166.1	2025
CP096700.1	4065025
CP157254.1	17462
CP096769.1	77533
CP166771.1	111993
CP035051.1	3929411
CP143346.1	3927218
CP050418.1	18783
CP085789.1	11164
CP169866.1	3728679
CP104338.1	1296
CP035046.1	106963
CP107590.1	4062852
CP110468.1	141033
CP087350.1	8732
CP175656.1	3970770
CP155457.1	75286
CP096703.1	70287
CP169853.1	19338
CP195991.1	3856300
CP169785.1	3837133
CP155479.1	14639
CP179873.1	13776
CP139834.1	1423
CP072402.1	5679
CP021783.1	2726
CP142894.1	90968
CP096739.1	73209
CP195684.1	67685
CP144253.1	112526
CP000865.1	64366
CP188290.1	2924
AP024813.1	2278
CP134584.1	205113
CP026708.1	8731
CM125924.1	3853766
CP136181.1	3841318
CP179696.1	4026719
CP151703.1	132823
CP039341.1	4049647
CP175643.1	70100
CP038264.1	76956
CP026707.1	3993843
CP038647.1	9909
CP140421.1	72105
CP191607.1	16095
CP015121.1	3980886
CP175878.1	3924137
CP050904.1	3998421
CP175877.1	89495
CP179693.1	8731
CP027530.1	4040515
CP179704.1	2278
CP161995.1	3752758
CP199979.1	3986010
CP060732.1	4103762
CP050915.1	92021
CP194654.1	9656
CP194389.1	3975818
CP077833.1	84262
CP077840.1	4078332
CP179710.1	8731
CP137071.1	3942549
CP050407.1	5679
CP155455.1	4056388
CP023029.1	3971623
CP102831.1	3973623
CP117760.1	9862
AP024812.1	2444
CP096763.1	72248
CP028139.1	133709
CP175858.1	45789
CP155638.1	84259
CP087307.1	2359
CP070365.1	83362
CP067103.1	10955
CP086759.1	3935674
CP175881.1	4288
CP096682.1	4069136
CP107613.1	19667
CP121371.1	101824
CP175864.1	228269
CP157251.1	17462
CP175860.1	9618
CP128372.1	3806806
CP175646.1	4014688
CP114384.1	1887
CP184613.1	3932159
CP134574.1	3964354
CP199976.1	6078
CP020582.1	90972
CP066229.1	3991754
CP104785.1	8740
CP134596.1	4048509
CP042931.1	4030371
CP169818.1	113549
CP113076.1	11302
CM125922.1	3853760
CP151697.1	3692337
CP171794.1	7244
CP023035.1	9935
CP027178.1	4093545
CP023027.1	10062
CP149835.1	2025
CP169863.1	101309
CP104344.1	9935
AP024808.1	5049
CP072294.1	5679
CP121563.1	3977707
CP087313.1	223334
CP050905.1	110967
CP196469.1	184089
CP059547.1	3810320
CP134549.1	3870104
CP048133.1	8731
CP199982.1	70098
CP072122.1	4038785
CP019218.1	64554
CP016302.1	73188
CP017645.1	81227
CP114381.1	3990368
CP191629.1	5221
CP151696.1	3877559
CP087331.1	3964603
CP091346.1	4068658
CP178416.1	2742
CP194658.1	10295
CP072304.1	5679
CP087343.1	5460
CP136177.1	6010
CP169779.1	3978798
CP018421.1	4011552
CP161986.1	3778202
CP159527.1	4001338
CP199968.1	4182
CP157259.1	2024
CP096761.1	11194
CP191245.1	78326
CP050429.1	7540
CP107580.1	19667
CP139838.1	117330
CP134592.1	77294
CP113445.1	11964
CP035053.1	10967
CP179870.1	10848
CP184612.1	78027
CP066230.1	73339
CP096705.1	4060809
CP091347.1	3913930
CP115641.1	3921098
CP084724.1	3991008
CP142393.1	4038658
CP053098.1	4005343
CP098798.1	10043
CP043455.1	3943529
CP107604.1	19662
CP142892.1	3820822
CP195698.1	3971410
CP174093.1	11194
CP046900.1	19147
CP156933.1	4055299
CP027529.1	8731
CP112859.1	3822753
CP021782.1	4039997
CP042564.1	3065
CP077838.1	72258
CP087323.1	15932
CP115625.1	18774
CP051873.1	6619
CP155723.1	75286
CP009534.1	3875775
CP169834.1	79190
CP104334.1	4650
CP134566.1	3723049
CP050417.1	52509
CP088896.1	12709
CP004359.1	110967
CP134597.1	3943518
CP191602.1	16095
CP059040.1	3980852
AP023079.1	41087
CP061515.1	110967
CP109837.1	72256
CP179884.1	6359
CP049314.1	3935232
CP076739.1	3972003
CP023028.1	110728
CP077802.1	145711
CP034092.1	3864628
AP013357.1	4021920
CP039995.1	5602
CP169788.1	3917480
CP140434.1	3996282
CP191658.1	3892596
CP096684.1	4025136
CP070361.1	87892
CP134557.1	82126
CP058730.1	110272
CP117728.1	3891020
CP144240.1	4144235
CP184591.1	3932133
CP087338.1	32159
CP191381.1	6078
CP136185.1	6479
CP169808.1	87569
CP116387.1	3951602
CP047973.1	3892871
CP087319.1	36555
CP050428.1	7695
CP139830.1	2421
CP163039.1	3960744
CP091598.1	117234
CP033111.1	148955
CP144248.1	72253
CP027124.1	8731
CP034095.1	8420
CP137141.1	8731
CP179698.1	2278
CP190370.1	3934710
CP038651.1	5844
CP053217.1	3968
CP096770.1	110966
CP091329.1	22388
CP046898.1	3929775
CP169778.1	7563
CP043464.1	10879
CP188293.1	11109
JBQGLO000000000.1	34960
JBQGLO000000000.1	75400
JBQGLO000000000.1	2906
JBQGLO000000000.1	10835
JBQGLO000000000.1	22984
JBQGLO000000000.1	218159
JBQGLO000000000.1	95544
JBQGLO000000000.1	89987
JBQGLO000000000.1	90203
CP169774.1	113681
CP142102.1	3958574
CP134568.1	12471
CP113069.1	3836532
CP169811.1	3716662
CP184583.1	3932135
CP142019.1	3892683
CP121374.1	38300
CP046553.1	30517
CP140435.1	73301
CP100305.1	3990428
CP121630.1	8731
CP008708.1	8731
CP051867.1	81353
CP123858.1	12158
CP196885.1	3921342
CP092030.1	15266
CP156043.1	17641
CP008706.1	3972672
CP059474.1	3792708
CP156042.1	74071
CP130627.2	4020125
CP030084.1	8732
CP087330.1	6806
CP045528.1	4092125
CP115637.1	3921041
CP075321.1	3973595
CP140437.1	14639
CP039994.1	71233
CP087356.1	11084
CP194656.1	3735903
CP096693.1	3940345
CP133706.1	3964944
CP046551.1	10864
CP195693.1	4001606
CP134564.1	3903648
CP050396.1	1359
CP091341.1	4008883
CP016296.1	110968
CP131895.1	90163
CP115627.1	71598
CP001937.2	4022275
CP121346.1	4595
CP131945.1	8731
CP134588.1	77212
CP059546.1	3816508
CP184585.1	3932148
CP178250.1	3786531
CP023020.1	4119128
CP103343.1	2368
CP077830.1	4202756
CP151711.1	4029029
CP088899.1	2742
CP131893.1	4102098
CP072303.1	7540
CP136172.1	3945407
CP188275.1	3978214
CP134560.1	4004927
CP046549.1	4029161
CP169804.1	17004
CP018254.1	4250048
CP191590.1	4120823
CP010782.1	8731
CP169843.1	106528
CP072272.1	68224
CP179872.1	4028264
CP042841.1	3963235
CP079744.1	11600
CP117763.1	66484
CP121567.1	3944323
CP076821.1	4132446
CP134550.1	4058765
CP079743.1	3894096
CP020578.1	3982722
CP082953.1	9205
CP096710.1	4025902
CP050410.1	3926441
CP025266.1	3983848
CP091338.1	3996446
CP077839.1	8731
CP003908.1	20139
CP121632.1	3958052
CP143348.1	4040533
CP117764.1	3805957
CP184600.1	167788
CP042556.1	3806017
CP191247.1	7540
CP027184.1	60699
AP023077.1	3992063
CP042563.1	4715
CP136176.1	7813
CP191659.1	37122
CP169872.1	4030440
CP059545.1	7369
CP179869.1	4003826
CP121379.1	40316
CP134563.1	77531
CP021322.1	64557
CU459138.1	9661
CP099858.1	4029089
CP130923.1	8731
CP134570.1	4150697
CP137065.1	17462
CP134552.1	3942255
CP096768.1	4059985
CP096732.1	110967
CP072286.1	218105
CP077841.1	70789
CP029570.1	108151
CP050421.1	4000714
CP178408.1	4554
CP196962.1	11302
CP022284.1	12381
CP142895.1	3994026
CP104295.1	3999538
CP151698.1	131775
CP143350.1	73301
CP131944.1	3926622
CP151716.1	145508
CP169821.1	7815
CP026712.1	72990
CP016298.1	3965390
CP026750.2	3893621
CP087340.1	3810521
CP103344.1	2278
CP016295.1	3970947
CP096760.1	110967
CP072299.1	5679
CP050527.1	8731
CP169850.1	81072
AP031579.1	3984996
CP087314.1	70100
CP103338.1	3686394
CP066232.1	3995262
CP039344.1	55268
CP130922.1	73006
CP080456.1	8731
CP030083.1	3911735
CP178422.1	2742
CP123859.1	15166
CP076744.1	112151
CP091348.1	3964332
CP021321.1	3914578
CP159517.1	4001355
CP113079.1	83610
CP199576.1	16095
CP156041.1	3969673
CP169819.1	3712652
CP151713.1	4062013
AP024804.1	12817
CP059548.1	3776716
CP035049.1	3873900
CP076814.1	3910207
CP096728.1	110968
CP115624.1	71598
CP076738.1	112124
CP017657.1	101406
CP131897.1	19261
CP096691.1	71277
CP159521.1	4001326
CP087325.1	3772535
CP072399.1	218105
CP077829.1	5602
CP144243.1	12707
CP096690.1	4099544
CM125925.1	3853614
CP096820.1	11805
CP061518.1	110965
CP051870.1	48239
CP121569.1	17436
CP129246.1	166254
CP134548.1	3908238
CP079933.1	13409
CP038501.1	78125
CP134555.1	3717899
AP014649.1	4000970
CP017647.1	73891
CP027121.1	72105
CP107577.1	3955717
CP062922.1	14288
CP171399.1	114671
CP104343.1	335718
CP133712.1	3816144
CP121375.1	3718767
CP169814.1	4554
CP033245.1	80548
CP074585.1	3980901
CP104751.1	3937114
AP025534.1	8731
CP087348.1	3923642
CP147666.1	72257
CP020589.1	72076
CP083181.1	3854806
CP134545.1	110967
CP087317.1	4058693
CP191630.1	10563
CP072279.1	5679
CP096727.1	4080083
CP059300.1	4364474
CP072123.1	218105
CP132917.1	50328
CP151720.1	145509
CP191600.1	2726
CP059304.1	9950
CP134540.1	3933711
CP076820.1	9543
CP191668.1	3864213
CP184597.1	3932120
CP096689.1	73209
CP087300.1	3759599
CP012004.1	3857743
CP096713.1	33550
CP156934.1	107426
CP029572.1	8771
CP007535.2	3851648
CP072305.1	3841218
CP133713.1	261943
CP155480.1	2025
CP145436.1	2023
CP096895.1	112202
CP169856.1	73861
CM132594.1	4012192
CP121596.1	70544
CP160134.1	11294
CP076736.1	3972035
CP139206.1	5821
CP073060.1	3877093
CP058729.1	3812291
CP143344.1	4009122
CP096749.1	3887234
CP061523.1	3984712
CP169844.1	72105
CP030108.1	2359
CP076803.1	11203
CP115628.1	8731
CP046552.1	3956311
CP087354.1	4090243
CP012953.1	4754
CP195704.1	69164
CP080454.1	2725
CP000864.1	28279
CP107579.1	3961836
CP096685.1	110973
CP043462.1	3972920
CP091365.1	3996138
CP169873.1	48140
CP038265.1	43093
CP027246.2	3990012
CP171793.1	70426
CP175831.1	5679
CP175836.1	228267
CP121376.1	101824
CP144251.1	8731
CP070360.1	8731
CP076819.1	13776
CP031384.1	106974
CP026761.1	3871930
CP188283.1	12709
CP169848.1	3847518
CP169794.1	7812
CP020596.1	195838
CP084721.1	3991015
CP091342.1	4012438
CP060029.1	4088883
CP051874.1	2697
CP076816.1	17469
CP088895.1	3862196
CP084725.1	8731
CP154374.1	8731
CP175644.1	8731
CP012955.1	9276
CP115646.1	104651
CP010398.1	114848
CP076808.1	65432
CP033108.1	3902031
CP179706.1	8731
CP195993.1	11853
CP139837.1	76943
CP020586.1	3996455
CP091595.1	73145
CP107588.1	67019
CP116389.1	8731
CP080452.1	4033258
CM128551.1	4038226
AP025740.1	3891816
CP188292.1	19054
CP070359.1	1967
CP169869.1	3862503
CP123992.1	154924
CP169802.1	22106
CP161997.1	12185
CP034093.1	110713
CP084299.1	6942
CP039931.1	84785
CP034096.1	3610
CP033768.1	3781536
CP134601.1	3810711
CP003856.1	3957368
CP134582.1	72058
CP007712.1	3954354
CP199981.1	3947722
CP027182.1	105127
CP171397.1	114671
CP157482.1	8731
CP010397.1	3902527
CP061520.1	110967
CP050911.1	4067565
CP134593.1	110603
CP184605.1	3932108
CP038649.1	7396
CP121579.1	3997089
AP031585.1	4156272
CP041588.1	6078
CP191597.1	10557
CP020573.1	74241
CP139828.1	3371
CP169840.1	65745
CP123993.1	3773314
AP024811.1	3496
CP087335.1	4039002
CP151699.1	4013624
CP096750.1	11194
CP046901.1	7852
CP072302.1	68309
CP043419.1	3935331
CP191669.1	3680684
CP061525.1	4031161
CP134554.1	78938
CP175873.1	6078
CP018664.1	4004792
CP069852.1	8731
CP136186.1	5345
CP050392.1	70712
CP151690.1	3984359
CP113080.1	3952981
CP064194.1	3973254
CP137059.1	3975597
CP038262.1	3708164
CP040086.1	11194
CP136167.1	3850979
CP117762.1	4005723
CP104447.1	335722
CP191606.1	10584
CP191667.1	11945
CP162145.1	4089412
CP196960.1	148955
CP184584.1	72254
CP046547.1	19653
CP191612.1	5281
CP050391.1	8731
CP115633.1	19659
CP190360.1	16092
CP048132.1	6078
CP151688.1	4084924
CP087342.1	9203
CP178407.1	12709
CP106991.1	2272
CP066235.1	4002997
CP161998.1	4644
CP191662.1	3933463
CP116803.1	3953036
CP091350.1	3922329
CP048850.1	2277
CP175830.1	9188
CP149833.1	73301
CP191591.1	2726
CP010780.1	112157
CP076742.1	3971992
CP018333.1	112773
CP159579.1	3989450
CP043180.1	3843574
CP169298.1	4139231
CP096696.1	4023486
CP134547.1	4035273
CP099989.1	3931555
CP144239.1	112154
CP104350.1	4091503
CP134551.1	77531
CP175880.1	5431
CP072291.1	218105
CP017655.1	72073
CP043461.1	10864
CP040261.1	14880
CP131902.1	8731
CP107584.1	19663
CP137069.1	3983598
CP050526.1	4000831
CP161994.1	8731
CP096723.1	112157
CP191638.1	4157127
AP025532.1	71826
CP032742.1	28674
CP125855.1	4079383
CP184599.1	3932134
CP195678.1	70099
CM125923.1	3796602
CP085790.1	7039
CP121614.1	2063
CP199980.1	71287
CP121612.1	3993401
CP171396.1	3856874
CP020597.1	4077713
CP166164.1	73301
AP023080.1	13096
CP149802.1	78023
CP134577.1	93646
CP131903.1	3879730
CP175839.1	5679
CP091375.1	3995974
CP040084.1	3977630
CP012007.1	169023
CP107600.1	110194
OZ197095.1	3808467
CP137056.1	131359
CP065434.1	6667
CP107597.1	3959544
CP077844.1	38952
CP059388.1	9458
CP185766.1	3706147
LN997847.1	7742
CP184606.1	167788
CP121345.1	4155182
CP195681.1	70100
CP136171.1	3842503
CP184602.1	84263
CP020585.1	111999
CP046548.1	10864
CP076740.1	8954
CP179871.1	162333
CP039343.1	4044095
CP117759.1	3857901
CP115640.1	107426
CP190372.1	14376
CP017642.1	3963217
CP050387.1	7540
CP064193.1	8970
CP157343.1	107426
CP113447.1	5870
CP184610.1	78031
CP096720.1	4081885
CP072297.1	87529
CP115632.1	3977492
CP026711.1	4028761
CP051871.1	8495
CP023034.1	3980012
CP096901.1	3495
CP112860.1	3846216
CP136169.1	3877162
CP062921.1	72831
CP159581.1	8731
CP149840.1	8963
CP049315.1	11844
CP115621.1	3957770
CP094285.1	71194
CP142896.1	7223
CP087315.1	14545
CP050405.1	14906
AP022238.1	3727647
CP060285.1	3909403
CP134561.1	52288
CP084728.1	8731
CP024612.1	3913931
CP021784.1	2343
CP091465.1	3853966
CP018255.1	17583
CP169846.1	16095
CP059730.1	7055
CP087309.1	3847724
CP033872.1	35502
AP022239.1	114365
JBREFZ000000000.1	122571
JBREFZ000000000.1	17623
JBREFZ000000000.1	244569
JBREFZ000000000.1	3655
JBREFZ000000000.1	17006
JBREFZ000000000.1	16618
JBREFZ000000000.1	32209
JBREFZ000000000.1	3761
JBREFZ000000000.1	73476
JBREFZ000000000.1	3978
JBREFZ000000000.1	9453
JBREFZ000000000.1	196413
JBREFZ000000000.1	5798
JBREFZ000000000.1	2821
JBREFZ000000000.1	44642
JBREFZ000000000.1	167883
JBREFZ000000000.1	21404
CP178421.1	2924
CP184588.1	77944
CP178386.1	3933708
CP191379.1	3952309
CP074699.1	8709
CP195675.1	3986642
CP169799.1	16997
CP159519.1	4000832
CP050409.1	2457
CP060995.1	91773
CP131887.1	70796
CP188285.1	2924
CP134587.1	116413
CP117729.1	8731
CP098522.1	198716
CP038258.1	3752576
CP035045.1	3915869
CP053220.1	63650
CP191595.1	2726
CP116801.1	3952978
CP051866.1	3873866
CP087352.1	70098
CP029569.1	3975885
CP144563.1	4021883
CP039932.1	55269
CP159522.1	4001326
CP104346.1	50025
CP151691.1	145482
CM125921.1	3796581
CP125224.1	14639
CP151702.1	3687116
CP072277.1	68225
CP051476.1	6974
CM129811.1	3786700
CP065433.1	9395
CP039993.1	3975485
AP031588.1	3983760
CP035184.1	3937511
CP066231.1	8731
CP190363.1	3770702
CP098791.1	4145318
CP107608.1	3965152
CP160131.1	80390
CP188272.1	2924
CP064202.1	8969
CP191652.1	8370
CP169862.1	21592
CP191187.1	129510
CM132595.1	4006559
CP191189.1	3770701
CP030107.1	2372
CP091173.1	3907300
CP121377.1	113985
CP191649.1	302243
CP041035.1	4130187
CP159524.1	4001356
CP090183.1	11179
CP096731.1	3958500
CP133708.1	101308
CP169793.1	9830
CP191663.1	75650
CP140423.1	25838
CP050433.1	226394
CP043452.1	3951609
CP050388.1	3948250
CP188281.1	3872469
CP064203.1	3973223
CP113077.1	3937483
CP096721.1	112155
CP080455.1	6772
CP169845.1	56513
CP137063.1	70796
CP144241.1	11194
CP039930.1	3963137
CP116680.1	4010093
JBRNWS000000000.1	136294
JBRNWS000000000.1	9873
JBRNWS000000000.1	35662
JBRNWS000000000.1	70711
JBRNWS000000000.1	8028
JBRNWS000000000.1	37512
JBRNWS000000000.1	64423
JBRNWS000000000.1	56597
JBRNWS000000000.1	47383
JBRNWS000000000.1	85621
CP131890.1	110967
CP050912.1	71194
CP027607.1	3944627
CP050907.1	4038616
CP191605.1	5281
CP006768.1	3763012
JBQOVL000000000.1	71938
JBQOVL000000000.1	10431
JBQOVL000000000.1	16954
JBQOVL000000000.1	23311
JBQOVL000000000.1	110323
JBQOVL000000000.1	1690
JBQOVL000000000.1	12324
JBQOVL000000000.1	16524
JBQOVL000000000.1	60974
JBQOVL000000000.1	2658
JBQOVL000000000.1	69243
JBQOVL000000000.1	80246
JBQOVL000000000.1	61751
JBQOVL000000000.1	36051
JBQOVL000000000.1	27118
JBQOVL000000000.1	140863
JBQOVL000000000.1	122
CP142100.1	3918444
CP196468.1	3933379
CP045110.1	3981941
CP169816.1	13740
CP076818.1	99399
CP157255.1	3933752
CP012005.1	148955
CP023032.1	13478
CP139208.1	3921766
CP107603.1	3976868
CP145430.1	3935091
CP050422.1	8731
CP199983.1	17461
CP175852.1	3600
CP027122.1	113706
CP144246.1	2742
CP020580.1	90973
CP144561.1	6020
CP155462.1	2025
CP149832.1	108159
CP040085.1	23294
CP121625.1	3994773
CP144559.1	4001395
CP020593.1	74241
CP076743.1	8964
CP027123.1	3993838
AP023078.1	73028
CP154373.1	94306
CP076822.1	11714
CP162148.1	2343
CP009257.1	4335793
CP175857.1	99696
CP048851.1	132632
CP026125.1	3787376
CP159766.1	2277
CP050909.1	71194
CP131899.1	87483
CP029573.1	8963
CP042561.1	5234
CP134559.1	57699
CP195694.1	68113
CP121561.1	68813
CP163386.1	4534
CP194655.1	3861
CP048828.1	264805
CP058291.1	9540
CP010779.1	4087343
CP175879.1	110967
CP096698.1	4044073
CP175850.1	11050
CP163383.1	87240
CP191636.1	10585
CP136166.1	3842192
CP038644.1	3827138
CP191646.1	5281
CP131892.1	8970
CP134595.1	3979456
CP179878.1	11196
CP048131.1	4027041
CP161993.1	86344
CP121372.1	113985
CP050397.1	1025
CP072278.1	7540
CP016299.1	110967
CP181856.1	8726
CP142898.1	17206
CP033876.1	3977231
CP157260.1	3895133
CP199966.1	19194
CP096767.1	110967
CP072298.1	7540
CP121365.1	3715713
CP087594.1	3891862
CP077837.1	3980610
CP013925.1	52517
CP169783.1	16606
CP113448.1	5053
CP106989.1	67024
CP188273.1	2285
JBRRHA000000000.1	100284
JBRRHA000000000.1	79231
JBRRHA000000000.1	4889
JBRRHA000000000.1	9702
JBRRHA000000000.1	25579
JBRRHA000000000.1	85030
JBRRHA000000000.1	20888
JBRRHA000000000.1	127487
JBRRHA000000000.1	74243
CP113442.1	3881444
CP190384.1	126128
CP123856.1	12080
CP018332.1	3686342
CP121378.1	14212
CP072300.1	4095769
CP175843.1	3925934
CP017648.1	4006639
CP072401.1	7540
CP155459.1	108159
CP194652.1	13276
CP014216.1	74241
CP179700.1	8731
CP104909.1	71276
CP096692.1	4014226
CP195696.1	19660
CP144255.1	3997810
CP087328.1	3864566
CP136170.1	4804
CP087305.1	9083
CP191603.1	4142526
CP137067.1	17462
CP107591.1	67019
CP040050.1	4082961
CP043910.1	3961713
CP143345.1	110967
CP169860.1	66037
CP134579.1	3673121
CP027611.1	4233827
CP134576.1	110967
CP195697.1	68113
CU459137.1	5644
CP074709.1	148956
CP195679.1	4050599
CP136173.1	3915620
CP163041.1	8731
CP096733.1	71479
CP133071.1	111587
CP142897.1	74647
CP175861.1	6078
CP087333.1	110738
CP121590.1	8730
CP128373.1	114700
CP149834.1	14639
CP107612.1	3964660
CP179879.1	13932
CP155478.1	73301
CP151689.1	145709
CP066237.1	3996492
CP104906.1	8731
CP040427.1	10967
CP051877.1	8495
CP175652.1	106970
CP134571.1	4014535
CP087316.1	6078
CP151695.1	145482
CP075322.1	110967
CP169854.1	10947
CP178415.1	2924
CP151704.1	4015145
CP014215.1	4075545
CP024613.1	4000452
CP144562.1	1967
CP179695.1	10848
CP007713.1	8006
CP069841.1	76933
CP169842.1	3642404
CP159625.1	4001346
CP072283.1	7540
CP184592.1	78030
CP074712.1	11303
CP084729.1	69524
CP039520.1	3915428
CP072271.1	218105
CP059389.1	5688
CP087339.1	11244
CP072529.1	7145
CP043463.1	110967
CP121597.1	8731
AP014650.1	189354
CP155456.1	107426
CP104353.1	9935
CP133718.1	90078
CP116804.1	110969
CP144250.1	71277
CP066016.1	4040084
CP015365.1	13478
CP012008.1	87569
CP035186.1	3944921
CP188770.1	4005372
CP048134.1	74916
CP018422.1	69069
CP134558.1	3981470
CP121366.1	101824
CP191620.1	4151484
CP191246.1	16469
CP150099.1	7146
CP143349.1	108159
CP066017.1	10308
CP175804.1	4190510
CP102765.1	31683
CP020584.1	3974901
CP175825.1	3927123
CP185769.1	8589
CP131891.1	70797
CP103413.1	3921320
CP157256.1	8731
CP191656.1	108110
CP019114.1	3927258
CP137061.1	3931253
AP022240.1	10735
CP191188.1	4007770
CP121583.1	3948484
CP016300.1	3990003
CP062920.1	113139
CP199969.1	17462
CP077842.1	11194
CP157344.1	3889148
CP113451.1	2214
CP157342.1	3884767
CP045109.1	9540
CP046556.1	10864
CP121584.1	17460
CP087351.1	4090260
CP149801.1	84632
CP191621.1	2726
CP178420.1	4554
CP175828.1	35710
CP092485.1	3887026
CP096755.1	4066680
CP087320.1	1504
CP000863.1	3904116
CP021785.1	4484
CP025267.1	74241
CP121598.1	4032492
CP001923.1	8041
CP185768.1	4069666
CP027245.2	70509
CP133716.1	5281
CP190385.1	106927
CP043454.1	10879
CP191657.1	41074
CP139829.1	4217
CP171398.1	3856788
CP003849.1	3906795
CP007714.1	6076
CP191380.1	10967
CP072275.1	4095769
CP139205.1	93710
CP054302.1	4082498
CP042842.1	67023
CP131896.1	3912496
CP159526.1	4001356
CP017653.1	70884
CP162302.1	7381
CP175870.1	195830
CP169813.1	14242
CP033770.1	6078
CP113450.1	2297
CP178406.1	3864633
CP178413.1	12709
CP133707.1	265260
CP178253.1	3750380
CP121369.1	39272
CP129245.1	4039269
CP064195.1	112156
CP134572.1	112293
AP024803.1	90090
CP137074.1	74241
CP087326.1	113509
CP066236.1	73361
CP195699.1	43628
LT594096.1	8015
CP091452.1	3948028
CP147863.1	31724
CP191648.1	3680721
CP050394.1	3383
CP020591.1	3884414
CP072306.1	55356
CP175826.1	11194
CP028138.1	3751581
CP084726.1	69524
CP162147.1	8731
CP091358.1	4103179
CP113078.1	3995103
CP096900.1	5503
CP074697.1	112156
CP091453.1	8731
CP190383.1	3710267
CP169775.1	16756
CP178417.1	2309
CP049365.1	8031
CP107585.1	3966206
CP179701.1	2278
CP166165.1	14639
AP031577.1	3901334
CP191589.1	3923256
CP184609.1	3932125
CP033870.1	6667
CP123857.1	14985
CP033243.1	4006665
CP121589.1	68108
CP066238.1	73361
CP136184.1	14128
CP169806.1	169023
AP025531.1	3938810
CP121368.1	19102
CP156047.1	4000
CP195999.1	9069
CP020579.1	3972565
CP102763.1	133579
CP113075.1	13409
CP072282.1	87529
CP169766.1	114847
CP113444.1	17980
CP072280.1	4096957
CP140433.1	14639
CP041149.1	82016
CP072285.1	4080146
CP175871.1	14879
CP096897.1	62124
CP175642.1	4087022
CP038500.1	4017696
CP066240.1	8731
CP155476.1	3989019
CP050420.1	2762
CP061524.1	110967
CP003968.1	7416
CP042557.1	327867
CP179881.1	6078
CP091336.1	3871059
CP021342.1	3947826
CP018257.1	110964
CP199963.1	2060
CP035048.1	10945
CP175827.1	3984000
CP003501.1	77528
CP191608.1	4089075
CP008707.1	83610
CP072307.1	6520
CP107592.1	11625
CP079934.1	11302
CP104349.1	50025
CP191599.1	4142518
CP190371.1	113681
CP151700.1	3971674
CP024418.1	3999012
CP195705.1	3997065
CP008850.1	8737
CP077828.1	3912345
CP133070.1	3885357
CP031446.1	10879
CP104298.1	106589
CP072289.1	5679
CP185771.1	6705
CP087595.1	8571
CP195676.1	112330
CP100306.1	74294
CP149800.1	3787180
CP050435.1	9847
CP051869.1	4100469
CP023026.1	4031086
CP169849.1	10967
CP169836.1	16095
CP079931.1	3902119
CP144247.1	3950277
CP072398.1	4081424
CP116681.1	8731
CP010399.1	47274
CP195703.1	3972986
CP090182.1	3910435
CP144565.1	1967
JBSOQW000000000.1	35940
JBSOQW000000000.1	55918
JBSOQW000000000.1	37728
JBSOQW000000000.1	42193
JBSOQW000000000.1	46504
JBSOQW000000000.1	56191
JBSOQW000000000.1	131623
JBSOQW000000000.1	42707
JBSOQW000000000.1	21015
JBSOQW000000000.1	13107
JBSOQW000000000.1	102801
JBSOQW000000000.1	39366
JBSOQW000000000.1	26310
JBSOQW000000000.1	17817
JBSOQW000000000.1	84076
JBSOQW000000000.1	41783
CP091363.1	3897771
CP046537.1	112007
CP102832.1	22388
CP191654.1	5414
CP191634.1	4143287
CP169782.1	4017515
CP053216.1	55394
CP051864.1	67097
CP175838.1	14809
LT594095.1	4042750
CP096699.1	110970
CP179883.1	4010550
CP121610.1	110967
CP104337.1	50089
CP072296.1	218105
CP140420.1	4154379
CP188276.1	70426
CP065051.1	3876694
CP107611.1	19667
CP169815.1	13738
CP199973.1	64808
CP144256.1	11193
CP140436.1	108159
CP051872.1	8215
CP014539.1	3977071
CP072276.1	218105
CP169792.1	69058
CP084730.1	3989720
CP047976.1	9132
CP039521.1	5602
CP050914.1	3958415
CP175855.1	5679
CP027610.1	16095
CP157480.1	3969786
CP077834.1	8731
CP179876.1	6078
CP121613.1	17446
CP127906.1	3809697
CP155722.1	107426
CP096744.1	71278
CP184608.1	102462
CP060011.1	3870560
CP047975.1	100072
CP012954.1	6078
CP190388.1	27678
CP018256.1	3982140
CP104907.1	3952388
CP134589.1	4029521
CP134600.1	110965
CP061519.1	4037191
CP157867.1	11194
CP191623.1	16095
CP026128.1	110754
CP091345.1	3937922
CP017654.1	3982361
CP175856.1	3978580
CP107593.1	3870190
CP133717.1	3888287
CP196470.1	86728
CP191596.1	5281
CP091344.1	3995387
CP050401.1	3943808
CP155724.1	3899843
CP190374.1	15987
CP116388.1	169443
CP140438.1	4049581
CP139204.1	3790387
AP031581.1	3881570
CP033769.1	97783
CP190373.1	16761
CP096766.1	4049238
CP040051.1	189343
JBQOVM000000000.1	68785
JBQOVM000000000.1	111253
JBQOVM000000000.1	56988
JBQOVM000000000.1	85254
JBQOVM000000000.1	67225
JBQOVM000000000.1	14320
JBQOVM000000000.1	67321
JBQOVM000000000.1	11391
JBQOVM000000000.1	19193
JBQOVM000000000.1	6494
JBQOVM000000000.1	17976
JBQOVM000000000.1	48995
CP145431.1	1968
CP147862.1	4031571
CP071763.1	3965259
CP169784.1	16606
CP191651.1	11961
CP121558.1	17462
CP103414.1	11193
CP163382.1	3917464
CP134565.1	3962501
CP072274.1	5679
CP138324.1	3682338
CP050395.1	2673
CP020576.1	8730
AP031583.1	4033665
CP151708.1	145508
CP171792.1	110967
CP179877.1	6202
CP101654.1	8731
CP191665.1	21686
CP190386.1	16095
CP031383.1	4076210
CP121580.1	8848
CP199974.1	16503
CP091172.1	4125503
CP072528.1	97035
CP019217.1	3909773
CP083182.1	104309
CP107596.1	19667
CP107581.1	3961871
CP131898.1	4028712
CP104299.1	72233
CP175885.1	7540
CP054416.1	4061278
CP084723.1	69524
CP169789.1	76653
CP184587.1	3932128
CP169781.1	16464
CP096734.1	3952283
CP195685.1	17466
CM125434.1	4106821
CP091367.1	4106222
CP179874.1	177375
CP096714.1	3980342
CP152385.1	8731
CP038502.1	47417
CP178412.1	3863348
CP115642.1	107426
CP113452.1	2024
CP140432.1	108159
CP096707.1	4058423
CP139207.1	1691
CP123854.1	3808349
CP191645.1	2726
CP096686.1	4034872
CP134569.1	5936
CP054560.1	4021945
CP113071.1	3750940
CP158366.1	4001356
CP195695.1	3952840
CP154376.1	2278
JBQOVO000000000.1	181302
JBQOVO000000000.1	79202
JBQOVO000000000.1	12489
JBQOVO000000000.1	5744
JBQOVO000000000.1	20177
JBQOVO000000000.1	64747
JBQOVO000000000.1	148093
JBQOVO000000000.1	11997
JBQOVO000000000.1	88402
JBQOVO000000000.1	268416
CP184594.1	184469
CP110463.1	6078
CP107602.1	19667
CP115645.1	3917468
CP098521.1	4056235
CP136179.1	3841316
CP131888.1	8970
CP169796.1	17003
CP125225.1	3892434
CP169847.1	5281
CP191244.1	4016449
CP116802.1	110964
CP026338.1	4089681
CP113072.1	3749418
CP027183.1	4078507
CP191610.1	16095
CP001182.2	4055148
JBRZLG000000000.1	39169
JBRZLG000000000.1	3306
JBRZLG000000000.1	14929
JBRZLG000000000.1	68544
JBRZLG000000000.1	21409
JBRZLG000000000.1	24235
JBRZLG000000000.1	59498
JBRZLG000000000.1	29677
JBRZLG000000000.1	66768
JBRZLG000000000.1	51090
JBRZLG000000000.1	115055
CP143347.1	110967
CP157866.1	4033245
CP096899.1	6930
CP103341.1	13439
CP077832.1	3978561
CP059476.1	57742
CP077801.1	4084922
CP099856.1	3901819
AP031584.1	184204
CP156936.1	20549
CP098797.1	135066
CP179705.1	4053632
CP077846.1	3891293
CP032055.1	3896541
CP091368.1	3976873
CP003846.1	3951920
CP050908.1	110967
CP088897.1	4554
CP050400.1	3982992
CP169810.1	183665
CP087327.1	10080
AP031580.1	3851951
CP091339.1	3875531
CP096736.1	77540
CP191592.1	5281
CP074586.1	18598
CP159528.1	4001356
CP169798.1	3918551
CP169838.1	6780
CP035043.1	3930797
CP161991.1	7596
CP087355.1	70098
CP136183.1	3997947
AP025533.1	10786
CP144254.1	11149
CP138325.1	7146
CP169375.1	3809929
CP021347.1	3824908
CP077831.1	11193
CP033244.1	8536
CP195163.1	3980489
CP059544.1	11020
CP050416.1	150385
CP015366.1	80546
CP171394.1	4042586
CP044521.1	12731
CP188286.1	2742
CP188280.1	70426
CP175859.1	16470
CP051865.1	19853
CP169864.1	9507
CP064375.1	3980879
CP113070.1	3751367
CP060012.1	8731
CP199977.1	3995263
CP151718.1	145508
LN997846.1	3939746
CP072126.1	5679
CP092486.1	8731
CM125919.1	3796629
CP147864.1	76933
CP195680.1	10966
CP194386.1	3985743
CP175840.1	2278
CP096898.1	10966
CP157250.1	72322
CP043460.1	19653
CP121562.1	9763
CP113074.1	4017814
CP191601.1	5281
CP179886.1	76810
CP050523.1	4052480
CP084727.1	3989875
CP091349.1	3921587
CP087349.1	71410
CP121611.1	21454
CP154377.1	1810
JN377410.2	48368
CP024578.1	79335
CP050524.1	8730
CP121565.1	12723
CP096695.1	78842
CP133710.1	6508
CP169875.1	146397
CP017656.1	3973763
CP091466.1	8808
CP041148.1	3998399
CP145435.1	17051
CP179699.1	4026730
CP084297.1	3893116
CP018679.1	6078
CP178354.2	3965450
CP084731.1	8731
JBQWDW000000000.1	127124
JBQWDW000000000.1	4916
JBQWDW000000000.1	1362
JBQWDW000000000.1	27069
JBQWDW000000000.1	69056
JBQWDW000000000.1	31639
JBQWDW000000000.1	11784
JBQWDW000000000.1	91335
JBQWDW000000000.1	58915
JBQWDW000000000.1	40474
JBQWDW000000000.1	45270
JBQWDW000000000.1	156043
JBQWDW000000000.1	140431
CP014541.1	3908399
CP196932.1	8731
CP030109.1	84678
CP162149.1	2083
CP060013.1	3871732
CP159580.1	72254
CP178355.1	6078
CP074710.1	3929655
CP179880.1	3943904
CP043472.1	10879
CP178356.1	8731
CP041587.1	3798644
AP024809.1	4293
CP175649.1	111038
CP073061.1	91083
CP023030.1	95206
CP132916.1	108969
CP050427.1	18783
CP110465.1	75126
CP109836.1	4105371
CP104347.1	4095798
CP096701.1	110966
CP121578.1	8733
CP072287.1	87529
CP087310.1	111162
CP040081.1	11933
CP096812.1	3763904
LS483472.1	4044162
CP169876.1	9638
CP134543.1	77479
CP156045.1	9844
CP184607.1	3932146
CP053100.1	11302
CP107728.1	3917600
CP169861.1	34806
CP020574.1	3966348
CP003888.1	70167
CP175853.1	3958658
CP074695.1	3972042
CP113073.1	3750381
CP121560.1	4003247
CP096894.1	4000033
CP042558.1	59744
CP169832.1	3866866
CP026129.1	130044
CP195700.1	3972215
CP175869.1	3999653
CP026706.1	72105
CP020595.1	3930178
CP024124.1	3991735
CP023022.1	3736581
CP001183.2	8731
CP144238.1	4034913
CP197592.1	3812954
CP021787.1	86334
CP091371.1	3991978
CP079944.1	3903346
CP026127.1	39359
CP197591.1	3812959
CP087322.1	21542
CP076807.1	3947573
CP104340.1	4091603
CP031445.1	112216
CP077836.1	73444
CP196886.1	68567
CP024125.1	110967
CP161990.1	115424
CP191644.1	4054121
CP050432.1	3886190
CP087308.1	2097
CP175884.1	7695
CP121586.1	3996158
CP196471.1	46187
CP050404.1	99090
CP179875.1	3946353
CP152384.1	86324
CP175847.1	170970
CP091596.1	4161539
CP144252.1	3938025
CP104297.1	4057466
CP096683.1	22367
CP115626.1	3932146
CP003848.1	52268
CP178410.1	2742
CP134542.1	5490
CP040259.1	4143962
CP072526.1	3749053
CP169801.1	3965673
CP157257.1	3980841
CP161988.1	7596
CP087324.1	14741
CP196985.1	4101453
CP079942.1	4010274
CP151706.1	146537
CP175865.1	91203
CP175846.1	3876720
CP021326.1	4108882
CP090607.1	4264976
CP014538.1	3846621
CP169833.1	3893290
CP139836.1	3931541
CP096718.1	21174
CP199971.1	70543
CP159765.1	8251
CP194385.1	3976648
CP110467.1	124107
CP018677.1	3974606
CP096818.1	3985705
CP017649.1	121485
CP077826.1	3980750
CP175863.1	4256762
CP035047.1	74091
CP029571.1	71234
CP076802.1	88371
CP139826.1	91669
CP076815.1	55507
CP003907.1	20139
CP096706.1	71277
CP174092.1	73859
CP096757.1	3991996
CP076806.1	11204
CP104352.1	335718
CP104911.1	8731
CP195682.1	2374
CP061514.1	3984725
CP188291.1	3793525
CP191611.1	4141346
CP184604.1	102424
CP040426.1	111449
CP140439.1	73301
CP050399.1	359
CP114383.1	2343
CP096717.1	4039080
CP166162.1	4044931
CP121577.1	3982212
CP050389.1	16470
CP121367.1	113985
CP104335.1	4089165
CP194657.1	13276
CP101653.1	3974434
CP179697.1	8731
CP188772.1	6218
CP098795.1	4048264
CP104296.1	73444
CP191664.1	35143
CP145434.1	4036
CP194659.1	9656
CP096735.1	4055664
CP020575.1	8718
CP169803.1	17004
CP107599.1	3871741
CP175866.1	14809
CP191671.1	11230
CP121631.1	2277
CP046554.1	3992270
CP169851.1	110968
CP151701.1	132530
CP195683.1	4042931
CP134546.1	77525
CP159763.1	3937054
CP049240.1	3764882
CP179709.1	4047310
CP076817.1	3970830
CP191670.1	302197
CP134586.1	3784191
CP115623.1	3957706
CP191661.1	15288
CP181859.1	8737
CP133715.1	7818
CP162301.1	9501
CP038650.1	6944
CP048849.1	4173759
CP051875.1	4091477
CP133711.1	2968
CP033109.1	148955
CP175862.1	4782
CP144249.1	3962015
CP113443.1	115742
CP077835.1	3999531
CP169786.1	106927
CP161999.1	3830155
CP043417.1	3936362
CP020594.1	98301
CP087303.1	4677
CP115647.1	2775
CP140422.1	56458
CP084722.1	8731
CP046550.1	19653
CP159523.1	4001363
CP133709.1	10891
CP104752.1	110967
CP142893.1	6884
CP096758.1	11194
CP087353.1	11084
CP087318.1	37306
CP107601.1	3966293
CP012956.1	47457
CP137060.1	71828
CP014540.1	3879636
CP020592.1	3913358
CP191585.1	4147277
CP096708.1	77531
CP051868.1	10662
CP023031.1	3986569
CP137070.1	73264
CP053215.1	3912346
CP016297.1	74090
CP053221.1	9613
CP050528.1	5679
CP045108.1	7655
CP091364.1	4118848
CP050413.1	70098
CP040082.1	9605
CP033110.1	3902037
CP187580.1	15111
CP074700.1	112156
CP121559.1	2254
CP017646.1	3983069
CP021786.1	8731
CP024611.1	3966912
CP023023.1	5300
CP070364.1	8731
CP188269.1	3901890
CP196959.1	3860341
CP087301.1	47260
CP084298.1	162264
CP076809.1	17469
CP157249.1	3936628
CP024419.1	33036
CP128374.1	7596
CP076811.1	6829
CP140424.1	3853
CP134553.1	3903470
CP072290.1	4095769
CP188287.1	3898234
CP099855.1	3892710
CP069851.1	3889550
CP196930.1	4085138
CP169787.1	16095
CP191666.1	17673
CP191604.1	2726
CP169830.1	106967
CP010400.1	9327
CP136165.1	3877839
CP107617.1	110194
CP134594.1	3934450
CP104348.1	335558
CP181854.1	4021113
CP188277.1	11194
CP077827.1	110967
CP131889.1	4034054
CP043456.1	110963
CP102582.1	10967
CP130921.1	4023158
CP184611.1	3932108
CP134585.1	19010
CP134580.1	4105339
CP107583.1	3961448
CP096742.1	3953322
CP027531.1	146698
CP115631.1	8731
CP026705.1	113706
CP199964.1	3861855
CP091357.1	3997993
CP195994.1	3702925
CP087302.1	9738
CP013924.1	4086879
CP008709.1	1967
CP103340.1	50018
CP134599.1	4008613
CP070363.1	1967
CP184598.1	8732
CP006769.1	113866
CP185770.1	8493
CP104786.1	3936716
CP038259.1	135229
CP027243.1	70796
CP096715.1	44752
CP137062.1	71827
CP096712.1	77531
CP169776.1	3936472
CP121568.1	68038
CP003500.1	3964912
CP018678.1	8006
CP107616.1	3871639
CP137055.1	3849177
CP169800.1	17004
CP130628.2	4058653
JADVMP000000000.2	129558
JADVMP000000000.2	53678
JADVMP000000000.2	5168
JADVMP000000000.2	55846
JADVMP000000000.2	67291
JADVMP000000000.2	25073
JADVMP000000000.2	55988
JADVMP000000000.2	17625
JADVMP000000000.2	331213
CP121588.1	4032275
CP139833.1	1016
CP046536.1	3807241
CP087304.1	4012228
CP161996.1	109491
CP044517.1	3925111
CP175834.1	2701
CP001921.1	3940614
CP096819.1	14639
AP031576.1	4015141
CP096688.1	4080543
CP050913.1	8731
CP045645.1	4205854
CP169299.1	16095
CP027180.1	73018
CP053034.1	3960582
CP056785.1	8731
CP051863.1	90089
JBPTSM000000000.1	72036
JBPTSM000000000.1	41934
JBPTSM000000000.1	2416
JBPTSM000000000.1	25074
JBPTSM000000000.1	123980
JBPTSM000000000.1	51173
JBPTSM000000000.1	177754
JBPTSM000000000.1	67834
JBPTSM000000000.1	20051
JBPTSM000000000.1	49690
JBPTSM000000000.1	63363
JBPTSM000000000.1	27882
JBPTSM000000000.1	2362
JBPTSM000000000.1	67329
JBPTSM000000000.1	53197
JBPTSM000000000.1	58297
CP050419.1	7540
CP169839.1	3972067
CP050426.1	150385
CP174091.1	110967
CP191609.1	5281
CP113449.1	4311
CP050386.1	215278
CP051474.1	4001402
CP152383.1	3957714
CP144564.1	8731
CP121600.1	8723
CP179885.1	10848
CP175648.1	3941248
CP151717.1	4063881
CP050431.1	2419
CP072400.1	87529
CP134590.1	8725
CP072301.1	218105
CP163384.1	9243
CP142891.1	15803
CP134591.1	3920015
CP195677.1	8731
CP121566.1	8763
CP121629.1	3995971
CP072288.1	7540
CP169300.1	5281
CP102762.1	3828778
CP019115.1	75390
CP104342.1	4091451
CP050408.1	5432
CP151712.1	145709
CP087337.1	102971
CP015122.1	9539
CP144245.1	4554
CP096719.1	70793
CP104787.1	71276
CP115638.1	107426
CP042565.1	2427
CP059041.1	4006609
CP169797.1	16698
CP134556.1	77449
CP159525.1	4001338
CP064204.1	112156
CP024576.1	4052889
CP012006.1	3935688
CP169868.1	6820
CP131952.1	14639
CP038646.1	57333
CP121599.1	72243
CP175833.1	4397
CP096724.1	4028801
CP137064.1	3965314
CP151707.1	4018678
CP121609.1	4033619
CP121627.1	70541
AP024415.1	4011788
CP017644.1	4004978
CP191613.1	16095
CP038263.1	128013
CP050412.1	3966715
CP160033.1	80395
CP129248.1	6078
CP050415.1	3948262
CP134562.1	4150573
CP094287.1	2762
AP022077.1	3943032
CM125926.1	4170005
CP034242.1	3943275
CP191586.1	2726
CP104339.1	329791
CP060014.1	8731
CP134583.1	3929767
CP043418.1	3935083
CP077847.1	70426
CP035185.1	3934099
CP032741.1	51223
CP175655.1	10967
CP196961.1	13409
CP017764.1	64604
CP163447.1	4120963
CP011882.1	4090708
CP045818.1	4087720
CP133449.1	3971133
CP032861.1	4108100
CP028217.1	4047680
CP074571.1	4030791
CP014166.1	4056281
CP023257.1	4072939
CP032859.1	9827
AP028965.1	128740
CP035231.1	4133685
CM125645.1	4215637
CP120622.2	4140514
CP022288.1	79987
CP032867.1	4119216
AP024622.1	4207047
CP021903.1	4065429
OX419569.1	4261356
CP186004.1	4063425
CP076732.1	5838
CP120613.2	4204738
CP035164.1	4136114
CP021889.1	3988630
CP121266.1	4119221
CP071278.1	5820
OX419574.1	7240
CP154924.1	83683
CP115738.1	4273859
CP148125.1	84215
CP097645.1	4140898
AP024626.1	4190030
CP177279.1	4109014
CP187546.1	4045095
CP156994.1	64309
CP032860.1	4199434
CP178514.1	4178876
CP127089.1	4013263
CP194175.1	4089051
AP028060.1	62770
CM132537.1	4091710
CP089148.1	4247447
CP064095.1	4215582
CP013654.1	4030837
CP035400.1	4143632
CP148124.1	4214775
CP163458.1	4484238
CP141839.1	4133372
CP015975.1	3876919
CP021921.1	4147173
CP005997.1	4057487
CP197340.1	4099694
CP147492.1	4076630
OX419559.1	4096107
CP035408.1	41961
CP123978.1	78984
CP148129.1	84215
LN649259.1	4251652
CP058242.1	4215613
CM133355.1	4074150
CP125762.1	4331506
CP071276.1	4107650
CP035165.1	4147136
CP045812.1	4215511
CP098037.1	64309
CP102769.1	4215636
CP178213.1	4215642
CP054177.1	4101682
CP123621.1	4195306
CP129123.1	4072344
CP180439.1	4247419
CP188116.1	4125200
CP061871.1	136400
CP185918.1	4048419
OX419576.1	4090679
OX419580.1	4307899
CP035226.1	4192706
CP148121.1	84215
CP021498.1	3988602
CM131632.1	4208615
CP155795.1	4084944
CP197342.1	4099693
CP101932.1	4118975
LN680001.1	4233615
CP094361.1	4210909
AP028059.1	4148793
CP120603.2	4226994
CP187577.1	4211270
CP028202.1	4281863
CP021508.1	9149
CP028216.1	84569
CP170734.1	4215630
CP172417.1	4572713
CP031693.1	4089165
AP019715.1	84215
CP022287.1	4072531
JBRDFV000000000.1	37475
JBRDFV000000000.1	40885
JBRDFV000000000.1	3725
JBRDFV000000000.1	19898
JBRDFV000000000.1	17349
JBRDFV000000000.1	16593
JBRDFV000000000.1	3773
JBRDFV000000000.1	80077
JBRDFV000000000.1	21127
JBRDFV000000000.1	7003
JBRDFV000000000.1	12836
JBRDFV000000000.1	2316
JBRDFV000000000.1	156438
JBRDFV000000000.1	106669
JBRDFV000000000.1	27142
JBRDFV000000000.1	46054
JBRDFV000000000.1	59903
CP129124.1	83869
CP045816.1	4103324
OX419563.1	4215744
CP032310.1	4214174
CP125813.1	64615
CP162517.1	4228867
CP082925.1	84206
CP136402.1	4217417
CP116868.1	3765159
CP194217.1	4143087
CP120602.2	65242
CP029609.1	4216133
CP020023.1	4141030
CP149444.1	4089583
CP017763.1	4121999
CP023409.1	4209045
CP098493.1	5820
CP121267.1	64309
CP157038.1	4099809
CP039935.1	4063004
CP010314.1	4195102
CP045825.1	4156459
CP026037.1	4086149
CP132912.1	3982436
CP183238.1	4105013
CP081458.1	4030808
CP161902.1	4193333
CP139188.1	4211317
CP148110.1	4215274
CP170735.1	209788
CP100436.1	4030831
CP106791.1	4279541
CP045425.1	4217124
OX419558.1	84372
AP024623.1	4195012
CP032857.1	4191876
CP045820.1	4263919
CP141998.1	155554
CP103066.1	4215585
OX419565.1	4085688
CP049924.1	4070574
CP062497.1	4200880
CP011534.1	4025326
CP098417.1	4036899
CP021507.1	4190134
CP121268.1	5820
CP148104.1	4216868
CP118167.1	4248845
CP035395.1	4072580
CP126082.1	4090469
CP159912.1	4048339
CP103350.1	4243381
CP035406.1	4228232
CP116869.1	3853702
JBQJFM000000000.1	63382
JBQJFM000000000.1	28146
JBQJFM000000000.1	4287
JBQJFM000000000.1	77067
JBQJFM000000000.1	42358
JBQJFM000000000.1	102214
JBQJFM000000000.1	51752
JBQJFM000000000.1	274054
JBQJFM000000000.1	105155
JBQJFM000000000.1	1173
JBQJFM000000000.1	13203
JBQJFM000000000.1	18775
JBQJFM000000000.1	83546
JBQJFM000000000.1	149370
CP104878.1	4085561
CP157040.1	5820
CP177281.1	4330
AP011541.2	4105380
CP120600.2	4278364
OX419561.1	84361
CP195835.1	4215635
CP137711.1	4217171
CP047485.1	4112497
CP157214.1	4215578
CP051465.1	4059834
CP045824.1	4225362
CP035402.1	4012178
CP125660.1	4215653
CP045922.1	4215512
CP035227.1	22926
CP035409.1	35288
CP137695.1	4214842
CP032853.1	4184648
CP160220.1	4075940
OX419570.1	4158963
CP133703.1	4083881
CP125981.1	4105826
CP045819.1	4105407
CP051466.1	4060035
CP098038.1	5820
CP196825.1	4147866
CP149577.1	84215
CP007409.1	4039155
CP072845.1	4049856
CP139440.1	4215739
CP156991.1	64309
CP045478.1	4215417
CP035401.1	4143637
OX419555.1	4189561
CP116773.1	4110203
CP095736.1	4218183
CP156992.1	5820
CP148111.1	84215
CP148115.1	84215
CP094362.1	84214
OX419568.1	64688
CP069239.1	4281151
CP032854.1	24698
CP015223.1	9149
CP116012.1	4306106
CP157216.1	4220251
CP040528.1	4073059
CP066380.1	4177304
CP050532.1	4212427
OX419575.1	4123859
CP028214.1	28255
CP075344.1	4215114
CP093067.1	4094338
CP035396.1	84909
CP060417.1	4004302
CP103996.1	149727
CP026010.1	4110138
CP120621.2	4044360
CP148122.1	4215556
CP045826.1	4166516
CP007173.1	4012933
CP047325.1	4119195
CP103784.1	4011967
CP009796.1	4079669
CP089152.1	7948
JBSURO000000000.1	25076
JBSURO000000000.1	35087
JBSURO000000000.1	163893
JBSURO000000000.1	148034
JBSURO000000000.1	8741
JBSURO000000000.1	95213
JBSURO000000000.1	21244
JBSURO000000000.1	21143
JBSURO000000000.1	56292
JBSURO000000000.1	29714
JBSURO000000000.1	785
JBSURO000000000.1	113198
JBSURO000000000.1	38609
CP139103.1	4147702
CP020024.1	85618
CP174156.1	64615
CP177283.1	4051215
CP149576.1	4211264
AP024621.1	4194929
CP194218.1	4143098
CP110105.1	4145182
CM125443.1	4208511
AP011542.1	5838
AP024627.1	4194343
CP064819.1	118493
CP140124.1	64462
CP130597.1	4215634
CP157084.1	4224675
CP110365.1	4100917
CP103456.1	4119229
CP002468.1	4093599
CP070486.1	64309
CP155054.1	4086124
CP103783.1	4215167
CP123977.1	4084199
CP080629.1	4084795
CP008698.1	4193640
OX419554.1	4224542
CP035167.1	4058528
CP199918.1	4196931
CP045811.1	4063468
CP149455.1	4091710
AP012496.1	4043042
CP046591.1	4186822
CP193772.1	4196117
CP080508.1	4173431
CP101290.1	4094409
CP022891.1	4196031
CP045813.1	84215
CP014471.1	4122154
CP035191.1	4058524
CP035230.1	4051556
CP173415.1	4165304
CP177285.1	39244
CP110634.1	4356867
CP148103.1	4057895
CP031784.1	4178124
CP174155.1	4109649
CP180592.1	4091928
CP063151.1	4162120
CP020103.1	84215
CP101937.1	4147684
CP018185.1	74165
CP082924.1	4215634
CP045822.1	84033
CP154919.1	83683
JBQJFO000000000.1	81052
JBQJFO000000000.1	28907
JBQJFO000000000.1	2516
JBQJFO000000000.1	77084
JBQJFO000000000.1	17456
JBQJFO000000000.1	42666
JBQJFO000000000.1	6683
JBQJFO000000000.1	98558
JBQJFO000000000.1	100449
JBQJFO000000000.1	346
JBQJFO000000000.1	4971
OX419573.1	4335289
CP178716.1	4117990
JBQJFP000000000.1	171084
JBQJFP000000000.1	3156
JBQJFP000000000.1	3604
JBQJFP000000000.1	31371
JBQJFP000000000.1	101997
JBQJFP000000000.1	93878
JBQJFP000000000.1	92327
JBQJFP000000000.1	26688
JBQJFP000000000.1	66275
CP028201.1	4025706
CP195836.1	162308
CP035391.1	4096442
CP133704.1	8392
CP032874.1	9827
CP098492.1	64309
CP150487.1	4215642
CP070487.1	5820
CP180438.1	4247418
CP137687.1	4030855
CP097498.1	4572713
CM128240.1	4124644
CP022289.1	16503
CP101930.1	4090548
CP141999.1	22031
OX419551.1	4105025
CP035163.1	4113808
CP035392.1	27344
CP026036.1	4040032
CP089151.1	8494
CP126097.1	4237328
CP017765.1	17447
CP064818.1	4134673
OX419572.1	7241
CP147877.1	4217427
CP151685.1	4215643
CP116870.1	3981853
CP061870.1	4266037
CP045823.1	4221278
CP106671.1	4092643
CP148123.1	84215
CP063152.1	61700
CP147494.1	4159097
CM125646.1	4215633
CP004019.1	4061186
OX419564.1	4226657
CP156990.1	4099809
CP177282.1	4088
CP026034.1	4088626
CP035398.1	84496
CM137047.1	4193162
CP116867.1	3684279
CP125812.1	4120644
CP032862.1	64613
CP126094.1	4085814
CP016852.1	4214812
CM125444.1	4215634
CP159874.1	4038446
CP126083.1	4090469
CP098491.1	4114223
CP015004.1	4195195
AP024625.1	4192790
CP136992.1	4012893
CP125292.1	4255638
CP046448.1	4015360
CP045817.1	4083248
OX419566.1	83688
CP120598.2	4140506
CP113256.1	4060823
CP063150.1	4209504
CP002906.1	4011949
JBSEDK000000000.1	183640
JBSEDK000000000.1	13623
JBSEDK000000000.1	19886
JBSEDK000000000.1	32115
JBSEDK000000000.1	4612
JBSEDK000000000.1	50592
JBSEDK000000000.1	24628
JBSEDK000000000.1	39034
JBSEDK000000000.1	24943
JBSEDK000000000.1	141928
CP034485.1	84215
CP028212.1	4210797
CP106673.1	4092641
JALJVV000000000.1	95266
JALJVV000000000.1	6104
JALJVV000000000.1	89878
JALJVV000000000.1	98592
JALJVV000000000.1	115618
JALJVV000000000.1	22831
JALJVV000000000.1	17282
CP064094.1	4215560
OX419556.1	85818
CP032868.1	64614
OZ024942.3	4215606
OX419579.1	4264553
CP198967.1	4029863
CP071043.1	4089676
OX419652.1	4249983
CP070485.1	4120644
CP076445.1	4106342
CP026035.1	4151624
CP032852.1	4202955
CP097130.1	4058498
AP025224.1	4017503
CP106672.1	82857
CP187578.1	84215
CP006881.1	4033459
CP103995.1	4112937
JBQJFQ000000000.1	32173
JBQJFQ000000000.1	21850
JBQJFQ000000000.1	54286
JBQJFQ000000000.1	117846
JBQJFQ000000000.1	12946
JBQJFQ000000000.1	61669
JBQJFQ000000000.1	15471
JBQJFQ000000000.1	64657
JBQJFQ000000000.1	58912
JBQJFQ000000000.1	73289
JBQJFQ000000000.1	70296
JBQJFQ000000000.1	9903
JBQJFQ000000000.1	94987
JBQJFQ000000000.1	45060
JBQJFQ000000000.1	19867
JBQJFQ000000000.1	31936
JBQJFQ000000000.1	10634
JBQJFQ000000000.1	78076
CP010052.1	4215619
JBRXBG000000000.1	120143
JBRXBG000000000.1	91034
JBRXBG000000000.1	19318
JBRXBG000000000.1	64682
JBRXBG000000000.1	45132
JBRXBG000000000.1	19567
JBRXBG000000000.1	7593
JBRXBG000000000.1	82483
JBRXBG000000000.1	8030
JBRXBG000000000.1	25010
JBRXBG000000000.1	36231
JBRXBG000000000.1	77047
JBRXBG000000000.1	81906
CP034484.1	4211262
AP024628.1	4217110
CP014473.1	65774
CP011115.1	4215633
CP015375.1	4211343
CP148112.1	4214564
CP120681.2	4215627
CP032858.1	143743
OX419557.1	4239628
CP104855.1	4030869
CM125655.1	4212086
CP156995.1	5820
CP032863.1	4122398
CP157215.1	11473
CP101936.1	4090549
CP026030.1	4083407
CP086007.1	4125350
CP112873.1	4217848
JBQJFN000000000.1	40121
JBQJFN000000000.1	32460
JBQJFN000000000.1	33975
JBQJFN000000000.1	72799
JBQJFN000000000.1	163696
JBQJFN000000000.1	234613
JBQJFN000000000.1	68902
JBQJFN000000000.1	31012
JBQJFN000000000.1	105901
JBQJFN000000000.1	8858
JBQJFN000000000.1	182840
JBQJFN000000000.1	14071
CP114899.1	4214774
CP120680.2	84215
CP178617.1	4113166
JBPZSJ000000000.1	15919
JBPZSJ000000000.1	13454
JBPZSJ000000000.1	49584
JBPZSJ000000000.1	18864
JBPZSJ000000000.1	32096
JBPZSJ000000000.1	52514
JBPZSJ000000000.1	117615
CP103352.1	4125816
CP154921.1	83683
CP020367.1	4072961
CP154922.1	27499
CP148118.1	84215
CP015222.1	4186269
CP148117.1	4215336
CP104097.1	4271214
CP125980.1	4052739
CP017112.1	4165121
CP032866.1	64615
CP147493.1	84290
CP148120.1	4215310
CP187657.1	7626
CP103457.1	64615
CP021169.1	3923177
CP089153.1	3964
CP070845.1	64309
CP035403.1	4126329
OX419581.1	63590
CP154917.1	27499
CP016894.1	4235115
JBSOPK000000000.1	48237
JBSOPK000000000.1	21993
JBSOPK000000000.1	98620
JBSOPK000000000.1	10001
JBSOPK000000000.1	20248
JBSOPK000000000.1	8032
JBSOPK000000000.1	152246
JBSOPK000000000.1	42837
JBSOPK000000000.1	16043
JBSOPK000000000.1	15068
JBSOPK000000000.1	34111
JBSOPK000000000.1	87297
JBSOPK000000000.1	23412
JBSOPK000000000.1	3768
CP064096.1	4215549
CP003783.1	4146839
AL009126.3	4215606
CP192440.1	4108214
CP064093.1	4215563
CP028203.1	20910
CP125982.1	4047186
CP029461.2	4120380
CM133356.1	4213538
CP187656.1	4268890
CP152362.1	4111164
OX419567.1	4101676
JBSURN000000000.1	117407
JBSURN000000000.1	77268
JBSURN000000000.1	6689
JBSURN000000000.1	40605
JBSURN000000000.1	89578
JBSURN000000000.1	11991
JBSURN000000000.1	21457
JBSURN000000000.1	72406
JBSURN000000000.1	29170
JBSURN000000000.1	118222
JBSURN000000000.1	14732
CP141283.1	4173215
CP196827.1	4907
CP101931.1	4090549
OX419560.1	4097627
OX419553.1	4256610
CP097499.1	4703957
CP068982.1	4288724
CP180575.1	4120051
CP035397.1	4052954
CP154923.1	4475226
CP028209.1	4102601
CP157039.1	64462
AP028964.1	3886763
CP089149.1	142229
CP028218.1	4145782
CP022890.1	4014255
CP032872.1	4196696
CP156993.1	4099809
CP139744.1	4215606
CP089592.1	4220637
CP035166.1	4111350
CP166831.1	4180244
CP148130.1	8824
OX419552.1	64136
CP046592.1	4105857
CP136257.1	4202507
CP045426.1	13795
CP065789.1	4215646
CP069238.1	4270339
CP089150.1	26601
CP125293.1	6830
CP028215.1	4098278
CP035390.1	4110403
OX419578.1	4001615
CP035161.1	4133206
CP197656.1	4121215
CP051860.2	4227167
CP017314.1	4010416
CP020102.1	4215607
CP133412.1	4013262
CP196826.1	4147865
CP107039.1	4071539
CP161903.1	4073900
OX419653.1	7241
CP070846.1	5820
CP026039.1	4145939
CP140123.1	4104754
CP129338.1	4103568
CP106674.1	82857
CP026038.1	4145998
CP144137.1	4135213
CP020915.1	4040837
CP035394.1	4035212
CP045821.1	4191568
CP032864.1	64616
CP092369.1	4264477
CP021123.1	4121982
CP177280.1	6151
CP004405.1	4021944
CP072525.1	4156177
CP120577.2	4113712
CP141997.1	4200128
CP053102.1	4316079
CP154920.1	4475228
CP021499.1	3988649
CP197341.1	4107751
CP014472.1	5820
CP148113.1	84215
CP116391.1	4227198
JBTMXI000000000.1	120194
JBTMXI000000000.1	438
JBTMXI000000000.1	13095
JBTMXI000000000.1	37349
JBTMXI000000000.1	8883
JBTMXI000000000.1	63994
JBTMXI000000000.1	6387
JBTMXI000000000.1	50724
JBTMXI000000000.1	79576
JBTMXI000000000.1	30488
JBTMXI000000000.1	122871
CP069789.1	4080024
AP019714.1	4211090
CP033205.1	4076736
CP148114.1	4215049
CP045479.1	84215
CP003329.1	4215610
CP106792.1	165593
CP114900.1	54527
CP177284.1	66401
CP098036.1	4117638
CP070844.1	4119230
CP172966.1	4117239
AP024624.1	4192623
CP045923.1	84215
CP035411.1	4125217
OX419571.1	84036
CP133653.1	4059376
CP031783.1	4083694
CP103351.1	4148036
CP125983.1	4051361
CP076731.1	4105264
CP092631.1	4233040
CP007800.1	4188369
CP071277.1	64606
OX419550.1	4096109
CP032873.1	143751
AP028966.1	20109
CP035162.1	4206125
CP035414.1	4027238
CP140125.1	5820
CP028213.1	4192708
CP017676.1	4013819
CP092824.1	4083451
CP035407.1	37679
CP093289.1	4160635
CP010053.1	4215367
CP103328.1	3908079
CP148128.1	4215631
CP125294.1	6375
CP035192.1	46592
CM122994.1	4135835
CP154918.1	4475230
CP044498.1	4126713
CP032865.1	4122184
CP035412.1	85678
CP018184.1	4138265
CP035413.1	4129860
CP148160.1	1670318
CP017867.1	25284
CP148230.1	1667024
CP148245.1	4948
CP023543.1	1727779
CP010497.1	1634109
CP008787.1	1651739
CP172398.1	5402
CP017229.1	1629704
CP172351.1	1667698
JBREVC000000000.1	46976
JBREVC000000000.1	11161
AP028343.1	45331
CP085965.1	1628025
CP082875.1	85645
CP006703.1	26269
CP012215.1	1688792
CP044172.1	25131
CP007193.1	1644447
AP028411.1	31232
CP172369.1	46275
CP017878.1	1695638
CM128640.1	1652561
CP172386.1	30429
CP148203.1	1739908
CP068582.1	80135
CP010486.1	1628907
CP007749.1	1754867
CP172375.1	1634263
CP148227.1	1649028
CP000814.1	1628115
OY754852.1	1740899
CP012242.1	1624946
CP010469.1	1642039
AP028330.1	1634766
CM129837.1	1648945
CP148251.1	38726
CP017033.1	1785310
CP010475.1	1672553
AP028346.1	1633411
CP148216.1	4752
CP012233.1	1645477
CP148217.1	4120
CP040242.1	25776
CP149886.1	1636591
CP010485.1	1629790
CP140349.1	6429
CP086658.1	114638
CP010464.1	1641119
CP044167.1	1648007
CP025281.1	1705805
AP028390.1	1813825
CP017868.1	1665146
CP028912.1	1634231
CP140365.1	6429
JBREUP000000000.1	45909
JBREUP000000000.1	7087
JBREUP000000000.1	54948
JBREUP000000000.1	52580
JBREUP000000000.1	177455
CP014345.1	81079
CP071582.1	1619314
CP148173.1	1656728
CP148209.1	1731714
CP148153.1	1709013
CP010496.1	1675989
CP028935.1	4931
CP029056.1	2894
CM128639.1	1650916
CP148246.1	3104
CP014744.1	1672837
CP010307.1	1670781
CM129830.1	1653033
CP040239.1	1713481
AP028397.1	51593
CP148159.1	1650922
CP084085.1	1711301
JBRATV000000000.1	49956
JBRATV000000000.1	39055
JBRATV000000000.1	71646
JBRATV000000000.1	27362
JBRATV000000000.1	22285
JBRATV000000000.1	14550
CP140391.1	43231
AP028414.1	1629728
CP012957.1	1673913
AP028341.1	1728279
CP012237.1	1833697
CP131444.1	1663226
CM128652.1	1622042
CP092035.1	30658
CP022076.1	1768428
OU532557.1	104639
JBROQD000000000.1	22396
JBROQD000000000.1	41409
JBROQD000000000.1	14344
JBROQD000000000.1	23710
JBROQD000000000.1	88967
JBROQD000000000.1	39510
CP012217.1	1747565
CP019965.1	1612586
CP059970.1	1686162
CP000550.1	37473
CP172387.1	1812356
CP071581.1	1627412
CP140370.1	1647798
CP010491.1	1631266
CM129902.1	1632383
CP092018.1	1685376
CP199862.1	1839591
CP066029.1	3303
CP004067.1	55127
CM128637.1	1722750
AP028361.1	1702616
CP148175.1	1651184
CP148152.1	38726
CP017857.1	44808
CP010480.1	1668335
OX437061.1	1760653
CP048761.1	1665977
CP071588.1	28220
CP006707.2	1719369
CP045791.1	1670008
CM128648.1	1690255
CM128647.1	1652892
CP022077.1	1641468
CP148184.1	1720120
CP043763.1	1645980
CP148190.1	1644816
CP136639.1	49741
CP125390.1	1675617
CP076836.1	45796
LR134500.1	1666666
CP071580.1	1627008
CP011017.1	44826
CP017870.1	24874
CP029054.1	1687235
CP083379.1	1708465
CP140379.1	43231
AP028351.1	1725299
CP172384.1	1754135
CP010073.1	48872
CP150436.1	1699677
AP028369.1	1693323
CP059964.1	1618310
CP172361.1	1678407
CP125738.1	1799477
CP189738.1	1747810
JBRBQU000000000.1	101673
CP172363.1	48862
CP007184.1	35364
CP022078.1	46746
CP010462.1	1669148
CP148168.1	1627021
CP172354.1	1713254
CP010511.1	1635130
CP071584.1	1625802
JBREUV000000000.1	74441
JBREUV000000000.1	71321
JBREUV000000000.1	25583
JBREUV000000000.1	57974
JBREUV000000000.1	11635
JBREUV000000000.1	4621
CP017032.1	1684409
AP028335.1	1704098
CP092020.1	1698892
JBRDGH000000000.1	51003
JBRDGH000000000.1	5527
JBRDGH000000000.1	6164
JBRDGH000000000.1	82757
JBRDGH000000000.1	10682
JBRDGH000000000.1	130667
JBRDGH000000000.1	2358
JBRDGH000000000.1	7747
JBRDGH000000000.1	69644
CP083377.1	1708852
CP148162.1	1650544
CP010481.1	1637642
CP140383.1	43231
CP023867.1	1690358
LR134502.1	1634025
CP082947.1	1702386
CP131441.1	86827
CP140350.1	1641666
CP148149.1	1654047
CP148155.1	1751093
CP157938.1	29736
CP010476.1	1668425
CP092034.1	1759778
CP176677.1	55123
AP028357.1	1640912
CP007186.1	3324
CP007191.1	1669964
CP131443.1	40686
CP028185.1	1831911
CP001877.1	37174
CP091310.1	1769631
CP109819.1	1779054
AP028394.1	47442
CP028186.1	66602
CP148154.1	1713066
CP131442.1	1748761
CP059159.1	1627623
CP017862.1	1694324
AP028360.1	1696873
CP086165.1	1627622
JBRACB000000000.1	33643
JBRACB000000000.1	96937
JBRACB000000000.1	105960
JBRACB000000000.1	45944
JBRACB000000000.1	51521
JBRACB000000000.1	95801
OY754861.1	3940
CP017869.1	45633
CP022440.1	1620303
CP059966.1	1631093
CP140359.1	43231
CP148253.1	38726
JBROQG000000000.1	90305
JBROQG000000000.1	41581
JBROQG000000000.1	21833
JBROQG000000000.1	3018
JBROQG000000000.1	117950
JBRFMR000000000.1	8104
JBRFMR000000000.1	50430
JBRFMR000000000.1	16705
JBRFMR000000000.1	17543
JBRFMR000000000.1	18122
CP172385.1	1674288
CP059968.1	1684543
AP028405.1	53140
CP172395.1	29068
CP041584.1	1743985
CP010506.1	1643938
AP028347.1	43592
AP028377.1	89402
CP019838.1	1782924
CP045793.1	55123
JBRATU000000000.1	39086
JBRATU000000000.1	85089
JBRATU000000000.1	79189
JBRATU000000000.1	108377
JBRATU000000000.1	24970
CP148147.1	1654028
CM129836.1	1694612
CP076508.1	45798
CP092017.1	1813061
CP148249.1	38726
CP012232.1	1652587
CP017876.1	32270
CP140360.1	38066
CP148263.1	1656619
CP017877.1	55234
JBREUQ000000000.1	90239
JBREUQ000000000.1	28430
JBREUQ000000000.1	25156
JBREUQ000000000.1	137218
CP048769.1	1608268
CP068566.1	1761334
CP082881.1	1684072
CP045792.1	25046
CP032316.1	1795167
CP148163.1	1653807
CP125383.1	1724138
CP148208.1	1829
CP092019.1	44477
CP014742.1	1681907
CP071578.1	1637100
CP140401.1	6429
CP149884.1	1680467
JBREUY000000000.1	66960
JBREUY000000000.1	90870
JBREUY000000000.1	20413
JBREUY000000000.1	69035
JBREUY000000000.1	42506
CP172356.1	1702029
CP004068.1	3707
CP148181.1	1656668
CP172377.1	47468
AP028344.1	1727443
CP148200.1	46941
CM129903.1	1632378
CP003871.4	1635301
CP012216.1	1692979
CP001960.1	1681364
CP148194.1	46941
AP028359.1	1821325
AP028372.1	51593
CP010467.1	1661567
CP140368.1	38066
CP005388.1	1636029
CP086170.1	1627619
CP012230.1	1614402
CP048774.1	3662
CP029053.1	1671538
CP010494.1	1632509
CP014746.1	36602
CM128638.1	1691080
CP148233.1	1667024
CP172362.1	1757854
CP147221.1	1629078
CP007183.1	1814252
CP068568.1	186647
CP040016.1	1710461
CP010906.1	1612378
CP148206.1	1722810
LR134497.1	1801392
JBRBAG000000000.1	2344
JBRBAG000000000.1	10827
JBRBAG000000000.1	109781
JBRBAG000000000.1	60727
CP012689.1	1664565
CP086657.1	1693479
CM128634.1	1884079
CP007192.1	1675330
AP028375.1	47498
CP006709.2	1719532
CP047214.1	1745427
JBREVB000000000.1	49352
JBREVB000000000.1	7350
JBREVB000000000.1	62030
JBREVB000000000.1	15331
JBREVB000000000.1	163937
CP007750.1	46448
CP084083.1	40825
CP084081.1	5208
CP071459.1	1678286
CP059967.1	1670507
CP140378.1	1643727
CP071585.1	1626008
CP148222.1	1801366
CP172376.1	1802039
CP017879.1	46186
OY754859.1	1861297
CP017866.1	46193
CP017029.1	1709198
AP028336.1	1770410
CP173351.1	46524
CP010503.1	1635627
AP028407.1	1670990
CP086163.1	1627618
CP010484.1	1637207
CP148252.1	1663338
CP045047.1	4366
CP092025.1	1796970
CP015209.1	1675112
CP012690.1	1664566
CP148242.1	1663334
CP030867.1	49454
CP086171.1	1627620
CP017860.1	1762596
CP007185.1	2429
CP017231.1	28521
CP012250.1	1645572
CP007180.1	48422
CP012229.1	1618947
AP028333.1	87263
CP010074.1	36604
CP007188.1	1821520
CP140393.1	6429
CP125739.1	1756934
CP154829.1	1667734
CP013736.1	27987
CP066242.1	1775616
CP012206.1	1727122
CP149885.1	77238
CP012212.1	1681088
CP148261.1	1765038
CP186708.1	1728712
CP044175.1	1754049
CP006689.1	1641482
CP028911.1	1614396
CP000549.1	45025
CP086161.1	1666109
CP068586.1	1781471
CP092022.1	1697523
CP010463.1	1642497
CP038868.1	1728473
CP082878.1	191956
CP172383.1	1658917
CP149887.1	46266
CP082874.1	1742654
CP109817.1	1778927
CP140394.1	1645790
CP140385.1	6429
CP148213.1	1872035
CP172350.1	16920
CP010479.1	1665175
CP045789.1	1759224
CP148197.1	1640467
CP030889.1	42268
CP140357.1	6429
CP045790.1	55123
CM127522.1	1742503
CP014743.1	119543
CP148262.1	1692337
CP068583.1	4944
CP048760.1	1660741
CM129831.1	1636418
CP148183.1	1718951
CP140387.1	43230
CP027636.1	138548
CP012149.1	1616662
CP086164.1	1632055
CP140395.1	43231
CP125386.1	1637560
AP028363.1	1726091
CP071574.1	1670938
CP076837.1	35898
CP017865.1	1687232
CP061537.1	1673158
CP066028.1	182425
CP172348.1	1759744
CP148199.1	1706824
CP047212.1	1698022
CP140362.1	1641663
CP140346.1	1641906
CP010468.1	1645157
CP017871.1	1695360
CP084084.1	1629343
AP028386.1	1720098
CP068590.1	2426
CP017031.1	1652714
CP172396.1	1759648
CP059965.1	1684917
CP082879.1	33797
CP081480.1	1634782
CP048764.1	1652366
CP148232.1	1667023
AP028380.1	1639640
CP030866.1	1683792
CP010460.1	1632612
AP028402.1	1740165
OX437060.1	1753524
CP092021.1	50683
CM128650.1	1670309
JBQYPB000000000.1	88227
JBQYPB000000000.1	12147
JBQYPB000000000.1	542
CP125385.1	30516
CP010501.1	1679764
CP040240.1	3321
AP028355.1	1706314
AP028367.1	1740060
CP140487.1	38066
CP071593.1	48659
JBRESG000000000.1	9776
JBRESG000000000.1	42828
JBRESG000000000.1	185725
JBRESG000000000.1	14491
CP140367.1	43231
CP077637.1	53897
CP148185.1	1721112
CP010470.1	1635709
CP048768.1	4299
CP071519.1	1629092
AP028383.1	1654288
CP012235.1	1636139
CP172352.1	1710959
JBRATT000000000.1	52860
JBRATT000000000.1	78218
JBRATT000000000.1	23786
JBRATT000000000.1	256157
CP045048.1	1806805
CP044169.1	1714574
CP148248.1	1663335
CP103055.1	1708358
CP019977.1	2033919
CP172360.1	4366
CM129835.1	1900283
AP028374.1	1681176
AP028408.1	1646782
LR134505.1	1653145
CP076504.1	1783211
CM128649.1	1685120
OU532556.1	1707349
LR134499.1	1666864
CP017861.1	43077
CP044168.1	49902
CP140351.1	43231
CP012228.1	1708928
CP172393.1	150434
CM127574.1	1839595
CP010474.1	1642281
OU532558.1	1805160
CP148237.1	46941
CP010489.1	1649284
CP068565.1	1761335
CP148258.1	1656601
CP018901.1	125964
CP047197.1	1788429
CP189984.1	1768436
CP040015.1	1765444
CP148228.1	46941
CP059969.1	1629059
CP148196.1	46941
CP012220.1	1567232
CP048766.1	4299
CP148259.1	1692340
CP068569.1	3395
JBROTO000000000.1	18358
JBROTO000000000.1	114726
JBROTO000000000.1	48941
JBROTO000000000.1	36482
CP000025.1	1777831
CP172365.1	43177
CP010301.1	1745537
CP012227.1	1613426
CP028910.1	1684042
CP010459.1	1635237
CP092036.1	44342
CP017456.1	1666780
CP173353.1	5401
JBREUX000000000.1	155442
JBREUX000000000.1	73036
JBREUX000000000.1	2416
JBREUX000000000.1	31689
CP071460.1	1683056
CP109815.1	27725
CP137885.1	7259
CP148157.1	1691339
CP118900.1	1924169
LR134498.1	1822834
CP172379.1	1691848
CP140488.1	6429
CP023547.1	25046
CP032522.1	1608510
CP148211.1	4752
AP028413.1	1717730
CP010510.1	1640646
CP148223.1	1653901
CP173352.1	4354
AP028362.1	1678366
CP084082.1	1758823
CP017858.1	5170
CP148254.1	1683716
CP044176.1	95141
CP148207.1	1865
JBREUM000000000.1	2032
JBREUM000000000.1	4344
JBREUM000000000.1	125645
JBREUM000000000.1	124718
JBREUM000000000.1	51983
JBREUM000000000.1	868
JBREUM000000000.1	23671
CM129838.1	1800151
CP048772.1	145093
CP109820.1	51931
CP148220.1	1801361
CP029055.1	5109
CP058340.1	1654173
CP014745.1	116883
CP140352.1	38066
CP066745.1	1692969
CP071576.1	1664509
JBROTQ000000000.1	50374
JBROTQ000000000.1	53084
JBROTQ000000000.1	43742
JBROTQ000000000.1	23727
CP068588.1	4944
CM128810.1	1785740
CP148202.1	46941
CP034393.1	1754322
CP172397.1	1778741
CP140390.1	1643727
AP028331.1	1694039
CP058294.1	45596
CP012239.1	1628294
CP140397.1	6429
CP149499.1	1768448
CP046318.1	38104
CP013735.1	27981
CP048758.1	6912
CP148172.1	1653847
CP125387.1	1650688
CP140382.1	1643727
AP028348.1	1739724
CP140371.1	43231
CP172374.1	4366
CP140392.1	38066
CP137883.1	1729940
CP125384.1	45079
CP010471.1	1642794
CP047217.1	57366
AP028389.1	31643
CP137884.1	50482
CP068584.1	3405
CP012205.1	1943896
CP125741.1	1801879
CM128251.1	1650413
AP028398.1	1789392
AP028391.1	39148
CP148241.1	38725
CP172388.1	117204
AP028373.1	31960
CP006710.1	46902
CP017855.1	5257
CP148235.1	46941
CP023544.1	55132
JBRFHO000000000.1	23988
JBRFHO000000000.1	5259
JBRFHO000000000.1	4217
JBRFHO000000000.1	7676
JBRFHO000000000.1	44838
JBRFHO000000000.1	63318
JBROQE000000000.1	34700
JBROQE000000000.1	136031
JBROQE000000000.1	32585
JBROQE000000000.1	87927
JBROQE000000000.1	64351
CP006685.1	1641481
CP186709.1	1905729
CP040241.1	3351
CP076505.1	1634543
CP199431.1	1688162
AP028338.1	1799019
CP068567.1	1681082
CP148264.1	1626109
OX437057.1	1711097
CP017872.1	55122
CP028373.1	134322
CP140355.1	45292
AP028410.1	43256
OX437058.1	1711096
CP017856.1	1763161
CP148167.1	1651163
CP071592.1	1628094
CP010477.1	1667602
CP172366.1	1649787
CP199758.1	1629501
CP010465.1	1624545
CM128644.1	1751115
CP044170.1	72808
CM129834.1	1648944
CP013035.1	44064
CP010507.1	1631373
CP077636.1	38247
CP027634.1	1742400
OY754860.1	153264
CP109814.1	60040
CP148171.1	50415
CP140361.1	6429
CP059160.1	1627620
CP125737.1	1648509
CP010058.2	1712023
CP076506.1	49491
CP172364.1	1860605
CP092027.1	25383
CP148198.1	46941
CP148247.1	1871
CP125740.1	12965
CP109655.1	26047
CP086172.1	1621554
CP010457.1	1636223
CP199430.1	3559
CP154830.1	2763
CP048762.1	48003
CP086167.1	1667160
LR134511.1	1641302
CP148210.1	1746006
CP073712.1	1778460
AP028370.1	1642684
CP058293.1	1619969
CP066241.1	1775624
CP007179.1	1684743
CP148150.1	1653662
CP086159.1	1666509
CP148151.1	1663268
CM128664.1	1643763
CP189744.1	27333
CP140356.1	38066
CP125388.1	1708045
CP071575.1	1638880
LS483362.1	1641464
CP043764.1	41772
AP028356.1	45732
CP091644.1	1722143
CP012211.1	1634294
CP172359.1	45034
JBQYPA000000000.1	39908
JBQYPA000000000.1	21624
JBQYPA000000000.1	54672
JBQYPA000000000.1	6695
JBQYPA000000000.1	590
JBRDGG000000000.1	56068
JBRDGG000000000.1	256
JBRDGG000000000.1	15138
JBRDGG000000000.1	23237
JBRDGG000000000.1	106530
JBRDGG000000000.1	33599
JBRDGG000000000.1	120191
CP172368.1	1684466
CP109816.1	5363
CP048770.1	4299
CM128798.1	1658107
AP028352.1	1655063
CP082876.1	1271
CP007190.1	1629485
CM128646.1	1670309
JBREUZ000000000.1	79620
JBREUZ000000000.1	38476
JBREUZ000000000.1	238301
JBREUZ000000000.1	6440
JBREUZ000000000.1	26069
JBREUZ000000000.1	9447
CP148170.1	1627016
JBROQF000000000.1	21882
JBROQF000000000.1	7239
JBROQF000000000.1	31010
JBROQF000000000.1	35648
JBROQF000000000.1	8972
JBROQF000000000.1	15768
JBROQF000000000.1	66002
JBROQF000000000.1	21525
JBROQF000000000.1	13878
CP012213.1	1614027
CP148250.1	1666739
CP086166.1	1627623
CP017025.1	1797243
CP028187.1	1894971
CP048771.1	1658567
CP172357.1	41594
CP140363.1	43231
CP176661.1	1670009
CP172390.1	1697113
CP140353.1	6429
AP028403.1	54765
CP140366.1	1641680
CP006686.1	1641480
OX442414.1	39287
CM128653.1	1644747
CP125389.1	112158
CP047213.1	62417
CP020776.1	1774584
CP176676.1	1759371
CM128655.1	1636751
CP027635.1	30719
CP083814.1	1618742
CP007181.1	1824273
CP028909.1	1705686
CM127579.1	1690248
CP010498.1	1633145
CP012224.1	1658441
CP071579.1	1666513
CP048759.1	3102
CP010502.1	1671231
CM128555.1	1649526
CP001961.1	43222
JBREUR000000000.1	101810
JBREUR000000000.1	5506
JBREUR000000000.1	65778
JBREUR000000000.1	8601
CP140485.1	1647851
CP107256.1	1714517
CP030888.1	1755080
CP092023.1	30652
CP172372.1	1715307
CP007187.1	3347
LR134507.1	1634561
CP140377.1	6429
AP028404.1	1674309
AP028339.1	103362
AP028388.1	1628074
AP028384.1	1718159
CP010499.1	1633596
CP071587.1	1666448
AP028401.1	1655236
CP148219.1	1801359
AP028332.1	1694145
CP103056.1	42725
CP012210.1	1652581
CP010482.1	1636128
CP140400.1	38066
CP025282.1	108453
JBRACC000000000.1	14830
JBRACC000000000.1	86169
JBRACC000000000.1	56754
JBRACC000000000.1	1417
JBRACC000000000.1	25476
JBRACC000000000.1	16516
AP028365.1	1730701
CP148182.1	1750943
JBROTM000000000.1	4238
JBROTM000000000.1	18484
JBROTM000000000.1	175996
JBROTM000000000.1	15890
JBROTM000000000.1	171374
CP092026.1	1724269
CP140373.1	6429
CP068581.1	1781472
CP076507.1	1635255
AP028366.1	87271
CP148212.1	4120
CM129905.1	1632387
CP027639.1	1723814
JBRFHQ000000000.1	86193
JBRFHQ000000000.1	9044
JBRFHQ000000000.1	164072
CP140358.1	1643729
CP022439.1	1645651
CP035927.1	1684122
CP189743.1	1747810
CP012248.1	1655954
CP010487.1	1633951
CP017026.1	180543
CP017874.1	25058
LR134496.1	1664663
CP140374.1	1645790
AP028381.1	1768898
AP028345.1	50221
CP172355.1	44973
CP022080.1	1620455
CP010492.1	1666051
CP140398.1	1645788
CP076511.1	49588
JBREUU000000000.1	28962
JBREUU000000000.1	20335
JBREUU000000000.1	16609
JBREUU000000000.1	28734
CP059709.1	1684050
CP023546.1	55122
CP047215.1	26499
CP083378.1	1688064
CP001900.1	1616648
CM127520.1	1652362
CP010505.1	1635207
CP001876.1	1635045
CP012696.1	1635803
CP012241.1	1667416
AP028340.1	1648194
AP028364.1	51593
CP148169.1	50415
CP010466.1	1634189
CP148193.1	1640424
CP046317.1	1678432
CP010461.1	1642694
CP140386.1	1641666
CP148231.1	1667024
CP010072.1	1742364
LN831025.1	1766442
CP017863.1	1744171
CP058300.1	41912
AP028349.1	47341
CP017859.1	1749868
CP148221.1	1800823
CP010508.1	1667224
CP048756.1	1595099
CP007189.1	1629484
JBREUN000000000.1	55812
JBREUN000000000.1	24520
JBREUT000000000.1	8952
JBREUT000000000.1	8124
JBREUT000000000.1	8285
JBREUT000000000.1	8511
CP077634.1	46272
CP066746.1	1666451
CP013034.1	1663782
CP066031.1	1307
OX442413.1	1766438
CP109813.1	1698077
CP012222.1	1650669
CP006688.1	1641469
CP148234.1	1654980
CP172381.1	1654816
CP140396.1	38066
CP082880.1	25043
CP028934.1	42403
CP066030.1	4276
CP006006.1	1702398
CP172370.1	30011
CP010472.1	1669766
CP109654.1	1714485
CP012234.1	1627971
CP140376.1	38066
CP010473.1	1633831
CP172391.1	1703740
CP077635.1	1808863
CP140372.1	38066
CP012243.1	1697948
CP047216.1	1697688
JBRFHP000000000.1	58474
JBRFHP000000000.1	35526
JBRFHP000000000.1	67159
JBRFHP000000000.1	88734
JBRFHP000000000.1	39740
CP172353.1	46515
CP044161.1	1715182
OX437059.1	1673246
CP048765.1	1608263
CP092024.1	50736
CP148186.1	36049
CP083395.1	1709062
JBRBQV000000000.1	103820
JBRBQV000000000.1	749
JBRBQV000000000.1	80971
CP140354.1	1643402
CP140388.1	38066
CP044171.1	1638392
CP010504.1	1636377
CP011016.1	29115
CP140384.1	38066
AP028399.1	1701396
CP172367.1	37426
AP028400.1	154240
CP172373.1	46524
CM127580.1	1660990
CP076509.1	1726629
CP148201.1	1706619
CP140486.1	43231
CP172349.1	1675557
OX437056.1	1753518
CP045046.1	47087
CP084080.1	1757242
CP010302.1	48872
CM128335.1	1650423
AP028406.1	40237
AL111168.1	1641481
CP006687.1	1641471
CP148195.1	1709043
CP150437.1	50526
CP013734.1	37395
CP172394.1	37224
CP140381.1	6429
CP010306.1	1742047
CP059971.1	1684861
CP010303.1	36604
AP028396.1	1740308
CP020045.1	1618194
CP071461.1	38030
CP012214.1	1605714
AP028385.1	1797337
CP068585.1	2426
CP140364.1	38066
CP148244.1	5493
CP131440.1	1715845
CP028188.1	30303
CP059972.1	1685166
CP004066.1	1673221
CP148148.1	1653661
CM128651.1	1659216
CP140347.1	43231
CP189737.1	3311
CP022079.1	1649384
CP010500.1	1645188
CP000538.1	1616554
CP076513.1	1811840
CP048773.1	3780
HG428754.1	1669329
CM128252.1	1694435
CP125396.1	1680832
CP027638.1	1661120
CP140399.1	43231
CP199863.1	1836462
CP148240.1	1663339
CP148225.1	1691524
CP048767.1	1608273
CP076835.1	1723526
CP182513.1	1619378
CP023866.1	1777799
CP017854.1	44436
CP010495.1	1675952
CP172371.1	4367
CM129904.1	1632389
CP148260.1	1638412
CP017030.1	50689
CP017875.1	1837306
CP189739.1	27332
AP028371.1	1666919
CM128557.1	1839599
CP011015.1	1658607
CP157939.1	1675198
CP066747.1	28218
CP028372.1	1683497
CP172378.1	43660
CP140348.1	38066
CP063357.1	1601863
CP071577.1	1625508
CP013733.1	2033903
JBROTN000000000.1	187365
JBROTN000000000.1	24442
JBROTN000000000.1	25157
JBROTN000000000.1	12010
JBROTN000000000.1	56419
JBROTP000000000.1	22291
JBROTP000000000.1	38282
JBROTP000000000.1	168439
JBROTP000000000.1	62233
JBROTP000000000.1	18810
JBROTP000000000.1	62530
JBROTP000000000.1	25809
JBROTP000000000.1	26069
JBROQH000000000.1	159157
JBROQH000000000.1	26705
JBROQH000000000.1	65297
CP017028.1	3142
CP017880.1	25286
CP076503.1	1715528
CP017230.1	51522
CM127573.1	1688156
AP028358.1	1759483
AP028368.1	46295
CP012221.1	1793733
CP140380.1	38066
AP028382.1	1690596
CP086162.1	1666121
CP172382.1	1801642
CP007182.1	47962
AP028342.1	1710056
CP058341.1	26486
CP010458.1	1657054
CP066027.1	1684121
AP028412.1	1731982
CP172389.1	38174
CP068587.1	80111
CP140389.1	6429
CP148218.1	1801361
CP172380.1	1792424
CP059158.1	1627622
CP148226.1	1652972
AP028350.1	1674984
JBREUO000000000.1	60411
JBREUO000000000.1	40958
JBREUO000000000.1	5988
CP018900.1	1718974
CP148161.1	1694943
CP076510.1	1754529
CP125395.1	1594660
CP077633.1	1640723
CP176660.1	55123
CP015528.1	1668523
AP028393.1	1741018
CP006729.2	1718982
CP148156.1	1656750
CP076512.1	3307
CM127578.1	1783466
CP017864.1	5209
CP028933.1	1625792
CP172358.1	1695139
CP109818.1	51931
CP048763.1	1652365
CP148238.1	1654973
CP048757.1	41120
CP058299.1	1644732
CP136638.1	1695449
CP023545.1	1670005
CP006851.1	1691939
CP059157.1	1627624
CP140369.1	6429
CP148176.1	1656226
CP148215.1	1746096
CP010490.1	1643038
CP091645.1	110357
CP092028.1	4367
JBREUW000000000.1	96477
JBREUW000000000.1	63460
JBREUW000000000.1	21552
JBREUW000000000.1	174098
CP172392.1	1756096
JBREUS000000000.1	74690
JBREUS000000000.1	79520
JBREUS000000000.1	177625
JBREUS000000000.1	12773
JBREUS000000000.1	11168
JBREUS000000000.1	10529
JBREUS000000000.1	9675
AP028376.1	1657130
CP006702.2	1658752
CP086160.1	1701560
CP082877.1	3302
CP140375.1	43231
CP139640.1	1732398
CP148192.1	1644810
HE978252.1	1641481
CP148214.1	1731639
CM128799.1	1650653
CP006708.2	1680813
CP017873.1	1841551
AP028409.1	1814413
CP148236.1	1654990
CP148239.1	46941
CP148243.1	43008
CP148174.1	1691418
CP053659.1	1685647
CP012244.1	1607651
CP010493.1	1644975
CP010509.1	1636490
CP189741.1	1747814
CM128654.1	1651414
CP189742.1	27332
CP017027.1	4454
CP068589.1	3405
CP176662.1	25046
AP028387.1	1794024
CP189740.1	3284
CP148177.1	1691358
CP020775.1	45904
CP010488.1	1632718
CP086168.1	1667545
CP071583.1	1625711
CP010483.1	1633693
CP014344.1	1651183
CP162982.1	5152316
CP135623.1	292125
CP042517.1	5022915
CP137126.1	5186
CP110911.1	227029
CP137121.1	3481
CP135469.1	4917515
CP055583.1	337037
CP187121.1	42740
CP137195.1	5072357
CP071266.1	63589
CP137189.1	61158
CP056212.1	21650
CP135466.1	149637
CP022152.1	296175
OW849528.1	205393
CP110915.1	41244
CP070539.1	256303
CP056452.1	107190
CP056338.1	98779
CP161900.1	4619
OW849530.1	63570
CP054279.1	140764
CP056258.1	100185
OW849258.1	110089
CP056528.1	244448
OW849257.1	290966
CP141652.1	3576
CM129629.1	5250787
CP186045.1	94374
CP110777.1	111716
CP110909.1	22675
CP059428.1	89509
CP115618.1	85590
CP056468.1	4183
OW849211.1	110089
CP011605.1	3820
CP042528.1	4938
OW967265.1	99059
CP135470.1	178145
CP056314.1	4983531
CP117477.1	68426
CP124818.1	6036
OW848790.1	38483
CP163081.1	45124
CP056624.1	152768
CP137190.1	3428
CP137185.1	5410
CP056367.1	7720
OW849259.1	87686
CP056507.1	4426
CP056259.1	82097
CP056828.1	295849
CP110897.1	8282
CP124813.1	5033604
CP151202.1	5093232
CP128211.1	67279
CP037738.1	47742
CP165770.1	30638
CP103366.1	53038
CP194925.1	57226
CP056339.1	11845
CP137118.1	160841
CP162976.1	328212
CP158491.1	5004462
OW849531.1	3576
CP070559.1	4984319
CP151207.1	38297
CP092464.1	319832
CP042519.1	176400
CP163083.1	5586
CP125313.1	76037
CP126537.1	197210
CP056852.1	5004623
CP056365.1	5044080
CP119051.1	35420
CP161898.1	81275
CP110904.1	289445
CP059427.1	5107866
CP115615.1	355146
CP047279.1	5195939
CP070554.1	63379
LS992179.1	9294
CP056840.1	63642
CP115131.1	71470
OW849212.1	63570
CP110914.1	5137332
OW849529.1	149443
JBRYYE000000000.1	180239
JBRYYE000000000.1	56329
JBRYYE000000000.1	61492
JBRYYE000000000.1	109489
JBRYYE000000000.1	36346
JBRYYE000000000.1	27391
JBRYYE000000000.1	47551
JBRYYE000000000.1	149337
JBRYYE000000000.1	5145
JBRYYE000000000.1	151929
JBRYYE000000000.1	343
JBRYYE000000000.1	73842
JBRYYE000000000.1	25395
JBRYYE000000000.1	93694
JBRYYE000000000.1	61078
JBRYYE000000000.1	7092
JBRYYE000000000.1	51590
JBRYYE000000000.1	64502
JBRYYE000000000.1	1140
CP124815.1	43704
CP137187.1	2182
CP042536.1	140460
CP055423.1	40792
CP162041.1	4592
CP150627.1	13931
CP056182.1	283642
CP186042.1	5248772
CP154587.1	5183263
CP182928.1	97584
CP057864.1	4885177
CP135473.1	35079
CP110895.1	13336
CP042479.1	243455
CP119165.1	5013357
CP124814.1	63589
OW849261.1	1335
CP128212.1	14755
CP071270.1	2495
CP055584.1	54240
CP186048.1	4921
CM129778.1	5227853
CP016765.1	18467
CP124810.1	63589
CP038660.1	4051
CP086289.1	46161
CP155123.1	54035
CP199763.1	5152322
CP032179.1	260460
CP150625.1	110483
CP056246.1	178786
LR890183.1	126853
CP056639.1	44331
CP046506.1	66308
LS992175.1	5172644
CP182931.1	4619
CP086287.1	5092352
CP119052.1	86384
CP162980.1	3576
OW967266.1	65352
CP139745.1	4956775
CP026056.1	5064681
CP056576.1	101715
CP137128.1	5223149
CP139852.1	3361
CP103368.1	339284
CP161897.1	5013530
CP137704.1	6348
CP085726.1	4976621
CP055588.1	5024564
CP042527.1	16609
OW969878.1	115963
CP054298.1	8828
CP070548.1	4003
CP126623.1	4921369
CP142908.1	11096
CP144729.1	4328
CP137206.1	29569
CP097106.1	45739
CP058319.1	295218
CP055247.1	4997964
CP056211.1	48045
CP056841.1	61353
CP144725.1	5060645
CP048416.1	4827866
CP016764.1	277592
CP137194.1	14762
CP142904.1	5156024
CP054296.1	73366
CP056636.1	204018
CP110901.1	8282
CP135465.1	4987369
CP128209.1	106493
CP137133.1	5321875
CP024682.1	71274
CP056235.1	5297052
CP046503.1	311349
CP137186.1	54035
CP055582.1	5023392
CP056623.1	312907
CP054299.1	3576
CP151861.1	251890
CP024678.1	51504
CP011653.1	16257
OW969905.1	191011
LS992183.1	5009078
CP099298.1	5096586
CP033742.1	4969137
CP098331.1	43622
CP163078.1	122551
CM129631.1	5248614
LS992178.1	18553
OW849099.1	4861824
AP028316.1	178823
CP032182.1	49806
CP047274.1	277055
CP115129.1	5411426
CP070544.1	4977086
CP056236.1	312668
OW969906.1	43157
CP056368.1	5631
CP186046.1	14762
CP037741.1	1916
JBREXR000000000.1	93160
JBREXR000000000.1	81634
JBREXR000000000.1	40497
JBREXR000000000.1	3572
JBREXR000000000.1	18573
JBREXR000000000.1	63236
JBREXR000000000.1	40151
JBREXR000000000.1	22526
JBREXR000000000.1	45037
JBREXR000000000.1	175686
JBREXR000000000.1	49713
JBREXR000000000.1	39207
JBREXR000000000.1	75747
JBREXR000000000.1	50992
JBREXR000000000.1	54227
JBREXR000000000.1	165611
JBREXR000000000.1	3965
JBREXR000000000.1	8009
CP070545.1	269326
CP139850.1	4886607
CP054281.1	12137
CP047280.1	262422
CP054300.1	2155
CP016762.1	5134500
CP040696.1	309536
CP141651.1	4942
CP137200.1	113821
CP194924.1	86930
CP113784.1	4949832
CP165771.1	70959
CP055421.1	4978770
CP024683.1	4917351
CP085727.1	265587
CP056234.1	4446
CP047270.1	277055
CM129628.1	5249969
CP056506.1	142000
CP137184.1	5406
CP163080.1	56492
OW967267.1	40836
CP141653.1	2155
CP165772.1	75806
CP011607.1	4938
CP056467.1	54240
AP026943.1	108861
CP194923.1	112030
CP151866.1	7354
OW967263.1	5082481
OW967264.1	112775
CP110892.1	211224
CP137129.1	53573
CP128210.1	99892
CP056593.1	54483
CP056232.1	5167828
CP115619.1	48003
CP133852.1	5100453
CP042478.1	5095110
CP182932.1	3066
CP137703.1	4957772
CP042529.1	3223
CP150623.1	374462
LR881935.1	295415
LR890182.1	135529
LS992184.1	185156
CP055592.1	7536
CP038655.1	5584
CP115614.1	4999670
CP110893.1	22675
OW995942.1	250090
CP055248.1	89672
CP141252.1	5411
OW969904.1	5085387
CP187118.1	5255733
CP158495.1	14491
CP098334.1	171445
CP047273.1	5216668
CP055424.1	12871
CP110894.1	5147192
OW995944.1	86953
CP110910.1	8282
CP056653.1	5056951
CP114566.1	210045
CP056638.1	104193
OW969880.1	53579
CP092463.1	5108147
CP055249.1	143918
CP047307.1	5125834
CP135472.1	56135
CP038658.1	5167642
CP022274.1	159655
CP151206.1	49680
CP165769.1	190939
CP011606.1	4310
CP037739.1	43621
CP022151.1	5242839
CP133848.1	302783
CP142906.1	444144
CP133850.1	4448
CP032184.1	5121015
CP137173.1	2154
CP056575.1	148724
CP115620.1	10123
CP099217.1	5155564
CP054294.1	4988401
CP154592.1	4510
CP042525.1	339433
CP038653.1	5143118
CP135622.1	5083863
CP056469.1	2349
CP135451.1	255430
CP181959.1	4242
CP047276.1	282258
CP117478.1	4942
CP042480.1	176400
CP016763.1	127005
CP055250.1	53573
CP137177.1	139338
CP137183.1	5132535
CP092495.1	56984
CP113785.1	4938
CP092493.1	5122668
CP097107.1	4997193
CP187120.1	101530
CP197381.1	5152322
LS992176.1	159493
CP059849.1	4947352
CP048384.1	190655
CP151208.1	4922
CP099291.1	5014841
CP162039.1	4972593
CP115616.1	210045
CP124811.1	41037
CP056577.1	3724
CP151205.1	115567
CP011654.1	100873
CP151204.1	230362
CP181674.1	109407
CP038657.1	263189
CP071267.1	33463
CP037736.1	105233
CP114570.1	46143
CP145667.1	96934
CP048382.1	4695344
CP011651.1	1916
CP141645.1	5035189
LS992177.1	71403
CP162981.1	2155
CP059850.1	51531
CP056853.1	177615
CP056595.1	5031983
CP199762.1	5152322
CP119049.1	130724
CP137175.1	5204437
CP137120.1	5167
CP119167.1	81274
CP141649.1	60255
CP150624.1	145395
CP126883.1	42848
CP099293.1	3576
CP163077.1	220078
CP048383.1	254268
CP056210.1	98360
CP125314.1	71751
CP126536.1	5321851
CP162975.1	5060531
CP056209.1	291255
CP110900.1	5121554
CP115130.1	117275
CP155122.1	5073031
CP024881.1	4919453
CP038659.1	385971
CP135467.1	73996
CP022153.1	63458
OW849208.1	4964029
CP110775.1	5157247
OW849100.1	74480
AP026942.1	137080
CP137131.1	3481
CP194919.1	5042562
CP056574.1	254427
CP165768.1	5050753
CP056213.1	9025
CP071269.1	3030
CP137132.1	197654
CP186049.1	4665
JBRAWB000000000.1	7491
JBRAWB000000000.1	89983
JBRAWB000000000.1	12358
JBRAWB000000000.1	6916
JBRAWB000000000.1	39109
JBRAWB000000000.1	57863
JBRAWB000000000.1	19420
JBRAWB000000000.1	9256
JBRAWB000000000.1	3714
JBRAWB000000000.1	51226
JBRAWB000000000.1	14238
JBRAWB000000000.1	32365
JBRAWB000000000.1	155289
JBRAWB000000000.1	34409
JBRAWB000000000.1	55931
JBRAWB000000000.1	135448
JBRAWB000000000.1	18488
JBRAWB000000000.1	60981
JBRAWB000000000.1	4847
CP141646.1	355139
CP186050.1	154852
CP137117.1	5151148
OW969908.1	7622
CP099128.1	4893505
CP139849.1	370755
CP128208.1	289843
CP057865.1	5169
CP194926.1	1283
CP098330.1	5197783
CP099219.1	2833
AP028317.1	5537149
CP137178.1	2758
OW969881.1	41032
CP135471.1	110089
CP040697.1	53964
CP137188.1	111340
CP042539.1	3223
CP099218.1	217792
OW849256.1	4961487
CP042524.1	5088693
CP137130.1	101872
CP182929.1	52436
CP137205.1	23290
CP137207.1	4823218
CP110908.1	145615
CM132284.1	5058668
JBSWZL000000000.1	25754
JBSWZL000000000.1	42681
JBSWZL000000000.1	51354
JBSWZL000000000.1	119105
JBSWZL000000000.1	8270
JBSWZL000000000.1	17176
JBSWZL000000000.1	72053
JBSWZL000000000.1	13294
JBSWZL000000000.1	5394
JBSWZL000000000.1	5770
JBSWZL000000000.1	4017
JBSWZL000000000.1	139316
JBSWZL000000000.1	58754
JBSWZL000000000.1	161944
JBSWZL000000000.1	12880
JBSWZL000000000.1	8155
JBSWZL000000000.1	16678
JBSWZL000000000.1	49063
JBSWZL000000000.1	3575
JBSWZL000000000.1	15655
JBSWZL000000000.1	45605
JBSWZL000000000.1	58905
CP056240.1	100185
CP042526.1	87731
CP070546.1	109710
AP026940.1	4907659
CP181957.1	5152420
AP028318.1	346983
CP056809.1	5066655
OW848788.1	5066607
CP049015.1	4957773
OW995943.1	90277
CP056654.1	296441
CP137122.1	49204
CP119048.1	5177371
CP144727.1	38106
CP047308.1	146252
CP154588.1	311518
CP070557.1	168105
CM129630.1	5248814
CP135624.1	144273
CP186047.1	5409
CP165773.1	87378
CP056369.1	3576
CP110779.1	74000
CP114569.1	85590
CP056245.1	4956708
CP163076.1	5081471
AP026941.1	293280
CP141647.1	133774
CP011657.1	5029496
CP158494.1	53818
OW849213.1	3810
CP056640.1	5528
CP150626.1	46161
CP098332.1	57636
OW969911.1	2195
CP096921.1	5023364
CP141650.1	39976
CP110890.1	33719
CP056340.1	4167
OW995941.1	5218036
CP124817.1	9547
CP110905.1	9380
JBREXT000000000.1	93152
JBREXT000000000.1	13260
JBREXT000000000.1	7693
JBREXT000000000.1	73671
JBREXT000000000.1	18874
JBREXT000000000.1	40225
JBREXT000000000.1	22814
JBREXT000000000.1	32419
JBREXT000000000.1	250658
JBREXT000000000.1	51404
JBREXT000000000.1	243589
JBREXT000000000.1	23330
JBREXT000000000.1	27512
CP117475.1	5160079
CP046502.1	4954350
CP144728.1	17636
CP055585.1	40792
CP042535.1	306224
CP054280.1	109094
CP056233.1	339929
CP135450.1	5016448
CP098333.1	80499
CP110776.1	151674
CP137116.1	58524
OW849209.1	287088
CP158493.1	57592
CP056596.1	76228
CP037735.1	208702
CP056336.1	5084908
CP048418.1	56468
AP028314.1	5501913
CP038656.1	5207876
CP056238.1	5103922
CP114567.1	117198
CP055589.1	335856
CP070541.1	47716
CM133240.1	4938581
CP017058.1	229406
CP110896.1	106844
CP135452.1	85586
OW849084.1	40203
CP042534.1	5070767
CP154590.1	115487
CP070540.1	108505
CP058320.1	34521
CP110913.1	70575
CP056622.1	5065503
CP011609.1	70610
CP046504.1	121629
CP187119.1	60208
CP056208.1	4829251
CP056257.1	206605
CP137717.1	4959032
CP056592.1	4982711
CP037740.1	3223
CP056451.1	4892927
CP024681.1	134386
CP032183.1	121983
CP175808.1	4949655
CP194920.1	243497
OW849085.1	37891
CP054297.1	43621
CP048385.1	132825
AP028319.1	178823
CP011655.1	109688
CP092496.1	209894
CP181960.1	3030
CP151864.1	320480
CP056641.1	2581
CP026057.1	60032
OW969910.1	6653
CP011656.1	129196
CP135474.1	9297
CP056839.1	4906122
CP137182.1	8828
CP110781.1	3576
CP137199.1	71155
CP047275.1	5167126
CP048417.1	110347
CP099037.1	5032522
CP137181.1	84695
CP137174.1	4942
MF344582.1	354045
CP059429.1	369945
CP103367.1	97059
CP070542.1	17943
CP056184.1	3728
CP133851.1	30566
CP056241.1	82097
CP016952.1	5096586
CP011652.1	3223
CP024882.1	115736
CP137196.1	4921
CP162979.1	17041
CP139851.1	3198
CP162978.1	53799
CP199779.1	5152322
CP035276.1	5124258
CP162040.1	382126
CP126538.1	2175
CP194921.1	176708
CP024677.1	5195086
CP142907.1	29597
CP056181.1	4992760
CP119050.1	229097
CP150622.1	4992783
CP137124.1	54511
OW848789.1	92189
CP055422.1	335856
CP162983.1	80927
CP024680.1	4859315
OW849260.1	63570
CP135625.1	26750
CP045726.1	4919686
CP024673.1	4996291
CP137197.1	98831
CP070543.1	64139
CP125311.1	111042
CP181673.1	221272
CP056635.1	5099027
JBREXQ000000000.1	25240
JBREXQ000000000.1	40498
JBREXQ000000000.1	3572
JBREXQ000000000.1	49958
JBREXQ000000000.1	91992
JBREXQ000000000.1	41182
JBREXQ000000000.1	8311
JBREXQ000000000.1	56285
JBREXQ000000000.1	76364
JBREXQ000000000.1	53176
JBREXQ000000000.1	79525
JBREXQ000000000.1	20700
JBREXQ000000000.1	125110
JBREXQ000000000.1	33539
JBREXQ000000000.1	30729
JBREXQ000000000.1	4460
JBREXQ000000000.1	71352
JBREXQ000000000.1	20223
CP011610.1	135117
CP161899.1	46050
CP011608.1	44846
CP137202.1	333190
CP092494.1	45886
CP151203.1	290379
OW849082.1	5142846
CP070556.1	109858
CP056829.1	100873
CP136048.1	226955
CP110906.1	22675
CP056529.1	2746
CP114565.1	359392
CP037737.1	85575
CP186043.1	45707
CP133849.1	63586
CP055587.1	7945
CP137119.1	212124
OW969877.1	158488
CP022273.1	5215381
CP182927.1	131619
CP055586.1	12351
CP137201.1	5135854
CP154591.1	55662
CP055425.1	7945
CP054278.1	4995557
CP128213.1	11263
CP056214.1	4947
CP103370.1	3773
CP141253.1	2519
JADVJF000000000.2	98445
JADVJF000000000.2	29871
JADVJF000000000.2	67923
JADVJF000000000.2	16340
JADVJF000000000.2	14065
JADVJF000000000.2	96847
JADVJF000000000.2	81367
JADVJF000000000.2	87948
JADVJF000000000.2	99859
JADVJF000000000.2	145523
JADVJF000000000.2	112335
CP022277.1	43109
CP047309.1	73749
CP070547.1	3861
CP136049.1	157885
CP137204.1	142801
CP126882.1	95438
CP137193.1	326435
CP070555.1	256277
CP125310.1	5249982
CP119166.1	46049
CP070558.1	26424
CP032180.1	137578
CP137179.1	5008854
CP035277.1	206820
CP110780.1	51479
CP071268.1	3223
CP137127.1	49205
CP137125.1	104735
CP137191.1	4665
CP136050.1	110089
CP054295.1	156725
JBREXS000000000.1	133643
JBREXS000000000.1	84176
JBREXS000000000.1	20295
JBREXS000000000.1	141663
JBREXS000000000.1	40225
JBREXS000000000.1	22814
JBREXS000000000.1	64918
JBREXS000000000.1	106523
JBREXS000000000.1	174690
JBREXS000000000.1	149352
JBREXS000000000.1	9228
JBREXS000000000.1	103034
JBREXS000000000.1	20911
JBREXS000000000.1	2416
CP136047.1	4982900
CP137176.1	54035
CP181672.1	4937895
CP042538.1	4938
CP042518.1	243455
CP056827.1	5136614
CP011603.1	1916
CP163079.1	86140
CP163082.1	6182
CP033744.1	4974986
CP141648.1	125246
CP137180.1	161177
CP056337.1	310147
LR881934.1	5233206
OW969876.1	264758
CP115132.1	3066
CP154593.1	3030
CP124809.1	5067943
CP154594.1	1934
CP056466.1	5027895
CP058318.1	5338221
CP137192.1	2155
CP056256.1	5108587
OW967268.1	3576
CP182930.1	46509
OW849210.1	142948
CP086290.1	6874
CP046505.1	66651
CP145665.1	5060516
CP070538.1	80085
CP162977.1	103289
CP085728.1	106850
CP056183.1	4863
CP117476.1	130842
CP110912.1	11156
CP011612.1	4976908
CP011611.1	243709
CP056573.1	5126475
CP110898.1	13038
CP056366.1	109317
CP047269.1	5268984
CP033743.1	127175
CP110903.1	33742
CP042537.1	87731
CP056505.1	5205079
CP194922.1	119932
CP038654.1	296117
CP119168.1	128307
CP071265.1	4907484
CP032181.1	81323
CP024672.1	4899014
CP162986.1	2155
AP026944.1	4858
CP114564.1	4999663
CP011604.1	3223
CP022275.1	144825
OW969879.1	100558
CP144726.1	85838
OW969875.1	5176111
CP099292.1	43705
CP124812.1	6036
CP186044.1	57078
CP024679.1	5343952
CP135453.1	4783
CP114568.1	110089
CP110899.1	70575
CP137203.1	4998443
CP024674.1	57161
CP110778.1	81813
CP151862.1	425507
CP149135.1	4957473
CP055590.1	40792
CP126624.1	228564
OW995945.1	63589
CP045727.1	63589
CP056527.1	5087480
CP056215.1	3830
OW969907.1	12931
CP128207.1	5128115
CP017059.1	171233
CP055591.1	12871
CP151860.1	4688737
LR890181.1	4908711
CP154589.1	130311
CP096922.1	62214
CP158492.1	236975
CP137198.1	4665
CP056239.1	206642
CP135468.1	69064
CP022276.1	47164
CP086288.1	115489
CP181958.1	4958
CP182926.1	4952524
CP142905.1	197775
OW849083.1	197744
OW969909.1	7009
OW849214.1	1335
CP115617.1	110089
CP056637.1	118387
CP037734.1	4947788
CP110907.1	33719
CP162984.1	52814
CP125312.1	88087
CP040698.1	4952107
CP070549.1	5098771
CP092465.1	59165
CP103369.1	47401
CP026058.1	326508
OW969882.1	2317
CP151865.1	126735
CM130063.1	5061872
CP137123.1	5223149
CP151863.1	177013
CP142909.1	8784
CP194345.1	4941792
CP099303.1	4809559
CP162985.1	3576
CP124816.1	41037
OW849527.1	5150246
AP028315.1	345780
CP145666.1	253284
CP110891.1	227029
CP103365.1	5092216
CP110902.1	5651
CP056247.1	4899
CP085756.1	55220
CP085752.1	54956
CP012169.1	210894
CP104284.1	4553867
CP051132.1	4914558
AP025765.1	369315
CP126789.1	254111
CP147669.1	113430
AP025774.1	4725129
CP140426.1	93281
CP143724.1	2495
CP138219.1	4769210
LT991954.1	4763153
CP012170.1	263138
JBSOSF000000000.1	48150
JBSOSF000000000.1	104782
JBSOSF000000000.1	8111
JBSOSF000000000.1	4399
JBSOSF000000000.1	20402
JBSOSF000000000.1	88646
JBSOSF000000000.1	150755
JBSOSF000000000.1	14261
JBSOSF000000000.1	254057
JBSOSF000000000.1	84277
JBSOSF000000000.1	55515
JBSOSF000000000.1	50964
JBSOSF000000000.1	76000
JBSOSF000000000.1	65929
JBSOSF000000000.1	55374
JBSOSF000000000.1	17495
CP159637.1	4835803
CP053190.1	4673152
CP114979.1	4731337
CP073772.1	194047
CP175752.1	220966
CP126791.1	4783
CP114984.1	2495
CP148009.1	4576785
CP163105.1	305730
CP058173.1	62863
CP126775.1	110856
CP066114.1	2495
CP056720.1	123311
CP189885.1	4731929
CP010365.1	70092
CP148013.1	7675
CP173198.1	4678314
CP031725.1	46161
CP047969.1	41439
CP080477.1	2020
CP175946.1	7794
CP103498.1	2511
CP199529.1	81859
CP129250.1	4573649
CP181860.1	4832193
AP025883.1	4981100
CP175514.1	96997
CP181507.1	4694168
CP126807.1	4779399
CP066107.1	2495
CP126828.1	248621
CP066112.1	16786
CP183856.1	107518
CP143697.1	2494
CP032845.1	4048
CP058168.1	77568
CP114571.1	4869794
CP008908.1	50333
CP115672.1	4741425
CP181515.1	101652
CP126869.1	4856318
CP199513.1	136584
CP097346.1	154302
AP025842.1	4855631
CP175734.1	49894
CP049292.1	4934
CP011569.1	3223
CP126850.1	4763213
CP157232.1	53292
CP048698.1	96194
CP141538.1	360600
AP025784.1	4762947
CP059422.1	4867587
AP025901.1	4760
AP025780.1	4786817
CP056732.1	5299
AP025789.1	59961
CP163109.1	4794067
CP166892.1	4882500
CP174543.1	4532
CP058130.1	59001
CP053106.1	8382
CP047764.1	1697
CM130040.1	4681390
CP056730.1	48470
CP124122.1	137276
CP141808.1	4632509
CP063227.1	65061
AP025914.1	2511
CP126863.1	63589
CP175621.1	4863
AP025768.1	369315
CP045450.1	4662942
CP008900.1	60388
CP133859.1	4900428
CP090192.1	4850922
CP143671.1	77676
CP080472.1	64293
CP183854.1	273897
CP035388.1	2699
CP181866.1	4711799
CP163066.1	3153
CP117991.1	71966
CP058158.1	113610
CP042542.1	88956
CP030081.1	39601
CP126830.1	2495
CP175613.1	5617
CM125438.1	4930148
CP053191.1	270915
CP050312.1	288096
CP099323.1	4533434
CP056710.1	2519
CP058187.1	4794265
CP022534.1	126208
CP175580.1	4847878
CP138220.1	274807
CP065940.1	307080
CP099320.1	98378
CP126841.1	4781953
CP010379.1	43621
CP183861.1	44962
CP148008.1	2495
CP126751.1	59233
CP126848.1	339654
CP053691.1	4570224
CP019890.1	124759
CP114033.1	4641639
AP025919.1	5069737
CP126777.1	4891
CP049194.1	5976
CP126880.1	2894
CP126834.1	4791840
CP126804.1	4893522
CP129251.1	217745
CP097344.1	79326
CP029125.1	4096
CP181505.1	102048
CP077392.1	4757445
AP025902.1	2511
CP196283.1	343098
CP166978.1	267651
CP056693.1	60264
CP095177.1	4708970
CP196282.1	4959856
CP147671.1	4096
CP181840.1	2497
CP135497.1	44829
CP181901.1	68199
CP045314.1	4921
CP042569.1	4938
CP140495.1	53664
AP025837.1	373995
CP058149.1	4800673
CP175513.1	4690832
CP047761.1	6237
AP025882.1	2511
CP049022.1	331872
CP181603.1	113575
CP126749.1	63589
CP115699.1	3815
CP126831.1	4794212
CP012166.1	2725
CP175523.1	120033
CP066101.1	4594301
CM126633.1	4810585
CP181764.1	4563
AP025849.1	4760
CP181514.1	122595
CP143683.1	121728
CM133232.1	4679221
CP073776.1	2460
CP103675.1	86737
CP175592.1	147597
CP183852.1	122200
CP085768.1	4047
CP032842.1	339920
CP126800.1	109006
AP025893.1	4760
CP126844.1	4746761
CP163151.1	4814225
AP038763.1	2493
CP031571.1	4843622
CP049027.1	2746
CP056756.1	4773692
CP096923.1	4749279
CP011583.1	85187
CP058172.1	5061465
CP010377.1	4632074
CP143734.1	2496
AP025912.1	377359
LS999206.1	4864313
CP175600.1	54835
CP126801.1	63437
CP056755.1	4783
JAUFOI000000000.2	48451
JAUFOI000000000.2	40850
JAUFOI000000000.2	21242
JAUFOI000000000.2	31314
JAUFOI000000000.2	3484
JAUFOI000000000.2	40584
JAUFOI000000000.2	5495
JAUFOI000000000.2	57082
JAUFOI000000000.2	33883
JAUFOI000000000.2	2401
JAUFOI000000000.2	4584
JAUFOI000000000.2	85048
JAUFOI000000000.2	20194
JAUFOI000000000.2	88054
JAUFOI000000000.2	72745
JAUFOI000000000.2	2175
JAUFOI000000000.2	8381
JAUFOI000000000.2	824
JAUFOI000000000.2	41838
CP042492.1	2494
CP163120.1	64653
CP071019.1	4737590
CP043382.1	4698270
CP066110.1	106697
CP047760.1	37703
CP143655.1	186789
CP126797.1	3223
CP175616.1	4813556
CP135274.1	12725
CP061746.1	348891
CP157761.1	1240
CP118556.1	4665
CP159627.1	4684001
CP181600.1	4512983
CP090149.1	2495
CP031575.1	309444
CP133341.1	5258
AP025848.1	366678
CP143749.1	4781248
CP098487.1	49381
JBREIW000000000.1	29083
JBREIW000000000.1	83724
JBREIW000000000.1	67745
JBREIW000000000.1	32759
JBREIW000000000.1	245184
JBREIW000000000.1	54145
JBREIW000000000.1	57932
JBREIW000000000.1	6613
JBREIW000000000.1	19804
JBREIW000000000.1	16130
JBREIW000000000.1	45890
JBREIW000000000.1	4881
JBREIW000000000.1	9628
JBREIW000000000.1	10085
CP157332.1	4729758
CP187180.1	273897
CP085771.1	130196
CP031726.1	4535860
CP181897.1	4711779
CP022532.1	4810853
CP114981.1	82723
CP181506.1	76951
CP090794.1	54915
LS999207.1	150302
CP054411.1	4654245
AP025868.1	353133
CP175745.1	54511
CP030007.1	4956155
CP115002.1	51479
CP090799.1	2391
AP025859.1	5055661
CP103681.1	64082
CP053193.1	108277
CP175733.1	309378
CP148006.1	299265
CP126839.1	202415
CP126864.1	4718485
CP143702.1	2348
CP147668.1	4811874
CP183850.1	297690
CP056692.1	109281
CP090195.1	2495
CP181899.1	2496
JBQHIK000000000.1	32252
JBQHIK000000000.1	25059
JBQHIK000000000.1	82971
JBQHIK000000000.1	5589
JBQHIK000000000.1	28719
JBQHIK000000000.1	396
JBQHIK000000000.1	166196
JBQHIK000000000.1	41102
JBQHIK000000000.1	24155
JBQHIK000000000.1	16792
JBQHIK000000000.1	14348
JBQHIK000000000.1	20928
JBQHIK000000000.1	155353
JBQHIK000000000.1	118280
JBQHIK000000000.1	48759
JBQHIK000000000.1	69409
JBQHIK000000000.1	69445
JBQHIK000000000.1	62863
JBQHIK000000000.1	31946
JBQHIK000000000.1	54330
JBQHIK000000000.1	4098
CP139334.1	4590323
CP126609.1	158457
AP025873.1	4760
CP126862.1	84520
CM130034.1	4690173
CP058152.1	2495
AP025808.1	371011
CP126790.1	72224
CP126845.1	339654
CP068215.1	5080247
CP103722.1	4872858
CP187185.1	111403
CP143732.1	2495
CP023570.1	291254
CP133342.1	4706035
CP053693.1	274120
CP191186.1	100743
CP047735.1	2495
CP085747.1	311760
CP183032.1	4890492
CP047729.1	4593326
CP196253.1	4773550
CP182041.1	4750972
CP174540.1	350447
CP045315.1	4666
CP126855.1	6075
CP041734.1	276520
CP126758.1	143779
CP181519.1	4694946
CP129984.1	4727633
CP118573.1	378
CP064657.1	267745
CP114986.1	117320
CP059416.1	119967
CP031568.1	132677
AP025820.1	2496
CP143657.1	2511
AP025867.1	5054144
CP150012.1	281691
AP025824.1	4812884
CP104470.1	2495
CP053694.1	53096
CP050311.1	4689992
AP025767.1	4677566
CP175760.1	49893
CP103682.1	4096
CP103684.1	398127
CP126761.1	4757180
CP126852.1	110786
CP163114.1	34764
CP068288.1	342447
CP079939.1	4561520
CP047736.1	4841838
AP038761.1	4772906
CP052754.1	53378
CP140429.1	4779
CP148017.1	76743
CP135118.1	4440
CP156939.1	4800866
CP126849.1	63589
JBSDWX000000000.1	82995
JBSDWX000000000.1	85129
JBSDWX000000000.1	2597
JBSDWX000000000.1	298130
JBSDWX000000000.1	2464
JBSDWX000000000.1	48846
JBSDWX000000000.1	27888
JBSDWX000000000.1	7360
JBSDWX000000000.1	53012
JBSDWX000000000.1	59500
JBSDWX000000000.1	115298
JBSDWX000000000.1	67710
JBSDWX000000000.1	3295
JBSDWX000000000.1	11362
JBSDWX000000000.1	67397
JBSDWX000000000.1	29194
JBSDWX000000000.1	16971
CP171276.1	41527
CP056722.1	15144
AP025800.1	368921
CP114987.1	69933
CP166891.1	2495
CP175593.1	54035
CP189981.1	4863
AP025782.1	4784721
CP121269.1	4672898
CP043385.1	2496
CP183034.1	46161
CP181868.1	4711791
CP114982.1	51479
AP025934.1	4760
CP181867.1	4871
CP157072.1	4725355
CP049046.1	4719755
CP049195.1	2495
CP181520.1	129397
CP126782.1	3750
CP175753.1	2495
JAIEUG000000000.1	9647
JAIEUG000000000.1	40464
JAIEUG000000000.1	333
JAIEUG000000000.1	19238
JAIEUG000000000.1	4910
JAIEUG000000000.1	71479
JAIEUG000000000.1	11107
JAIEUG000000000.1	66942
JAIEUG000000000.1	65035
JAIEUG000000000.1	48757
JAIEUG000000000.1	62626
JAIEUG000000000.1	31405
JAIEUG000000000.1	28382
JAIEUG000000000.1	163719
CP090910.1	148434
CP036311.1	102543
CP115151.1	200030
CP163059.1	209307
CP174544.1	308638
CP058170.1	4990
CP008899.1	255013
CP027143.1	51949
CP175741.1	4801951
CP056679.1	4858
AP025929.1	4760
JBRZFI000000000.1	3981
JBRZFI000000000.1	87191
JBRZFI000000000.1	202266
JBRZFI000000000.1	14632
JBRZFI000000000.1	84422
JBRZFI000000000.1	40240
JBRZFI000000000.1	57375
JBRZFI000000000.1	52210
JBRZFI000000000.1	36366
JBRZFI000000000.1	4259
JBRZFI000000000.1	4364
JBRZFI000000000.1	18693
JBRZFI000000000.1	10954
JBRZFI000000000.1	50520
JBRZFI000000000.1	3346
JBRZFI000000000.1	95374
JBRZFI000000000.1	41124
JBRZFI000000000.1	15933
CP135270.1	4678298
CP175591.1	4918439
CP189980.1	5252
CP181521.1	122595
CP011581.1	4881003
AP025892.1	340703
CP059426.1	55220
CP047715.1	4872207
AP025840.1	372780
CP010363.1	139941
CP163088.1	41190
CP061747.1	44961
CP157233.1	4722263
CP143762.1	117958
CP085761.1	3530
CP115698.1	76537
AP025818.1	4749914
CP114988.1	51479
CP143715.1	2348
CP029126.1	4891057
CP126872.1	2495
CP104406.1	110892
CP181078.1	59234
CP049290.1	4903326
CP010366.2	6914
CP021163.1	68573
AP025878.1	2511
CP126870.1	153892
AP025827.1	4698554
CP171274.1	4989708
CP173520.1	66546
AP025802.1	371011
CP175722.1	100589
CP196254.1	339301
CP042570.1	3223
CP143726.1	4793798
CP126752.1	1697
CM129780.1	4662529
CP126816.1	248621
CP175740.1	9294
CP126840.1	63589
AP025907.1	5024147
CP134705.1	4546522
CP181504.1	129407
CP046273.1	67220
CP133564.1	265719
CP030345.1	152715
CP047770.1	3193
CP174513.1	302641
CP135276.1	4651566
CP131999.1	219569
CP126759.1	80070
CP088226.1	53378
CP126847.1	4746760
CP042552.1	288659
CP175728.1	46160
CP181619.1	4569890
CP010376.2	4897485
CP156937.1	112663
CP166885.1	66276
CP077309.1	606597
CP118385.1	67458
CP036310.1	4639926
CP126769.1	72222
CP189977.1	494411
CP181589.1	4757036
CP118570.1	27936
CP124857.1	4340
AP025811.1	370259
CP011571.1	90452
CP035386.1	119994
CP031576.1	160309
CP046272.1	114701
CP199516.1	45739
CP114994.1	4678434
CP100389.1	49274
CP157756.1	4677270
CP196300.1	4961752
CM130045.1	4662748
CP070531.1	73624
CP104404.1	110885
CP103683.1	4763122
CP133563.1	22311
CP136548.1	63590
CP058161.1	113845
CP114996.1	2496
CP175758.1	3300
CP176000.1	122053
CP047965.1	5026406
CP058128.1	4864832
AP025927.1	5051753
CP126846.1	63589
CP049023.1	83090
CP175576.1	77222
CP136544.1	2493
CP126814.1	2495
CP175524.1	46373
CP118557.1	4047
AP025788.1	366427
CP126798.1	4933161
CP071876.1	4754790
AP025847.1	4983270
CP064656.1	4587278
CP181529.1	3223
CP047733.1	15459
CP136546.1	356689
CP058147.1	87112
CP071009.1	4737702
CP010380.1	328905
CM125439.1	4815596
CP118569.1	106270
CP143695.1	3924
CP126754.1	143779
CP053648.1	79223
AP025904.1	367582
CP163121.1	2495
CP126750.1	60748
CP175751.1	4704239
CP175610.1	4814745
CP175639.1	4779974
CP181077.1	309605
CP143733.1	4745085
AP025860.1	366190
CP126868.1	9923
AP025843.1	366634
CP079936.1	264084
AP025839.1	4737813
CP010367.1	5413
CP126836.1	63589
CP163152.1	4839353
CP042576.1	2495
CM132339.1	4782442
CP110357.1	45739
CP058179.1	4096
CP143707.1	2495
CP124125.1	3815
CP115673.1	146783
CP046274.1	53773
CP175606.1	130528
CP029247.1	108404
CP056754.1	4853
CP166888.1	4882489
CP099321.1	4096
CP056156.1	361638
CP042573.1	114054
CP117757.1	3223
CP056158.1	2494
AP025935.1	2511
CP046275.1	26086
CP181844.1	9943
CP056744.1	5321
CP010387.1	43500
CP174512.1	4607025
CP143678.1	4858
CP175944.1	210753
CP126817.1	63589
AP025803.1	2496
CM132255.1	4785601
AP025887.1	5023074
CP129638.1	91528
CP163090.1	4744401
CP175632.1	296487
CP199527.1	6211
CP066553.1	4807720
CP085770.1	4921
CP053695.1	6364
AP025891.1	5067296
CP189978.1	106698
CP126779.1	111626
AP025894.1	2511
CP181902.1	93778
CP079938.1	3961
CM136160.1	4733921
CP166883.1	4847489
CP056157.1	125868
CP126851.1	171081
CP117751.1	310787
CP049047.1	322325
JBRJPI000000000.1	6696
JBRJPI000000000.1	193612
JBRJPI000000000.1	19672
JBRJPI000000000.1	19478
JBRJPI000000000.1	609
JBRJPI000000000.1	61785
JBRJPI000000000.1	2394
JBRJPI000000000.1	24531
JBRJPI000000000.1	18179
JBRJPI000000000.1	249886
JBRJPI000000000.1	20440
JBRJPI000000000.1	81217
CP163062.1	76307
CP066098.1	49165
CP088228.1	64293
CP077308.1	4197933
CP030349.1	1917
AP025869.1	4760
CP042551.1	5068785
CP156938.1	111406
CP042540.1	4719578
CP056695.1	4665
CP181511.1	76978
CP056155.1	4398880
CP117756.1	4258
AP025776.1	120254
CP090798.1	35530
CP114983.1	5411
CP052750.1	2494
CP090795.1	42568
CP174603.1	96122
CP071011.1	4738914
CP143690.1	49879
CP181869.1	4867
CP126874.1	184852
CP010384.1	4784288
CP114997.1	4680798
CP166890.1	66276
CP143667.1	5045081
CP056753.1	5321
CP163104.1	4694339
CM132275.1	4766817
CP148014.1	2495
CP114980.1	165063
AP025918.1	2511
CP058154.1	113845
CP175641.1	55839
AP025846.1	2495
CP118386.1	12166
CP043225.1	4635242
CP181528.1	9923
CP058150.1	111966
CP083851.1	3115
CP181618.1	64004
CP103644.1	2495
CP181527.1	129412
CP058151.1	84905
CP058165.1	206287
JBQHIM000000000.1	134195
JBQHIM000000000.1	194672
JBQHIM000000000.1	104937
JBQHIM000000000.1	20467
JBQHIM000000000.1	288458
JBQHIM000000000.1	56688
JBQHIM000000000.1	102901
JBQHIM000000000.1	27835
JBQHIM000000000.1	11780
CP115008.1	2511
CP135121.1	320
CP173199.1	6364
CP196558.1	4633097
CP187184.1	8991
CP066095.1	331870
CP106896.1	156088
CP181898.1	4923
CP045313.1	109848
CP115697.1	146783
CP090793.1	138733
CP199512.1	4755242
CP175516.1	4567568
CP175947.1	96399
CP181076.1	4742267
CP126842.1	235643
CP172060.1	231810
CP065939.1	4886685
CP199515.1	4662277
CP148007.1	169923
CM130017.1	4792069
CP103496.1	83861
CP183860.1	273897
LR134164.1	4552052
CP171275.1	50809
AP025926.1	2511
CP041736.1	2496
CP181622.1	113576
CP104689.2	4633539
CP143684.1	77676
CP085754.1	6499
AP019820.1	47299
CP126805.1	63570
CP175597.1	87758
CP175628.1	51532
CP166977.1	120041
CP117755.1	6237
CP199509.1	2496
CP115674.1	111387
CP056133.1	76485
AP025852.1	366678
CP192227.1	2444
CP010378.1	59134
JBSMIV000000000.1	98526
JBSMIV000000000.1	71849
JBSMIV000000000.1	13449
JBSMIV000000000.1	16955
JBSMIV000000000.1	25370
JBSMIV000000000.1	6961
JBSMIV000000000.1	2662
JBSMIV000000000.1	84144
JBSMIV000000000.1	56253
JBSMIV000000000.1	32231
JBSMIV000000000.1	36722
AP025779.1	112494
AP025850.1	2511
CP032844.1	4302
CP071020.1	316079
AP025797.1	4749646
CP059715.1	45739
CP066554.1	266565
CP163107.1	41190
AP025932.1	367527
CP126773.1	2507
CP175605.1	5007920
CP056663.1	4918388
CP056731.1	5523
CP126793.1	154153
AP025806.1	115150
CP166039.1	4814582
CP166906.1	1154
CP104690.2	51479
CP136542.1	106273
AP025865.1	4760
CP071023.1	4705129
CP023569.1	4833651
CP126829.1	63589
CP058189.1	67584
CM130035.1	4815367
CP112981.1	322721
CP126760.1	63589
CP143769.1	17041
CP139333.1	64312
CP126843.1	63589
CP099324.1	4938
CP066102.1	307472
CP047772.1	2592
CP095276.1	4841924
CP030078.1	108358
CP090796.1	4653407
AP025845.1	4781
CP157334.1	82010
CP118384.1	175563
CP047759.1	48330
AP025920.1	372129
CP199525.1	4926267
CP085750.1	2494
CP166905.1	2182
CP115690.1	136056
CP071877.1	195884
CP126808.1	63589
CP175726.1	4685372
CP196284.1	80745
CP021167.1	4656223
CM130736.1	4756400
CP049193.1	303394
CP047767.1	8951
CP148015.1	4705574
JBRAWL000000000.1	18756
JBRAWL000000000.1	40732
JBRAWL000000000.1	344190
JBRAWL000000000.1	147000
JBRAWL000000000.1	37165
JBRAWL000000000.1	48667
JBRAWL000000000.1	15731
JBRAWL000000000.1	74813
JBRAWL000000000.1	202111
JBRAWL000000000.1	59699
JBRAWL000000000.1	20652
JBRAWL000000000.1	3646
JBRAWL000000000.1	51280
JBRAWL000000000.1	79141
JBRAWL000000000.1	28176
JBRAWL000000000.1	1535
JBRAWL000000000.1	4806
CP181762.1	4818985
AP025911.1	5051741
CP045316.1	2495
CP163112.1	85718
CP126806.1	2496
AP025916.1	367018
CP049191.1	2495
AP025917.1	4760
AP025792.1	4752058
CP157231.1	160117
AP025906.1	2511
CP056736.1	2495
CP181518.1	4249
CP031722.1	114700
CP174545.1	177994
CP085744.1	90803
CP085777.1	3861
CP148010.1	366398
CP047734.1	4781
CP066105.1	15459
AP025874.1	2511
CP053105.1	77651
CP175725.1	41874
CP126875.1	2495
CP051134.1	9522
CP136543.1	91898
CP058191.1	4921849
CP056678.1	87741
AP025913.1	4760
CP008907.1	111227
CP126765.1	4760
CP103643.1	188203
CP115693.1	5042
CP196098.1	3162
CP126838.1	335137
CP166433.1	4701220
CP023572.1	5523
AP025804.1	4655574
CP110356.1	123907
CP143656.1	4760
CP115006.1	5413
CP058177.1	60669
CP176388.1	5898
CP071010.1	337179
CM129783.1	4662748
CP083849.1	4902797
CP048699.1	55421
CP027142.1	4847226
CP166884.1	120041
CP066103.1	106698
AP025816.1	371011
CP126833.1	63589
CP103495.1	99163
CP047717.1	33171
CP132233.1	166168
CP022533.1	330060
CP135271.1	294358
CP143682.1	4873771
CP196302.1	80719
CP104401.1	4876816
CP149844.1	2622
CP077393.1	4995
CP056724.1	4859
CP166893.1	120041
AP025933.1	40175
CP143677.1	144835
CP059415.1	2494
CP176390.1	54035
CP053192.1	129016
CP114575.1	53769
CP126794.1	64366
CP181590.1	4760
AP025823.1	115143
CP008901.1	50333
CP173201.1	83157
CP129985.1	278100
AP025771.1	112488
CP126856.1	5986
CP166976.1	45670
CP175735.1	4673198
CP150011.1	4803806
CP175609.1	115421
CP028538.2	4776086
CP050507.1	288061
CP047762.1	5112
AP025931.1	4981679
CP103725.1	3223
AP025877.1	4760
CP112980.1	4658625
CP126811.1	4778341
CP163098.1	1934
CP143670.1	106698
CP071022.1	316079
CP117754.1	33598
CP097342.1	4785021
CP056733.1	5259
CP049295.1	2046
CP181969.1	104783
CP045611.1	4869611
CP030079.1	91816
CP034754.1	4845040
CP077264.1	4782529
CP148012.1	70594
CP056665.1	83283
CP033103.1	343918
AP025897.1	4760
CP044337.1	94408
CP104693.1	52053
CP175583.1	76517
CP099319.1	111406
JBRZFE000000000.1	60081
JBRZFE000000000.1	1098
JBRZFE000000000.1	72254
JBRZFE000000000.1	38125
JBRZFE000000000.1	39040
JBRZFE000000000.1	118136
JBRZFE000000000.1	59213
JBRZFE000000000.1	33769
JBRZFE000000000.1	91198
JBRZFE000000000.1	157288
JBRZFE000000000.1	44206
JBRZFE000000000.1	64288
JBRZFE000000000.1	221804
JBRZFE000000000.1	56981
CP114993.1	2495
CP054412.1	44885
CP059714.1	52787
CP031567.1	159840
CP126881.1	2495
CP059712.1	287277
CP163027.1	41190
AP025889.1	4760
CP052752.1	37406
CP047758.1	105247
CP077310.1	111400
CP126820.1	249398
CP056757.1	80766
CP090194.1	66276
CP181864.1	4711793
AP025826.1	47294
CP136545.1	4889551
CP130333.1	4806739
CP031573.1	164095
CP143731.1	45670
CP059711.1	4951085
CP085784.1	37398
CP085755.1	289297
JBSTQX000000000.1	52232
JBSTQX000000000.1	10937
JBSTQX000000000.1	25207
JBSTQX000000000.1	156188
JBSTQX000000000.1	105971
JBSTQX000000000.1	75128
JBSTQX000000000.1	51121
JBSTQX000000000.1	67766
JBSTQX000000000.1	123089
JBSTQX000000000.1	10144
JBSTQX000000000.1	176166
JBSTQX000000000.1	94500
JBSTQX000000000.1	51111
CP133562.1	4715974
CP056742.1	4779833
CP133857.1	299734
CP049291.1	182177
CP126810.1	2495
CP126764.1	47844
CP042567.1	150626
CP126787.1	3750
AP025836.1	4743170
CP056729.1	87112
AP025864.1	357953
CP163087.1	340404
CP132000.1	117297
CP183853.1	4802469
CP085780.1	4697329
CP126815.1	4777576
AP025793.1	368905
CP017186.1	4546962
CP181861.1	67908
CP073773.1	193176
AP025910.1	2511
CP163089.1	1464
AP025807.1	4759070
CP052756.1	64293
CP126771.1	4760
AP025801.1	4759094
CP181079.1	4961
CP115150.1	4790420
CP085758.1	1716
CP175615.1	60774
CP061744.1	4584517
CP143688.1	4533400
CP056747.1	4704878
CP052755.1	60274
CP143699.1	4770394
CP175720.1	4989159
AP025835.1	112496
CP199523.1	75630
CP066111.1	33171
CP063224.1	4820238
CP132002.1	22055
CP056694.1	4858
CP124124.1	75314
CP011649.1	90452
CP058157.1	4806389
CP032843.1	6237
CP143763.1	62614
CP199507.1	5732
CP080471.1	272385
CP031565.1	4722490
CP181754.1	4550
CP053643.1	4573945
AP025764.1	4723114
CP049294.1	2175
CP143764.1	4783
CP199524.1	44776
CP011570.1	33610
CP099314.1	4706347
AP025787.1	4792741
CP066096.1	65160
CP056681.1	1329
CP143700.1	349274
CP017187.1	131604
CP163060.1	86017
CP133345.1	2391
CP189887.1	2495
CP143765.1	2495
CP098782.1	4995
CP017180.1	4724316
CP135278.1	111512
CP098779.1	295136
CP163057.1	4608949
CP130607.1	60990
CP181846.1	4608135
CP157758.1	105076
CP011658.1	3223
CP175737.1	110148
CP021168.1	79064
CP088223.1	277693
CP181591.1	4662
CP056667.1	4803
CP180193.1	63391
CP126859.1	2494
CP189976.1	4839453
CP175635.1	4878013
CP126877.1	63589
CP041735.1	6237
CP189886.1	81194
CP071016.1	316079
CP174541.1	99500
CP049026.1	5112
CP163108.1	4781
CP097345.1	63589
CP114992.1	2758
AP025854.1	2511
CP135277.1	178751
CP174539.1	5410
CP163091.1	229103
JBRJPJ000000000.1	102872
JBRJPJ000000000.1	10226
JBRJPJ000000000.1	88541
JBRJPJ000000000.1	81044
JBRJPJ000000000.1	62658
JBRJPJ000000000.1	32359
JBRJPJ000000000.1	2001
JBRJPJ000000000.1	22067
JBRJPJ000000000.1	56614
JBRJPJ000000000.1	63026
JBRJPJ000000000.1	1325
JBRJPJ000000000.1	146914
JBRJPJ000000000.1	65814
JBRJPJ000000000.1	25452
CP103685.1	64082
CP175757.1	4570
CP053692.1	115924
CP070530.1	278187
CP031724.1	296580
CP058175.1	4817823
CP182067.1	270435
CP199508.1	2699
CP031574.1	4912800
CP175596.1	310876
AP025884.1	357920
CP166889.1	124093
CP129991.1	106596
CP031569.1	140243
CP056719.1	4939254
CP183859.1	4770409
CP096924.1	55933
AP025905.1	4760
CP073771.1	4739190
CP103497.1	4760
CP126819.1	4773566
CP056743.1	58103
CP114998.1	51479
CP027113.1	5523
CP049293.1	2746
CP175739.1	52860
CP073775.1	3223
CP199505.1	4761835
CP095279.1	64939
CP181865.1	4885
CP181502.1	129407
CP010364.1	4938
CP135273.1	83155
CP118389.1	4047
AP025832.1	113823
CP143741.1	4874329
CP031572.1	106689
CP124123.1	113075
CP056758.1	4784
CP181668.1	4816494
CP129990.1	274040
CP047739.1	4863
CP064659.1	90483
CP140493.1	4641470
CP048701.1	5112
CM133322.1	4998669
CP110358.1	42848
CP163110.1	318047
AP022512.1	2511
CP059421.1	262616
CP118388.1	4665
CP135496.1	61749
CP115005.1	54232
CP126824.1	4778352
CP163118.1	4801545
CP088227.1	60274
CP181524.1	4644159
CM130036.1	5044417
CP181839.1	4832493
AP025925.1	4760
AP025856.1	356500
AP025781.1	366446
CP071017.1	4737590
CP058195.1	2495
CP175998.1	4853915
CP135281.1	24600
CP098780.1	60348
CP182241.1	4738608
CP030080.1	286652
CP090792.1	5008791
CP181850.1	2494
CP126763.1	66829
CP126748.1	121071
CP196095.1	4699276
CP063226.1	88821
CP047731.1	106698
AP025790.1	4784775
CP175640.1	306982
CP085753.1	4966443
CP157759.1	6165
CP143706.1	322705
CP143668.1	265031
CP126867.1	63589
CM132276.1	4780173
CP143669.1	110485
CP183851.1	46161
CP049025.1	49165
CP117758.1	2496
CM130039.1	4628326
CP166979.1	4828119
CP132006.1	2090
CP012165.1	4930963
CP115675.1	76541
CP036312.1	46161
CP042488.1	4780403
CP053103.1	4887670
AP025783.1	369119
CP118554.1	67458
CP175724.1	2176
CP017179.1	4782480
CP045312.1	4705976
AP025786.1	2496
CP140430.1	3162
CP181500.1	4643829
CP011648.1	33610
AP025799.1	4787313
CP058167.1	4769962
CP166904.1	66276
CP189872.1	86149
CP181510.1	101648
CP175520.1	399199
AP025923.1	4981102
CP163096.1	2496
CP189871.1	255043
CP143689.1	192406
CP047968.1	106698
CP049190.1	5976
AP025881.1	4760
CP143761.1	4721754
CP135117.1	4735472
CP175623.1	2495
CP175732.1	4977376
CP175581.1	102018
CP058148.1	59112
CP117753.1	49518
AP025822.1	365536
CP173202.1	333561
CP058178.1	31308
CP174542.1	4734277
CP115695.1	2495
CP061748.1	6364
CP058190.1	2495
CM130733.1	5145664
CP047730.1	310659
CP085759.1	34050
JBRAVI000000000.1	2047
JBRAVI000000000.1	73449
JBRAVI000000000.1	17971
JBRAVI000000000.1	56668
JBRAVI000000000.1	227660
JBRAVI000000000.1	86366
JBRAVI000000000.1	26913
JBRAVI000000000.1	31959
JBRAVI000000000.1	110929
JBRAVI000000000.1	22954
JBRAVI000000000.1	42568
JBRAVI000000000.1	98544
JBRAVI000000000.1	98128
JBRAVI000000000.1	73190
JBRAVI000000000.1	46035
JBRAVI000000000.1	116286
CP115001.1	283562
CP024909.1	108404
AP025862.1	2511
CP157333.1	225668
CP049189.1	394232
CP047766.1	178304
CP143686.1	2495
CP031566.1	64859
CP148011.1	4789915
CP199526.1	118568
CP083614.1	2495
CP175578.1	5409
CP098488.1	57389
CP126799.1	339331
CP011572.1	4879702
CP126871.1	58680
CP042575.1	4921
CP085779.1	55220
CP030009.1	4096
CP126796.1	4995
CP044107.1	4698106
CP095178.1	148937
AP025812.1	4728404
CP115677.1	4911
JBREIX000000000.1	16544
JBREIX000000000.1	118203
JBREIX000000000.1	49230
JBREIX000000000.1	10384
JBREIX000000000.1	40443
JBREIX000000000.1	44317
JBREIX000000000.1	20001
JBREIX000000000.1	8342
JBREIX000000000.1	70325
JBREIX000000000.1	52826
JBREIX000000000.1	311
JBREIX000000000.1	67536
JBREIX000000000.1	143281
CP181620.1	2496
CP058192.1	141272
CP143703.1	4701334
CP181501.1	123423
CP140494.1	94612
CP182069.1	72377
CP126826.1	63589
CP010374.1	43621
CP166886.1	3834
AP025870.1	2511
CP059413.1	302551
CP156944.1	173222
CP042566.1	4714649
CP053194.1	6851
CP059414.1	4867597
CP099318.1	4746900
JBRZFH000000000.1	2087
JBRZFH000000000.1	23849
JBRZFH000000000.1	199046
JBRZFH000000000.1	195832
JBRZFH000000000.1	74402
JBRZFH000000000.1	55422
JBRZFH000000000.1	33548
JBRZFH000000000.1	111722
JBRZFH000000000.1	20013
JBRZFH000000000.1	131784
CP126854.1	73571
CP126785.1	111626
CP131998.1	5176447
CP032847.1	619
CP059713.1	76436
AP025795.1	4784841
CP143728.1	2496
CP083613.1	4724319
JBREIY000000000.1	48212
JBREIY000000000.1	183254
JBREIY000000000.1	100141
JBREIY000000000.1	128761
JBREIY000000000.1	140792
JBREIY000000000.1	10936
JBREIY000000000.1	37950
JBREIY000000000.1	36989
JBREIY000000000.1	15588
CP150013.1	56218
CP056458.1	2746
CP143768.1	362963
AP025861.1	4760
AP025773.1	366446
AP022511.1	292755
CP135279.1	61235
CP143742.1	120041
CP150015.1	4779
AP019819.1	115150
CP126783.1	4816523
CP143723.1	4783637
CP126784.1	312992
CP103680.1	361069
CP110354.1	4889299
CP059417.1	55220
CP143729.1	4875415
CP090148.1	66276
CP173200.1	109457
CP115874.1	4656323
CP104692.1	143089
CP010386.1	121660
CP088222.1	2494
CP114574.1	308217
CP085748.1	4915526
CP047765.1	4621355
CP098781.1	52492
CP183862.1	118953
CP054409.1	44960
CP196303.1	68161
CP150014.1	46956
AP025899.1	5055984
CP115696.1	4741421
CP028536.2	45048
CP130605.1	4789446
CP090193.1	114684
CP130334.1	317535
CP183857.1	8991
CP157340.1	74451
CP129986.1	264946
AP019821.1	2495
CP126832.1	332043
JBSDWW000000000.1	17192
JBSDWW000000000.1	2260
JBSDWW000000000.1	17630
JBSDWW000000000.1	15581
JBSDWW000000000.1	16046
JBSDWW000000000.1	144247
JBSDWW000000000.1	99332
JBSDWW000000000.1	64065
JBSDWW000000000.1	32311
JBSDWW000000000.1	83607
JBSDWW000000000.1	88315
JBSDWW000000000.1	57631
CP056457.1	87106
CP056459.1	2495
JBSUGK000000000.1	40948
JBSUGK000000000.1	13071
JBSUGK000000000.1	49032
JBSUGK000000000.1	79208
JBSUGK000000000.1	13733
JBSUGK000000000.1	37261
JBSUGK000000000.1	51349
JBSUGK000000000.1	8635
JBSUGK000000000.1	15978
JBSUGK000000000.1	53394
JBSUGK000000000.1	10167
JBSUGK000000000.1	19024
JBSUGK000000000.1	2471
JBSUGK000000000.1	54793
JBSUGK000000000.1	118140
JBSUGK000000000.1	90970
CP183855.1	44962
CP117752.1	113105
CP126755.1	80070
CP054410.1	4880275
AP025900.1	378453
CP035385.1	4850296
CP088225.1	4934
CP175612.1	31307
AP025851.1	4940229
CP181849.1	4551
CP066113.1	4781
AP025908.1	363272
CP042571.1	4841070
CP058159.1	2495
CP132001.1	114115
CP135119.1	3987
JBRAWA000000000.1	66433
JBRAWA000000000.1	27164
JBRAWA000000000.1	15315
JBRAWA000000000.1	62842
JBRAWA000000000.1	16715
JBRAWA000000000.1	99415
JBRAWA000000000.1	89022
JBRAWA000000000.1	7796
JBRAWA000000000.1	281389
JBRAWA000000000.1	4636
JBRAWA000000000.1	95117
JBRAWA000000000.1	15341
CP059424.1	119988
CP098778.1	4570859
CP011580.1	90452
CP115000.1	4843472
CP143757.1	4166
CP048700.1	49165
CP175943.1	4680050
CP080474.1	37406
CP047741.1	344276
CP085760.1	2317
CP027112.1	291244
CP181843.1	4667
CP042568.1	88956
CP126878.1	4693321
CP008897.1	4633407
CP183033.1	108022
CP066099.1	5112
CP192224.1	200458
CP199522.1	4846578
CP110857.1	4862801
CP175582.1	90376
CP126780.1	63589
CP098486.1	4715149
CP053646.1	53096
CP133343.1	292549
CP181508.1	129407
CM132286.1	4735842
AP025834.1	314238
CP157071.1	303940
CP104405.1	4849283
CP085781.1	107928
CP176386.1	170833
CP059425.1	302836
CP163095.1	3675
CP058163.1	2511
CP052751.1	277693
CP047743.1	105247
CP143685.1	45670
JAUFOL000000000.2	20274
JAUFOL000000000.2	83226
JAUFOL000000000.2	2972
JAUFOL000000000.2	58333
JAUFOL000000000.2	1425
JAUFOL000000000.2	228604
JAUFOL000000000.2	16159
JAUFOL000000000.2	6934
JAUFOL000000000.2	180471
JAUFOL000000000.2	51972
CP176387.1	29709
CP073777.1	2317
CM129775.1	4743346
CP181526.1	96057
CP126822.1	61092
CP042491.1	4853
CP056745.1	4853
CP189870.1	4597781
CP056696.1	4096
CP106897.1	4995
CP070534.1	4950181
AP025838.1	113823
CP114573.1	39461
CP031723.1	88009
CP047737.1	310486
CP156945.1	357812
CP056748.1	96779
CP066108.1	4593201
CP042554.1	4760
CP135280.1	33304
CP085769.1	2811
CP114990.1	3338
CP129637.1	61054
CP029124.1	2692
CP181516.1	76978
CM130046.1	4662523
AP025766.1	119426
CP126757.1	4736722
CP064658.1	106771
AP025890.1	2511
CP034758.1	2495
CP175999.1	285735
CP095179.1	2493
JAIEUD000000000.1	237726
JAIEUD000000000.1	4637
JAIEUD000000000.1	210801
JAIEUD000000000.1	39750
JAIEUD000000000.1	16906
JAIEUD000000000.1	97403
JAIEUD000000000.1	18444
JAIEUD000000000.1	15031
JAIEUD000000000.1	29597
JAIEUD000000000.1	61050
JAIEUD000000000.1	3499
JAIEUD000000000.1	27334
JAIEUD000000000.1	14593
JAIEUD000000000.1	2619
JAIEUD000000000.1	14506
JAIEUD000000000.1	71285
JAIEUD000000000.1	1886
JAIEUD000000000.1	1338
JAIEUD000000000.1	9644
JAIEUD000000000.1	97348
JAIEUD000000000.1	7808
JAIEUD000000000.1	4602
JAIEUD000000000.1	59241
JAIEUD000000000.1	24930
JAIEUD000000000.1	64894
JAIEUD000000000.1	110603
CP180192.1	4647102
CP181669.1	64301
CP058162.1	50583
CP126753.1	4736719
CP118552.1	4913168
CP064116.1	79219
AP025809.1	2496
CP056456.1	111966
CP085776.1	4037
CP011659.1	33610
AP025898.1	2511
CP056132.1	4766311
AP025777.1	4688820
CP181525.1	122595
CP187182.1	109962
CP047718.1	15459
AP025810.1	4758233
AP038762.1	136976
CP126857.1	5523
CP175579.1	98733
CP070533.1	25440
CP126812.1	248662
CP046271.1	4572253
CP090909.1	4658400
CP117992.1	45048
CP175630.1	110745
CP104691.1	4683694
CP176385.1	4585495
CP066555.1	134345
CP088221.1	4743445
CP114999.1	2496
CP041733.1	4804295
CP115004.1	4626390
CP163058.1	283368
CP056735.1	3726
AP025875.1	5053755
CP166434.1	209857
CP126879.1	186838
CP126827.1	4761596
CP011584.1	4876110
CP181753.1	11726
CP085757.1	4580789
AP025805.1	370206
CP090146.1	4850969
CP129989.1	301990
CP132004.1	3482
CP008906.1	176943
CP175618.1	86565
AP025775.1	368394
CP126825.1	248661
CP187179.1	4802692
CP104469.1	4863
CP143716.1	4589215
CP175638.1	45739
CP114985.1	4812487
CP163119.1	293479
CP187181.1	44962
CP064113.1	4537691
CP126837.1	4794212
CP019889.1	4899400
CP136540.1	4626170
CM125437.1	4806555
CP126860.1	2056
CP156940.1	46161
CP104403.1	4853117
CP175742.1	309762
CP181522.1	76978
CP126778.1	4811782
AP025858.1	2511
CP143714.1	4096
CP174604.1	137766
CP083850.1	283626
CP058166.1	9923
CP033102.1	5018729
CP181602.1	4666
AP025922.1	2511
AP025819.1	369673
CP129636.1	4553012
CP143710.1	2495
CP051133.1	108999
CP030347.1	5018145
CP115678.1	3815
CP056134.1	3875
CP103494.1	4728479
CP126835.1	335135
CP183863.1	2495
CP032846.1	2496
CP182068.1	11691
CP192225.1	108680
CP115689.1	4935101
CP175629.1	4634418
CP103679.1	4762345
CP085767.1	4729473
CP143694.1	4057
CM130043.1	4680302
CP083852.1	2494
CP181862.1	5311
CP175599.1	71623
LT991955.1	254277
CP132232.1	4683826
CP126756.1	63589
CP126747.1	337447
CP126795.1	9294
CP011662.1	4878509
CP199506.1	106063
JAUFOO000000000.2	3090
JAUFOO000000000.2	11873
JAUFOO000000000.2	95444
JAUFOO000000000.2	24192
JAUFOO000000000.2	91316
JAUFOO000000000.2	252057
JAUFOO000000000.2	68253
JAUFOO000000000.2	97279
JAUFOO000000000.2	1905
JAUFOO000000000.2	24863
JAUFOO000000000.2	44186
CP056728.1	96235
CP085745.1	2495
CP126818.1	2495
CP143709.1	121368
CP163024.1	118596
CP056734.1	3813
CP181517.1	9923
CP058155.1	60671
CP182066.1	4679545
CP175521.1	54511
CP175721.1	256121
CP114991.1	3223
CP174536.1	83414
CP175598.1	80234
JBRAWK000000000.1	105465
JBRAWK000000000.1	5827
JBRAWK000000000.1	23903
JBRAWK000000000.1	98734
JBRAWK000000000.1	99105
JBRAWK000000000.1	102043
JBRAWK000000000.1	31740
JBRAWK000000000.1	24592
JBRAWK000000000.1	3412
JBRAWK000000000.1	52014
JBRAWK000000000.1	127949
JBRAWK000000000.1	7062
JBRAWK000000000.1	58477
JBRAWK000000000.1	89743
JBRAWK000000000.1	52278
CP027145.1	101548
AP025791.1	366443
CP058176.1	66209
CP163063.1	41190
CP133340.1	108950
CP071021.1	4707737
CP174535.1	4881242
CP056666.1	4858
CP047747.1	5112
CP126823.1	2495
JAUFOP000000000.2	40296
JAUFOP000000000.2	47804
JAUFOP000000000.2	35886
JAUFOP000000000.2	4891
JAUFOP000000000.2	9496
JAUFOP000000000.2	91774
JAUFOP000000000.2	179119
JAUFOP000000000.2	24613
JAUFOP000000000.2	27183
JAUFOP000000000.2	29652
JAUFOP000000000.2	53476
JAUFOP000000000.2	11209
JAUFOP000000000.2	62062
JAUFOP000000000.2	20031
JAUFOP000000000.2	144985
JAUFOP000000000.2	38338
JAUFOP000000000.2	8141
JAUFOP000000000.2	28349
CP028537.1	328828
CP181848.1	4656
CP027111.1	4959214
CP173522.1	75622
CP071014.1	316077
CP183849.1	4843775
CP047763.1	2295
CP011650.1	4849467
CP182043.1	48739
JAUFOF000000000.2	98398
JAUFOF000000000.2	25592
JAUFOF000000000.2	4891
JAUFOF000000000.2	9496
JAUFOF000000000.2	84506
JAUFOF000000000.2	65813
JAUFOF000000000.2	19850
JAUFOF000000000.2	41451
JAUFOF000000000.2	66310
JAUFOF000000000.2	2932
JAUFOF000000000.2	121482
JAUFOF000000000.2	14269
JAUFOF000000000.2	34472
JAUFOF000000000.2	27270
JAUFOF000000000.2	6110
JAUFOF000000000.2	166905
JAUFOF000000000.2	3818
JAUFOF000000000.2	22945
CP085782.1	2495
CP050506.1	4689986
CP042577.1	1697
CP048702.1	2746
CP175626.1	289837
CP143679.1	4096
CP099315.1	116191
CP068289.1	1699
CP175759.1	2495
CP175624.1	54035
CM129779.1	4713268
CP156942.1	10467
CP181763.1	3782
CP163025.1	84508
CP085778.1	343120
CP064660.1	47497
CP047716.1	106697
CP047966.1	133022
CP126788.1	4949704
CP143743.1	45670
CP166887.1	2495
CP088224.1	37406
CP143676.1	4770732
CP041737.1	2317
CP099316.1	4706347
CP118572.1	409
CP049192.1	4783459
CP066556.1	35441
CP027141.1	4604
AP025831.1	371458
CP163028.1	6201
CP129988.1	4728323
JAIEUE000000000.1	17195
JAIEUE000000000.1	83950
JAIEUE000000000.1	19960
JAIEUE000000000.1	15202
JAIEUE000000000.1	8782
JAIEUE000000000.1	122645
JAIEUE000000000.1	25061
JAIEUE000000000.1	5996
JAIEUE000000000.1	197782
JAIEUE000000000.1	241722
CP085783.1	134366
CP175755.1	4733867
CP024910.1	351806
CP029248.1	354256
CP175756.1	4891
AP025841.1	113823
CP143727.1	78736
CP126809.1	61092
CP156943.1	4683564
CP166901.1	4736445
CP181616.1	4872354
CP183864.1	146213
CP056664.1	106339
CP085751.1	35058
CP010385.1	106698
CP175575.1	4791739
JAIEUB000000000.1	33887
JAIEUB000000000.1	3412
JAIEUB000000000.1	8893
JAIEUB000000000.1	22105
JAIEUB000000000.1	45527
JAIEUB000000000.1	2887
JAIEUB000000000.1	22539
JAIEUB000000000.1	19160
JAIEUB000000000.1	185703
JAIEUB000000000.1	13959
JAIEUB000000000.1	39728
JAIEUB000000000.1	15959
JAIEUB000000000.1	4523
JAIEUB000000000.1	7973
JAIEUB000000000.1	62094
JAIEUB000000000.1	90050
JAIEUB000000000.1	110193
JAIEUB000000000.1	64629
JAIEUB000000000.1	17553
CP058169.1	61064
AP025857.1	4760
CP066109.1	303895
CP133339.1	147899
CP124121.1	4736072
AP025772.1	4748309
CP143744.1	2495
CP048696.1	5111617
CP061745.1	106755
CP175594.1	3876
CP126762.1	174893
CP143754.1	2317
CP181841.1	10470
CP192223.1	46161
AP025785.1	369656
CP126876.1	4719023
CP115152.1	9730
AP025794.1	112496
CP058194.1	4161
AP025830.1	4687481
CP056721.1	118204
CP103723.1	105371
CP159161.1	4619018
CP059418.1	267489
CP143753.1	2496
CP103409.1	4545764
CP071012.1	316077
CP143696.1	3843
AP025886.1	2511
CP181509.1	122595
CP140428.1	30680
CP104402.1	110892
CP042490.1	60173
CP192222.1	4701012
CP133344.1	54035
CM129781.1	4680314
CP181847.1	5627
CP058160.1	4737627
CP175723.1	4934
CP071013.1	4737581
JBREIZ000000000.1	3102
JBREIZ000000000.1	236940
JBREIZ000000000.1	41190
JBREIZ000000000.1	10294
JBREIZ000000000.1	13739
JBREIZ000000000.1	91769
JBREIZ000000000.1	44149
JBREIZ000000000.1	61283
JBREIZ000000000.1	4109
JBREIZ000000000.1	93061
JBREIZ000000000.1	50086
JBREIZ000000000.1	58132
JBREIZ000000000.1	92012
JBREIZ000000000.1	97390
JBREIZ000000000.1	48057
JBREIZ000000000.1	122213
JBREIZ000000000.1	44346
CP191185.1	4618006
CP181601.1	2495
CP056727.1	4815044
CP059419.1	4599702
CP043384.1	78247
CP171277.1	2495
CP056708.1	140774
CP157757.1	208077
CP175637.1	282163
AP025872.1	360179
CP172059.1	4624464
CP085763.1	171616
CP143751.1	6237
CP011579.1	33610
CP126786.1	63589
CP135494.1	4845357
CP095277.1	107477
CP030346.1	4858
CP104471.1	4651688
CP199514.1	134108
AP025885.1	4760
CP024908.1	4753669
CP047745.1	37460
CP115691.1	76313
CP056752.1	58103
CP175631.1	132011
CP175622.1	4852
CP056726.1	2494
CP192226.1	6365
CP047742.1	114230
CP114572.1	69180
CP175627.1	87948
CP042489.1	340181
CP181523.1	9923
AP025828.1	370120
CP030076.1	4847638
CP042553.1	173758
CP056135.1	2495
CP011660.1	37297
CP136547.1	135435
CP144716.1	4907562
CP157339.1	4792154
AP025821.1	4749335
JAUFOD000000000.2	3104
JAUFOD000000000.2	4443
JAUFOD000000000.2	118205
JAUFOD000000000.2	49224
JAUFOD000000000.2	10384
JAUFOD000000000.2	40445
JAUFOD000000000.2	164422
JAUFOD000000000.2	259187
JAUFOD000000000.2	77536
JAUFOD000000000.2	286887
JAUFOD000000000.2	14802
JAUFOD000000000.2	14871
JAUFOD000000000.2	13712
CP163086.1	4635568
AP025909.1	4760
CP063228.1	2493
CP115676.1	55003
CP047719.1	4781
CP175744.1	43580
AP025879.1	5021849
CP059423.1	2493
LT991956.1	183339
JAUFOC000000000.2	92625
JAUFOC000000000.2	17118
JAUFOC000000000.2	51237
JAUFOC000000000.2	40137
JAUFOC000000000.2	13535
JAUFOC000000000.2	119447
JAUFOC000000000.2	106177
JAUFOC000000000.2	55279
JAUFOC000000000.2	23829
JAUFOC000000000.2	11367
JAUFOC000000000.2	43283
JAUFOC000000000.2	40437
JAUFOC000000000.2	42667
JAUFOC000000000.2	43156
JAUFOC000000000.2	45422
CP115003.1	2495
CP056759.1	2495
CP049024.1	55421
JAIEUC000000000.1	10352
JAIEUC000000000.1	2035
JAIEUC000000000.1	249522
JAIEUC000000000.1	42001
JAIEUC000000000.1	100211
JAIEUC000000000.1	110061
JAIEUC000000000.1	264795
JAIEUC000000000.1	50486
JAIEUC000000000.1	18904
JAIEUC000000000.1	19129
CP035389.1	2495
CP012167.1	4688189
CP133409.1	4665859
CP175738.1	78237
AP019817.1	4689117
CP056455.1	4777672
CP085772.1	51836
CP063225.1	336282
CP066106.1	4781
CP126821.1	63589
JBQIBD000000000.1	80444
JBQIBD000000000.1	118905
JBQIBD000000000.1	44588
JBQIBD000000000.1	173092
JBQIBD000000000.1	16925
JBQIBD000000000.1	106220
JBQIBD000000000.1	14445
JBQIBD000000000.1	42912
JBQIBD000000000.1	85456
JBQIBD000000000.1	91198
JBQIBD000000000.1	1179
JBQIBD000000000.1	74749
JBQIBD000000000.1	89937
JBQIBD000000000.1	15300
JBQIBD000000000.1	128589
CP181845.1	109963
CP126861.1	4683774
AP025924.1	351318
CP130606.1	326706
AP025798.1	366446
CP049048.1	142557
CP045451.1	4583965
CP175515.1	171568
CP065941.1	4853
CP058129.1	87112
CP032841.1	4739272
CP085773.1	294454
JBRZFG000000000.1	44895
JBRZFG000000000.1	20475
JBRZFG000000000.1	45078
JBRZFG000000000.1	28594
JBRZFG000000000.1	5180
JBRZFG000000000.1	195664
JBRZFG000000000.1	6906
JBRZFG000000000.1	35184
JBRZFG000000000.1	14766
JBRZFG000000000.1	183514
JBRZFG000000000.1	10797
JBRZFG000000000.1	58554
JBRZFG000000000.1	31194
JBRZFG000000000.1	250410
JBRZFG000000000.1	80052
JBRZFG000000000.1	81245
JBRZFG000000000.1	91467
AP025871.1	5056826
CP011582.1	43433
AP019818.1	136816
AP025930.1	2511
CP047720.1	2495
CP049021.1	5112512
CP136541.1	368849
CP103642.1	4763308
CP175517.1	114700
CP052749.1	4743445
CP056725.1	4783
CP166894.1	66276
CP181900.1	4813753
CP181621.1	4662
CP148016.1	115708
CP175584.1	44829
CP133408.1	60614
CP115007.1	4760
CP103724.1	84525
CP126767.1	4738278
CP044335.1	4655363
CP114034.1	59140
CP143758.1	2495
CP058153.1	4738678
CP143713.1	214319
CP133338.1	148248
CP042574.1	86404
CP175577.1	7783
CP042572.1	167131
CP173521.1	4888484
CP056677.1	93159
CP133858.1	119102
CP095278.1	2496
CP118571.1	5194
CP047746.1	6486
CP035387.1	63369
CP047570.1	4619717
CP083615.1	4783
CP126813.1	63589
CP143693.1	4934
CP114989.1	51004
CP141537.1	4871279
CP132005.1	3451
AP025921.1	4760
CP175754.1	54511
CP174537.1	289738
CP080476.1	2495
CP140427.1	53664
CP144717.1	63589
CP143705.1	4820467
CP042543.1	4938
AP025853.1	4760
CP140496.1	30680
CP056676.1	5032884
CP053104.1	149802
CP126802.1	6165
CP071024.1	316078
CP140425.1	4641470
CP023571.1	118105
CP047771.1	2656
CP080470.1	4743586
CP085762.1	9402
CP196097.1	46176
AP025815.1	4759073
CP126772.1	3372
CP058156.1	2511
CP140498.1	4714134
CP126858.1	4665
CP135272.1	109456
CP181968.1	4184
AP025796.1	366446
CM133233.1	4675976
CP099317.1	116192
CP071018.1	315229
CP080473.1	53378
CP176389.1	2495
CP051136.1	2511
CP175743.1	37044
CP175945.1	80141
AP025769.1	119425
CP058146.1	4939784
CP157760.1	2317
CP175727.1	71566
CP051135.1	281030
CP163093.1	64224
CP143654.1	5035135
CP029246.1	4752717
CP042555.1	2511
CP181752.1	5040032
CP042541.1	155361
CP175522.1	4794581
CP166895.1	2495
CP103410.1	82662
CP126792.1	4661115
CP106894.1	4726467
CM129774.1	4628326
CP181512.1	4694168
CP163061.1	78145
JBRZFJ000000000.1	51515
JBRZFJ000000000.1	83536
JBRZFJ000000000.1	68230
JBRZFJ000000000.1	262306
JBRZFJ000000000.1	4880
JBRZFJ000000000.1	11085
JBRZFJ000000000.1	11587
JBRZFJ000000000.1	78143
JBRZFJ000000000.1	165614
JBRZFJ000000000.1	123935
JBRZFJ000000000.1	10611
JBRZFJ000000000.1	33151
CP195590.1	132453
CP166903.1	101741
CP117750.1	4861751
CP175736.1	282016
CP034756.1	108486
CP056680.1	2495
CP103674.1	4677444
CP079937.1	68610
AP025880.1	376245
CP175595.1	4741223
CP090797.1	41269
CP135120.1	2511
CP149843.1	44962
CP053696.1	79223
CP126781.1	33826
CP053647.1	6364
CP181617.1	5284
CP117993.1	4662768
AP025814.1	119411
CP163065.1	3359
CP085746.1	159360
CP047748.1	2295
AP025903.1	5055079
CP175519.1	6365
CP182094.1	4659593
CP181842.1	4740213
CP070532.1	4096
CP143756.1	4735551
CP114995.1	51479
CP021162.1	4656282
CP056691.1	4870455
AP025778.1	369681
CP056750.1	2495
CP034755.1	160216
CP047740.1	4858973
CP126608.1	4701271
CP135282.1	2067
CP126873.1	4864144
CP030350.1	106698
AP025833.1	4686434
CP049049.1	2507
CP126853.1	97002
CP059420.1	2494
CP143730.1	120041
CP163113.1	69876
CP053644.1	114699
CP099322.1	3428
JAIEUF000000000.1	145184
JAIEUF000000000.1	8467
JAIEUF000000000.1	11094
JAIEUF000000000.1	80446
JAIEUF000000000.1	27114
JAIEUF000000000.1	20202
JAIEUF000000000.1	8097
JAIEUF000000000.1	45991
JAIEUF000000000.1	3481
JAIEUF000000000.1	123310
JAIEUF000000000.1	95128
CP196096.1	256281
CP047732.1	33171
CP066094.1	5111055
CP126766.1	2507
CP163023.1	4728051
CP143767.1	5004781
CP010382.1	53129
CP008898.1	62247
CP085749.1	2811
CP126746.1	4724562
CP199528.1	71787
CP143750.1	127932
CP118387.1	12020
CP143692.1	99302
CP118555.1	60471
CP163094.1	4863
CP056749.1	4783
CP065942.1	2495
AP022510.1	4979003
JBQHIL000000000.1	32730
JBQHIL000000000.1	10685
JBQHIL000000000.1	18189
JBQHIL000000000.1	18784
JBQHIL000000000.1	22065
JBQHIL000000000.1	37091
JBQHIL000000000.1	48326
JBQHIL000000000.1	36415
JBQHIL000000000.1	17901
JBQHIL000000000.1	31035
JBQHIL000000000.1	41205
JBQHIL000000000.1	14084
JBQHIL000000000.1	109708
JBQHIL000000000.1	48892
JBQHIL000000000.1	47784
JBQHIL000000000.1	20093
JBQHIL000000000.1	59988
CP118553.1	175470
CP140497.1	4779
CP175636.1	5933
CP053645.1	295898
CP181967.1	4901103
CP068287.1	4687233
CP058188.1	169857
CP163026.1	58274
CP163106.1	113823
CP034757.1	28640
CP175625.1	4932872
CP056751.1	4779833
CP056707.1	4699206
CP106895.1	262065
CP085774.1	4859044
CP143708.1	4917112
CP143770.1	4760
CP066104.1	32990
CP010375.2	5007
CP110355.1	286232
AP025866.1	2511
CP008905.1	4621385
CP027144.1	328871
CP058171.1	2495
CP047738.1	37715
CP187183.1	43895
CP174601.1	4822429
CP181503.1	4627695
CP012168.1	239973
CP066097.1	55421
CP195591.1	4937614
CP066100.1	2746
CP017183.1	4661849
AP025895.1	5024256
CP181863.1	2505
CP159160.1	4619015
CP126865.1	112497
CP175619.1	75262
CP073774.1	44286
CP085775.1	4416
CP118279.1	4514131
CP104468.1	206102
CP115694.1	4938
CP175614.1	5408
CP181755.1	2497
CP059716.1	2496
JBREIS000000000.1	92679
JBREIS000000000.1	17118
JBREIS000000000.1	130162
JBREIS000000000.1	41919
JBREIS000000000.1	18198
JBREIS000000000.1	163029
JBREIS000000000.1	132007
JBREIS000000000.1	8383
CP056723.1	6974
CP058174.1	4426
CP163064.1	5413
CP163092.1	74041
AP025817.1	2496
CP100388.1	4806224
CP126768.1	174866
CP010381.1	4921
CP143691.1	4639066
CM130041.1	4635484
CP157341.1	2495
CP175611.1	37927
CM130032.1	4641898
CP047768.1	3697
CP126803.1	4853
AP025915.1	5055650
CP126774.1	5033361
AP025928.1	378133
CP047757.1	5049135
CP031570.1	158968
CP163111.1	103430
CP143672.1	2496
CP148005.1	4653888
CP064114.1	119573
CP097343.1	307415
CP166980.1	2495
CP042544.1	3223
CM130044.1	4713251
CP064115.1	72217
CP043383.1	85718
CP126866.1	109040
AP025863.1	5056306
CP126776.1	66217
CP011661.1	90452
CP044336.1	126563
CP115692.1	6237
CP133337.1	334536
CP199530.1	96842
CP129987.1	9627
CP189979.1	22739
CP071015.1	4705137
CP080475.1	4935
CP143701.1	4096
CP118567.1	4768221
CP058193.1	6013
CP182095.1	60795
CP175607.1	4096
AP025770.1	4722602
CP175518.1	94930
CP147670.1	4760
CP132003.1	10046
CP149842.1	193141
CP047769.1	3371
CP071026.1	186213
CP174602.1	129367
CP183858.1	111403
CP175608.1	262913
CP047967.1	110177
CP182042.1	105326
CP010383.2	106410
CP071025.1	4687927
CP159162.1	3133
AP025844.1	47295
CP052753.1	4934
AP025829.1	112496
CP019891.1	112190
CP056709.1	4921
CP030348.1	2089
CP126770.1	47844
CP056746.1	4783
AP025855.1	5055531
CP163097.1	2401
CP143712.1	4903572
AP025888.1	363269
AP025813.1	368488
CP058164.1	4711550
AP025896.1	370561
CP133336.1	4707941
CP166902.1	115968
CP138221.1	159720
CP049188.1	4782705
CP103726.1	2495
CP174538.1	4788451
CP030008.1	3458
CP143752.1	3675
CP143704.1	210747
CP030077.1	170955
CP118383.1	4916674
CP135495.1	128121
AP025876.1	377359
CP143755.1	4632983
CP149841.1	4555672
CP043226.1	4635256
CP103686.1	4096
AP025825.1	112484
CP175617.1	106951
CP048697.1	331873
CP196301.1	310982
CP047744.1	47939
CP181513.1	129407
CP115700.1	2494
JBSUGL000000000.1	3104
JBSUGL000000000.1	52369
JBSUGL000000000.1	134332
JBSUGL000000000.1	62144
JBSUGL000000000.1	5586
JBSUGL000000000.1	118878
JBSUGL000000000.1	26317
JBSUGL000000000.1	20465
JBSUGL000000000.1	19913
JBSUGL000000000.1	6236
JBSUGL000000000.1	60727
JBSUGL000000000.1	35595
JBSUGL000000000.1	91518
JBSUGL000000000.1	100711
JBSUGL000000000.1	60276
JBSUGL000000000.1	90197
JBSUGL000000000.1	31035
JBSUGL000000000.1	80050
JBSUGL000000000.1	34147
CP118568.1	315525
CM129777.1	4743203
CP085743.1	4560312
CP175620.1	66143
CP090147.1	120041
CP124939.1	2981388
CP117500.1	15840
AP018541.1	59322
CP124957.1	80817
CP124948.1	72303
CP076489.1	119713
CP117513.1	102982
CP113833.1	73413
CP197320.1	2750168
CP175269.1	59243
CP028721.1	62234
CP075608.1	21607
CP174927.1	30205
CP174868.1	44995
CP091235.1	2928268
CP175043.1	71941
AP027138.1	58872
CP124954.1	53355
CP127398.1	68769
CP175054.1	23077
CP124922.1	65792
CP091887.1	68770
CP159115.1	43674
CP124883.1	53449
CP159114.1	2893145
CP097048.1	2888142
CP124899.1	68769
CP175405.1	66224
CP185780.1	2855626
CP139123.1	5143
CP191296.1	72087
CP097035.1	92441
CP030045.1	2813589
CP197303.1	2802265
CP124931.1	2958296
CP030043.1	45581
CP191316.1	61170
CP175108.1	93191
CP127178.1	92098
CP127397.1	2908323
CP124958.1	70248
CP086726.1	3109622
CP117504.1	99966
CP175267.1	64440
CP181233.1	5122
CP138654.1	53680
CP174931.1	29725
CP088198.1	2717320
CP174866.1	28345
CP196013.1	64755
CM130023.1	2992474
CP075610.1	2056
CP110044.1	28952
CP060802.1	54644
OZ282464.1	36331
CP042216.2	2804126
CP144330.1	2900243
CP110073.1	30410
CP181242.1	5143
CP175402.1	9331
CP046111.1	2934437
CP116564.1	2819823
CP076488.1	3031832
CP139124.1	3001
CP175046.1	2733050
CP097041.1	3114
CP138652.1	15026
CP145116.1	50754
CP191307.1	60652
CP181223.1	44423
CP191302.1	2602574
CP124911.1	2982340
AP018539.1	106370
CP174840.1	134136
CP124918.1	2906211
CP019512.1	3111017
AP018544.1	106370
CP175029.1	56318
CP175256.1	49320
CM130737.1	2818733
CP174865.1	70628
CP124889.1	2904543
CP136354.1	62970
CP175278.1	9331
CP175257.1	2847511
CP118962.1	2866949
CP191314.1	66110
CP175239.1	3124614
CP174860.1	68969
CP181230.1	69895
CP175107.1	50140
CP159724.1	2952282
CP097038.1	2818721
CP097039.1	82447
CP091903.1	43739
CP082231.1	2838811
CP197318.1	47992
CP175279.1	45374
CP175109.1	46333
CP098420.1	59955
CP197296.1	50137
CP194221.1	99478
CP030046.1	64500
CP097059.1	2844844
CP095333.1	2759157
CP102121.1	2865778
CP097002.1	2663981
CP143583.1	2652177
CP041738.1	3152103
CP138647.1	4847
CP028723.1	40269
CP174839.1	2786849
CP041344.1	2785968
CP175116.1	2792402
CP124891.1	2800522
CP175301.1	2908051
CP174861.1	45978
CP133451.1	92100
CP008814.1	41610
CP092579.1	54685
CP045598.1	2730170
CP116576.1	40660
CP116560.1	51389
CP117506.1	25098
CP141096.1	2944957
CP197295.1	65105
CP175227.1	5143
CP092908.1	109589
CP175397.1	2942096
CP174921.1	3187783
CP175280.1	2858939
CP088202.1	33618
CP110047.1	2914023
CP174915.1	52917
CP110076.1	62694
CP175396.1	129195
CP046110.1	53448
CP181219.1	5121
CP196011.1	2944824
CP175027.1	2993298
CP015410.2	3026009
CP136341.1	3091145
CP136359.1	68770
CP156022.1	2921413
CP113829.1	65374
CP019514.1	65920
CP091898.1	31052
CP104857.1	49839
CP015885.1	55548
CP124950.1	2901800
CP091902.1	88965
CP197308.1	59396
CP004081.1	2961043
CP124914.1	2700729
CP116558.1	59610
CP091236.1	18962
CP081506.1	121520
CP097058.1	62360
CP191286.1	71777
CP174864.1	3241590
CP116561.1	2818676
CP181238.1	2926241
CP197321.1	136914
CP075604.2	3264821
CP142831.1	2796215
CP191295.1	3014868
CP175260.1	2948300
CP159110.1	43679
CP133450.1	2796215
JBRYYP000000000.1	86923
JBRYYP000000000.1	33131
JBRYYP000000000.1	31588
JBRYYP000000000.1	21680
JBRYYP000000000.1	31593
JBRYYP000000000.1	9367
JBRYYP000000000.1	183431
JBRYYP000000000.1	24084
JBRYYP000000000.1	100189
JBRYYP000000000.1	4370
CP117512.1	105647
CP175163.1	2873526
CP124886.1	2870187
CP065785.1	53948
CP075607.1	46461
CP091907.1	149744
CP185999.1	53305
CP196015.1	3260
CP197297.1	2759091
CP110050.1	2913940
CP196012.1	92542
CP175162.1	2873527
CP092577.1	90885
LR594051.1	2864420
CP028720.1	2997828
CP086565.1	48549
CP097005.1	3733
CP081505.1	2884138
CP142824.1	2722354
CP141098.1	19762
CP191283.1	3056870
CP144334.1	9003
CP191292.1	2921402
CP174856.1	3260275
CP117507.1	19987
CP143580.1	747526
CP116569.1	2731669
CP185998.1	53590
CP091889.1	3183027
CP128464.1	2859880
CP124905.1	2859274
CP175284.1	79359
CP143581.1	71938
CP069186.1	3043
CP194222.1	58795
CP046108.1	2910333
CP008815.1	66548
CP088199.1	59610
CP115993.1	73156
CP102076.1	2278
CP138653.1	2894687
CP124956.1	2938422
CP142815.1	2881859
CP175114.1	61183
CP136356.1	5166
CP060803.1	46541
CP091890.1	77272
CP109611.1	2773999
CP136371.1	92100
CP022487.1	5121
CP174862.1	44420
CP033787.1	2963654
CP174841.1	25677
CP116965.1	33351
CP127179.1	62024
CP124885.1	65792
CP175406.1	2969095
CP116557.1	2717332
OZ282463.1	70177
CP091891.1	59470
CP193628.1	2761666
CP102065.1	2796722
CP068249.1	3038914
CP174919.1	66291
CP191289.1	3007472
AP026721.1	3237469
CP143585.1	83692
CP097013.1	34579
CP181226.1	2862424
CP097043.1	40376
CP091237.1	2682983
CP046109.1	74657
CP175115.1	67613
CP102073.1	21806
CP092580.1	9329
CP175254.1	3020926
CP040898.1	2881081
CP090559.1	77536
CP053182.1	73942
CP097070.1	79433
CP060804.1	3039501
CP098027.1	59955
CP065786.1	51905
CP031028.1	75758
CP191299.1	3033464
CP116566.1	2769663
CP174925.1	2993907
CP053181.1	2809739
CP116572.1	63994
CP175113.1	2792402
CP091886.1	2932185
CP124955.1	30478
CP124888.1	69286
CP102068.1	26169
CP098744.1	66643
CP117495.1	2287
CP097488.1	50120
CP116555.1	2757574
CP175059.1	42347
CP174917.1	66291
CP124938.1	28900
CP197314.1	108544
CP124912.1	57398
CP116963.1	88918
CP175223.1	68770
CP028283.1	49440
CP098025.1	2986536
CP113835.1	49275
CP136343.1	62560
CP110053.1	2761658
CP097056.1	2836336
CP028722.1	50811
CP045600.1	5073
CP175285.1	122189
CP085299.1	5120
CP175251.1	86004
CP097037.1	32754
CP175228.1	2873855
CP159113.1	2893146
CP191301.1	29381
CP015883.1	2873100
CP144333.1	5643
CP124892.1	86196
AP027297.1	3015796
CP097487.1	124981
CP110049.1	29013
CP181229.1	2917348
CP110039.1	2757740
CP097049.1	58872
CP091885.1	68770
CP119529.1	66384
CP191305.1	3014988
CP136370.1	2796215
CP139121.1	2730213
CP075606.1	70628
CP159112.1	87265
CP197315.1	69762
CP119161.1	59338
AP031218.1	3075579
CP144331.1	5240
CP117496.1	2794236
CP075609.1	4375
CP085291.1	3016592
CP091904.1	2993281
CP110058.1	5110
CP191317.1	13305
CP110043.1	30227
CP022486.1	31392
CP124908.1	2935716
CP097003.1	72603
CP138658.1	2731043
CP148055.1	2902699
CP071176.1	2809633
CP191293.1	53449
CP191315.1	64692
CP197310.1	2501
CP175236.1	2948
CP148053.1	77676
CP197307.1	2939656
CP085289.1	2838954
CP197317.1	64148
CP091231.1	2962928
CP124917.1	61701
CP191285.1	2959622
CP191294.1	31100
CP143587.1	2958675
CP060801.1	96486
CP197313.1	2720573
CP116964.1	54078
CP092907.1	2812373
CP086411.1	2995874
CP104856.1	3049059
CP116567.1	74469
CP175117.1	61183
CP041740.1	45436
CP124906.1	2765943
CP124953.1	2935835
CP191298.1	29927
CP086592.1	3049549
CP076493.1	3030422
CP002494.1	55393
CP046249.1	5350
CP076499.1	119720
CP113831.1	3029766
CP136346.1	2965312
CP124952.1	28899
AP018547.1	36331
CP175233.1	2873855
CP175110.1	2988292
CP091227.1	2770661
CP002492.1	5143
CP110070.1	43800
CP124887.1	2848933
CP138642.1	3086271
CP197302.1	42975
CP110071.1	2863584
CP110051.1	43766
CP046113.1	2675479
CP191313.1	2840277
CP175403.1	37253
CP045599.1	7384
CP003726.1	2987450
CP076501.1	53420
CP093957.1	3072634
CP181222.1	3118143
CP086561.1	19446
CP175093.1	2942728
CP136352.1	44886
CP175058.1	2794695
CP124924.1	53892
CP110063.1	2919632
CP097047.1	58213
CP085841.1	2884143
CP109613.1	74497
CP069185.1	2809691
CP191297.1	60645
CP138650.1	71645
CP117508.1	2918955
CP124882.1	2959912
CP117490.1	68332
CP110042.1	38307
AP027137.1	85996
CP110078.1	5143
CP028725.1	41597
CP117499.1	44314
CP117505.1	85315
CP091234.1	4825
CP091895.1	2884087
CP050491.1	2693441
CP124778.1	2695805
CP110057.1	19758
CP174914.1	3187794
CP086563.1	52092
CP036248.1	97950
CP119162.1	70159
CP142811.1	3061315
CP197322.1	2966018
CP142812.1	94543
CP110046.1	3265
CP197323.1	5184
CP124893.1	2894553
CP085296.1	77870
CP145115.1	59558
CP181237.1	5165
CP175253.1	55988
CP138641.1	3150274
CP103863.1	2867844
CP097011.1	102954
CP191284.1	12829
CP003728.1	62162
CP181220.1	2790331
CP091897.1	2894791
CP124903.1	13517
CP195313.1	2642626
AP018543.1	2890148
CP141097.1	57805
CP091228.1	101904
CP175283.1	2858939
CP175023.1	2096
CP138644.1	50088
CP116575.1	2901424
CP116574.1	5143
AP025272.1	59411
CP185997.1	2891874
CP143588.1	53449
CP110052.1	29025
CP175298.1	3086816
CP019513.1	66602
CP110072.1	2947520
CP175395.1	2936827
CP091906.1	2758107
CP091900.1	65785
CP142834.1	84864
OZ282462.1	2825666
CP124898.1	2909427
CP191291.1	3043325
CP138637.1	2933922
CP119528.1	3167460
CP142822.1	92100
CP098422.1	16255
CP097010.1	2729635
CP175221.1	3154081
CP174855.1	27938
CP191287.1	39384
CP124934.1	28901
CP022059.2	2861022
CP110067.1	5110
CP124907.1	79359
CP086564.1	2770745
CP085294.1	2816588
CP124949.1	28901
CP175272.1	45374
CP076492.1	33659
CP175252.1	72362
CP175243.1	64099
CP117498.1	58572
CP116571.1	2917842
CP175055.1	73969
CP175271.1	2894747
CP076494.1	119714
CP124894.1	2971101
AP025270.1	2790927
CP124947.1	2934682
CP174916.1	32284
CP175111.1	50140
CP072508.1	91525
AP018540.1	79566
CP045601.1	3001
AP026725.1	5143
CP138657.1	82106
CP071177.1	2864
CP175244.1	55087
CP097006.1	2717331
CP136342.1	68344
CP136358.1	2985463
AP017623.1	2704865
CP175226.1	30192
CP138646.1	5960
CP175276.1	3111171
CP175274.1	82234
CP191311.1	43959
CP181234.1	2924729
CP151421.1	2746694
CP098028.1	55867
CP117511.1	2799710
CP181231.1	53785
CP124896.1	42039
CP085292.1	43405
CP100596.1	2840766
CP069187.1	3247
CP174930.1	2947309
CP191306.1	71942
CP097034.1	2780800
CP138640.1	4847
CP136351.1	2927430
CP175394.1	104344
CP124916.1	2892471
CP175026.1	30586
CP175020.1	3008707
CP141077.1	69873
CP076495.1	55304
CP175112.1	139524
CP181232.1	31522
CP092578.1	84898
CP175025.1	73224
CP191300.1	68755
CP181228.1	101421
CP142826.1	36103
CP175238.1	5143
CP124920.1	44445
CP097020.1	2763072
CP046247.1	2777589
CP174920.1	52917
CP110045.1	5143
CP091894.1	43915
CP175030.1	3072001
CP124926.1	68692
JBSDWZ000000000.1	10947
JBSDWZ000000000.1	64610
JBSDWZ000000000.1	17069
JBSDWZ000000000.1	14379
JBSDWZ000000000.1	30669
JBSDWZ000000000.1	60388
CP110059.1	2851025
CP110066.1	28923
CP002493.1	51104
CP175056.1	3104972
CP194223.1	49916
CP174495.1	2699376
CP097060.1	69215
CP091229.1	25324
CP086567.1	48589
CP124936.1	68768
CP022488.1	2717680
CP076500.1	55301
CP102070.1	2893792
CP124913.1	2904406
CP136344.1	45375
CP002491.1	2988673
CP028285.1	2928142
CP136355.1	54124
CP151211.1	2884962
CP039434.1	2696714
CP049775.1	2833478
CP159629.1	2781050
CP174859.1	3276744
CP036249.1	2944359
CP102069.1	3788
CP086566.1	2770376
CP102067.1	64566
HF558530.1	2810675
CP142825.1	92100
CP110075.1	74135
CP151209.1	2884316
CP136357.1	5164
CP071172.1	2846366
CP116554.1	59599
CP175259.1	89170
CP110065.1	30220
CP147728.1	2898217
CP124935.1	2988217
CP181216.1	2956378
CP106758.1	65086
CP091892.1	2956343
CP039296.1	3238854
CP142810.1	2847276
CP176623.1	3110315
CP121167.1	2846044
CP124904.1	9331
CP142818.1	2796214
CP101393.1	68767
CP078163.1	77697
CP101395.1	50442
CP143584.1	3019876
CP095334.1	50620
CP117494.1	16503
CP119160.1	93427
CP116966.1	5185
CP197304.1	114879
CP175234.1	5143
CP175241.1	68931
CP117492.1	57871
CP197306.1	21302
OZ197096.1	2876641
CP116559.1	2753262
AP027303.1	51671
CP124959.1	28901
CP127396.1	43225
CP091901.1	3100133
CP175028.1	56384
CP091893.1	172742
CP116563.1	61461
AE016832.1	17963
CP144766.1	64713
AE016831.1	57660
AE016833.1	66320
CP097008.1	2719300
CP063981.1	65096
CP175224.1	2898685
CP175398.1	103477
CP174929.1	72595
CP124901.1	2852232
CP181241.1	14261
CP113832.1	2785970
CP115992.1	2887950
CP110064.1	38297
CP116553.1	2717332
CP051005.1	2993403
CP175404.1	52435
CP142827.1	2829085
CP091230.1	3162
CP124900.1	2764125
CP175222.1	65787
CP174869.1	3260673
CP098743.1	2731238
LR134312.1	2719199
CP124933.1	53438
CP175237.1	2873641
CP175282.1	61166
CP118757.1	76420
AP025271.1	64595
CP110041.1	2919632
CP117970.1	2895646
CP049777.1	53121
CP175118.1	67613
CP110074.1	2879031
CP097036.1	57576
CP078016.1	35987
CP174858.1	28345
CP159111.1	4542
CP174863.1	27754
CP142816.1	2796214
CP091200.1	35753
CP156024.1	26348
CP117497.1	109086
CP086593.1	69345
CP181224.1	83755
CP124929.1	53500
CP136349.1	39508
CP143586.1	57643
CP175270.1	73879
CP110060.1	102346
CP175230.1	2873857
CP124962.1	29866
CP117510.1	22455
CP028726.1	53338
CP175060.1	2745438
CP116570.1	78685
CP175235.1	1984
CP175094.1	30126
CP124895.1	72705
CP194224.1	29628
CP078162.1	2662149
CP101392.1	2953249
AP027136.1	2722585
CP041739.1	70182
CP124909.1	104476
CP118755.1	2861883
CP138651.1	56791
CP091238.1	68015
CP191309.1	2900602
CP142819.1	92100
CP102071.1	60949
CP124919.1	94436
CP124927.1	36190
CP092574.1	3091662
CP003727.1	12893
CP175229.1	3076
CP102072.1	54298
CP181217.1	119402
CP049776.1	85096
CP142823.1	1397
CP142808.1	2888300
CP110056.1	45460
CP095335.1	10125
CP116577.1	36331
CP175399.1	9331
CP175022.1	3173
CP159631.1	2781053
CP085290.1	75361
CP191318.1	5107
CP022485.1	59380
CP175232.1	5143
CP076497.1	33656
CP174922.1	2993910
CP143579.1	2214853
CP136348.1	61228
CP086560.1	2911694
CP110068.1	2995083
CP110054.1	2850967
CP008816.1	2939973
CP076490.1	55288
CP148054.1	61515
CP121168.1	31402
CP097486.1	2761141
CP159108.1	2893147
CP110040.1	2745951
CP175100.1	72584
CP181218.1	28901
AP027298.1	26064
AP018546.1	59322
CP124961.1	68769
CP181240.1	59098
CP175240.1	73589
CP030044.1	87767
CP175255.1	2948600
CP097009.1	72164
CP174842.1	2965852
CP159723.1	68748
CP118756.1	77691
CP097033.1	57256
CP097066.1	2762944
CP175024.1	45999
CP151210.1	28377
CP136404.1	92100
CP116556.1	59165
CP110077.1	13461
CP091896.1	29801
CP142809.1	2888510
CP138638.1	21899
CP175300.1	2908051
CP175225.1	2898686
CP174854.1	65538
CP091233.1	5122
CP092575.1	9331
CP197311.1	62460
CP082232.1	101692
CP097067.1	57278
CP181235.1	61479
CP082233.1	19832
CP097021.1	62360
CP175268.1	2888006
CP014949.1	2803429
CP141754.1	2875587
CP113834.1	68512
CP174928.1	2974126
CP097032.1	75254
CP124884.1	2879812
CP118049.1	55100
CP142832.1	92100
CP085293.1	35757
CP058565.1	32454
CP029612.1	3132715
CP080759.1	2934362
CP197316.1	2820235
CP046112.1	2937521
CP085295.1	97455
CP076491.1	53193
CP128462.1	5141
CP124915.1	52618
CP097069.1	2741631
CP078015.1	2908856
CP097012.1	57161
CP181236.1	41118
CP197309.1	58872
CP124960.1	2978660
CP116565.1	74469
CP117491.1	59955
CP116568.1	61461
CP101396.1	5143
LR698844.1	2810675
CP110069.1	2913763
CP116562.1	74469
CP092910.1	3011
CP121233.1	2819823
CP175273.1	3109149
CP175401.1	52435
CP142829.1	2758456
CP109612.1	64400
CP113830.1	49275
CP088200.1	2890864
CP119159.1	3184537
CP091899.1	3057040
CP144332.1	5621
CP098746.1	49313
CP191290.1	3044041
CP175400.1	2969079
CP090558.1	2820154
CP197312.1	2821218
CP110061.1	19782
CP124890.1	2833818
CP117515.1	2223
CM129829.1	2966515
CP175021.1	5143
CP191310.1	65945
CP091239.1	5143
CP036247.1	75109
CP175101.1	3037128
AP018545.1	79566
CP097030.1	2777889
CP124902.1	78787
CP181225.1	52025
CP151212.1	71090
CP116578.1	9947
CP091199.1	41202
CP175277.1	128835
CP175042.1	67144
CP063980.1	2748847
CP196014.1	36331
CP085298.1	27407
CP098421.1	59669
CP197300.1	58413
CP098029.1	16397
CP088201.1	49180
AP018538.1	2893216
CP181227.1	60215
CP197301.1	2717403
CP058563.1	2870992
CP097040.1	39237
CP175231.1	2948
CP040897.1	74657
CP136350.1	5129
CP068250.1	54259
CP085297.1	69496
CP174918.1	32284
CP117514.1	3333
CP138656.1	84891
CP145114.1	2753584
CP098418.1	2928877
CP174926.1	72595
CP124921.1	2879800
AP026723.1	56107
CP159722.1	31717
CP086562.1	33086
CP124930.1	28901
CP015884.1	125418
CP143582.1	71205
CP065784.1	2991600
CP091888.1	29065
CP106757.1	2997165
CP097071.1	76993
CP102120.1	2866956
CP142817.1	92100
CP102066.1	80765
CP098419.1	60399
CP093958.1	90089
CP138479.1	2902426
CP045045.1	2933718
CP138655.1	2648168
CP136353.1	2853852
CP097057.1	76911
CP117502.1	2500
CP039549.1	3201501
CP075605.1	75084
CP191312.1	32125
CP175092.1	53501
CP091232.1	37865
CP138649.1	74882
CP142828.1	92100
CP142820.1	2687636
CP142821.1	139516
CP144764.1	2975538
CP142833.1	2847865
CP123624.1	2866940
CP124951.1	68767
CP076498.1	3030005
CP124937.1	52223
CP144765.1	47823
CP098026.1	65961
CP194220.1	2922093
CP191288.1	2954722
CP197294.1	2825636
CP031029.1	58791
CP138659.1	82535
CP115995.1	25721
CP175266.1	89270
CP110048.1	43779
CP046022.1	2761629
CP124923.1	2950886
CP175299.1	29918
CP174857.1	65719
CP022484.1	65180
CP197305.1	5143
CP124897.1	5121
CP142813.1	50792
CP136345.1	5107
CP002495.1	30505
CP118048.1	2699936
CP128461.1	4802
CP097046.1	2800207
CP039548.1	3218315
CP110055.1	56232
CP124925.1	3033378
CP136403.1	2884629
CP031027.1	3065679
AP026724.1	30071
CP181215.1	48643
CP092909.1	5107
CP127177.1	2748665
CP175296.1	3086814
CP128463.1	50228
CP142814.1	5184
CP181239.1	74657
CP141099.1	97011
CP050492.1	73653
CP117501.1	5185
CP124928.1	2931106
CP097042.1	2757662
CP138639.1	5165
CP138643.1	107646
CP058564.1	139734
CP191304.1	5143
CP103862.1	40153
CP110062.1	5166
CP041012.1	2845446
CP091197.1	90994
CP174923.1	53458
CP159109.1	4016
CP115994.1	141731
CP119530.1	56362
CP175106.1	3022894
CP175057.1	2841459
CP091905.1	54858
CP091240.1	2824042
CP141076.1	2909391
CP116573.1	38206
CP097004.1	2711817
CP097050.1	47498
CP117509.1	29927
CP181221.1	43672
CP138648.1	3137925
CP175045.1	3208846
CP116962.1	2959291
AE016830.1	3218031
CP174867.1	45351
CP181214.1	2932787
CP092576.1	3005854
CP139122.1	7384
CP028286.1	103690
CP175044.1	75265
CP175297.1	29951
CP175258.1	3017096
CP046248.1	66565
AP031220.1	55304
CP097007.1	59599
CP102074.1	10905
CP028724.1	2758818
CP030042.1	2825273
CP042217.2	85951
CP076496.1	53047
CP002621.1	2739625
JBROGC000000000.1	71579
JBROGC000000000.1	45669
JBROGC000000000.1	51817
JBROGC000000000.1	116644
JBROGC000000000.1	13771
JBROGC000000000.1	31074
JBROGC000000000.1	69090
JBROGC000000000.1	76374
CP175281.1	79359
AP031219.1	93192
CP097068.1	2098
CP175275.1	9331
CP175242.1	66443
CP124910.1	72705
CP076502.1	33652
CP097031.1	2757220
CP136360.1	2770393
CP138645.1	48434
CP091198.1	3337661
CP101394.1	52880
CP117503.1	2834280
CP174924.1	53458
CP117489.1	2867957
CP117493.1	51578
CP191303.1	74760
CP197319.1	2855372
AP026722.1	73523
CP091884.1	2953563
CP102075.1	3348
CP142830.1	92100
CP156023.1	68770
CP098745.1	60149
CP124941.1	30425
CP136347.1	66560
CP064374.1	2866948
CP028284.1	78592
AP027302.1	2976973
CP191308.1	31081
CP124940.1	68767
CP124932.1	74019
CP083920.1	2718175
CP083473.1	2895608
JBRDFE000000000.1	10974
JBRDFE000000000.1	145753
JBRDFE000000000.1	21157
JBRDFE000000000.1	32388
JBRDFE000000000.1	335209
JBRDFE000000000.1	63656
JBRDFE000000000.1	75833
JBRDFE000000000.1	90496
CP066571.1	39713
CP097015.1	232122
CP066467.1	55499
CP066588.1	7165
CP066403.1	65409
CP018069.1	3296
CP023811.1	4374
CP066606.1	2829571
CP071966.1	4374
CP085910.1	23177
LR135427.1	2056
CP131817.1	1979
CP066419.1	6303
CP064344.1	196063
CP184170.1	47591
CM128243.1	2814943
CP035658.1	4316
LR135431.1	11969
CP142725.1	2895267
CP065778.1	129781
CP059808.1	39407
LR135247.1	51931
CP025078.1	56373
CP189714.1	26539
CP066396.1	2921433
CP197046.1	8816
CP046168.1	30099
CP093948.1	210381
CP091577.1	2711964
CP012430.1	3130373
CP020485.1	217014
CP083927.1	2947
CP066446.1	44420
CP091225.1	23596
CP059820.1	11825
CP046074.1	15151
CP018072.1	59226
CP041275.1	5212
CP114622.1	6188
CP064050.1	219794
CP089093.2	201227
LR135348.1	11208
CP023792.1	10647
CP097061.1	2587604
CP059778.1	6173
LR134109.1	53831
CP133954.1	147131
CP018826.1	4374
LR135426.1	2947
LR135364.1	2833517
CP184245.1	4461
LR135301.1	15151
CP114619.1	45954
CP034947.1	17208
LR135225.1	9292
CP038175.1	30457
CP089092.2	2727101
AP027236.1	12368
AP024831.1	2990066
LR135205.1	50023
CP169652.1	21325
CP061819.1	99040
CP066386.1	6895
LR135227.1	169998
CP184239.1	2691786
CP131848.1	2974033
LR135292.1	7846
CP119151.1	199975
CP066631.1	61213
JBRDFD000000000.1	157983
JBRDFD000000000.1	73892
JBRDFD000000000.1	44061
JBRDFD000000000.1	5564
JBRDFD000000000.1	837
JBRDFD000000000.1	141291
JBRDFD000000000.1	8685
JBRDFD000000000.1	125993
JBRDFD000000000.1	5496
CP066626.1	6303
AP019396.1	17267
CP184186.1	4048
CP035645.1	6303
CP184168.1	229174
CP161871.1	24681
LR135391.1	4375
LT598668.1	7837
CP059753.1	4991
CP032309.1	21516
CP066575.1	1980
LR135221.1	114941
CP114617.1	2812792
CP128188.1	2881288
CP038996.1	2796178
CP171717.1	190628
CP072722.1	99040
CP066392.1	33158
AP027229.1	71757
CP064412.1	1241
CP096217.1	3274
CP131838.1	36005
CP072594.1	1979
CP137472.1	2467929
CP018828.1	2807999
CP059818.1	28489
CP066591.1	2877225
CP019974.1	55063
LR135442.1	2056
CP169651.1	181929
CP189712.1	2774839
CP171697.1	2684280
CP083922.1	52056
CP191797.1	3019
LR135174.1	2729991
CP066671.1	6303
LR135179.1	2447891
CP030110.1	2683778
CP040905.1	198480
CP085915.1	4463
CP066584.1	1980
CP059758.1	54357
CP066615.1	198741
CP072709.1	44920
CP197063.1	47927
AP026773.1	138954
LR135250.1	9317
CP059770.1	4464
CP072576.1	3866
LR135368.1	9507
LR135332.1	133389
CP066441.1	4305
CP192618.1	2796
CP040744.1	2056
OU016045.1	1928
CP064406.1	2614023
CP137467.1	163281
AP028419.1	5851
CP016167.1	2125
AP027223.1	71754
CP065773.1	2500673
CP079927.1	2666353
OU015708.1	2886360
CP176381.1	4463
LR135172.1	46429
LR135207.1	29946
LR135490.1	136287
CP171721.1	4374
CP012432.1	57543
AP026670.1	9013
CP083913.1	213284
OU015351.1	156551
OU016043.1	4374
LR135370.1	1981
CP171699.1	106559
CP184242.1	59193
CP109842.1	51108
CP131803.1	34319
CP061820.1	37510
CP034950.1	37182
CP088192.1	178351
CP066416.1	55498
CP072881.1	2448233
CP184238.1	5946
CP119153.1	30403
CP059810.1	6173
CP040371.1	1718
CP040743.1	6175
CP065752.1	2557427
CP066466.1	2898846
CP071961.1	10238
OU015947.1	202753
OU015714.1	3304
CP066599.1	17982
CP034946.1	6455
AP027227.1	2751268
LR135441.1	3221
CP131816.1	4377
CP066602.1	6303
CP131846.1	4377
CP189634.1	230007
CP023807.1	4374
CP091207.1	138406
CP061823.1	3871
CP065761.1	3199
LR135388.1	9316
CP091101.1	27897
CP158594.1	34109
LR135425.1	3129
CP076481.1	41819
CP161859.1	106517
CP176376.1	197154
LR135386.1	70572
CP074107.1	2425126
CP072568.1	210114
CP171715.1	4374
CP023810.1	10647
LR135281.1	39397
OU015946.1	2876766
LR135269.1	1928
CP197039.1	11340
AP027295.1	243853
CP072572.1	7095
CP160389.1	2913991
CP020491.1	1979
CP046169.1	19255
LR135311.1	27647
CP062266.1	227172
CP074110.1	165652
CP059780.1	4372
CP018831.1	46747
CP072728.1	2574
CP072730.1	1928
CP059811.1	4465
CP089323.1	11983
CP035222.1	4265
LR135198.1	223834
CP023799.1	2867667
CP064348.1	6173
CP137475.1	49249
CP089320.1	228311
CP129234.1	1198
CP017787.1	2868496
CP079928.1	72048
CP071958.1	2710423
LR135491.1	42699
CP059747.1	2808798
CP131818.1	2844496
LR135264.1	4408
CP066657.1	6303
CP072729.1	1979
CP091578.1	231428
CP047326.1	2477277
CP189599.1	149547
CP066596.1	6303
CP060863.1	261677
CP059822.1	2056
CP116526.1	28578
CP066477.1	6303
CP129232.1	1535
OU016028.1	202690
CP197454.1	126143
AP027294.1	2552600
CP066604.1	4374
CP065524.1	94576
CP091216.1	27383
CP072880.1	41084
CP184171.1	11939
CP064343.1	2796800
LR135424.1	5779
CP040742.1	132733
LR135200.1	41060
CP018129.1	222278
CP116551.1	41241
CP129223.1	47983
CP144272.1	248575
CP097063.1	52519
LR135314.1	5204
CP061821.1	9934
CP019988.1	2907074
CP064425.1	203164
CP066216.1	9392
CP044269.1	6173
CP112862.1	2891501
CP045013.1	206375
CP066605.1	2189
LR135222.1	54563
CP066646.1	1980
LN999990.1	38742
CP059819.1	24162
LR135319.1	66773
CP109799.1	41051
CP065755.1	179532
CP171692.1	2789834
CP019209.1	215998
CP059788.1	8209
CP027517.1	2863087
CP061824.1	3846
CP192236.1	4305
CP072724.1	9934
CP066394.1	4375
CP059771.1	2419
CP072887.1	26651
CP129398.1	4461
CP033210.1	11916
CP096219.1	2769471
CP065767.1	2723190
CP041270.2	2851771
CP131801.1	2875106
CP093951.1	6303
CP027499.1	63221
CP044273.1	1741
CP016168.1	4796
CP066623.1	200088
CP114618.1	149649
CP184236.1	108754
CP131823.1	4377
CP071930.1	220241
CP071931.1	2869924
CP066450.1	1980
LR135315.1	4374
CP044322.1	11825
CP112864.1	82830
CP091579.1	44472
CP059798.1	17300
CP137465.1	2421017
CP116534.1	24768
CP066475.1	63104
CP033209.1	39621
AP027233.1	2754558
CP092573.1	1979
CP060865.1	94256
OU016029.1	47525
JAOXXX000000000.1	46475
JAOXXX000000000.1	2376
JAOXXX000000000.1	10132
JAOXXX000000000.1	54283
JAOXXX000000000.1	53509
JAOXXX000000000.1	5794
JAOXXX000000000.1	24848
JAOXXX000000000.1	100184
JAOXXX000000000.1	9603
JAOXXX000000000.1	7573
LR135402.1	239811
CP131862.1	168193
CP152088.1	2915287
CP038170.1	2459230
CP152091.1	32429
CP192233.1	41976
CP013010.1	66496
LR135220.1	165514
CP091220.1	5688
CP131857.1	272409
CP066435.1	161669
CP066399.1	1979
CP137468.1	2503319
CP041255.1	53447
LR135474.1	2432228
CP129226.1	4461
CP019989.1	287502
CP196035.1	2520275
CP085895.1	224636
CP141092.1	2619216
CP066641.1	47773
CP065782.1	3875
CP092377.1	3782
AP027238.1	8744
CP066601.1	7165
CP068246.1	54259
CP171694.1	149979
CP059765.1	294680
CP141091.1	74657
CP027502.1	168778
CP064407.1	164531
CP040708.1	71214
CP061822.1	4465
CP088195.1	2619548
CP040704.1	206851
CP116522.1	46474
CP066393.1	6172
CP044325.1	4372
CP046075.1	18356
LR135448.1	18942
CP172561.1	113742
CP017800.1	36019
CP116528.1	2615984
LR135420.1	245801
CM129828.1	2449352
LR135261.1	53521
LR135413.1	2947
CP072579.1	2835007
CP038163.1	2639821
CP131835.1	233268
CP059767.1	28402
OU015347.1	63427
CP137463.1	187042
CP097028.1	189968
LR135325.1	162848
OU015950.1	6503
CP018131.1	23736
LR135385.1	238264
CP176378.1	77977
LR135486.1	3199
LR135291.1	9319
CP093954.1	211188
CP097023.1	142475
LR135336.1	9529
CP094232.1	58545
CP041263.2	89846
CP065933.1	9316
CP099980.1	180811
CP011831.1	10839
CP072589.1	29437
CP059828.1	4465
CP066421.1	2877824
OU015953.1	2947
CP191798.1	3008
CP017796.1	10382
CP131837.1	41779
CP131798.1	8065
CP023785.1	199876
LR135782.1	2416266
CP116538.1	27897
AP027232.1	4372
OU015716.1	1928
LR135284.1	4372
OU015949.1	7670
CP058891.1	2755510
CP129225.1	5946
CP176382.1	2857
CP096221.1	54822
CP066455.1	6303
CP044317.1	199401
CP018829.1	13141
LR135265.1	4374
CP096211.1	2977510
CP197456.1	44641
CP059776.1	7974
LR135333.1	132509
CP040741.1	238664
LR135278.1	2919744
CP066432.1	4305
LR135360.1	14158
AP026666.1	2834237
CP046167.1	234807
CP116535.1	12989
CP066449.1	4305
CP050255.1	2684010
LR135256.1	155151
CP129229.1	2530
CP011828.1	2598959
LR135173.1	4147
LR135321.1	6174
AP019394.1	2535796
CP059772.1	2788375
LR134096.1	124986
CP023808.1	2870954
CP044278.1	7670
CP059756.1	246466
CP089324.1	1928
AP028417.1	75806
CP072886.1	53837
CP083915.1	7669
CP131865.1	15747
CP066610.1	37877
CP109838.1	53378
CP176375.1	2885794
CP003585.1	66247
CP072720.1	2869878
CP040850.1	207651
CP083917.1	2947
CP065763.1	1979
CP041257.1	2766162
CP035654.1	2827987
CP189633.1	2822304
LR135304.1	5250
LR135169.1	2528228
CP023791.1	40911
LR135415.1	239811
CP131827.1	37758
CP132227.1	50239
CP127335.1	10737
LR135280.1	57185
CP040370.1	3846
CP072595.1	1933
CP161858.1	171709
CP132228.1	4461
CP189635.1	22261
CP053704.1	2685395
CP066634.1	4305
CP003353.1	3847
CP071967.1	3837
CP059775.1	27191
CP066420.1	1980
CP018834.1	13141
AP027231.1	12370
CP192319.1	4075
CP109758.1	2613997
LR135238.1	55118
CP131854.1	4377
CP197061.1	2841631
CP065770.1	2632191
CP091103.1	180523
LR135398.1	7837
CP131830.1	5212
LR135235.1	2716742
OU016038.1	103363
CP020484.1	2880780
CP131813.1	11283
CP040907.1	2648833
CP131840.1	2947
LR135344.1	3014357
CP066633.1	6311
CP038995.1	2736390
CP176379.1	22082
CP035138.1	4609
CP041268.2	1980
CP034949.1	2594563
CP018068.1	13112
CP116552.1	38387
CP011829.1	229882
CP085907.1	224638
CP197043.1	15674
CP192614.1	59143
CP189637.1	4463
CP085904.1	2056
OU016032.1	6174
CP118551.1	25672
CP066476.1	62212
CP012463.1	54805
CP191790.1	229665
JAOXXZ000000000.1	15166
JAOXXZ000000000.1	60775
JAOXXZ000000000.1	626
JAOXXZ000000000.1	81051
JAOXXZ000000000.1	76094
JAOXXZ000000000.1	61100
JAOXXZ000000000.1	218867
CP192231.1	231406
LR135401.1	2926259
CP023798.1	4375
CP137469.1	15881
CP065550.1	44323
CP189639.1	1948
CP189638.1	3425
CP027508.1	53613
LR135255.1	218993
CP072584.1	4373
CP096215.1	6173
LR135429.1	209872
CP044277.1	12527
CP041266.2	6173
CP137471.1	133819
CP066424.1	36284
LR135310.1	38828
CP035661.1	295052
LR135237.1	60014
CP027515.1	53654
CP066462.1	6303
CP059743.1	24162
CP119150.1	2934904
CP023812.1	81514
CP066580.1	11477
CP076478.1	205436
CP197048.1	28556
CP066590.1	4305
AP027230.1	60121
CP076475.1	34693
CP076487.1	4374
CP191793.1	9316
AP026568.1	82303
CP066400.1	1933
CP131832.1	4067
CP064349.1	4465
CP062270.1	17300
CP072716.1	5212
CP192315.1	60312
CP019992.1	2990310
LR135184.1	4118
CP065771.1	244041
CP093955.1	42856
CP064049.1	2880300
CP059795.1	44920
CP041264.2	65253
LR135489.1	229675
CP066454.1	44442
CP003586.1	251926
CP071926.1	6268
CP023802.1	10647
CP161865.1	55596
CP060864.1	6173
CP035657.1	6303
CP085898.1	23182
CP116540.1	2639985
CP065753.1	24353
LR135308.1	156709
AP026655.1	2836077
CP046170.1	6173
CP112865.1	59943
AP026571.1	4378
CP118955.1	2529607
CM125962.1	2760706
CP131796.1	271337
CP118549.1	67732
CP066445.1	57029
CP065932.1	45647
CP017799.1	54822
CP192316.1	41016
CP096218.1	3109
LR135195.1	5275
LR135318.1	162819
CP131856.1	2845749
CP191796.1	4074
LR135312.1	7985
CP131814.1	6029
LR135488.1	3004008
CP066650.1	6303
CP195299.1	57031
CP127333.1	45311
CP079929.1	21754
AP024837.1	3019093
CP171701.1	44301
CP059803.1	2056
CP066397.1	4372
LR135230.1	44498
CP091222.1	174795
CP059752.1	5212
CP065776.1	27166
CP072885.1	174746
CP131829.1	6303
CP018827.1	259837
CP066660.1	187470
CP027519.1	48209
CP065523.1	2840234
CP059744.1	11825
LR135400.1	2947
CP066447.1	6312
CP072734.1	37510
CP016169.1	832
CP059787.1	16666
LR135367.1	15151
CP066677.1	7165
CP094231.1	181403
CP072710.1	43862
AP026777.1	6776
CP023424.1	195692
LR135453.1	4305
CP104269.1	10366
CP023781.1	199876
CP066667.1	2804833
LR135223.1	38599
CP059741.1	41241
AP026668.1	76985
CP186536.1	151144
CP011282.1	152440
CP128189.1	31838
OU015354.1	10069
CP118956.1	142622
CP116545.1	39454
CP059815.1	2056
CP065754.1	2650864
CP059825.1	41614
CP186537.1	67195
LR135405.1	7837
AP026663.1	41212
CP018073.1	170854
CP161863.1	2533916
CP171703.1	2693591
CP072741.1	1928
CP046079.1	6173
CP027513.1	184337
CP066597.1	6263
CP059796.1	43862
AP026664.1	9527
CP065774.1	226673
CP066572.1	6168
CP017790.1	36019
LR135279.1	231651
CP035137.1	211011
CP129221.1	2666987
CP066471.1	6267
CP096214.1	6303
CP040705.1	8748
CP076476.1	4374
LR135334.1	72466
CP012431.1	44226
CP171704.1	192369
CP066655.1	23540
CP131809.1	2943999
LR135476.1	256660
AP026657.1	76985
CP197458.1	24333
LR135434.1	3305
CP046078.1	36877
AP026660.1	2833359
CP066608.1	198742
CP018832.1	259837
CP019975.1	47460
CP091218.1	182818
CP065547.1	2875522
CP132226.1	2572234
LR135320.1	38929
CP197042.1	56725
CP189640.1	1928
LR135416.1	7837
CP083924.1	7669
LN999988.1	192533
CP160390.1	45954
CP059807.1	122126
CP116516.1	44010
CP064413.1	941
LR135254.1	2679986
CP018067.1	29012
CP039730.1	97574
CP012462.1	77567
CP066384.1	60650
CP059784.1	2717697
LR135374.1	88799
CP116518.1	122895
CP129227.1	2947
CP144273.1	2715704
OU016033.1	4374
CP116023.1	2506224
CP118548.1	2697349
LR135239.1	51960
CP091210.1	2488599
CP197036.1	211327
CP059764.1	2705156
LR135338.1	2857
CP197066.1	15672
CP072733.1	99040
CP171722.1	2754883
AP028418.1	6303
CP072573.1	6173
CP192239.1	3008
JBRYYC000000000.1	111773
JBRYYC000000000.1	20600
JBRYYC000000000.1	57427
JBRYYC000000000.1	121664
JBRYYC000000000.1	37059
JBRYYC000000000.1	115370
JBRYYC000000000.1	34191
CP025427.1	142988
CP091226.1	20845
CP033206.1	2876110
CP066391.1	56323
CP085912.1	6326
CP072878.1	2608143
CP197062.1	219478
CP128995.1	2691296
CP018830.1	2802604
LR135432.1	9317
CP131805.1	6734
CP023806.1	10647
CP072721.1	213054
LR135282.1	19928
CP065934.1	4074
LR135363.1	1928
CP064410.1	4497
LR135206.1	38582
CP072883.1	40266
LR135176.1	16029
CP066410.1	198742
CP044276.1	40955
CP094230.1	2834459
LR135204.1	231143
CP171709.1	2690854
CP040878.1	2618436
CP059797.1	36116
CP155445.1	19502
CP066417.1	198740
CP091303.1	66324
LR135361.1	5779
CP093942.1	255599
CP071962.1	9934
AP027221.1	2754504
CP131828.1	34978
LR135383.1	1932
LR135351.1	2864834
LR135414.1	2926309
LR135451.1	5781
CP006030.1	2693877
CP066579.1	43236
CP192616.1	9316
AP026603.1	31114
CP066470.1	6312
CP091213.1	2558214
CP083919.1	1979
CP137464.1	37427
LR135170.1	2421093
CP066658.1	6173
AP024834.1	9507
CP066483.1	34144
CP060861.1	2906760
CP093946.1	6239
JBQPXD000000000.1	8394
JBQPXD000000000.1	145580
JBQPXD000000000.1	20215
JBQPXD000000000.1	109339
JBQPXD000000000.1	34787
JBQPXD000000000.1	58987
JBQPXD000000000.1	109450
JBQPXD000000000.1	3278
JBQPXD000000000.1	257440
JBQPXD000000000.1	23096
JBQPXD000000000.1	25485
JBQPXD000000000.1	271
LR135299.1	58745
CP197044.1	12346
LR135450.1	6355
CP023800.1	202540
CP131802.1	242216
CP064430.1	4074
CP035648.1	2824869
CP027507.1	231024
LR135485.1	4787
CP131850.1	37767
CP091100.1	2560635
AP022342.1	253148
CP027498.1	207001
LR135329.1	4374
OU016037.1	204460
CP119156.1	5807
CP085897.1	63475
LR135449.1	12078
CP171719.1	61383
CP076483.1	2841245
CP076482.1	4374
CP066668.1	134270
CP045603.1	78670
CP040703.1	10664
CP020489.1	217014
CP176380.1	7837
CP035659.1	3008
CP076484.1	264192
CP071968.1	2056
CP071969.1	1979
CP035649.1	257028
LR135296.1	10634
LR135477.1	44000
CP084185.1	4461
CP066448.1	6272
CP015123.1	56285
OU016027.1	2893311
CP066651.1	6263
LR135324.1	2791579
CP093950.1	6174
CP197067.1	56705
CP038997.1	123020
CP065210.1	2529606
CP065549.1	198774
LR135446.1	44438
CP066431.1	6303
CP129228.1	2839
LR135419.1	2945939
CP161862.1	4374
CP062269.1	36116
CP172565.1	8065
CP131806.1	4461
CP066593.1	55497
CP066440.1	7012
CP066611.1	6303
AP019395.1	196595
CP012522.1	2572333
LR135294.1	256017
LR135307.1	2990636
CP066637.1	2977402
CP025077.1	2630073
CP072725.1	4465
CP027504.1	36024
CP066665.1	5212
CP091581.1	8447
CP116548.1	38387
CP131844.1	28012
CP071929.1	24233
CP131859.1	28013
CP059766.1	37121
CP092375.1	44886
CP066438.1	38373
LR135399.1	3221
CP191789.1	2802459
CP041276.1	4372
CP059768.1	9934
CP066578.1	56293
CP116515.1	148727
AP026661.1	173397
CP072712.1	17300
CP116550.1	160122
AP026669.1	41193
CP171710.1	185386
CP161867.1	2533745
CP044324.1	5072
CP018066.1	230049
CP050648.1	2633058
CP072731.1	2869878
AP026658.1	42042
CP158593.1	45954
CP072735.1	9934
CP066443.1	2907111
CP161857.1	2753817
LR135411.1	9317
CP019994.1	99829
CP013009.1	2686859
CP066457.1	2891429
LR135445.1	58508
LR135433.1	5275
CP066643.1	4075
CP047328.1	21625
CP014533.1	17254
CP065783.1	1933
CP171716.1	2689333
CP023780.1	2863296
CP197457.1	36840
CP072570.1	27191
CP066673.1	2856614
CP066426.1	4374
CP065760.1	3837
CP044272.1	4374
CP041278.1	1705
CP129231.1	1926
CP038174.1	2672619
CP125282.1	78861
LR134106.1	164095
CP065528.1	15691
CP129230.1	2024
CP072884.1	2602775
CP066625.1	43860
CP064345.1	96497
CP076477.1	2841244
CP041277.1	1979
CP092376.1	5601
CP065757.1	35644
CP171718.1	106493
CP023427.1	10105
CP096226.1	2189
CP050650.1	2633054
CP068245.1	154716
CP195298.1	2728138
CP116533.1	186836
CP059805.1	1374
LR135377.1	6095
CP085899.1	7838
CP072718.1	1935
CP131804.1	28012
LR135191.1	2743333
CP072740.1	1979
CP044275.1	201015
LR135394.1	2894948
LR135267.1	1981
CP066630.1	164644
CP116549.1	2652140
CP071959.1	296092
CP066474.1	194067
CP091219.1	21430
CP072587.1	242945
LR135335.1	35768
CP091221.1	2766791
LR215968.1	2545110
LR135248.1	37323
CP059760.1	6188
CP041269.2	35172
LR135380.1	4372
LR135328.1	6174
CP137473.1	237648
LR135229.1	50023
CP019971.1	129683
CP083474.1	196609
CP072711.1	36116
LR135253.1	2189
AP026656.1	172275
CP061817.1	2869878
CP076474.1	57509
CP066215.1	2651821
OU015711.1	51289
CP152089.1	253159
CP116527.1	18533
CP064415.1	645
CP023793.1	4374
CP131863.1	83634
LR135219.1	2677660
CP025754.1	2817746
LR135359.1	51724
CP184167.1	2788131
CP116519.1	77238
CP065779.1	38662
LR135300.1	28557
CP035221.1	239262
CP116543.1	2722678
CP066649.1	45965
CP059814.1	3846
CP109840.1	57547
CP097014.1	2603360
CP184234.1	2850126
CP061827.1	1928
CP038172.1	2515672
CP016163.1	2823158
CP018128.1	2740566
CP033208.1	55808
LR135365.1	221376
CP171706.1	61383
CP066385.1	41600
CP192235.1	5088
CP131849.1	270653
LR135283.1	12090
LR134112.1	8671
AP024839.1	71967
CP066473.1	2836862
CP027497.1	2883877
CP044318.1	103074
CP072736.1	4465
CP066663.1	7940
CP116541.1	158971
CP066427.1	2887365
CP065775.1	27490
CP059823.1	2800014
CP131847.1	1979
CP066459.1	88651
CP068244.1	2566374
CP131797.1	34105
LR134110.1	42954
LR135421.1	38228
LR135356.1	2856
CP161870.1	55596
CP066472.1	1980
CP109759.1	62460
CP089322.1	40605
AP024840.1	9507
CP065530.1	19873
CP072590.1	6173
CP018071.1	2933966
CP131812.1	28013
CP197064.1	12342
CP161868.1	175811
CP059785.1	130516
CP066589.1	6303
CP059759.1	35478
CP192313.1	203134
LR135182.1	167526
CP116537.1	134360
AP027224.1	12309
CP171726.1	43537
CP059816.1	2826067
CP171723.1	171709
CP158596.1	4686
CP131810.1	234957
AP027296.1	43624
CP084178.1	2726121
CP072567.1	2788375
CP059773.1	210114
LR135487.1	1928
CP083923.1	21133
CP066662.1	57134
CP184185.1	6173
LR135440.1	4065
CP066635.1	4074
CP066458.1	193594
CP089319.1	2831554
CP097026.1	18501
CP116514.1	2605577
LR135495.1	4372
CP066390.1	153899
CP023805.1	201207
CP066636.1	3007
CP076486.1	41819
OU015712.1	7019
CP035650.1	37293
CP189713.1	56147
CP013994.1	2966909
CP062273.1	6304
LR135482.1	2640999
CP189598.1	56708
LR135234.1	2056
CP059757.1	74076
CP043484.1	2573925
CP058892.1	12340
CP040368.1	2805984
LN999987.1	2766743
CP094233.1	5275
CP066460.1	62213
CP066661.1	62212
CP035136.1	2581021
CP184243.1	52737
CP175931.1	83815
CP059800.1	11638
CP012434.1	13123
CP131861.1	2883631
CP197040.1	32392
CP091304.1	60386
CP083929.1	1979
AP027222.1	248456
LT598666.1	77977
CP072727.1	3846
CP003352.2	56520
CP116531.1	18533
CP066632.1	35487
CP093953.1	2891566
CP062272.1	11638
LR135246.1	54563
CP097064.1	33236
CP184184.1	24346
CM130009.1	2436252
CP066642.1	6303
CP109839.1	2577332
LR135228.1	56226
CP050649.1	141022
CP059827.1	6173
CP018132.1	4137
CP059781.1	3866
CP171696.1	4375
CP066409.1	2912773
CP066436.1	65409
CP011283.1	58197
CP065548.1	55498
CP131800.1	2189
CP197453.1	242721
AP022344.1	6258
OU015713.1	4374
CP083180.1	124878
CP129395.1	54168
CP066479.1	4374
CP044327.1	2056
CP065553.1	1980
LR135183.1	39303
CP019995.1	58211
CP038162.1	36911
LR135258.1	2698881
LR135288.1	204418
CP127334.1	37267
CP072882.1	183270
CP197459.1	6173
CP161866.1	24681
CP019993.1	243818
CP003351.2	2952485
CP097025.1	23514
CP093945.1	3007
CP097027.1	2644774
LR132068.1	141895
LR135177.1	10188
CP066411.1	55497
CP027402.1	2550968
CP033207.1	167502
LR135175.1	149005
CP114623.1	3960
CP064051.1	63187
CP066624.1	55497
CP046076.1	240928
CP065777.1	2718572
CP093956.1	2056
CP066679.1	4305
LR135194.1	11208
CP066586.1	48758
CP017794.1	54822
CP085917.1	1979
CP171707.1	43484
CP084180.1	42382
CP059826.1	26581
CP066648.1	194710
CP131842.1	190703
CP172566.1	7846
LR134095.1	2520984
CP023801.1	40911
LR135354.1	11424
LR135343.1	15151
CP023795.1	202553
CP085913.1	6175
CP072580.1	235463
CP043485.1	168626
LR135435.1	2640062
CP035660.1	2912202
CP059801.1	6304
CP072737.1	3871
CP076471.1	2841249
OU016042.1	6174
LR135444.1	230681
CP189601.1	52392
CP038173.1	41394
CP062277.1	1374
CP062268.1	43862
CP040849.1	2659111
CP112863.1	233640
CP040904.1	2495617
CP041271.2	194168
CP074106.1	168353
CP161869.1	58219
CP064414.1	882
LR135303.1	7038
CP172564.1	25747
CP184172.1	4148
CP137477.1	211495
CP137470.1	48167
CP197045.1	8992
CP040906.1	133232
CP097024.1	24768
LR135406.1	3221
LR135437.1	19194
CP066425.1	12538
LR135290.1	26053
CP025687.1	185046
CP083921.1	213279
CP172559.1	2784832
CP044281.1	2189
CP128994.1	177732
CP059799.1	16641
CP066587.1	56588
CP017788.1	169793
CP197041.1	7501
LR135346.1	40152
CP066670.1	23540
CP171711.1	106438
CP131852.1	5212
CP059763.1	1980
LR135199.1	54628
LR134105.1	2689604
LR135286.1	4073
CP066418.1	11819
LR134337.1	2450323
CP059782.1	1979
CP059806.1	2715925
CP091580.1	21225
CP059745.1	5212
CP119157.1	4797
CP044320.1	41619
CP197462.1	1979
CP059742.1	28489
CP088193.1	30822
CP011285.1	13141
CP074108.1	165658
CP027512.1	2855729
CP025426.1	253120
CP011830.1	38512
CP011281.1	2790106
CP066485.1	1980
CP066451.1	2872079
CP097065.1	5254
CP004063.1	2635572
AP026779.1	6175
CP041273.1	65253
CP137466.1	34798
CP059804.1	1935
CP118550.1	196194
CP066406.1	29409
CP192238.1	3019
CP072708.1	227172
CP066437.1	57014
LR134107.1	55800
CP066653.1	2801313
CP192234.1	9316
CP184235.1	201958
CP032308.1	2585631
AP026667.1	173272
CP071960.1	40984
LR135203.1	2804950
CP066412.1	11819
LR135180.1	139885
CP196039.1	3191
CP065526.1	25787
CP116521.1	155657
LR135390.1	6083
CP192232.1	56344
CP059821.1	5212
CP195302.1	1979
CP092378.1	1527
AP027237.1	9369
CP066674.1	171777
CP065762.1	2056
LR135496.1	3221
CP097022.1	2701552
CP066413.1	6303
CP137474.1	39555
CP133953.1	2757047
CP066465.1	4374
AP024842.1	5849
CP025425.1	2772425
CP003583.1	2698137
LT598664.1	197153
CP059750.1	20166
CP074109.1	2428778
LR135342.1	28557
CP097016.1	41159
CP012460.1	2850245
CP059762.1	2056
CP027503.1	54738
CP064409.1	44860
CP131864.1	54049
LR135373.1	156371
CP091302.1	161029
OU016035.1	1928
CP023803.1	4374
CP027506.1	2731844
CP137476.1	2436244
CP066576.1	2963589
CP184237.1	50005
CP197455.1	50591
CP093947.1	2929543
CP171713.1	52094
CP085908.1	134985
LR135784.1	45085
OU015715.1	3221
CP083928.1	2857
LR135287.1	2829644
CP012433.1	886
CP184182.1	215027
CP017793.1	169793
CP197461.1	4374
AP026601.1	2921286
CP152092.1	12378
CP044274.1	2896393
LR135196.1	1068
CP072581.1	35966
CP064431.1	1980
CP044323.1	6173
CP038165.1	32169
CP072732.1	213054
CP072585.1	2056
CP189636.1	7165
AP026570.1	45504
CP023804.1	2870397
LR135226.1	2806840
LR135379.1	4466
CP142416.1	173215
CP072894.1	2600276
LT598665.1	79293
LR135384.1	2926852
LR135251.1	5088
CP071927.1	7837
CP116529.1	184843
CP131808.1	2947
CP142415.1	2547265
CP059761.1	4372
CP014532.1	9310
CP019990.1	25791
CP083925.1	4979
CP072577.1	1979
LR135289.1	45824
CP093952.1	2056
CP012461.1	200151
CP096213.1	42009
CP171727.1	4374
CP065552.1	6258
CP191791.1	59087
LR135249.1	13173
LR135349.1	5778
CP083914.1	48157
CP094236.1	36298
CP072578.1	1928
CP064053.1	4372
CP041272.1	89798
CP116520.1	2666289
CP066478.1	5212
AP026665.1	9009
CP116536.1	2685086
CP116025.1	25261
CP091224.1	2627634
CP027514.1	54737
LR135353.1	42610
CP066585.1	187242
CP027516.1	37152
CP192617.1	4305
CP102534.1	2685395
LR135326.1	61971
CP066433.1	1980
CP034948.1	155130
LR135357.1	2648040
CP018065.1	2933268
CP091211.1	98995
CP066647.1	55497
CP064428.1	43518
LR135396.1	63798
CP071925.1	6173
CP197047.1	125949
CP129399.1	2947
CP066439.1	8194
CP064347.1	10814
CP066415.1	2909522
CP066644.1	1980
CP033212.1	3008
OU016041.1	6501
LR135181.1	2678141
CP091214.1	174882
LR135233.1	2947
LR135340.1	234907
CP129393.1	2667118
CP027401.1	159454
OU015353.1	37193
CP129394.1	276614
CP046077.1	3029645
CP014535.1	65558
CP066609.1	59583
CP192615.1	49630
CP071965.1	4465
CP088196.1	23302
CP016166.1	48256
CP197460.1	4461
CP184241.1	85985
CP066664.1	6303
CP066453.1	55497
CP019991.1	18099
OU015350.1	2972427
CP066654.1	134270
LR134108.1	54563
CP171702.1	4374
CP040706.1	2702943
CP066627.1	4305
CP085894.1	2814835
CP065769.1	9392
CP116530.1	24566
CP197038.1	2843008
OU015349.1	10069
LR135378.1	5201
CP064424.1	2792338
CP040740.1	2718395
CP093949.1	42035
CP035655.1	256961
AP026772.1	2804859
CP116547.1	158971
CP020490.1	49542
CP131811.1	31210
OU015346.1	156565
CP003354.2	4119
AP027225.1	9370
CP059802.1	5212
CP172567.1	6304
CP119158.1	4587
CP019208.1	3009007
LR135309.1	55609
LR135268.1	1955
CP172562.1	45953
CP197065.1	9180
CP065756.1	56729
CP066618.1	6303
OU015348.1	37193
CP129222.1	274793
CP066669.1	30941
AP026659.1	19291
CP040373.1	956
CP044265.1	194666
CP045602.1	2724200
CP165619.1	224833
CP064426.1	65409
CP066468.1	198741
CP096222.1	29995
LR135372.1	2682742
CP064427.1	58011
OZ282471.1	10366
CP038164.1	2542049
CP066481.1	187318
CP160394.1	1980
LR135323.1	1928
CP171712.1	65255
CP044271.1	4461
LR134113.1	7165
CP059794.1	227172
LR134111.1	37322
CP066659.1	2888311
CP062267.1	44920
LT598663.1	2888087
CP066570.1	56380
AP027228.1	246962
CP109800.1	196419
CP085896.1	134168
CP040707.1	2133
CP071924.1	2857
OU015709.1	238492
CP047329.1	31694
CP041256.1	150610
CP035651.1	6303
CP171695.1	65255
CP038166.1	2478931
CP038167.1	36802
CP047327.1	181744
CP066388.1	4461
CP023788.1	4374
CP116532.1	2615969
CP040369.1	258646
LR135412.1	3221
CP066629.1	2836397
CP066463.1	6168
CP041267.2	4372
CP064416.1	294
CP038169.1	41082
CP092572.1	12429
CP061818.1	213054
LR135387.1	62379
CP040851.1	63632
CP109760.1	25858
CP131799.1	5212
LR134097.1	32824
CP066577.1	156278
LR135382.1	3647
LR135430.1	16203
CP172563.1	32429
CP066666.1	4374
CP072569.1	41278
CP066607.1	1980
CP027505.1	30710
CP131831.1	4461
CP116523.1	2628070
AP027226.1	8744
CP065758.1	4466
CP023797.1	10647
CP066398.1	2055
CP131841.1	2872463
AP022343.1	108102
CP062276.1	1935
CP066452.1	164531
CP066461.1	57116
CP094234.1	4375
CP020488.1	2883830
AP026776.1	25968
CP066595.1	8512
CP027501.1	2912017
LR135316.1	4074
LR135371.1	1928
CP023425.1	86216
CP016164.1	202822
CP091301.1	2821771
CP059769.1	5201
CP129224.1	6173
CP155444.1	2685508
CP158591.1	2838113
CP040873.1	49933
LR135389.1	7837
LR135330.1	1928
CP197052.1	12299
LR135404.1	9317
CP066434.1	2875677
CP065929.1	126296
OU016036.1	2896894
CP066678.1	6311
LR135252.1	2947
CP065525.1	227210
LR135393.1	2056
CP012464.1	38586
CP061825.1	2574
CP014530.1	223688
CP131855.1	2947
CP059791.1	3846
CP084186.1	2056
CP034945.1	46584
CP032307.1	258852
CP196038.1	5174
CP023794.1	2869064
CP066414.1	1980
CP196037.1	15903
LR135242.1	2947
CP066383.1	104340
AP024841.1	6303
CP066404.1	60664
AP024833.1	71966
CP065529.1	215857
CP014534.1	55167
CP085905.1	1979
CP083918.1	2857
CP066620.1	4093
CP066581.1	8059
LR135295.1	19679
CP119154.1	12346
LR135438.1	9323
CP192314.1	65409
CP025686.1	22603
CP131820.1	37439
CP076480.1	57509
CP066640.1	56412
CP190402.1	49730
AP027234.1	246977
CP064411.1	1947
CP060862.1	49122
LR135397.1	9317
LR135259.1	148571
CP116024.1	137763
CP071928.1	9318
CP096225.1	3007
OU015952.1	4374
CP127337.1	2785439
OU015345.1	2828906
LR135417.1	3221
CP085911.1	7838
CP096220.1	200743
CP061826.1	1979
CP066652.1	3977
CP072588.1	123647
LR135197.1	2709725
CP083477.1	2056
CP044267.1	13703
LR135260.1	57778
CP066382.1	257742
CP092571.1	83629
CP184244.1	41394
CP045012.1	2625745
CP197452.1	2826214
LR135297.1	2929158
CP072714.1	11638
CP040876.1	110319
CP192237.1	4074
LR135436.1	144068
LR135494.1	5569
CP192320.1	1980
CP131826.1	200816
CP071964.1	5198
LR135339.1	2889514
CP091209.1	23864
CP059749.1	27932
CP025756.1	258454
CP044266.1	147595
CP059739.1	2731067
OU016034.1	2947
CP066484.1	6303
CP059754.1	2056
CP072719.1	1374
CP171720.1	43484
CP066598.1	2811636
CP066639.1	66742
LR135208.1	9317
CP019973.1	56285
CP076479.1	79769
CP035652.1	4316
CP172560.1	221038
CP066645.1	2875644
AP022341.1	2802719
CP023786.1	40911
CP175929.1	2561460
CP171725.1	65255
CP062265.1	2792149
CP131821.1	11408
CP059789.1	6173
CP131834.1	2801859
CP119155.1	6303
LR135266.1	3848
CP072586.1	2793479
CP066401.1	134230
CP169650.1	2706618
CP062275.1	2056
CP012435.1	13136
CP038168.1	2560245
CP091102.1	61338
CP091217.1	2507479
CP066387.1	6303
CP197037.1	56706
CP066592.1	187323
CP018070.1	78626
CP131815.1	4461
CP018130.1	71104
CP097062.1	62247
CP066614.1	2829571
CP041261.3	2851579
CP197051.1	265966
OU015954.1	1928
CP091206.1	2469207
CP085900.1	6326
CP059793.1	2792149
CP066656.1	22729
CP099979.1	2510070
CP064429.1	9316
LR135306.1	3124
LR135423.1	6173
CP027509.1	36341
CP041254.1	63472
CP058895.1	203651
CP115812.1	2546756
CP066612.1	4305
CP038176.1	69757
CP085906.1	2816191
CP088194.1	4147
CP066456.1	1980
CP019970.1	2804968
CP131851.1	28013
CP131825.1	2821969
CP171724.1	106441
LR135366.1	31867
CP019211.1	5850
CP044279.1	4461
CP161861.1	43537
LR135376.1	6303
CP023790.1	199068
CP064346.1	40064
LR135345.1	188833
CP131824.1	1979
CP131866.1	6174
CP131839.1	4377
CP171705.1	106509
LR135243.1	2725409
CP059774.1	41278
LR135483.1	221062
LR135192.1	145361
CP116544.1	242833
CP017795.1	36019
CP191795.1	4305
CP018825.1	45240
CP066628.1	1980
CP023809.1	202553
CP084184.1	11625
CP019212.1	4376
CP064408.1	62662
CP044326.1	4147
CP160391.1	32459
CP040877.1	154417
CP171698.1	192369
LR135236.1	167946
CP019976.1	32787
LR135407.1	2947
LR135202.1	1928
CP011284.1	37865
LR135224.1	15062
CP176377.1	89980
CP125281.1	2724342
AP024838.1	155411
CP158595.1	6188
CP114621.1	9372
CP059779.1	6096
CP085901.1	6175
LR135358.1	293851
CP045014.1	80816
CP066619.1	4305
LR135439.1	6299
LR135331.1	2882360
LR132067.1	2458403
CP072717.1	2056
LR135322.1	4374
CP072583.1	6173
CP091208.1	36787
CP072571.1	7974
CP004064.1	214319
CP013996.1	49420
CP066582.1	1980
CP093941.1	2794484
LR135418.1	2947
CP066389.1	2856012
AP026566.1	2835106
CP084181.1	39491
CP023796.1	40911
CP023426.1	40017
CP059813.1	4065
CP066573.1	4316
CP083916.1	3200
AP024835.1	6302
CP072707.1	2792149
CP116517.1	2535136
CP096223.1	9317
CP066583.1	2880566
LR135263.1	6525
LR135422.1	26633
LR135313.1	6174
CP091305.1	45571
CP085903.1	4463
CP019210.1	45501
CP091215.1	39549
CP066469.1	10968
CP092570.1	197066
CP131860.1	4377
CP065935.1	1981
LR135298.1	232499
CP072879.1	246327
CP035646.1	4316
CP129397.1	5946
CP066600.1	212766
LR135362.1	4461
CP062274.1	5212
CP094235.1	2426
CP175930.1	93203
CP041274.1	6173
CP171714.1	43537
CP091223.1	21849
LR135375.1	22271
CP109841.1	174036
CP066428.1	187324
CP119152.1	35758
CP065759.1	4147
CP189600.1	2774767
LR135410.1	63798
LR135293.1	2701078
CP014529.1	2765010
AP024832.1	92522
CP091212.1	28214
LR135257.1	66958
CP066568.1	2919164
CP065931.1	56294
CP116525.1	57016
CP066408.1	4466
CP066622.1	2874289
CP066613.1	4093
CP197050.1	2929959
LR135327.1	38929
CP197049.1	6344
CP072738.1	3846
CP064052.1	39679
CP137461.1	2454194
CP044270.1	5569
CP066574.1	3651
LR135355.1	7038
CP184187.1	1134
CP116524.1	184656
CP059809.1	16666
CP084179.1	282637
CP044280.1	3221
CP089321.1	59066
AP026775.1	28491
LR135178.1	2056
CP066594.1	41004
CP028727.1	2586979
CP039729.1	2736723
CP072739.1	2574
CP019972.1	128951
CP066676.1	23664
LT598667.1	22080
AP026662.1	76985
OZ282470.1	208043
CP186535.1	2618739
LN999989.1	32402
CP050651.1	141022
CP195301.1	6438
CP076472.1	205407
CP066675.1	25974
CP097029.1	46690
CP033211.1	4453
CP085902.1	5275
CP066402.1	83940
CP131845.1	4461
LR135244.1	216239
CP184169.1	108784
AP026602.1	88683
CP038177.1	2423317
CP072726.1	3871
LR135403.1	63798
CP184181.1	2875090
CP072592.1	4374
CP066617.1	37877
CP192613.1	2866635
LR135452.1	4372
JBROGB000000000.1	16835
JBROGB000000000.1	124053
JBROGB000000000.1	55401
JBROGB000000000.1	38249
JBROGB000000000.1	56238
JBROGB000000000.1	157490
JBROGB000000000.1	34162
JBROGB000000000.1	4966
AP026567.1	258381
CP092569.1	2862182
LR135193.1	64154
CP040874.1	24275
CP065930.1	70708
CP072593.1	2057
CP161860.1	65255
CP092374.1	162186
CP044316.1	2856007
CP116542.1	38387
CP190401.1	222879
CP041258.1	81972
CP044319.1	46329
OU016040.1	7670
CP013995.1	381524
CP041265.2	14136
OU016044.1	2947
AP024836.1	5850
CP065527.1	2871783
AP028416.1	111773
JAOXXY000000000.1	22332
JAOXXY000000000.1	35608
JAOXXY000000000.1	193432
JAOXXY000000000.1	15522
JAOXXY000000000.1	6521
JAOXXY000000000.1	175797
JAOXXY000000000.1	5390
CP059817.1	229798
CP131843.1	40751
CP127336.1	158463
CP066423.1	54822
CP059751.1	11825
CP096224.1	4374
CP059824.1	206393
CP059790.1	4465
LR135341.1	58745
CP072591.1	4466
OU015710.1	101837
LR135347.1	11924
CP065551.1	6303
OZ282469.1	2777239
CP076485.1	79782
CP059786.1	39414
CP072713.1	16641
CP020486.1	49542
CP038171.1	51661
CP020487.1	1979
CP066616.1	59583
CP184240.1	173102
LR135447.1	39323
CP184173.1	1367
AP028415.1	2894314
CP072582.1	32740
OU015951.1	6174
CP083476.1	4952
CM128244.1	2945113
CP085916.1	2056
CP065768.1	141428
CP059783.1	1928
OU016030.1	7670
CP093943.1	66138
LR135171.1	175367
CP160393.1	4686
CP059755.1	2783793
CP017798.1	171477
CP065781.1	5962
LR135337.1	4374
CP131833.1	2189
OU015352.1	65209
CP102535.1	9751
LR135201.1	9318
CP066395.1	3199
CP003584.1	36262
CP142417.1	21849
LR135285.1	4305
CP192317.1	9316
CP066430.1	57029
CP074105.1	2429707
CP041279.2	35216
CP066482.1	57029
CP016165.1	58308
CP023789.1	2867770
CP062271.1	16641
CP066603.1	5013
CP017792.1	2868375
CP192230.1	2861698
CP058894.1	28307
CP018833.1	4374
CP129233.1	1429
CP066569.1	201047
CP171693.1	157647
CP046166.1	2920742
LR135241.1	9507
CP091306.1	5966
LR135350.1	4203
CP027500.1	46474
CP165618.1	2567354
CP021885.1	2496099
CP085914.1	5275
CP192318.1	4590
CP191794.1	5088
CP059746.1	2056
CP072575.1	4372
CP137462.1	27182
LR135443.1	2854725
CP083926.1	3200
CP044282.1	2056
CP017801.1	10382
CP058893.1	87675
CP195300.1	35582
AP026572.1	1953
CP023783.1	4374
CP065928.1	2861768
CP059748.1	228284
CP131853.1	4461
AP026778.1	6308
LR135352.1	238961
LR135492.1	8584
CP066442.1	1980
LR135305.1	3220
CP035644.1	37314
LR135392.1	3221
CP066480.1	2883542
CP035647.1	3030
CP040372.1	1122
CP071963.1	6262
LR135484.1	58698
CP023782.1	10647
CP152090.1	45954
CP096212.1	291523
CP066405.1	29903
CP184183.1	27361
AP026569.1	63729
AP027235.1	71749
CP131858.1	31541
LR135231.1	9550
CP017791.1	10382
CP059740.1	229795
CP014531.1	32423
LR135317.1	2751961
CP083179.1	2529646
CP044268.1	11638
CP059812.1	4148
CP023784.1	2869275
CP072723.1	37510
CP066407.1	6173
LR135493.1	6173
CP066217.1	4147
CP027518.1	259384
CP044264.1	2884831
CP131807.1	4377
CP066381.1	2758635
CP083475.1	42864
CP072896.1	36447
LR135369.1	3199
CP131836.1	54651
CP006031.1	44086
CP085909.1	63475
CP059777.1	7095
CP023423.1	2739582
CP025685.1	2629393
LR135245.1	117192
LR135395.1	239811
CP131822.1	4461
CP190400.1	2820455
CP088197.1	20449
CP065772.1	38383
OU016039.1	47525
LR135240.1	13173
CP017789.1	54822
AP026774.1	235911
CP093944.1	5946
CP161864.1	175811
CP035656.1	81204
LR135381.1	3837
CP044321.1	24380
LR135409.1	239811
CP088191.1	2531120
CP165620.1	20880
CP027511.1	91057
CP028728.1	28222
CP131795.1	2855417
CP072895.1	37120
LR135785.1	4147
CP066444.1	192427
LR135408.1	2923480
CP027510.1	33328
CP189715.1	148219
CP023787.1	10647
AP024843.1	4373
CP171700.1	61383
LR135302.1	8067
CP158592.1	233039
CP040875.1	2660995
CP066638.1	87407
CP065780.1	9318
CP035220.1	2696269
CP017797.1	2868375
CP109798.1	2634568
CP116539.1	15523
LR135262.1	9317
CP083912.1	2723557
CP196036.1	138051
LR135783.1	172716
CP192312.1	2815812
OU015948.1	47525
CP160392.1	6188
CP114620.1	32463
CP025755.1	35515
OU016031.1	6501
LR135232.1	7165
CP066621.1	1980
CP066422.1	202167
CP129396.1	6173
CP059792.1	2056
LR135428.1	2581067
CP171708.1	4374
CP096216.1	4374
CP072715.1	6304
CP076473.1	79679
CP066464.1	5212
CP041665.1	2559204
CP035653.1	3008
CP072574.1	6096
CP116546.1	2637815
CP066429.1	44421
CP066672.1	6173
CP131819.1	269167
LR135475.1	2697636
CP191792.1	40399
CP041262.3	195404
AB011548.2	3306
AB011549.2	92721
ABACVG000000000.2	80117
ABACVG000000000.2	84908
ABACVG000000000.2	24712
ABACVG000000000.2	14882
ABACVG000000000.2	56812
ABACVG000000000.2	18327
ABACVG000000000.2	32884
ABACVG000000000.2	138904
ABACVG000000000.2	21474
ABACVG000000000.2	55338
ABACVG000000000.2	25542
ABACVG000000000.2	1206
ABACVG000000000.2	22020
ABACVG000000000.2	20543
ABACVG000000000.2	144046
AE014075.1	5231428
AGTD00000000.1	10020
AGTD00000000.1	29237
AGTD00000000.1	10541
AGTD00000000.1	79418
AGTD00000000.1	145132
AGTD00000000.1	84868
AGTD00000000.1	33737
AGTD00000000.1	913
AGTD00000000.1	66910
AGTD00000000.1	74681
AGTD00000000.1	6154
AGTD00000000.1	17108
AGTD00000000.1	1169
AGTD00000000.1	44156
AGTD00000000.1	31039
AGTD00000000.1	110497
AGTD00000000.1	21382
AGTD01000001.1	10020
AGTD01000001.1	29237
AGTD01000001.1	10541
AGTD01000001.1	79418
AGTD01000001.1	145132
AGTD01000001.1	84868
AGTD01000001.1	33737
AGTD01000001.1	913
AGTD01000001.1	66910
AGTD01000001.1	74681
AGTD01000001.1	6154
AGTD01000001.1	17108
AGTD01000001.1	1169
AGTD01000001.1	44156
AGTD01000001.1	31039
AGTD01000001.1	110497
AGTD01000001.1	21382
AGTD01000002.1	10020
AGTD01000002.1	29237
AGTD01000002.1	10541
AGTD01000002.1	79418
AGTD01000002.1	145132
AGTD01000002.1	84868
AGTD01000002.1	33737
AGTD01000002.1	913
AGTD01000002.1	66910
AGTD01000002.1	74681
AGTD01000002.1	6154
AGTD01000002.1	17108
AGTD01000002.1	1169
AGTD01000002.1	44156
AGTD01000002.1	31039
AGTD01000002.1	110497
AGTD01000002.1	21382
AGTD01000003.1	10020
AGTD01000003.1	29237
AGTD01000003.1	10541
AGTD01000003.1	79418
AGTD01000003.1	145132
AGTD01000003.1	84868
AGTD01000003.1	33737
AGTD01000003.1	913
AGTD01000003.1	66910
AGTD01000003.1	74681
AGTD01000003.1	6154
AGTD01000003.1	17108
AGTD01000003.1	1169
AGTD01000003.1	44156
AGTD01000003.1	31039
AGTD01000003.1	110497
AGTD01000003.1	21382
AGTD01000004.1	10020
AGTD01000004.1	29237
AGTD01000004.1	10541
AGTD01000004.1	79418
AGTD01000004.1	145132
AGTD01000004.1	84868
AGTD01000004.1	33737
AGTD01000004.1	913
AGTD01000004.1	66910
AGTD01000004.1	74681
AGTD01000004.1	6154
AGTD01000004.1	17108
AGTD01000004.1	1169
AGTD01000004.1	44156
AGTD01000004.1	31039
AGTD01000004.1	110497
AGTD01000004.1	21382
AGTD01000005.1	10020
AGTD01000005.1	29237
AGTD01000005.1	10541
AGTD01000005.1	79418
AGTD01000005.1	145132
AGTD01000005.1	84868
AGTD01000005.1	33737
AGTD01000005.1	913
AGTD01000005.1	66910
AGTD01000005.1	74681
AGTD01000005.1	6154
AGTD01000005.1	17108
AGTD01000005.1	1169
AGTD01000005.1	44156
AGTD01000005.1	31039
AGTD01000005.1	110497
AGTD01000005.1	21382
AGTD01000006.1	10020
AGTD01000006.1	29237
AGTD01000006.1	10541
AGTD01000006.1	79418
AGTD01000006.1	145132
AGTD01000006.1	84868
AGTD01000006.1	33737
AGTD01000006.1	913
AGTD01000006.1	66910
AGTD01000006.1	74681
AGTD01000006.1	6154
AGTD01000006.1	17108
AGTD01000006.1	1169
AGTD01000006.1	44156
AGTD01000006.1	31039
AGTD01000006.1	110497
AGTD01000006.1	21382
AKBV00000000.1	20650
AKBV00000000.1	34436
AKBV00000000.1	19898
AKBV00000000.1	65157
AKBV00000000.1	7624
AKBV00000000.1	7792
AKBV00000000.1	211571
AKBV00000000.1	5591
AKBV00000000.1	5765
AKBV00000000.1	62087
AKBV00000000.1	25934
AKBV00000000.1	22450
AKBV00000000.1	32436
AKBV01000001.1	20650
AKBV01000001.1	34436
AKBV01000001.1	19898
AKBV01000001.1	65157
AKBV01000001.1	7624
AKBV01000001.1	7792
AKBV01000001.1	211571
AKBV01000001.1	5591
AKBV01000001.1	5765
AKBV01000001.1	62087
AKBV01000001.1	25934
AKBV01000001.1	22450
AKBV01000001.1	32436
AKVX00000000.1	10602
AKVX00000000.1	38169
AKVX00000000.1	14331
AKVX00000000.1	22562
AKVX00000000.1	70139
AKVX00000000.1	15760
AKVX00000000.1	34831
AKVX00000000.1	56115
AKVX00000000.1	15204
AKVX00000000.1	30579
AKVX00000000.1	83289
AKVX01000001.1	10602
AKVX01000001.1	38169
AKVX01000001.1	14331
AKVX01000001.1	22562
AKVX01000001.1	70139
AKVX01000001.1	15760
AKVX01000001.1	34831
AKVX01000001.1	56115
AKVX01000001.1	15204
AKVX01000001.1	30579
AKVX01000001.1	83289
AM946981.2	4558947
AP009048.1	4646332
AP009240.1	4887515
AP009241.1	100021
AP009242.1	91158
AP009243.1	60555
AP009244.1	6929
AP009245.1	5366
AP009246.1	4082
AP009378.1	4717338
AP009379.1	122345
AP010953.1	5697240
AP010954.1	85167
AP010955.1	63365
AP010956.1	5686
AP010957.1	4073
AP010958.1	5449314
AP010959.1	75546
AP010960.1	5371077
AP010961.1	204604
AP010962.1	97897
AP010963.1	77690
AP010964.1	8140
AP010965.1	6673
AP012030.1	4621430
AP017610.1	4920828
AP017611.1	168972
AP017612.1	108986
AP017613.1	108957
AP017614.1	61805
AP017615.1	6078
AP017616.1	4073
AP017617.1	5117319
AP017618.1	116529
AP017619.1	61223
AP017620.1	5042704
AP017621.1	116529
AP017622.1	60722
AP018147.1	102071
AP018395.1	4705056
AP018396.1	219009
AP018397.1	201884
AP018488.1	5598155
AP018489.1	94391
AP018784.2	5029297
AP018785.1	169561
AP018796.1	5470440
AP018797.1	125200
AP018798.1	94446
AP018799.1	92697
AP018800.1	81004
AP018801.1	71289
AP018802.1	5357442
AP018803.1	124261
AP018804.1	92925
AP018805.1	78434
AP018806.1	60684
AP018807.1	37917
AP018808.1	5678205
AP018809.1	99498
AP018810.1	92186
AP018811.1	75799
AP018812.1	62235
AP019189.1	4825589
AP019190.1	72781
AP019538.1	5071981
AP019539.1	151109
AP019540.1	5627
AP019541.1	2866
AP019675.1	4693292
AP019676.1	145389
AP019677.1	75556
AP019678.1	49365
AP019679.1	46158
AP019680.1	3274
AP019681.1	3067
AP019761.1	5302257
AP019762.1	118827
AP019763.1	78470
AP019764.1	46350
AP019765.1	6795
AP019766.1	6674
AP019767.1	5423
AP019768.1	1546
AP019803.1	5160887
AP019804.1	123767
AP019805.1	93491
AP019806.1	48562
AP019856.1	4800098
AP019857.1	102846
AP019858.1	3717
AP019859.1	2732
AP021890.1	4869407
AP021891.1	4615626
AP021892.1	4711570
AP021893.1	4753810
AP021894.1	4701941
AP021895.1	4557772
AP021896.1	4574715
AP021897.1	47676
AP021914.1	4761939
AP021915.1	158754
AP021916.1	87852
AP021933.1	4928821
AP021934.1	105973
AP021935.1	4993983
AP021944.1	4771018
AP021945.1	103781
AP021946.1	5130684
AP021947.1	210712
AP021948.1	91630
AP021949.1	4073
AP021963.1	5054263
AP021964.1	105095
AP021965.1	47584
AP021966.1	5167
AP021967.1	4072
AP021968.1	2113
AP021998.1	5016643
AP021999.1	105864
AP022000.1	6669
AP022001.1	5167
AP022002.1	4087
AP022003.1	5235350
AP022004.1	131334
AP022030.1	4605707
AP022031.1	76037
AP022032.1	4949344
AP022033.1	105867
AP022034.1	5167
AP022035.1	4087
AP022036.1	4769110
AP022037.1	88528
AP022044.1	5040845
AP022045.1	148598
AP022046.1	5210
AP022047.1	5167
AP022048.1	3372
AP022049.1	5067025
AP022050.1	121254
AP022051.1	5167
AP022052.1	4170
AP022053.1	3373
AP022054.1	2089
AP022064.1	4972339
AP022065.1	134864
AP022066.1	95805
AP022067.1	5167
AP022068.1	4087
AP022069.1	5289055
AP022070.1	117617
AP022071.1	84553
AP022072.1	77891
AP022073.1	5219
AP022074.1	5167
AP022075.1	3272
AP022076.1	2100
AP022087.1	4996252
AP022088.1	183772
AP022089.1	110167
AP022090.1	80029
AP022091.1	74261
AP022092.1	6796
AP022093.1	5344
AP022094.1	3137
AP022095.1	4920533
AP022096.1	158292
AP022097.1	93398
AP022098.1	5142974
AP022099.1	5344
AP022100.1	5167
AP022101.1	4063
AP022102.1	3855
AP022103.1	2188
AP022104.1	2088
AP022105.1	4885790
AP022106.1	130869
AP022107.1	4781831
AP022120.1	4793088
AP022121.1	158291
AP022122.1	89476
AP022123.1	7233
AP022124.1	4062
AP022125.1	2997
AP022159.1	5092774
AP022160.1	94990
AP022161.1	5189151
AP022162.1	147186
AP022163.1	97833
AP022164.1	47454
AP022165.1	6647
AP022166.1	5277
AP022167.1	5167
AP022168.1	4082
AP022169.1	4062
AP022170.1	2088
AP022171.1	5066983
AP022172.1	187669
AP022173.1	5171886
AP022174.1	94776
AP022175.1	63140
AP022176.1	4072
AP022177.1	4733200
AP022178.1	123262
AP022179.1	94173
AP022180.1	5166
AP022181.1	4491
AP022182.1	4074
AP022207.1	5205472
AP022208.1	214586
AP022209.1	5163
AP022210.1	4073
AP022211.1	4073
AP022212.1	2089
AP022215.1	4814091
AP022216.1	97682
AP022217.1	92332
AP022218.1	53216
AP022219.1	4086
AP022220.1	4027
AP022221.1	5011599
AP022222.1	4978079
AP022223.1	139020
AP022224.1	87171
AP022225.1	70764
AP022226.1	5631
AP022245.1	4693292
AP022246.1	145389
AP022247.1	75556
AP022248.1	49365
AP022249.1	46158
AP022250.1	3274
AP022251.1	3067
AP022261.1	4907327
AP022262.1	126588
AP022263.1	91233
AP022287.1	5232187
AP022288.1	127169
AP022289.1	82448
AP022295.1	4665448
AP022296.1	105884
AP022297.1	3372
AP022298.1	5121071
AP022299.1	123266
AP022300.1	83140
AP022301.1	7936
AP022326.1	5038168
AP022327.1	139450
AP022328.1	67915
AP022329.1	5167
AP022330.1	4060
AP022331.1	1551
AP022351.1	4812157
AP022362.1	5237933
AP022409.1	4783805
AP022410.1	82247
AP022411.1	3358
AP022478.1	5071982
AP022479.1	91989
AP022480.1	5627
AP022481.1	2866
AP022482.1	4761479
AP022483.1	157329
AP022484.1	63027
AP022485.1	5429
AP022525.1	5255588
AP022526.1	123467
AP022533.1	5052545
AP022534.1	111171
AP022535.1	101966
AP022536.1	5071981
AP022537.1	151109
AP022538.1	5627
AP022539.1	2866
AP022540.1	4963168
AP022541.1	211336
AP022542.1	113269
AP022543.1	111439
AP022544.1	84757
AP022545.1	27490
AP022546.1	3121
AP022549.1	5047339
AP022550.1	88121
AP022551.1	46459
AP022552.1	46229
AP022650.1	5075911
AP022651.1	102029
AP022652.1	45497
AP022653.1	5207
AP022654.1	5164
AP022655.1	4082
AP022656.1	2739
AP022657.1	2113
AP022658.1	2029
AP022659.1	1549
AP022811.1	5283470
AP022812.1	114901
AP022813.1	83276
AP022814.1	48397
AP022815.1	5327513
AP022816.1	114953
AP022817.1	85841
AP022818.1	48666
AP022819.1	7939
AP022820.1	5716
AP023190.1	4894739
AP023191.1	272842
AP023192.1	115543
AP023193.1	112963
AP023194.1	47226
AP023195.1	8136
AP023196.1	2459
AP023197.1	4894769
AP023198.1	272842
AP023199.1	115013
AP023200.1	112965
AP023201.1	57172
AP023202.1	46160
AP023203.1	8136
AP023204.1	2459
AP023205.1	4118807
AP023206.1	404189
AP023207.1	93845
AP023208.1	70209
AP023209.1	68548
AP023210.1	46161
AP023211.1	1962
AP023224.1	4847574
AP023225.1	108281
AP023226.1	4823608
AP023227.1	44962
AP023228.1	170909
AP023229.1	32452
AP023235.1	4620933
AP023236.1	94613
AP023237.1	4873850
AP023238.1	93649
AP023286.1	4694979
AP023427.1	4557972
AP023428.1	120829
AP023429.1	48997
AP023430.1	5501
AP023431.1	5498
AP023432.1	3555
AP023433.1	4856054
AP023434.1	94605
AP023435.1	130897
AP023436.1	118399
AP023437.1	2287
AP024112.1	5305870
AP024113.1	126311
AP024114.1	4997210
AP024115.1	109993
AP024116.1	95339
AP024117.1	94179
AP024118.1	6715
AP024119.1	6079
AP024120.1	4593
AP024121.1	1867
AP024122.1	1306
AP024123.1	5178760
AP024124.1	127580
AP024125.1	74684
AP024126.1	5276741
AP024127.1	127587
AP024128.1	58397
AP024129.1	6668
AP024130.1	5073921
AP024205.1	4751019
AP024206.1	46161
AP024207.1	15626
AP024208.1	3397
AP024209.1	2444
AP024518.1	4971834
AP024519.1	100617
AP024520.1	99051
AP024521.1	4982641
AP024522.1	98724
AP024560.1	4877468
AP024561.1	4780380
AP024582.1	4773053
AP024583.1	291362
AP024584.1	88903
AP024687.1	5133133
AP024688.1	137114
AP024689.1	62903
AP024690.1	10122
AP024691.1	4074
AP024692.1	3258
AP024693.1	1459
AP024921.1	5520894
AP024922.1	91031
AP024923.1	67947
AP024924.1	5409095
AP024925.1	93260
AP025180.1	5052978
AP025181.1	40045
AP025182.1	89026
AP025205.2	4563699
AP025206.2	92278
AP025207.1	50591
AP025208.1	2442
AP025209.2	4623085
AP025210.2	216026
AP025211.1	50592
AP025212.1	4371
AP025213.1	2442
AP025214.2	4702923
AP025215.1	110874
AP025216.1	83929
AP025217.1	50950
AP025218.1	2137
AP025219.1	1465
AP025220.2	4733210
AP025221.1	129419
AP025222.1	51114
AP025223.1	2029
AP025546.1	4633768
AP025547.1	260770
AP025548.1	145376
AP025549.1	7278
AP025550.1	4820
AP025551.1	4693497
AP025552.1	197729
AP025657.1	4907358
AP025658.1	171085
AP025659.1	59793
AP025660.1	56167
AP025661.1	2345
AP025662.1	4906821
AP025663.1	170915
AP025664.1	59793
AP025665.1	28365
AP025666.1	2345
AP025675.1	5043924
AP025676.1	66920
AP025677.1	4809008
AP025678.1	75467
AP025679.1	68966
AP025680.1	32967
AP025681.1	3598
AP025682.1	4939895
AP026080.1	5472504
AP026081.1	158349
AP026082.1	5472415
AP026083.1	92839
AP026084.1	6675
AP026085.1	5430116
AP026086.1	94178
AP026087.1	5479903
AP026088.1	92794
AP026089.1	36062
AP026090.1	5430564
AP026091.1	95894
AP026092.1	5424430
AP026093.1	91003
AP026094.1	66944
AP026095.1	5386522
AP026096.1	95008
AP026097.1	5487732
AP026098.1	57471
AP026099.1	5638999
AP026100.1	92304
AP026101.1	5514009
AP026102.1	94980
AP026103.1	32822
AP026104.1	5390678
AP026105.1	58964
AP026106.1	5324174
AP026107.1	83529
AP026108.1	5531748
AP026109.1	95499
AP026110.1	5395638
AP026111.1	94193
AP026112.1	5481485
AP026113.1	72140
AP026114.1	5331436
AP026115.1	94167
AP026116.1	5385437
AP026117.1	93804
AP026118.1	5422445
AP026119.1	94960
AP026783.1	4811586
AP026784.1	102618
AP026785.1	97115
AP026786.1	7872
AP026787.1	2756
AP026788.1	5194327
AP026789.1	165449
AP026790.1	60945
AP026791.1	30638
AP026792.1	4073
AP026793.1	1661
AP026794.1	5198889
AP026795.1	165477
AP026796.1	60947
AP026797.1	30638
AP026902.1	4808031
AP026903.1	291417
AP026904.1	237635
AP026905.1	82743
AP026906.1	17111
AP026907.1	4975275
AP026908.1	94497
AP026909.1	61498
AP026937.1	4645627
AP026938.1	160424
AP026939.1	137080
AP026961.1	4599111
AP026962.1	254266
AP026963.1	87025
AP026964.1	2367
AP027156.1	4905183
AP027157.1	131387
AP027158.1	88936
AP027159.1	5703439
AP027160.1	113641
AP027161.1	88893
AP027162.1	5730399
AP027163.1	97108
AP027164.1	94750
AP027165.1	5536811
AP027166.1	94857
AP027167.1	90129
AP027168.1	81402
AP027169.1	6715
AP027170.1	5668289
AP027171.1	129563
AP027172.1	88811
AP027173.1	6758
AP027174.1	6715
AP027175.1	6213
AP027176.1	5770266
AP027177.1	147858
AP027178.1	96161
AP027179.1	92085
AP027180.1	7324
AP027181.1	5767030
AP027182.1	99281
AP027183.1	92173
AP027184.1	6676
AP027185.1	5747479
AP027186.1	65443
AP027187.1	6744
AP027188.1	5770126
AP027189.1	70980
AP027190.1	6666
AP027191.1	5833706
AP027192.1	100288
AP027193.1	95214
AP027194.1	61122
AP027195.1	10915
AP027196.1	6675
AP027197.1	5722815
AP027198.1	96683
AP027199.1	49687
AP027200.1	6715
AP027201.1	6674
AP027206.1	4923370
AP027207.1	166641
AP027208.1	8121
AP027209.1	7136
AP027210.1	2395
AP027211.1	1552
AP027212.1	5018637
AP027213.1	160700
AP027214.1	15094
AP027215.1	6745
AP027216.1	1546
AP027217.1	5029945
AP027218.1	158915
AP027219.1	86192
AP027220.1	6744
AP027246.1	5072830
AP027247.1	160690
AP027248.1	7769
AP027249.1	6774
AP027250.1	3904
AP027251.1	3373
AP027252.1	2257
AP027253.1	1551
AP027254.1	4967431
AP027255.1	160552
AP027256.1	5061037
AP027257.1	173999
AP027258.1	4968007
AP027259.1	173640
AP027260.1	60729
AP027261.1	6675
AP027402.1	61732
AP027403.1	98045
AP027404.1	4992954
AP027412.1	57077
AP027413.1	58371
AP027414.1	90284
AP027415.1	104272
AP027416.1	253349
AP027417.1	5003636
AP027418.1	284829
AP027419.1	5042620
AP027420.1	83405
AP027421.1	138688
AP027422.1	249953
AP027423.1	4714785
AP027424.1	4698385
AP027425.1	133820
AP027426.1	93860
AP027427.1	50626
AP027428.1	65094
AP027429.1	72582
AP027430.1	83702
AP027431.1	201683
AP027432.1	5046629
AP027433.1	65134
AP027434.1	72586
AP027435.1	84551
AP027436.1	5046117
AP027437.1	65141
AP027438.1	72582
AP027439.1	88955
AP027440.1	5047835
AP027441.1	51942
AP027442.1	60421
AP027443.1	60733
AP027444.1	98615
AP027445.1	4590545
AP027470.1	4639120
AP027471.1	104833
AP027472.1	58107
AP027473.1	49386
AP027474.1	4574716
AP027475.1	45435
AP027476.1	4663
AP027479.1	4746089
AP027480.1	8904
AP027481.1	3371
AP027482.1	3071
AP027487.1	4891018
AP027488.1	191909
AP027489.1	142006
AP027490.1	94146
AP027492.1	1952
AP027493.1	990
AP027494.1	4705498
AP027495.1	91106
AP027496.1	71968
AP027497.1	60733
AP027498.1	10618
AP027499.1	2088
AP027500.1	4921330
AP027501.1	98142
AP027502.1	68050
AP027503.1	13989
AP027504.1	3126
AP027505.1	1552
AP027506.1	4724845
AP027507.1	126139
AP027508.1	51087
AP027509.1	3948
AP027510.1	2390
AP027511.1	2139
AP027512.1	4813986
AP027513.1	129130
AP027514.1	36340
AP027515.1	4676716
AP027516.1	99273
AP027517.1	51086
AP027518.1	3071
AP027519.1	2784
AP027520.1	5123593
AP027521.1	63229
AP027522.1	3722
AP027523.1	4844939
AP027524.1	50339
AP027525.1	15486
AP027526.1	4863
AP027527.1	588
AP027532.1	4690285
AP027533.1	86444
AP027534.1	61589
AP027535.1	1573
AP027536.1	1475
AP027537.1	4830163
AP027538.1	231520
AP027539.1	61573
AP027540.1	3372
AP027541.1	2699
AP027542.1	1552
AP027543.1	4604385
AP027544.1	112533
AP027545.1	111667
AP027546.1	81917
AP027547.1	60523
AP027548.1	5529
AP027549.1	4386
AP027550.1	4820853
AP027551.1	74240
AP027552.1	66231
AP027553.1	4730732
AP027554.1	108156
AP027555.1	86732
AP027556.1	69999
AP027557.1	63174
AP027558.1	30296
AP027559.1	5631
AP027560.1	5167
AP027561.1	4237
AP027562.1	2310
AP027563.1	5179827
AP027564.1	205671
AP027565.1	63239
AP027566.1	30296
AP027567.1	5631
AP027568.1	5167
AP027569.1	2310
AP027570.1	4961976
AP027571.1	171070
AP027572.1	112429
AP027573.1	60525
AP027574.1	3904
AP027575.1	3372
AP027576.1	4921701
AP027577.1	213958
AP027578.1	103863
AP027579.1	89357
AP027580.1	65433
AP027581.1	31253
AP027582.1	5423
AP027583.1	4634
AP027584.1	4171
AP027585.1	3294
AP027586.1	1565
AP027587.1	1549
AP027588.1	4715782
AP027589.1	112229
AP027590.1	94657
AP027591.1	45882
AP027592.1	3373
AP027593.1	3265
AP027594.1	1547
AP027595.1	4652395
AP027596.1	94667
AP027597.1	89277
AP027598.1	4145
AP027599.1	4685753
AP027600.1	134893
AP027601.1	108617
AP027602.1	107143
AP027603.1	81917
AP027604.1	9030
AP027605.1	5892
AP027606.1	5053
AP027607.1	3904
AP027608.1	3370
AP027609.1	3264
AP027610.1	2579
AP027611.1	1572
AP027612.1	4765859
AP027613.1	63700
AP027614.1	4073
AP027615.1	3372
AP027616.1	2911
AP027617.1	1896
AP027618.1	1551
AP027619.1	4772760
AP027620.1	93143
AP027621.1	51444
AP027622.1	4714276
AP027623.1	84338
AP027624.1	59707
AP027625.1	3180
AP027626.1	4726028
AP027627.1	213033
AP027628.1	126072
AP027629.1	12049
AP027630.1	7127
AP027631.1	1943
AP027632.1	4630888
AP027633.1	200003
AP027634.1	4861527
AP027635.1	63059
AP027636.1	60733
AP027637.1	4665047
AP027638.1	237772
AP027639.1	4660052
AP027640.1	272804
AP027641.1	64042
AP027642.1	4526666
AP027643.1	120374
AP027644.1	59699
AP027645.1	9092
AP027646.1	3916
AP027647.1	2699
AP027648.1	4777032
AP027649.1	209316
AP027650.1	18382
AP027651.1	9092
AP027652.1	4797770
AP027653.1	171025
AP027654.1	116456
AP027655.1	60550
AP027656.1	6647
AP027657.1	5093
AP027658.1	4963
AP027659.1	4732
AP027660.1	4634
AP027661.1	4051
AP027662.1	3372
AP027663.1	2313
AP027664.1	1983
AP027665.1	1506
AP027666.1	4532196
AP027667.1	120374
AP027668.1	61575
AP027669.1	45537
AP027670.1	9092
AP027671.1	3916
AP027672.1	2699
AP027673.1	4748141
AP027674.1	191304
AP027675.1	60961
AP027676.1	4723054
AP027677.1	237772
AP027678.1	87954
AP027679.1	4768964
AP027680.1	222322
AP027681.1	103633
AP027682.1	60961
AP027683.1	5523
AP027684.1	3397
AP027685.1	4669522
AP027686.1	159684
AP027687.1	114901
AP027688.1	90539
AP027689.1	51832
AP027690.1	3372
AP027691.1	1943
AP027692.1	1934
AP027693.1	1464
AP027694.1	4767219
AP027695.1	209317
AP027696.1	5789
AP027697.1	4684063
AP027698.1	112065
AP027699.1	60960
AP027700.1	12565
AP027701.1	6768
AP027702.1	5286
AP027703.1	2699
AP027704.1	4649078
AP027705.1	166021
AP027706.1	85379
AP027707.1	3453
AP027708.1	3371
AP027709.1	5042533
AP027710.1	79507
AP027711.1	60961
AP027712.1	4051
AP027713.1	4532125
AP027714.1	114948
AP027715.1	60960
AP027716.1	4701941
AP027717.1	123192
AP027718.1	6413
AP027720.1	2101
AP027721.1	4557772
AP027722.1	77624
AP027745.1	4615626
AP027746.1	182962
AP027747.1	2164
AP027748.1	4674782
AP027749.1	162071
AP027750.1	45735
AP027751.1	8818
AP027752.1	2779
AP027753.1	1506
AP027754.1	4552313
AP027755.1	88234
AP027758.1	1987
AP027759.1	4650327
AP027760.1	231841
AP027761.1	183352
AP027762.1	2442
AP027763.1	2138
AP027764.1	4992219
AP027765.1	99974
AP027766.1	68291
AP027767.1	34997
AP027768.1	4145
AP027769.1	4701976
AP027770.1	232080
AP027771.1	189778
AP027772.1	3203
AP027774.1	2459
AP027775.1	4476476
AP027776.1	43746
AP027777.1	33303
AP027778.1	26235
AP027779.1	21947
AP027780.1	10900
AP027781.1	4508
AP027782.1	1589
AP027783.1	4778214
AP027784.1	294708
AP027785.1	134109
AP027786.1	95808
AP027787.1	6647
AP027788.1	4847646
AP027789.1	101380
AP027790.1	4875672
AP027791.1	109780
AP027792.1	91524
AP027793.1	81096
AP027794.1	69366
AP027795.1	7559
AP027797.1	6078
AP027798.1	5728
AP027799.1	3351
AP027800.1	4665852
AP027801.1	81088
AP027802.1	42931
AP027803.1	9396
AP027804.1	3959
AP027805.1	3525
AP027806.1	2043
AP027813.1	4752396
AP027814.1	125473
AP027815.1	82826
AP027816.1	67788
AP027817.1	33309
AP027818.1	4862130
AP027819.1	105855
AP027820.1	6180
AP027821.1	3692
AP027822.1	4674031
AP027823.1	51115
AP027824.1	10103
AP027825.1	3877
AP027826.1	3824
AP027827.1	2137
AP027828.1	1465
AP027829.1	4915580
AP027830.1	225168
AP027831.1	98765
AP027832.1	85953
AP027833.1	85393
AP027834.1	80254
AP027835.1	41696
AP027836.1	8895
AP027837.1	6909
AP027838.1	5238
AP027839.1	4096
AP027840.1	3452
AP027841.1	3141
AP027842.1	2101
AP027843.1	2028
AP027844.1	4798073
AP027845.1	125746
AP027846.1	2443
AP027850.1	4944711
AP027851.1	168686
AP027852.1	62272
AP027853.1	6647
AP027854.1	4686161
AP027855.1	104921
AP027856.1	64269
AP027857.1	56614
AP027858.1	33309
AP027859.1	7105
AP027860.1	5270
AP027861.1	4593
AP027862.1	4145
AP027863.1	3830
AP027864.1	1901
AP027865.1	4731100
AP027866.1	126684
AP027867.1	111265
AP027868.1	12365
AP027869.1	4711570
AP027870.1	97846
AP027871.1	3692
AP027872.1	3489
AP027873.1	4574715
AP027874.1	102258
AP027875.1	59658
AP027876.1	47676
AP027877.1	4643937
AP027878.1	97315
AP027879.1	47389
AP027880.1	10032
AP027881.1	6346
AP027882.1	5284
AP027883.1	4958
AP027884.1	4112
AP027885.1	2046
AP027886.1	4708743
AP027887.1	100722
AP027888.1	2750
AP027889.1	4753810
AP027890.1	73303
AP027891.1	3065
AP027892.1	2442
AP027893.1	1175
AP027899.1	4697529
AP027900.1	129685
AP027901.1	60967
AP027902.1	4552125
AP027903.1	120822
AP027904.1	114243
AP027905.1	86488
AP027906.1	2138
AP027907.1	2043
AP027946.1	4699252
AP027947.1	229662
AP027948.1	63710
AP027949.1	9902
AP027950.1	4145
AP027951.1	1934
AP027953.1	4809972
AP027954.1	86247
AP027955.1	33309
AP027956.1	13190
AP027957.1	4887921
AP027958.1	81505
AP027959.1	33308
AP027960.1	4889585
AP027961.1	88388
AP027962.1	33309
AP027963.1	4573484
AP027964.1	102149
AP027965.1	86870
AP027966.1	24433
AP027967.1	4286
AP027968.1	3627
AP027969.1	2059
AP027970.1	2043
AP027971.1	4888970
AP027972.1	169195
AP027973.1	58314
AP027974.1	40085
AP027975.1	33309
AP027976.1	3902
AP027977.1	2089
AP027978.1	4600507
AP027979.1	138038
AP027980.1	72919
AP027981.1	40085
AP027982.1	33309
AP027983.1	3902
AP027984.1	2089
AP027985.1	1449
AP028094.1	5188281
AP028095.1	132775
AP028096.1	75901
AP028869.1	5224427
AP028870.1	63152
AP028871.1	151726
AP028872.1	109582
AP028873.1	59260
AP028874.1	3066
AP029000.1	5069646
AP029001.1	116919
AP035801.1	5131718
AP036058.1	4579082
BA000007.3	5498578
CBTO000000000.1	38159
CBTO010000001.1	38159
CBTO010000002.1	38159
CM125433.1	4633100
CM125447.1	4633121
CM125651.1	4618319
CM125652.1	4910626
CM125663.1	4943894
CM125664.1	4905184
CM125665.1	5031051
CM125666.1	4905223
CM125667.1	4905217
CM125668.1	4906511
CM125669.1	5255463
CM125670.1	4943889
CM125671.1	5255453
CM125672.1	5255454
CM125673.1	4905184
CM125674.1	5223485
CM125675.1	5027569
CM125676.1	5223484
CM125679.1	4905182
CM125680.1	4905191
CM127462.1	4849067
CM127463.1	4603065
CM127582.1	4943658
CM127800.1	4755675
CM128543.1	5182141
CM128544.1	4961940
CM128545.1	5187660
CM128546.1	4994958
CM128547.1	4862737
CM128548.1	5213318
CM128549.1	5058752
CM128560.1	4686083
CM128561.1	4787385
CM128562.1	4817656
CM128581.1	5160326
CM128582.1	4755045
CM128583.1	5280818
CM128584.1	5247215
CM128585.1	4592591
CM128586.1	5030166
CM128587.1	4714667
CM128588.1	5080988
CM128589.1	4965812
CM128590.1	4873132
CM128591.1	4785677
CM128592.1	4704959
CM128593.1	5080683
CM128594.1	5051491
CM128595.1	4796279
CM128596.1	5053006
CM128597.1	4964031
CM128598.1	4933499
CM128599.1	4973609
CM128600.1	5038625
CM128601.1	5055009
CM128602.1	4572448
CM128603.1	4985798
CM128604.1	4932310
CM128605.1	5179901
CM128606.1	4860512
CM128642.1	4693838
CM128669.1	4853045
CM128670.1	4974311
CM128671.1	5107344
CM128672.1	5051038
CM128673.1	4844626
CM128674.1	5047852
CM128675.1	4844626
CM128676.1	5026469
CM129037.1	4596415
CM129038.1	4941301
CM129039.1	5276337
CM129040.1	5055475
CM129041.1	5189890
CM129042.1	4886029
CM129523.1	4603072
CM129638.1	5311371
CM129825.1	4710693
CM129827.1	4981095
CM129847.1	4870405
CM129848.1	4902365
CM129849.1	4786608
CM129850.1	5009464
CM129851.1	5082248
CM129852.1	5209398
CM129853.1	5209399
CM129854.1	4945747
CM129855.1	5209397
CM129856.1	4650744
CM129857.1	4715252
CM129858.1	4518868
CM129859.1	4800705
CM129860.1	5126682
CM129861.1	5308289
CM129862.1	5343173
CM129863.1	4603660
CM129864.1	5084835
CM129865.1	4664969
CM129866.1	4813147
CM129867.1	4679012
CM129868.1	4956482
CM129869.1	4812731
CM129870.1	5250070
CM129871.1	5009883
CM129872.1	4686457
CM129873.1	4720275
CM129874.1	4777228
CM129875.1	4777227
CM129876.1	4768099
CM129877.1	4840105
CM129878.1	4718506
CM129879.1	4948420
CM129880.1	4861720
CM129881.1	4706102
CM129882.1	4810111
CM129883.1	4596507
CM129884.1	4695923
CM129885.1	4688292
CM129886.1	4959232
CM129887.1	4673391
CM129888.1	4871332
CM129889.1	4988738
CM129890.1	4798316
CM129891.1	4667197
CM129892.1	4849704
CM129914.1	4848879
CM129917.1	4822267
CM129919.1	4671443
CM130001.1	4797584
CM130010.1	4721514
CM130013.1	4995689
CM130026.1	5132399
CM130033.1	4713917
CM130729.1	4710432
CM130730.1	4719887
CM130731.1	4793422
CM131229.1	4984239
CM132215.1	4850597
CM132249.1	4667555
CM132250.1	4674570
CM132251.1	4771582
CM132257.1	4757575
CM132268.1	4984883
CM132269.1	5146297
CM132272.1	4786700
CM132277.1	4823177
CM132279.1	5021538
CM132280.1	5085635
CM132281.1	4979098
CM132283.1	4870000
CM132301.1	5148379
CM132302.1	5282474
CM132303.1	5034496
CM132304.1	5161999
CP000243.1	5065741
CP000244.1	114230
CP000247.1	4938920
CP000468.1	5082025
CP000795.1	79237
CP000796.1	34367
CP000797.1	70609
CP000798.1	6199
CP000799.1	74224
CP000800.1	4979619
CP000801.1	5033
CP000802.1	4643538
CP000819.1	4629812
CP000946.1	4746218
CP000948.1	4686137
CP000970.1	5068389
CP000971.1	130440
CP000972.1	8909
CP000973.1	4074
CP000974.1	3565
CP001163.1	94644
CP001164.1	5572075
CP001165.1	37452
CP001368.1	5528136
CP001369.1	94601
CP001396.1	4578159
CP001509.3	4558953
CP001637.1	4630707
CP001665.1	4570938
CP001671.1	5131397
CP001833.1	1564
CP001846.1	5386352
CP001847.1	66001
CP001855.1	4747819
CP001856.1	147060
CP001925.1	5386223
CP001926.1	92728
CP001927.1	37785
CP001969.1	5108383
CP002167.1	4993013
CP002168.1	114550
CP002185.1	4900968
CP002186.1	102536
CP002187.1	5360
CP002211.1	5038386
CP002212.1	5038386
CP002729.1	5186416
CP002730.1	81883
CP002731.1	90868
CP002732.1	81475
CP002733.1	65549
CP002967.1	4897452
CP002968.1	102535
CP002969.1	5360
CP002970.1	5021812
CP002971.1	5360
CP003034.1	5313531
CP003035.1	54289
CP003036.1	5163
CP003037.1	4197
CP003038.1	1549
CP003109.1	5263980
CP003110.1	94015
CP003111.1	66078
CP003112.1	12068
CP003113.1	6211
CP003114.1	5954
CP003289.1	5273097
CP003290.1	88544
CP003291.1	74217
CP003292.1	1549
CP003297.1	5253138
CP003298.1	109274
CP003299.1	74213
CP003300.1	1549
CP003301.1	5312586
CP003302.1	75573
CP003303.1	1549
CP004009.1	4798435
CP005930.1	4929051
CP005931.1	194170
CP005932.1	2836
CP006027.1	5585613
CP006028.1	87120
CP006029.1	64561
CP006262.1	5402276
CP006263.1	98066
CP006264.1	58666
CP006584.1	4835601
CP006632.1	4987957
CP006633.1	3319
CP006634.1	4086
CP006635.1	161511
CP006636.1	4603777
CP006637.1	2014
CP006638.1	5754
CP006639.1	6222
CP006640.1	34692
CP006641.1	103644
CP006642.1	145722
CP006784.1	5129938
CP006785.1	1552
CP006786.1	5167
CP006787.1	5631
CP006788.1	55956
CP006789.1	110040
CP006830.1	5006568
CP006834.2	5114241
CP007133.1	5402281
CP007134.1	58666
CP007135.1	98067
CP007136.1	5585611
CP007137.1	64562
CP007138.1	87120
CP007265.1	4758629
CP007275.1	5002781
CP007390.1	4807977
CP007391.1	4875682
CP007392.1	5054509
CP007393.1	4998910
CP007394.1	5090442
CP007442.1	4936576
CP007491.1	4879931
CP007592.1	5104557
CP007594.1	5153435
CP007799.1	5441200
CP008697.1	5056598
CP008715.1	120653
CP008716.1	5167
CP008717.1	4237
CP008718.1	4073
CP008719.1	2101
CP008720.1	1544
CP008721.1	1459
CP008801.1	4718545
CP008805.1	5523849
CP008806.1	94645
CP008807.1	37447
CP008957.1	5547323
CP008958.1	92076
CP009050.1	5329605
CP009051.1	97258
CP009052.1	83860
CP009053.1	78111
CP009072.1	5130767
CP009073.1	48488
CP009074.1	24185
CP009104.1	4827630
CP009105.1	168318
CP009106.2	4884464
CP009107.1	161447
CP009166.1	4948797
CP009167.1	108501
CP009168.1	94959
CP009169.1	4671
CP009273.1	4631469
CP009644.1	4558663
CP009685.1	4636831
CP009789.1	4558660
CP009859.1	5310511
CP009860.1	121385
CP009861.1	47560
CP009862.1	80186
CP010116.1	4843023
CP010117.1	4809836
CP010118.1	8401
CP010119.1	5349582
CP010120.1	63684
CP010121.1	4990476
CP010122.1	5333488
CP010123.1	214445
CP010124.1	86032
CP010125.1	4901865
CP010126.1	143617
CP010127.1	42655
CP010128.1	7982
CP010129.1	4527935
CP010130.1	93062
CP010131.1	56460
CP010132.1	5021692
CP010133.1	5414571
CP010134.1	5060525
CP010135.1	91607
CP010136.1	55203
CP010137.1	4765647
CP010138.1	83922
CP010139.1	27342
CP010140.1	4971154
CP010141.1	174041
CP010142.1	90974
CP010143.1	4821305
CP010144.1	114159
CP010145.1	4817460
CP010146.1	112874
CP010147.1	88754
CP010148.1	4711358
CP010149.1	199494
CP010150.1	4827779
CP010151.1	5130646
CP010152.1	4637555
CP010153.1	114159
CP010154.1	78557
CP010155.1	39406
CP010156.1	4600
CP010157.1	5112249
CP010158.1	128612
CP010159.1	6822
CP010160.1	4818512
CP010161.1	3989
CP010162.1	4075
CP010163.1	4531885
CP010164.1	29433
CP010165.1	5023
CP010166.1	11518
CP010167.1	4630919
CP010168.1	48243
CP010169.1	4833228
CP010170.1	4832567
CP010171.1	4807161
CP010172.1	4929892
CP010173.1	94395
CP010174.1	106274
CP010175.1	6647
CP010176.1	4805164
CP010177.1	4735489
CP010178.1	4741552
CP010179.1	116417
CP010180.1	4941156
CP010181.1	201930
CP010182.1	4980
CP010183.1	4940434
CP010184.1	200925
CP010185.1	4980
CP010186.1	5146228
CP010187.1	146575
CP010188.1	6039
CP010189.1	6038
CP010190.1	5283
CP010191.1	4803944
CP010192.1	162720
CP010193.1	40584
CP010194.1	33372
CP010195.1	4962
CP010196.1	5145749
CP010197.1	146524
CP010198.1	6037
CP010199.1	6039
CP010200.1	4821620
CP010201.1	116581
CP010202.1	5066
CP010203.1	4372
CP010204.1	3904
CP010205.1	3258
CP010206.1	5032791
CP010207.1	138950
CP010208.1	56029
CP010209.1	61005
CP010210.1	6038
CP010211.1	6039
CP010212.1	5282
CP010213.1	5103562
CP010214.1	146496
CP010215.1	61058
CP010216.1	6039
CP010217.1	6036
CP010218.1	5312
CP010219.1	5102554
CP010220.1	57582
CP010221.1	5102172
CP010222.1	146552
CP010223.1	61063
CP010224.1	6039
CP010225.1	11321
CP010226.1	4702107
CP010227.1	5101
CP010228.1	4632368
CP010229.1	4886210
CP010230.1	4733615
CP010231.1	4664102
CP010232.1	155425
CP010233.1	136060
CP010234.1	117266
CP010235.1	5399183
CP010236.1	4838808
CP010237.1	5043711
CP010240.1	5310035
CP010241.1	62376
CP010242.1	4740150
CP010243.1	131504
CP010244.1	113250
CP010245.1	7618
CP010304.1	5488700
CP010305.1	94730
CP010315.1	5017219
CP010316.1	144859
CP010317.1	106397
CP010318.1	4599
CP010344.1	4803751
CP010345.1	100061
CP010371.1	4761012
CP010372.1	151583
CP010373.2	193908
CP010438.1	4619729
CP010439.1	4604543
CP010440.1	4621164
CP010441.1	4607634
CP010442.1	4660432
CP010443.1	4606859
CP010444.1	4609629
CP010445.1	4682086
CP010585.1	4557511
CP010816.1	4528118
CP010876.1	5010884
CP010877.1	1506
CP010878.1	4088
CP010879.1	5167
CP010880.1	30855
CP010881.1	116803
CP010882.1	122966
CP011018.1	4885378
CP011019.1	207265
CP011061.1	4891769
CP011062.1	255368
CP011063.1	98436
CP011064.1	94712
CP011065.1	82288
CP011066.1	3373
CP011067.1	2640
CP011113.2	4587291
CP011124.1	4502758
CP011134.1	5000386
CP011135.1	70533
CP011136.1	97864
CP011137.1	6989
CP011138.1	5631
CP011139.1	5164
CP011140.1	4075
CP011141.1	2089
CP011142.1	1783
CP011143.1	1552
CP011331.1	5292862
CP011332.1	75079
CP011333.1	16948
CP011334.1	2954
CP011335.1	7893
CP011336.1	18052
CP011337.1	17818
CP011338.1	14400
CP011342.2	4622342
CP011343.2	4621656
CP011416.1	4947515
CP011417.1	293826
CP011418.1	47606
CP011495.1	4678046
CP011496.1	67545
CP011915.1	4924294
CP011916.1	110961
CP011938.1	4501450
CP012125.1	4614223
CP012126.1	4612363
CP012127.1	4609522
CP012376.1	4909965
CP012377.1	125121
CP012379.1	4859743
CP012380.1	4847481
CP012491.1	95721
CP012492.1	34714
CP012493.1	52297
CP012497.1	136480
CP012498.1	213847
CP012499.1	223952
CP012500.1	225292
CP012501.1	242187
CP012625.1	5142799
CP012626.1	110808
CP012627.1	92766
CP012628.1	6647
CP012629.1	4072
CP012630.1	1551
CP012631.1	5059732
CP012632.1	93074
CP012633.1	4910962
CP012634.1	114221
CP012635.1	5048243
CP012636.1	149683
CP012637.1	5167
CP012638.1	3904
CP012693.1	5704396
CP012802.1	5332063
CP012803.1	92739
CP012804.1	3306
CP012868.1	4641665
CP012869.1	4641684
CP012870.1	4641689
CP013024.1	120611
CP013025.1	5155368
CP013026.1	63800
CP013027.1	174564
CP013028.1	74656
CP013029.1	5202850
CP013030.1	97704
CP013031.1	4731493
CP013112.1	4863501
CP013185.1	5189944
CP013186.1	77339
CP013190.1	4830073
CP013191.1	106519
CP013192.1	57478
CP013193.1	66990
CP013194.1	39792
CP013483.1	4839266
CP013657.1	143748
CP013658.1	5106662
CP013662.1	5213998
CP013663.1	5233459
CP013831.1	5073822
CP013832.1	145221
CP013833.1	126302
CP013834.1	62183
CP013835.1	5128614
CP013952.1	4567242
CP014109.1	7518
CP014110.1	115764
CP014111.1	4829687
CP014112.1	69183
CP014225.1	4659625
CP014268.2	4478958
CP014269.1	4569185
CP014270.1	4546849
CP014271.1	232954
CP014272.1	4745255
CP014273.1	213924
CP014314.1	5478683
CP014316.1	5081061
CP014317.1	1552
CP014318.1	5167
CP014319.1	5631
CP014320.1	130603
CP014321.1	107507
CP014348.1	4657541
CP014488.1	4897758
CP014489.1	149732
CP014490.1	109910
CP014491.1	62572
CP014495.1	5061821
CP014496.1	114223
CP014497.1	5046610
CP014498.1	209768
CP014522.1	5033359
CP014523.1	114223
CP014524.1	49467
CP014583.1	5193734
CP014641.1	4165587
CP014642.1	4165783
CP014667.1	5116831
CP014668.1	101201
CP014669.1	113852
CP015020.1	5561698
CP015021.1	81401
CP015022.1	95170
CP015023.1	5506801
CP015069.1	4856574
CP015070.1	111851
CP015071.1	69471
CP015072.1	65196
CP015073.1	37000
CP015074.2	4977366
CP015075.2	63544
CP015076.1	5007393
CP015077.1	133735
CP015078.1	71170
CP015085.1	5289898
CP015086.1	130920
CP015087.1	32764
CP015088.1	29509
CP015138.1	5009900
CP015139.1	186826
CP015140.1	129154
CP015141.1	82588
CP015142.1	4072
CP015143.1	1549
CP015144.1	4204
CP015159.1	5012253
CP015160.1	212180
CP015161.1	88023
CP015228.1	5286558
CP015229.1	5498453
CP015239.1	125977
CP015240.1	4863599
CP015241.1	5428937
CP015242.1	66029
CP015244.1	4903701
CP015245.1	8122
CP015246.1	118513
CP015816.1	95910
CP015831.1	5831209
CP015832.1	5509528
CP015833.1	240662
CP015834.1	5176750
CP015835.1	137565
CP015836.1	136327
CP015837.1	98242
CP015838.1	50899
CP015842.1	5645219
CP015843.2	5645233
CP015844.2	95598
CP015845.2	34689
CP015846.1	5645226
CP015847.2	95599
CP015853.1	5567434
CP015854.1	92854
CP015912.1	5005730
CP015913.1	65888
CP015914.1	129035
CP015915.1	114472
CP015916.1	100096
CP015917.1	8972
CP015995.1	4994918
CP015996.1	93029
CP015997.1	98216
CP016007.1	5026105
CP016008.1	40158
CP016009.1	8556
CP016018.1	4595577
CP016182.2	4617703
CP016358.1	5154641
CP016404.1	4668621
CP016405.1	63329
CP016497.1	5178720
CP016498.1	151033
CP016546.1	5134536
CP016547.1	86371
CP016548.1	90835
CP016549.1	126046
CP016550.1	49695
CP016551.1	7395
CP016625.1	5770602
CP016626.1	95598
CP016628.1	4867152
CP016755.1	5483726
CP016828.1	5244443
CP017100.1	4583637
CP017220.1	4901993
CP017221.1	147225
CP017222.1	54159
CP017223.1	5828
CP017224.1	2454
CP017225.1	1934
CP017249.1	5467107
CP017250.1	92690
CP017251.1	5466770
CP017252.1	92691
CP017434.1	5416383
CP017435.1	92624
CP017436.1	5408208
CP017437.1	92565
CP017438.1	5416633
CP017439.1	92596
CP017440.1	5438591
CP017441.1	92729
CP017442.1	5404558
CP017443.1	92583
CP017444.1	5437532
CP017445.1	92726
CP017446.1	5410617
CP017447.1	92559
CP017631.1	5283836
CP017632.1	369298
CP017633.1	120528
CP017669.1	5525846
CP017670.1	92755
CP017844.1	4718719
CP017845.1	5538
CP017846.1	47563
CP017847.1	113343
CP017848.1	137665
CP018103.1	4794148
CP018104.1	207960
CP018105.1	67946
CP018106.1	64467
CP018107.1	61085
CP018108.1	5310
CP018109.1	4796421
CP018110.1	120326
CP018111.1	67946
CP018112.1	64467
CP018113.1	62157
CP018114.1	5310
CP018115.1	4798436
CP018116.1	119254
CP018117.1	67946
CP018118.1	64467
CP018119.1	61085
CP018120.1	5310
CP018121.1	4794148
CP018122.1	120326
CP018123.1	67946
CP018124.1	65539
CP018125.1	61085
CP018126.1	5310
CP018206.1	5041399
CP018207.1	113140
CP018208.1	4074
CP018237.1	5513008
CP018238.1	91420
CP018239.1	5474193
CP018240.1	94170
CP018241.1	5474890
CP018242.1	92495
CP018243.1	5411823
CP018244.1	92522
CP018245.1	5513531
CP018246.1	95341
CP018247.1	5370710
CP018248.1	91353
CP018250.1	5428751
CP018251.1	91789
CP018252.2	5516496
CP018253.1	95229
CP018323.1	4855460
CP018625.1	111755
CP018626.1	107692
CP018801.1	4792200
CP018840.1	4759716
CP018940.1	2883
CP018941.1	4062
CP018942.1	4063
CP018943.1	6647
CP018944.1	27133
CP018945.1	55436
CP018946.1	87114
CP018947.1	143972
CP018948.1	4891786
CP018949.1	16559
CP018950.1	35225
CP018951.1	43380
CP018952.1	132345
CP018953.1	4898796
CP018954.1	97654
CP018955.1	101186
CP018956.1	216226
CP018957.1	5056072
CP018963.1	54644
CP018964.1	118495
CP018965.1	4794957
CP018966.1	4087
CP018967.1	5167
CP018968.1	44320
CP018969.1	82364
CP018970.1	5259387
CP018971.1	3164
CP018972.1	4073
CP018973.1	70152
CP018974.1	70876
CP018975.1	95926
CP018976.1	5031843
CP018977.1	58431
CP018978.1	117844
CP018979.1	5228864
CP018980.1	4074
CP018981.1	14029
CP018982.1	100168
CP018983.1	4947532
CP018984.1	2571
CP018985.1	5631
CP018986.1	6075
CP018987.1	6994
CP018988.1	34532
CP018989.1	85865
CP018990.1	150994
CP018991.1	5434745
CP018992.1	110226
CP018993.1	116562
CP018994.1	154853
CP018995.1	4708839
CP018996.1	4073
CP018997.1	4921
CP018998.1	99006
CP018999.1	146162
CP019000.1	4998584
CP019001.1	272202
CP019002.1	112917
CP019003.1	12602
CP019004.1	1597
CP019005.1	4690903
CP019006.1	47531
CP019007.1	128248
CP019008.1	4926149
CP019009.1	130905
CP019010.1	55746
CP019011.1	74891
CP019012.1	4911496
CP019013.1	109057
CP019014.1	142829
CP019015.1	5099988
CP019016.1	37756
CP019017.1	73464
CP019018.1	158911
CP019019.1	199671
CP019020.1	4913259
CP019021.1	1459
CP019022.1	3087
CP019023.1	3256
CP019024.1	4063
CP019025.1	6647
CP019026.1	59373
CP019027.1	109344
CP019028.1	147346
CP019029.1	5262974
CP019051.1	4942719
CP019052.1	65533
CP019053.1	155802
CP019054.1	116028
CP019055.1	184166
CP019071.1	4877335
CP019072.1	33858
CP019073.1	46145
CP019074.1	73992
CP019075.1	96986
CP019076.1	127772
CP019213.3	4669790
CP019214.3	289260
CP019215.2	84615
CP019216.3	78444
CP019243.1	5202049
CP019244.1	71430
CP019245.1	4729175
CP019246.1	45156
CP019247.1	151049
CP019248.1	121975
CP019249.1	38093
CP019250.1	4886145
CP019251.1	162357
CP019252.1	123053
CP019253.1	120300
CP019254.1	76784
CP019255.1	18060
CP019256.1	4790436
CP019257.1	36172
CP019258.1	75007
CP019259.1	4658762
CP019260.1	251286
CP019261.1	138610
CP019262.1	149653
CP019263.1	24727
CP019264.1	82265
CP019265.1	54741
CP019266.1	18287
CP019267.1	4740860
CP019268.1	125272
CP019269.1	65009
CP019270.1	7475
CP019271.1	4765102
CP019272.1	129452
CP019273.1	5050984
CP019274.1	15162
CP019275.1	37446
CP019276.1	91701
CP019277.1	105415
CP019278.1	11397
CP019279.1	22592
CP019280.1	4724424
CP019281.1	33754
CP019282.1	149520
CP019283.1	128323
CP019284.1	93578
CP019353.1	265134
CP019354.1	107661
CP019355.1	4782521
CP019356.1	275899
CP019357.1	67403
CP019358.1	86028
CP019359.1	4883427
CP019360.1	349248
CP019361.1	4761001
CP019392.1	5144002
CP019393.1	63530
CP019394.1	248458
CP019395.1	91319
CP019455.1	4685056
CP019456.1	159821
CP019558.1	4706707
CP019559.1	277790
CP019560.1	4707009
CP019561.1	148529
CP019629.1	4643284
CP019777.1	5076615
CP019778.1	5111920
CP019903.1	4978170
CP019904.1	108340
CP019905.1	142304
CP019906.1	29168
CP019907.1	20225
CP019908.1	33304
CP019909.1	85009
CP019910.1	68786
CP019944.1	5445834
CP019953.1	5108794
CP019954.1	160021
CP019955.1	6075
CP019956.1	4707
CP019961.1	4774500
CP020025.1	4687045
CP020048.1	5018461
CP020049.1	141885
CP020050.1	113431
CP020051.1	91291
CP020055.1	4658583
CP020056.1	136975
CP020057.1	31196
CP020058.1	4595238
CP020059.1	87982
CP020060.1	50999
CP020092.1	5112484
CP020106.1	5371291
CP020107.1	4942246
CP020116.1	4992088
CP020117.1	107210
CP020118.1	111212
CP020119.1	51515
CP020368.1	4550811
CP020495.1	5162123
CP020496.1	120668
CP020497.1	48172
CP020509.1	5087166
CP020510.1	118182
CP020511.1	85008
CP020512.1	46159
CP020513.1	46056
CP020514.1	5003410
CP020515.1	158757
CP020516.1	5162123
CP020517.1	109864
CP020518.1	48175
CP020519.1	120667
CP020520.1	4905831
CP020521.1	13689
CP020522.1	95146
CP020523.1	113880
CP020524.1	177196
CP020543.1	4617024
CP020545.1	5020272
CP020546.1	133639
CP020547.1	127809
CP020548.1	60959
CP020835.1	4888773
CP020836.1	37362
CP020933.1	4858944
CP020934.1	151137
CP020936.1	64749
CP021087.1	169505
CP021099.1	6032
CP021100.1	6162
CP021101.1	8618
CP021102.1	8639
CP021103.1	80206
CP021175.1	5041366
CP021176.1	60961
CP021177.1	154099
CP021179.1	5012084
CP021180.1	135720
CP021202.1	5177498
CP021203.1	183508
CP021204.1	92438
CP021205.1	63392
CP021206.1	111688
CP021207.1	5013813
CP021208.1	86725
CP021209.1	223982
CP021210.1	75553
CP021288.1	5074754
CP021289.1	147172
CP021335.1	5347911
CP021336.1	86922
CP021337.1	83138
CP021339.1	5467988
CP021340.1	86917
CP021341.1	81853
CP021454.1	4978342
CP021532.1	4830167
CP021533.1	48528
CP021534.1	46161
CP021535.1	5029162
CP021536.1	244955
CP021537.1	97474
CP021538.1	64372
CP021680.1	23332
CP021681.1	95850
CP021682.1	49828
CP021683.1	4810234
CP021684.1	84929
CP021689.1	4940441
CP021690.1	163045
CP021691.1	4862952
CP021692.1	46161
CP021693.1	50228
CP021719.1	128094
CP021720.1	216378
CP021721.1	9396
CP021722.1	4967401
CP021726.1	5025115
CP021727.1	224039
CP021728.1	169487
CP021729.1	114968
CP021730.1	58890
CP021732.1	4786118
CP021733.1	114267
CP021734.1	85195
CP021735.1	31765
CP021736.1	4864149
CP021737.1	117703
CP021738.1	46159
CP021739.1	50235
CP021840.1	5167701
CP021841.1	118934
CP021842.1	92385
CP021843.1	78672
CP021844.1	5167363
CP021845.1	125099
CP021846.1	92350
CP021847.1	84091
CP021871.1	134899
CP021879.1	4746578
CP021880.1	169449
CP021881.1	101165
CP021882.1	67973
CP021935.1	5141314
CP021936.1	138340
CP021937.1	151110
CP021938.1	75318
CP022050.2	5548751
CP022051.2	42641
CP022052.2	95288
CP022085.2	109945
CP022086.2	5256950
CP022087.2	75559
CP022154.1	5094639
CP022155.1	145220
CP022156.1	113793
CP022157.1	57232
CP022158.1	47900
CP022159.1	7537
CP022164.1	4957100
CP022165.1	233149
CP022166.1	173624
CP022167.1	113428
CP022226.2	45476
CP022227.3	150853
CP022228.3	92538
CP022229.3	5051470
CP022279.1	4907118
CP022280.1	191691
CP022281.1	59190
CP022393.1	4914770
CP022407.1	5397521
CP022408.1	81950
CP022664.1	4873055
CP022686.1	5055316
CP022687.1	11499
CP022688.1	92032
CP022689.1	5406069
CP022729.1	34689
CP022730.1	4828837
CP022731.1	198748
CP022732.1	113162
CP022733.1	96658
CP022734.1	106936
CP022735.1	241600
CP022912.1	4785142
CP022913.1	63392
CP022914.1	117021
CP022959.1	4746918
CP023061.1	5189917
CP023062.1	77306
CP023142.1	5292297
CP023143.1	228947
CP023144.1	103234
CP023145.1	87173
CP023164.1	122641
CP023165.1	5128479
CP023342.1	5514
CP023346.1	5088339
CP023347.1	142368
CP023348.1	88757
CP023349.1	4972828
CP023350.1	112045
CP023351.1	77345
CP023352.1	45777
CP023353.1	5089615
CP023354.1	62312
CP023355.1	72470
CP023356.1	94881
CP023357.1	5035905
CP023358.1	100008
CP023359.1	4780635
CP023360.1	53914
CP023361.1	80602
CP023362.1	85570
CP023363.1	134388
CP023364.1	5134443
CP023365.1	92421
CP023366.1	4986712
CP023367.1	111523
CP023368.1	48774
CP023369.1	66332
CP023370.1	96402
CP023371.1	4677088
CP023372.1	109207
CP023373.1	31364
CP023374.1	3173
CP023375.1	6800
CP023376.1	92420
CP023377.1	4697886
CP023378.1	123289
CP023379.1	39598
CP023380.1	43592
CP023381.1	91199
CP023382.1	95720
CP023383.1	4716432
CP023384.1	147369
CP023385.1	87770
CP023386.1	4900891
CP023387.1	86147
CP023388.1	5059652
CP023389.1	74094
CP023530.1	75554
CP023531.1	5311821
CP023532.1	13833
CP023533.1	75566
CP023534.1	108679
CP023535.1	5277336
CP023541.1	4884467
CP023542.1	161452
CP023552.1	77422
CP023673.1	5143533
CP023674.1	87524
CP023675.1	46664
CP023732.1	93276
CP023733.1	70107
CP023734.1	57318
CP023815.1	4937350
CP023816.1	145883
CP023820.1	5099240
CP023821.1	113737
CP023822.1	42913
CP023823.1	34371
CP023824.1	4072
CP023825.1	1552
CP023826.1	5129468
CP023827.1	125877
CP023828.1	67839
CP023829.1	33067
CP023830.1	7939
CP023831.1	5167
CP023832.1	4087
CP023833.1	4072
CP023834.1	4735721
CP023835.1	152425
CP023836.1	33067
CP023837.1	5163
CP023838.1	2089
CP023844.1	5144480
CP023845.1	181324
CP023846.1	33067
CP023847.1	7939
CP023848.1	5167
CP023849.1	5243509
CP023850.1	138672
CP023851.1	110452
CP023852.1	10612
CP023853.1	5174317
CP023854.1	135053
CP023855.1	4063
CP023856.1	2331
CP023857.1	2101
CP023858.1	1552
CP023895.1	91648
CP023896.1	83988
CP023897.1	51479
CP023898.1	5162
CP023899.1	4711093
CP023900.1	34323
CP023901.1	1552
CP023902.1	2101
CP023903.1	101274
CP023904.1	4011
CP023905.1	35225
CP023957.1	48550
CP023958.1	3264
CP023959.1	128761
CP023960.1	5169451
CP023961.1	96807
CP024053.1	6675
CP024054.1	48982
CP024055.1	88839
CP024056.1	5267207
CP024090.1	4592887
CP024127.1	5072975
CP024128.1	50013
CP024129.1	123884
CP024130.1	88460
CP024131.1	5084741
CP024132.1	35098
CP024133.1	190293
CP024134.1	5199281
CP024135.1	63978
CP024136.1	93781
CP024137.1	107279
CP024138.1	4914884
CP024139.1	64765
CP024140.1	166233
CP024141.1	4981062
CP024142.1	66596
CP024143.1	254423
CP024144.1	96973
CP024145.1	106478
CP024146.1	88553
CP024147.1	4639454
CP024148.1	62585
CP024149.1	33301
CP024150.1	108710
CP024151.1	97858
CP024152.1	87351
CP024153.1	98181
CP024154.1	84404
CP024155.1	5060393
CP024156.1	60258
CP024157.1	88736
CP024158.1	106324
CP024223.1	4943397
CP024224.1	20005
CP024225.1	27947
CP024226.1	85864
CP024227.1	145086
CP024228.1	4848034
CP024229.1	38467
CP024230.1	73915
CP024231.1	82510
CP024232.1	4872840
CP024233.1	30162
CP024234.1	40223
CP024235.1	62188
CP024236.1	226119
CP024237.1	152713
CP024240.1	4966338
CP024241.1	104674
CP024242.1	74644
CP024243.1	4978613
CP024244.1	152012
CP024245.1	4708118
CP024246.1	36948
CP024247.1	68864
CP024248.1	138289
CP024254.1	107732
CP024255.1	95515
CP024256.1	4914654
CP024257.1	4886938
CP024258.1	96607
CP024259.1	94817
CP024260.1	4733683
CP024261.1	45056
CP024262.1	119846
CP024263.1	4934701
CP024264.1	72060
CP024265.1	150389
CP024269.1	4905023
CP024270.1	35769
CP024271.1	103618
CP024272.1	147766
CP024273.1	4875605
CP024274.1	145089
CP024275.1	4778550
CP024276.1	38177
CP024277.1	100184
CP024278.1	5088038
CP024279.1	28860
CP024280.1	52655
CP024281.1	84894
CP024289.1	5074559
CP024290.1	36473
CP024291.1	111697
CP024292.1	85054
CP024479.1	5336099
CP024480.1	77062
CP024481.1	105489
CP024615.1	6675
CP024616.1	48983
CP024617.1	88896
CP024618.1	5302502
CP024650.2	5072943
CP024651.1	14241
CP024652.2	107274
CP024659.1	5385904
CP024660.1	89518
CP024717.1	5196956
CP024718.1	111779
CP024719.1	5162
CP024720.1	5196957
CP024721.1	111776
CP024722.1	5167
CP024801.1	4767526
CP024802.1	2336
CP024803.1	2088
CP024804.1	1934
CP024805.1	111310
CP024806.1	51479
CP024815.1	4938993
CP024816.1	176274
CP024817.1	96990
CP024818.1	46161
CP024821.1	5125266
CP024822.1	118156
CP024823.1	64564
CP024824.1	62815
CP024825.1	46161
CP024826.1	4903571
CP024827.1	122937
CP024828.1	51455
CP024829.1	32182
CP024830.1	4837992
CP024831.1	216181
CP024832.1	96987
CP024833.1	46137
CP024851.1	5054076
CP024852.1	167974
CP024853.1	35812
CP024854.1	96413
CP024855.1	4856773
CP024856.1	181436
CP024857.1	76680
CP024858.1	57991
CP024859.1	4839565
CP024860.1	172588
CP024861.1	33548
CP024862.1	5107874
CP024863.1	139059
CP024864.1	88768
CP024865.1	48511
CP024886.1	5036925
CP024887.1	102544
CP024888.1	76754
CP024889.1	4643903
CP025048.1	4792402
CP025251.1	5131212
CP025252.1	33924
CP025253.1	105801
CP025268.1	4643559
CP025318.1	5052887
CP025328.1	5146765
CP025329.1	286854
CP025401.1	5220976
CP025402.1	241162
CP025403.1	133281
CP025520.1	4605446
CP025573.1	5425761
CP025574.1	129195
CP025575.1	5878
CP025625.1	84952
CP025626.1	144225
CP025627.1	4800548
CP025703.1	5116034
CP025707.1	5198311
CP025708.1	184098
CP025709.1	85535
CP025710.1	70372
CP025711.1	41544
CP025712.1	46701
CP025713.1	18617
CP025747.1	4918774
CP025751.1	110160
CP025752.1	63821
CP025753.1	4931011
CP025840.1	5138709
CP025841.1	132527
CP025842.1	4816445
CP025843.1	7991
CP025844.1	94685
CP025845.1	72294
CP025846.1	86624
CP025847.1	5058551
CP025848.1	148526
CP025849.1	4818782
CP025850.1	158237
CP025851.1	4885058
CP025852.1	29775
CP025853.1	36521
CP025854.1	80573
CP025855.1	84977
CP025856.1	5104962
CP025857.1	108475
CP025858.1	88871
CP025859.1	4979815
CP025860.1	101617
CP025861.1	155850
CP025862.1	5022230
CP025863.1	142377
CP025864.1	36127
CP025865.1	4950457
CP025866.1	78116
CP025867.1	50529
CP025868.1	100473
CP025869.1	4920463
CP025870.1	100470
CP025871.1	52054
CP025872.1	77635
CP025881.1	4984787
CP025882.1	52051
CP025883.1	100473
CP025884.1	78134
CP025885.1	68971
CP025892.1	4911268
CP025893.1	105440
CP025894.1	100473
CP025895.1	52054
CP025903.1	4876488
CP025904.1	97878
CP025905.1	60343
CP025910.1	5096741
CP025911.1	146395
CP025912.1	92548
CP025913.1	4922099
CP025914.1	80861
CP025915.1	35753
CP025916.1	5115137
CP025917.1	146395
CP025918.1	76877
CP025919.1	50268
CP025920.1	5118381
CP025921.1	146395
CP025922.1	83017
CP025945.3	13138
CP025946.1	12819
CP025947.4	2443
CP025948.1	46161
CP025949.1	73313
CP025950.4	4883746
CP026026.1	4544646
CP026027.1	4624968
CP026028.1	4639673
CP026085.1	4833062
CP026199.1	4869246
CP026200.1	97800
CP026201.1	100989
CP026202.1	5103533
CP026203.1	35036
CP026204.1	76500
CP026205.1	77775
CP026206.1	191344
CP026207.1	202687
CP026208.1	298633
CP026209.1	42693
CP026342.1	4651847
CP026343.1	4651842
CP026344.1	4651849
CP026345.1	4651843
CP026346.1	4651843
CP026347.1	4651842
CP026348.1	4651848
CP026349.1	4651793
CP026350.1	4651849
CP026351.1	4651848
CP026352.1	4651849
CP026353.1	4651849
CP026354.1	4651849
CP026355.1	4651849
CP026356.1	4651848
CP026357.1	4651848
CP026358.1	4651765
CP026359.1	4651848
CP026360.1	4651849
CP026361.1	4651857
CP026399.1	5277702
CP026400.1	60248
CP026401.1	20245
CP026402.1	13542
CP026403.1	103161
CP026404.1	127217
CP026405.1	186884
CP026473.1	4840855
CP026474.1	107229
CP026475.1	104701
CP026476.1	51479
CP026491.1	5087117
CP026492.1	264344
CP026493.1	1552
CP026494.1	201203
CP026572.2	6200
CP026573.2	3684
CP026574.2	2959
CP026575.2	2444
CP026576.2	70688
CP026577.2	46161
CP026578.2	121908
CP026579.1	100229
CP026580.3	4832939
CP026612.1	4456672
CP026641.1	4728307
CP026642.1	250778
CP026643.1	101404
CP026644.1	65206
CP026723.1	5492922
CP026724.1	129627
CP026725.1	97124
CP026726.1	83010
CP026727.1	51479
CP026728.1	33288
CP026754.1	90045
CP026755.1	4987160
CP026853.1	5074586
CP026854.1	133843
CP026855.1	84078
CP026934.1	145001
CP026935.2	5133979
CP026936.2	192449
CP026937.1	131954
CP026938.2	99789
CP026942.1	31764
CP027103.1	4754025
CP027105.1	4620018
CP027106.1	106432
CP027118.1	4719625
CP027119.1	86731
CP027120.1	54399
CP027125.1	44160
CP027126.1	4877957
CP027127.1	98987
CP027128.1	1565
CP027129.1	5193
CP027130.1	170292
CP027131.1	1552
CP027132.1	2101
CP027133.1	97167
CP027134.1	5211570
CP027135.1	151026
CP027136.1	1690
CP027137.1	49534
CP027138.1	90735
CP027139.1	1197
CP027140.1	4625479
CP027199.1	95895
CP027200.1	75779
CP027201.2	2088
CP027202.2	265538
CP027203.2	50520
CP027204.2	44088
CP027205.2	4817293
CP027219.1	5500189
CP027220.1	94104
CP027221.1	5313278
CP027222.1	48390
CP027223.1	72543
CP027255.1	4933784
CP027256.1	103336
CP027257.1	31229
CP027258.1	31467
CP027259.1	6812
CP027307.1	5364442
CP027308.1	63664
CP027309.1	93724
CP027310.1	4949048
CP027311.1	133438
CP027312.1	5167951
CP027317.1	5388260
CP027318.1	81954
CP027323.1	5426201
CP027324.1	127667
CP027325.1	5135675
CP027326.1	74671
CP027327.1	93170
CP027331.1	5438694
CP027332.1	20839
CP027333.1	46866
CP027334.1	181066
CP027338.1	5597475
CP027339.1	92644
CP027340.1	5366577
CP027341.1	104198
CP027342.1	5040163
CP027343.1	131410
CP027347.1	5317846
CP027348.1	70613
CP027350.1	97117
CP027351.1	5442537
CP027352.1	5647195
CP027353.1	20881
CP027354.1	57720
CP027355.1	5367251
CP027356.1	71714
CP027357.1	131463
CP027358.1	110001
CP027362.1	5385516
CP027366.1	5065883
CP027367.1	125561
CP027368.1	4965987
CP027369.1	109641
CP027370.1	176149
CP027371.1	4901620
CP027372.1	175427
CP027373.1	4904151
CP027374.1	91648
CP027375.1	118863
CP027380.1	5401672
CP027381.1	24547
CP027382.1	36491
CP027383.1	73784
CP027384.1	27224
CP027385.1	118259
CP027386.1	54452
CP027387.1	5645983
CP027388.1	5440026
CP027389.1	68062
CP027390.1	5802748
CP027391.1	98724
CP027392.1	75562
CP027393.1	12402
CP027394.1	5277316
CP027395.1	117229
CP027396.1	18636
CP027430.1	4607960
CP027435.1	5400138
CP027436.1	83611
CP027437.1	5012557
CP027438.1	74904
CP027439.1	107188
CP027440.1	4892666
CP027441.1	173714
CP027442.1	5636732
CP027443.1	95157
CP027444.1	91399
CP027445.1	5196105
CP027446.1	74269
CP027447.1	5168620
CP027448.1	170848
CP027449.1	5077228
CP027450.1	34867
CP027451.1	173649
CP027452.1	4799014
CP027453.1	159611
CP027454.1	5338915
CP027455.1	73262
CP027456.1	79682
CP027457.1	5001754
CP027458.1	107796
CP027459.1	5253712
CP027460.1	74247
CP027461.1	5095223
CP027462.1	4847172
CP027463.1	125059
CP027472.1	5671594
CP027473.1	81624
CP027534.1	5022408
CP027535.1	101207
CP027536.1	72482
CP027537.1	100279
CP027544.1	5486407
CP027545.1	101089
CP027546.1	5509931
CP027547.1	95367
CP027548.1	5303935
CP027549.1	94116
CP027550.1	4836918
CP027551.1	162810
CP027552.1	5434442
CP027553.1	67055
CP027554.1	70129
CP027555.1	5584939
CP027556.1	91046
CP027573.1	5411943
CP027574.1	48183
CP027575.1	95952
CP027576.1	78427
CP027577.1	5646446
CP027578.1	87714
CP027579.1	5030044
CP027580.1	54544
CP027581.1	118822
CP027582.1	5680428
CP027583.1	88339
CP027584.1	4997979
CP027585.1	160576
CP027586.1	5272286
CP027587.1	5235560
CP027588.1	58109
CP027589.1	75065
CP027590.1	92449
CP027591.1	5168350
CP027592.1	17880
CP027599.1	5942969
CP027600.1	120604
CP027601.1	92590
CP027701.1	4889200
CP027703.1	173882
CP027766.1	5489451
CP027767.1	66545
CP028110.1	5391064
CP028111.1	83211
CP028112.1	5631913
CP028113.1	94220
CP028114.1	6673
CP028115.1	90123
CP028116.1	5648177
CP028117.1	5198840
CP028118.1	78469
CP028119.1	7072
CP028120.1	86617
CP028121.1	109466
CP028122.1	5057506
CP028123.1	8120
CP028124.1	83012
CP028125.1	98899
CP028126.1	5785882
CP028166.1	4815114
CP028167.1	33305
CP028168.1	119076
CP028192.1	5071057
CP028193.1	52918
CP028194.1	48684
CP028195.1	68950
CP028320.1	5019440
CP028321.1	114229
CP028322.1	96272
CP028323.1	12894
CP028379.1	5385924
CP028380.1	89518
CP028381.1	5044460
CP028382.1	160675
CP028383.1	67750
CP028429.1	5238870
CP028430.1	117123
CP028431.1	76698
CP028432.1	5233637
CP028433.1	120253
CP028434.1	78526
CP028466.1	3398
CP028467.2	1532
CP028483.1	5022609
CP028484.1	128911
CP028485.1	86657
CP028486.1	52864
CP028575.2	1564
CP028576.1	112422
CP028577.1	46161
CP028578.2	4812358
CP028585.2	92537
CP028586.1	5167
CP028587.1	150853
CP028588.1	42856
CP028589.2	5099810
CP028592.1	5558896
CP028593.1	2679
CP028594.1	40334
CP028595.1	95624
CP028596.1	5422680
CP028597.1	94610
CP028598.1	5422620
CP028599.1	94607
CP028600.1	5422686
CP028601.1	59888
CP028602.1	94611
CP028603.1	5504979
CP028604.1	2678
CP028605.1	40350
CP028606.1	95648
CP028607.1	5604727
CP028608.1	92745
CP028609.1	5428191
CP028610.1	67786
CP028611.1	88018
CP028612.1	92725
CP028613.1	3306
CP028614.1	5454990
CP028615.1	6078
CP028616.1	94495
CP028617.1	5455354
CP028618.1	6078
CP028619.1	94487
CP028620.1	5453897
CP028621.1	6078
CP028622.1	93171
CP028623.1	5455348
CP028624.1	6078
CP028625.1	94493
CP028626.1	5455343
CP028627.1	6078
CP028628.1	94492
CP028629.1	5455355
CP028630.1	6078
CP028631.1	94492
CP028632.1	5453905
CP028633.1	6078
CP028634.1	93186
CP028635.1	5453899
CP028636.1	6078
CP028637.1	93181
CP028638.1	5453897
CP028639.1	6078
CP028640.1	93179
CP028641.1	5453900
CP028642.1	6078
CP028643.1	93185
CP028644.1	5453992
CP028645.1	6078
CP028646.1	93179
CP028647.1	5453994
CP028648.1	6078
CP028649.1	93179
CP028650.1	5457282
CP028651.1	94057
CP028652.1	5458850
CP028653.1	92739
CP028654.1	5454175
CP028655.1	92732
CP028656.1	5455348
CP028657.1	6078
CP028658.1	94491
CP028659.1	5455348
CP028660.1	6078
CP028661.1	94493
CP028662.1	5453820
CP028663.1	6078
CP028664.1	93176
CP028665.1	5453897
CP028666.1	6078
CP028667.1	93175
CP028668.1	5455349
CP028669.1	6078
CP028670.1	94491
CP028671.1	5453906
CP028672.1	6078
CP028673.1	93184
CP028674.1	5396497
CP028675.1	6078
CP028676.1	93174
CP028677.1	5453898
CP028678.1	6078
CP028679.1	93182
CP028680.1	5452055
CP028681.1	6078
CP028682.1	93180
CP028683.1	5508281
CP028684.1	92725
CP028685.1	5508269
CP028686.1	92724
CP028687.1	5442850
CP028688.1	6676
CP028689.1	92718
CP028690.1	5442850
CP028691.1	6676
CP028692.1	92714
CP028693.1	5466440
CP028694.1	92730
CP028695.1	5442851
CP028696.1	6676
CP028697.1	92718
CP028698.1	5438592
CP028699.1	92729
CP028700.1	5459492
CP028701.1	92738
CP028702.1	4682574
CP028703.1	4614635
CP028732.1	4906030
CP028733.1	4816573
CP028734.1	4751941
CP028735.1	5106562
CP028737.1	4746311
CP028738.1	4862944
CP028739.1	5109615
CP028740.1	4764251
CP028741.1	4979481
CP028742.1	5117905
CP028743.1	4727511
CP028744.1	4830597
CP028745.1	5005265
CP028746.1	4682586
CP028747.1	4935112
CP028748.1	4805076
CP028749.1	4739402
CP028750.1	4602860
CP028751.1	5129598
CP028752.1	4523962
CP028753.1	4727126
CP028754.1	4722185
CP028755.1	4985562
CP028756.1	5002038
CP028757.1	4828453
CP028758.1	4902546
CP028759.1	4818521
CP028760.1	4794565
CP028761.1	4630346
CP028762.1	4909725
CP028763.1	4770699
CP028764.1	4978266
CP028766.1	4977665
CP028767.1	4836060
CP028769.1	4769222
CP028770.1	4961568
CP028771.1	4740152
CP028772.1	5003165
CP029057.1	4748053
CP029058.1	253947
CP029059.1	61917
CP029060.1	38749
CP029061.1	32945
CP029103.1	89643
CP029104.1	76919
CP029105.1	2101
CP029106.1	1546
CP029107.1	93435
CP029108.1	4688906
CP029109.1	1565
CP029110.1	91246
CP029111.1	4875835
CP029112.1	59626
CP029113.1	114412
CP029114.1	3656
CP029115.1	4831922
CP029116.1	25348
CP029117.1	120846
CP029118.1	187909
CP029119.1	35284
CP029120.1	6172
CP029121.1	3174
CP029122.1	4695904
CP029123.1	97471
CP029164.1	4971313
CP029180.1	4722506
CP029181.1	145524
CP029182.1	31250
CP029183.1	1551
CP029184.1	60942
CP029238.1	4641652
CP029239.1	4697181
CP029242.1	4893130
CP029243.1	146268
CP029244.1	139629
CP029245.1	46161
CP029327.1	4894387
CP029328.1	5019076
CP029365.1	89248
CP029366.1	2101
CP029367.1	34321
CP029368.1	122194
CP029369.1	4695840
CP029371.1	4614212
CP029420.1	4910422
CP029421.1	101340
CP029422.1	89323
CP029492.1	4423666
CP029493.1	179444
CP029574.1	4771844
CP029575.1	156518
CP029576.1	5043703
CP029577.1	139191
CP029578.1	70197
CP029579.1	5261695
CP029580.1	178078
CP029581.1	2101
CP029690.1	188342
CP029691.1	78329
CP029692.1	5359785
CP029741.1	5213052
CP029742.1	139740
CP029743.1	104555
CP029744.1	117192
CP029747.1	4995456
CP029748.1	276880
CP029973.1	4848222
CP029974.1	71718
CP029975.1	113340
CP029976.1	33826
CP029977.1	61284
CP029978.1	99465
CP029979.1	36564
CP029980.1	117740
CP029981.1	4703465
CP029982.1	71543
CP030111.1	4939457
CP030112.1	88421
CP030113.1	6465
CP030114.1	4082
CP030115.1	2113
CP030116.1	1983
CP030152.1	4796977
CP030153.1	152677
CP030154.1	134064
CP030155.1	109689
CP030156.1	61828
CP030157.1	29589
CP030240.1	4582842
CP030281.1	4786360
CP030282.1	111721
CP030283.1	113645
CP030284.1	61476
CP030285.1	92978
CP030329.1	128762
CP030330.1	6395
CP030331.1	4818472
CP030332.1	4593
CP030333.1	4082
CP030334.1	7588
CP030335.1	75281
CP030336.1	16907
CP030337.1	4989783
CP030338.1	1549
CP030339.1	35509
CP030340.1	34927
CP030765.1	93169
CP030766.1	59808
CP030767.1	5384880
CP030768.1	5300308
CP030769.1	27128
CP030770.1	149680
CP030791.1	197773
CP030792.1	4231
CP030793.1	2096
CP030919.1	4810511
CP030920.1	259094
CP030921.1	109118
CP030922.1	77405
CP030939.1	5023979
CP030940.1	257394
CP031105.1	4784688
CP031106.1	131411
CP031107.1	203856
CP031108.1	27197
CP031109.1	46827
CP031110.1	50124
CP031111.1	95328
CP031134.1	4923235
CP031135.1	310064
CP031136.1	109442
CP031137.1	77958
CP031138.1	46157
CP031139.1	25446
CP031214.1	4599824
CP031215.1	5214712
CP031216.1	98533
CP031256.1	5133477
CP031293.1	4975832
CP031294.1	110686
CP031295.1	245305
CP031296.1	60038
CP031297.1	188230
CP031321.1	4733230
CP031322.1	75645
CP031323.1	82461
CP031340.1	88744
CP031341.1	5408598
CP031342.1	89519
CP031343.1	5343037
CP031344.1	90831
CP031345.1	5472396
CP031346.1	89515
CP031347.1	5385819
CP031348.1	89518
CP031349.1	5385895
CP031350.1	187274
CP031351.1	96355
CP031352.1	86711
CP031353.1	5205721
CP031354.1	88747
CP031355.1	5457980
CP031546.1	5184499
CP031547.1	243642
CP031548.1	221041
CP031549.1	189020
CP031550.1	66945
CP031609.1	4821441
CP031610.1	160292
CP031653.1	4869482
CP031654.1	89643
CP031655.1	89335
CP031656.1	59142
CP031657.1	4073
CP031658.1	3174
CP031706.1	5025136
CP031707.1	127578
CP031833.1	4854459
CP031898.1	4955402
CP031899.1	160712
CP031900.1	7769
CP031901.1	7117
CP031902.1	5277234
CP031903.1	88545
CP031904.1	75669
CP031905.1	1549
CP031906.1	4972544
CP031907.1	121036
CP031908.1	5397605
CP031909.1	73224
CP031910.1	5398870
CP031911.1	80681
CP031912.1	5132754
CP031913.1	5406250
CP031914.1	92754
CP031915.1	6675
CP031916.1	5532455
CP031917.1	95228
CP031918.1	52940
CP031919.1	5695528
CP031920.1	92498
CP031921.1	2031
CP031922.1	5697154
CP031923.1	95298
CP031924.1	6715
CP031925.1	4148
CP032066.1	4889222
CP032067.1	157787
CP032068.1	163224
CP032069.1	63623
CP032070.1	6647
CP032071.1	4110
CP032072.1	3893
CP032073.1	4631653
CP032074.1	108175
CP032075.1	56401
CP032076.1	33308
CP032077.1	6635
CP032078.1	4959799
CP032079.1	175023
CP032080.1	146245
CP032081.1	60733
CP032082.1	6647
CP032083.1	3319
CP032085.1	5152857
CP032086.1	94204
CP032087.1	37009
CP032088.1	28563
CP032145.1	5260440
CP032201.1	5107215
CP032202.1	140509
CP032203.1	41865
CP032204.1	5410835
CP032205.1	70275
CP032237.1	4737445
CP032238.1	162163
CP032239.1	159756
CP032258.1	128033
CP032259.1	49921
CP032260.1	87423
CP032261.1	5119553
CP032262.1	75026
CP032263.1	155784
CP032264.1	101614
CP032265.1	4988092
CP032420.1	2959
CP032421.1	2444
CP032422.1	1989
CP032423.1	1521
CP032424.1	46161
CP032425.1	88392
CP032426.1	4908742
CP032515.1	5205677
CP032516.1	90328
CP032517.1	4724
CP032667.1	4639694
CP032679.1	4631543
CP032789.1	5503501
CP032790.1	93284
CP032791.1	5414190
CP032792.1	90310
CP032793.1	5395711
CP032794.1	92653
CP032795.1	5547257
CP032796.1	90978
CP032797.1	5504769
CP032798.1	92743
CP032799.1	63089
CP032800.1	3306
CP032801.1	5519220
CP032802.1	90995
CP032803.1	5553457
CP032804.1	91253
CP032805.1	5390258
CP032806.1	92785
CP032807.1	3306
CP032808.1	5573120
CP032809.1	92771
CP032810.1	61441
CP032811.1	5427778
CP032812.1	90979
CP032813.1	62779
CP032875.1	92538
CP032876.1	5167
CP032877.1	150853
CP032878.1	45484
CP032879.1	5094619
CP032880.1	82675
CP032881.1	8899
CP032882.1	6548
CP032883.1	5793
CP032884.1	4658
CP032885.1	4234
CP032886.1	2790
CP032887.1	1902
CP032888.1	109553
CP032889.1	46161
CP032890.1	91014
CP032891.1	67351
CP032892.1	4894694
CP032986.1	4677021
CP032987.1	51622
CP032988.1	84688
CP032989.1	4914512
CP032990.1	66380
CP032991.1	83867
CP032992.1	4638901
CP032993.1	241043
CP032994.1	44779
CP032995.1	72717
CP033020.1	4742335
CP033091.2	131333
CP033092.2	4903501
CP033093.1	38797
CP033094.1	231859
CP033095.1	92168
CP033096.1	4623817
CP033097.1	113610
CP033158.1	4945239
CP033159.1	146286
CP033160.1	62055
CP033161.1	6346
CP033250.1	4783813
CP033251.1	164062
CP033252.1	110417
CP033378.1	4849006
CP033379.1	167170
CP033380.1	13911
CP033397.1	4097
CP033398.1	2088
CP033399.1	46161
CP033400.1	91652
CP033401.1	4750764
CP033605.1	5569804
CP033632.1	147451
CP033633.1	139752
CP033634.1	82252
CP033635.1	5539489
CP033636.1	253793
CP033761.1	111938
CP033762.1	4977723
CP033763.1	3272
CP033764.1	5430
CP033765.1	4074
CP033766.1	2101
CP033847.1	143865
CP033848.1	97018
CP033849.1	32101
CP033850.1	5231450
CP033851.1	4082
CP033852.1	1459
CP033853.1	3257
CP033879.1	31882
CP033880.1	65499
CP033881.1	61890
CP033882.1	96948
CP033883.1	88005
CP033884.1	5206490
CP034106.1	4679465
CP034107.1	123510
CP034108.1	87297
CP034109.1	60954
CP034384.1	5554243
CP034385.1	92697
CP034386.1	6673
CP034387.1	4091
CP034388.1	3305
CP034389.1	5086302
CP034390.1	257270
CP034391.1	3191
CP034392.1	1369
CP034401.1	134611
CP034402.1	92446
CP034403.1	41191
CP034404.1	4931251
CP034405.1	61684
CP034589.1	4546245
CP034590.1	145704
CP034591.1	45650
CP034592.1	76559
CP034595.1	4685200
CP034658.1	4613541
CP034659.1	454520
CP034738.1	4776769
CP034739.1	145346
CP034740.1	6767
CP034741.1	1183
CP034742.1	5093
CP034743.1	5131
CP034744.1	46161
CP034784.1	4481825
CP034785.1	230964
CP034786.1	143706
CP034787.1	4795280
CP034788.1	254365
CP034789.1	159108
CP034790.1	91762
CP034792.1	5420971
CP034793.1	95421
CP034794.1	5450250
CP034795.1	94987
CP034796.1	94189
CP034797.1	5428647
CP034798.1	42137
CP034799.1	5480158
CP034800.1	94606
CP034801.1	5478884
CP034802.1	94586
CP034803.1	5496616
CP034804.1	83424
CP034805.1	94014
CP034806.1	5542751
CP034807.1	91176
CP034808.1	5529684
CP034809.1	94980
CP034954.1	4097
CP034955.1	2088
CP034956.1	98397
CP034957.1	46161
CP034958.1	4763166
CP034959.1	90842
CP034960.1	5167
CP034961.1	2101
CP034962.1	2058
CP034963.1	38448
CP034964.1	87704
CP034965.1	46161
CP034966.1	4686461
CP035123.1	4782653
CP035124.1	227349
CP035125.1	46161
CP035126.1	5167
CP035127.1	4991
CP035128.1	3373
CP035312.1	4593539
CP035313.1	96320
CP035314.1	89963
CP035315.1	40654
CP035316.1	30581
CP035366.1	5452210
CP035367.1	97494
CP035468.1	151747
CP035469.1	87354
CP035470.1	69518
CP035471.1	37447
CP035472.1	5209
CP035473.1	8166
CP035474.1	5632
CP035475.1	1506
CP035476.1	5018242
CP035477.1	5061273
CP035478.1	149312
CP035479.1	69518
CP035480.1	5209
CP035481.1	8166
CP035482.1	5632
CP035483.1	1506
CP035486.1	5055966
CP035487.1	5591
CP035488.1	3250
CP035489.1	1978
CP035498.1	5349824
CP035516.1	5061272
CP035517.1	149317
CP035518.1	69473
CP035519.1	5209
CP035520.1	8166
CP035521.1	5632
CP035522.1	1506
CP035545.1	5483434
CP035546.1	94581
CP035720.1	4928938
CP035721.1	109023
CP035722.1	69541
CP035723.1	5209
CP035724.1	8166
CP035725.1	5632
CP035726.1	1506
CP035751.1	5249232
CP035752.1	66171
CP035753.1	65378
CP035754.1	33827
CP035755.1	25421
CP035756.1	5681
CP035766.1	86874
CP035767.1	5418923
CP035768.1	5419044
CP035769.1	86875
CP035770.1	5458186
CP035771.1	88752
CP035772.1	5458415
CP035773.1	88752
CP035812.1	4944053
CP035813.1	99955
CP035814.1	77924
CP035815.1	66338
CP035816.1	52026
CP035817.1	5007472
CP035818.1	162860
CP035819.1	4996164
CP035820.1	133987
CP035821.1	97229
CP035822.1	4838494
CP035823.1	99306
CP035824.1	52003
CP035825.1	42841
CP035826.1	5021581
CP035827.1	100283
CP035828.1	89897
CP035829.1	83544
CP035830.1	75047
CP035831.1	31203
CP035832.1	5111482
CP035833.1	98355
CP035834.1	85171
CP035835.1	72087
CP035836.1	4984149
CP035837.1	126275
CP035838.1	95151
CP035839.1	83042
CP035840.1	74294
CP035841.1	5254433
CP035842.1	147979
CP035843.1	119787
CP035844.1	93485
CP035845.1	36372
CP035846.1	4872115
CP035847.1	141411
CP035848.1	63103
CP035849.1	61784
CP035850.1	4926007
CP035851.1	155153
CP035852.1	133955
CP035853.1	102083
CP035854.1	71003
CP035855.1	4936886
CP035856.1	100284
CP035857.1	90447
CP035858.1	81910
CP035859.1	74310
CP035860.1	4858902
CP035861.1	139703
CP035862.1	108586
CP035863.1	83626
CP035864.1	47458
CP035865.1	5044130
CP035866.1	123312
CP035867.1	100141
CP035868.1	90662
CP035869.1	13697
CP035870.1	4913196
CP035871.1	95804
CP035872.1	95521
CP035873.1	53738
CP035874.1	4829955
CP035875.1	151583
CP035876.1	96149
CP035877.1	83694
CP035878.1	62180
CP035879.1	5083123
CP035880.1	129918
CP035881.1	81772
CP035882.1	4829326
CP035883.1	186206
CP035884.1	5031715
CP035885.1	163137
CP035944.1	4666029
CP036177.1	4794992
CP036178.1	238258
CP036179.1	46161
CP036180.1	109593
CP036181.1	103149
CP036182.1	3684
CP036183.1	3348
CP036184.1	2573
CP036185.1	2444
CP036202.1	4834354
CP036203.1	93880
CP036204.1	65959
CP036205.1	51321
CP036206.1	19897
CP036207.1	4149
CP036244.1	146792
CP036245.1	5187769
CP037449.1	5080721
CP037450.1	48403
CP037857.2	4624857
CP037903.1	4805539
CP037904.1	108366
CP037905.1	98254
CP037906.1	33301
CP037907.1	28942
CP037908.1	28519
CP037909.1	12783
CP037910.1	4722675
CP037911.1	239511
CP037912.1	149304
CP037941.1	5436079
CP037942.1	157534
CP037943.1	5689156
CP037944.1	88848
CP037945.1	5592581
CP037946.1	96016
CP037947.1	73152
CP038138.1	4782144
CP038139.1	265575
CP038140.1	138950
CP038180.1	4541147
CP038181.1	33309
CP038182.1	115257
CP038282.1	5512933
CP038283.1	93247
CP038284.1	5546361
CP038285.1	2679
CP038286.1	100480
CP038287.1	5455720
CP038288.1	99810
CP038289.1	96920
CP038290.1	5590682
CP038291.1	98061
CP038292.1	5498884
CP038293.1	95611
CP038294.1	3171
CP038295.1	5219269
CP038296.1	5423
CP038297.1	6211
CP038298.1	66022
CP038299.1	70894
CP038300.1	5546758
CP038301.1	94294
CP038302.1	5643409
CP038303.1	37590
CP038304.1	96937
CP038305.1	5492443
CP038306.1	6042
CP038307.1	38515
CP038308.1	93167
CP038309.1	5594529
CP038310.1	6042
CP038311.1	43127
CP038312.1	93182
CP038313.1	5459741
CP038314.1	97630
CP038315.1	3306
CP038316.1	5406716
CP038317.1	38815
CP038318.1	92578
CP038319.1	5452405
CP038320.1	95338
CP038321.1	5513087
CP038322.1	145329
CP038323.1	92701
CP038324.1	5513088
CP038325.1	6673
CP038326.1	145329
CP038327.1	92704
CP038328.1	5607499
CP038329.1	1538
CP038330.1	93970
CP038331.1	6675
CP038332.1	92495
CP038333.1	5504820
CP038334.1	58668
CP038335.1	94694
CP038336.1	5512129
CP038337.1	37777
CP038338.1	119161
CP038339.1	5477854
CP038340.1	56083
CP038341.1	92839
CP038342.1	5496245
CP038343.1	92743
CP038344.1	5408816
CP038345.1	92577
CP038346.1	5566982
CP038347.1	89068
CP038348.1	89216
CP038349.1	5399622
CP038350.1	92716
CP038351.1	5569928
CP038352.1	92209
CP038353.1	5478773
CP038354.1	91510
CP038355.1	5520652
CP038356.1	98062
CP038357.1	5545879
CP038358.1	3306
CP038359.1	92704
CP038360.1	5403105
CP038361.1	58000
CP038362.1	95928
CP038363.1	5519312
CP038364.1	92700
CP038365.1	3306
CP038366.1	5516005
CP038367.1	39233
CP038368.1	93665
CP038369.1	5530739
CP038370.1	2731
CP038371.1	92990
CP038372.1	5593140
CP038373.1	92725
CP038374.1	5454413
CP038375.1	91076
CP038376.1	5523389
CP038377.1	7324
CP038378.1	99810
CP038379.1	93180
CP038380.1	5471440
CP038381.1	58509
CP038382.1	91912
CP038383.1	5571128
CP038384.1	69832
CP038385.1	80565
CP038386.1	5195683
CP038387.1	6069
CP038388.1	57827
CP038389.1	5294183
CP038390.1	5423
CP038391.1	9563
CP038392.1	75328
CP038393.1	99707
CP038394.1	5303225
CP038395.1	4011
CP038396.1	6888
CP038397.1	66091
CP038398.1	5362528
CP038399.1	4634
CP038400.1	6675
CP038401.1	92513
CP038402.1	5609172
CP038403.1	6675
CP038404.1	95604
CP038405.1	5459302
CP038406.1	92740
CP038407.1	3306
CP038408.1	5467198
CP038409.1	30925
CP038410.1	92693
CP038411.1	3306
CP038412.1	5485363
CP038413.1	121214
CP038414.1	5542130
CP038415.1	92490
CP038416.1	5475244
CP038417.1	89216
CP038418.1	94184
CP038419.1	5552787
CP038420.1	98042
CP038421.1	5458638
CP038422.1	94959
CP038423.1	5495195
CP038424.1	96931
CP038425.1	5572326
CP038426.1	92986
CP038427.1	2728
CP038428.1	5477691
CP038429.1	92703
CP038430.1	3306
CP038453.1	4820005
CP038454.1	211718
CP038455.1	117599
CP038456.1	67794
CP038457.1	58586
CP038458.1	28640
CP038459.1	14827
CP038494.1	5335866
CP038495.1	92707
CP038496.1	5501009
CP038497.1	92710
CP038505.1	5343367
CP038506.1	92027
CP038791.1	5215562
CP038792.1	129920
CP038793.1	87604
CP038794.1	4715
CP038795.1	4091
CP038857.1	4835919
CP038858.1	131158
CP038859.1	4875596
CP039298.1	4742390
CP039299.1	105771
CP039300.1	27728
CP039301.1	17924
CP039302.1	4664
CP039403.1	4702395
CP039404.1	4905296
CP039405.1	85191
CP039834.1	5507715
CP039835.1	93704
CP039836.1	3306
CP039837.1	5431628
CP039838.1	3371
CP039839.1	4656
CP039840.1	6265
CP039841.1	6200
CP039842.1	62787
CP039843.1	95647
CP040067.1	4778240
CP040068.1	210031
CP040069.1	97582
CP040070.1	82718
CP040071.1	7406
CP040072.1	5221
CP040073.1	1806
CP040074.1	1445
CP040075.1	1265
CP040076.1	763
CP040090.1	4707864
CP040091.1	52088
CP040092.1	63136
CP040107.1	5518535
CP040108.1	93190
CP040109.1	6042
CP040110.1	37889
CP040263.1	5191486
CP040264.1	97726
CP040265.1	73952
CP040266.1	30240
CP040267.1	7464
CP040268.1	5165
CP040269.1	4736377
CP040270.1	91123
CP040271.1	4087
CP040305.1	5539892
CP040306.1	95621
CP040307.1	5496151
CP040308.1	95642
CP040309.1	5401709
CP040310.1	93175
CP040311.1	5381728
CP040312.1	92909
CP040313.1	5396363
CP040314.1	5460921
CP040315.1	95631
CP040316.1	5449111
CP040317.1	93331
CP040390.1	5305706
CP040397.1	4759293
CP040398.1	98470
CP040399.1	51478
CP040454.1	117139
CP040455.1	101356
CP040456.1	5234468
CP040570.1	5457696
CP040571.1	92763
CP040572.1	5475399
CP040573.1	94177
CP040643.1	4775122
CP040663.1	4605015
CP040664.1	4601511
CP040667.1	4772290
CP040884.1	145272
CP040885.1	117590
CP040886.1	4934660
CP040919.1	5209476
CP040920.1	97266
CP040921.1	49465
CP040922.1	143714
CP040923.1	45224
CP040927.1	4595444
CP040928.1	163111
CP040929.1	57104
CP041001.1	75555
CP041002.1	5302688
CP041003.1	1549
CP041004.1	1245
CP041031.1	4816454
CP041032.1	126409
CP041033.1	51479
CP041110.1	4656047
CP041111.1	96497
CP041112.1	87516
CP041113.1	63011
CP041114.1	58983
CP041115.1	6078
CP041116.1	4825
CP041117.1	3133
CP041118.1	3005
CP041119.1	2920
CP041120.1	2137
CP041121.1	1749
CP041283.1	4072
CP041284.1	4659816
CP041285.1	4145
CP041286.1	102347
CP041299.1	195702
CP041300.1	5083072
CP041301.1	150137
CP041302.1	4782773
CP041303.1	157660
CP041304.1	4946083
CP041337.1	5076638
CP041338.1	161372
CP041339.1	79945
CP041340.1	5627
CP041341.1	5166
CP041342.1	5057
CP041343.1	1718
CP041358.1	130003
CP041359.1	5320024
CP041392.1	4857938
CP041393.1	139547
CP041394.1	137828
CP041411.1	4987940
CP041412.1	2916
CP041413.1	82584
CP041414.1	84140
CP041415.1	85426
CP041416.1	4706415
CP041417.1	306181
CP041418.1	3214
CP041419.1	5892
CP041420.1	65701
CP041421.1	82344
CP041422.1	4665377
CP041423.1	110902
CP041424.1	81110
CP041425.1	4928812
CP041426.1	114158
CP041427.1	67518
CP041428.1	67626
CP041429.1	5090010
CP041430.1	80039
CP041431.1	5246433
CP041432.1	80029
CP041433.1	5099527
CP041434.1	80039
CP041435.1	4917238
CP041436.1	88727
CP041437.1	4937832
CP041438.1	89435
CP041439.1	106630
CP041440.1	4072
CP041441.1	122347
CP041442.1	4735153
CP041443.1	101987
CP041444.1	78706
CP041445.1	4664
CP041446.1	2137
CP041447.1	1459
CP041448.1	4860533
CP041449.1	190128
CP041450.1	4072
CP041451.1	114322
CP041452.1	4662393
CP041453.1	92973
CP041623.1	5375715
CP041624.1	95081
CP041625.1	32726
CP041627.1	4790657
CP041628.1	4829265
CP041629.1	98476
CP041630.1	92595
CP041631.1	27108
CP041678.1	5000290
CP041679.1	88891
CP041680.1	5330
CP041681.1	4734
CP041919.1	4753449
CP041920.1	122471
CP041921.1	65845
CP041922.1	96668
CP041955.1	4856183
CP041956.1	74945
CP041957.1	83648
CP041958.1	4072
CP041959.1	84917
CP041960.1	98151
CP041996.1	4995442
CP041997.1	278067
CP042245.1	285922
CP042246.1	5126272
CP042247.1	142705
CP042248.1	102714
CP042249.1	57435
CP042250.1	5084081
CP042296.1	167256
CP042297.1	86529
CP042298.1	5270611
CP042336.1	4809386
CP042337.1	159610
CP042338.1	68545
CP042339.1	55253
CP042340.1	12602
CP042350.1	5227472
CP042351.1	93878
CP042352.1	4614872
CP042584.1	76292
CP042585.1	4733770
CP042586.1	146133
CP042587.1	246716
CP042588.1	4726527
CP042589.1	42683
CP042590.1	12602
CP042591.1	4593
CP042592.1	2724
CP042843.1	4640975
CP042844.1	4639229
CP042845.1	4635862
CP042846.1	4634116
CP042865.1	4682561
CP042866.1	266396
CP042867.1	4682572
CP042868.1	279992
CP042869.1	44240
CP042870.1	11153
CP042878.1	5299922
CP042879.1	132874
CP042880.1	49825
CP042881.1	66300
CP042885.1	167966
CP042886.1	88772
CP042887.1	68601
CP042888.1	57966
CP042889.1	7939
CP042890.1	4057
CP042891.1	3638
CP042892.1	5165075
CP042893.1	4667689
CP042894.1	141344
CP042895.1	258004
CP042896.1	4908204
CP042897.1	167754
CP042898.1	215531
CP042899.1	4958734
CP042900.1	117296
CP042901.1	4837414
CP042902.1	113908
CP042903.1	5016408
CP042934.2	4692707
CP042935.2	51479
CP042936.2	45674
CP042969.1	4985114
CP042970.1	33304
CP042971.1	41491
CP042972.1	129967
CP042973.1	4957963
CP042974.1	117296
CP043033.1	5134250
CP043034.1	224961
CP043035.1	108364
CP043036.1	61603
CP043037.1	6731
CP043038.1	4234
CP043181.1	5044633
CP043182.1	64997
CP043183.1	4656755
CP043184.1	43125
CP043185.1	4593846
CP043186.1	42591
CP043187.1	4656750
CP043188.1	42596
CP043189.1	4656553
CP043190.1	165649
CP043191.1	4656753
CP043192.1	165649
CP043193.1	4656756
CP043194.1	64997
CP043195.1	4656685
CP043196.1	64786
CP043197.1	4594168
CP043198.1	64997
CP043199.1	4668071
CP043200.1	64997
CP043201.1	4656146
CP043202.1	64997
CP043203.1	4656753
CP043204.1	64415
CP043205.1	4615343
CP043206.1	64997
CP043207.1	4615322
CP043208.1	64997
CP043209.1	4615351
CP043210.1	64997
CP043211.1	4615313
CP043212.1	64997
CP043213.1	4698238
CP043217.1	5075343
CP043218.1	102028
CP043219.1	94175
CP043220.1	64997
CP043221.1	1552
CP043227.1	4848863
CP043228.1	115935
CP043229.1	67616
CP043230.1	99461
CP043274.1	4695840
CP043275.1	34321
CP043276.1	122305
CP043277.1	89248
CP043278.1	2101
CP043279.1	4826793
CP043280.1	77649
CP043281.1	46161
CP043282.1	116435
CP043283.1	3684
CP043284.1	4800279
CP043285.1	99721
CP043286.1	111058
CP043287.1	46161
CP043288.1	86177
CP043289.1	72276
CP043290.1	5847
CP043291.1	3372
CP043292.1	2255
CP043293.1	2028
CP043294.1	1308
CP043295.1	5107105
CP043296.1	19903
CP043297.1	110724
CP043298.1	4061
CP043299.1	2959
CP043334.1	4803771
CP043335.1	51478
CP043336.1	133446
CP043337.1	90994
CP043338.1	90384
CP043339.1	5773
CP043340.1	2593
CP043341.1	2088
CP043406.1	5127396
CP043407.1	122112
CP043408.1	67044
CP043409.1	5164
CP043410.1	4072
CP043411.1	2101
CP043412.1	1934
CP043413.1	1552
CP043414.1	5133009
CP043415.1	138121
CP043478.1	5074423
CP043486.1	4789695
CP043487.1	4753097
CP043539.1	5444610
CP043542.1	5072784
CP043543.1	9683
CP043544.1	82910
CP043545.1	274059
CP043821.1	5111631
CP043822.1	39610
CP043823.1	100386
CP043824.1	114358
CP043825.1	5153748
CP043826.1	37652
CP043827.1	94550
CP043828.1	97743
CP043829.1	146074
CP043851.1	116228
CP043852.1	4804312
CP043937.1	4957901
CP043938.1	107620
CP043942.1	4849144
CP043943.1	115609
CP043944.1	99465
CP043945.1	66573
CP043946.1	4847893
CP043947.1	115932
CP043948.1	99454
CP043949.1	66611
CP043950.1	5099311
CP043951.1	228062
CP043952.1	189994
CP044137.1	88229
CP044138.1	34677
CP044139.1	92728
CP044140.1	5498215
CP044141.1	50155
CP044142.1	152532
CP044143.1	5492765
CP044144.1	92690
CP044145.1	5557507
CP044146.1	92722
CP044147.1	46899
CP044148.1	5530826
CP044149.1	74819
CP044150.1	85887
CP044293.1	4544936
CP044294.1	97529
CP044311.1	5264517
CP044312.1	5264698
CP044313.1	5310338
CP044314.1	5096264
CP044315.2	5444105
CP044402.1	49118
CP044403.1	5133330
CP044404.1	114329
CP044405.1	39455
CP044406.1	32448
CP044410.1	4658503
CP044438.1	114090
CP044439.1	99733
CP044440.1	83958
CP044441.1	5277
CP044442.1	4665
CP044443.1	4614550
CP045188.1	115253
CP045189.1	96046
CP045190.1	4710443
CP045191.1	113072
CP045206.1	4944436
CP045207.1	194162
CP045208.1	2312
CP045209.1	4907913
CP045210.1	163406
CP045211.1	65782
CP045212.1	9058
CP045213.1	5040503
CP045214.1	169291
CP045215.1	6744
CP045277.1	4812180
CP045278.1	111694
CP045279.1	82182
CP045280.1	37385
CP045281.1	29825
CP045282.1	27029
CP045283.1	7940
CP045284.1	5168
CP045285.1	4072
CP045286.1	1552
CP045457.1	4762639
CP045712.1	5297110
CP045713.1	114161
CP045714.1	108688
CP045715.1	34329
CP045716.1	7769
CP045717.1	3082
CP045741.1	4581492
CP045742.1	180783
CP045827.1	5570476
CP045828.1	100778
CP045829.1	100217
CP045830.1	2974
CP045863.1	5338790
CP045864.1	95989
CP045865.1	3306
CP045975.1	5553138
CP045976.1	94640
CP045977.1	4528123
CP045998.1	59353
CP045999.1	78498
CP046000.1	4828364
CP046001.1	73506
CP046002.1	59351
CP046003.1	4734139
CP046004.1	219101
CP046005.1	95543
CP046006.1	4710181
CP046007.1	186058
CP046008.1	114129
CP046009.1	4669207
CP046025.1	4657966
CP046026.1	104812
CP046259.1	4884967
CP046260.1	108424
CP046261.1	66053
CP046396.1	5056572
CP046416.1	4734316
CP046417.1	113995
CP046418.1	34645
CP046419.1	4305
CP046420.1	4237
CP046421.1	3282
CP046422.1	2113
CP046423.1	2043
CP046526.1	98304
CP046527.1	5511015
CP046539.1	5304684
CP046540.1	72427
CP046541.1	7047
CP046542.1	6754
CP046543.1	5631
CP046544.1	3356
CP046545.1	2571
CP046716.1	4639361
CP046717.1	190391
CP046718.1	172892
CP046719.1	33309
CP047002.1	4834034
CP047003.1	116304
CP047004.1	112016
CP047005.1	88744
CP047006.1	46161
CP047007.1	5772
CP047008.1	4505
CP047009.1	3373
CP047010.1	4710580
CP047011.1	161471
CP047012.1	101644
CP047013.1	93419
CP047014.1	60734
CP047015.1	46955
CP047016.1	6477
CP047017.1	3133
CP047018.1	1552
CP047057.1	5030182
CP047058.1	45203
CP047127.1	4582546
CP047128.1	85943
CP047231.1	4530564
CP047277.1	4774769
CP047278.1	256225
CP047378.1	5615389
CP047379.1	190219
CP047380.1	161176
CP047381.1	76633
CP047382.1	10675
CP047383.1	7098
CP047384.1	6988
CP047405.1	4922872
CP047406.1	142890
CP047407.1	76661
CP047408.1	4367
CP047455.1	4658723
CP047456.1	7542
CP047457.1	4145
CP047458.1	2028
CP047459.1	1749
CP047460.1	118248
CP047461.1	4659400
CP047462.1	7542
CP047463.1	4145
CP047464.1	2028
CP047465.1	1749
CP047466.1	114813
CP047469.1	4607778
CP047470.1	29812
CP047471.1	75321
CP047472.1	12887
CP047473.1	97200
CP047474.1	9578
CP047571.1	4561168
CP047572.1	127645
CP047573.1	113013
CP047574.1	64451
CP047575.1	2312
CP047576.1	4811585
CP047577.1	178137
CP047578.1	134426
CP047579.1	60960
CP047580.1	47443
CP047581.1	6647
CP047582.1	1506
CP047594.1	4694065
CP047600.1	4768611
CP047601.1	158248
CP047658.1	4684883
CP047659.1	251000
CP047660.1	134831
CP047661.1	6938
CP047662.1	4773797
CP047663.1	90674
CP047664.1	33309
CP047665.1	4774827
CP047666.1	251000
CP047667.1	135123
CP047710.1	4771912
CP047711.1	152546
CP047712.1	123643
CP047713.1	68886
CP047714.1	58507
CP047876.1	4775730
CP047877.1	251000
CP047878.1	135123
CP047879.1	6430
CP048009.1	51479
CP048010.1	4762142
CP048011.1	76937
CP048012.1	93625
CP048013.1	2088
CP048025.1	4830815
CP048026.1	142236
CP048027.1	88706
CP048028.1	46161
CP048107.1	5195374
CP048304.1	4959978
CP048305.1	159959
CP048306.1	110182
CP048307.1	94239
CP048308.1	26999
CP048309.1	24518
CP048310.1	4853092
CP048311.1	170395
CP048312.1	69245
CP048313.1	6200
CP048314.1	5163
CP048315.1	4417
CP048316.1	4069
CP048317.1	3372
CP048318.1	3174
CP048319.1	2101
CP048320.1	1822
CP048321.1	50168
CP048322.1	4771203
CP048323.1	10122
CP048324.1	3789
CP048325.1	50136
CP048326.1	4770210
CP048327.1	51471
CP048328.1	10122
CP048329.1	3789
CP048330.1	4891237
CP048331.1	129675
CP048332.1	51479
CP048333.1	32102
CP048334.1	13907
CP048335.1	4065
CP048336.1	4064
CP048337.1	5073188
CP048338.1	155486
CP048339.1	59239
CP048340.1	47545
CP048341.1	7939
CP048342.1	5164
CP048343.1	1458
CP048344.1	4731258
CP048345.1	97111
CP048346.1	51466
CP048347.1	28663
CP048348.1	2088
CP048359.1	4884114
CP048360.1	144585
CP048361.1	88513
CP048362.1	69538
CP048363.1	33876
CP048364.1	7872
CP048365.1	3638
CP048366.1	2101
CP048367.1	4892242
CP048368.1	132482
CP048369.1	3684
CP048370.1	2089
CP048371.1	4819649
CP048372.1	90244
CP048373.1	71270
CP048374.1	10494
CP048375.1	3684
CP048376.1	4738863
CP048377.1	86996
CP048378.1	2088
CP048439.1	4656310
CP048440.1	98786
CP048603.1	4769521
CP048604.1	4703889
CP048605.1	4945561
CP048609.1	4988995
CP048610.1	119126
CP048611.1	95952
CP048612.1	88925
CP048613.1	4073
CP048647.1	5037322
CP048648.1	126964
CP048821.1	4622863
CP048822.1	137410
CP048823.1	115329
CP048824.1	110687
CP048825.1	64916
CP048826.1	33309
CP048915.1	4741120
CP048916.1	111334
CP048917.1	92027
CP048918.1	51479
CP048919.1	2088
CP048920.1	5357129
CP048934.1	5151952
CP049077.2	5295151
CP049078.2	70739
CP049079.2	180962
CP049080.1	3372
CP049081.1	4764184
CP049082.1	143163
CP049083.1	6800
CP049084.1	3173
CP049085.2	5255749
CP049101.1	5012525
CP049102.1	168051
CP049103.1	63295
CP049104.1	6126
CP049105.1	6063
CP049106.1	4073
CP049110.1	4574891
CP049111.1	436531
CP049112.1	4576054
CP049113.1	183610
CP049114.1	254290
CP049118.1	4767973
CP049119.1	159690
CP049120.1	86557
CP049121.1	50626
CP049122.1	33858
CP049123.1	7867
CP049124.1	7462
CP049125.1	5167
CP049126.1	4548
CP049127.1	4069
CP049128.1	4062
CP049129.1	3373
CP049130.1	2275
CP049131.1	2100
CP049196.1	5268889
CP049197.1	5166228
CP049198.1	5162306
CP049201.1	5409430
CP049202.1	167766
CP049203.1	4727
CP049204.1	4866137
CP049343.1	4707626
CP049348.1	4868512
CP049349.1	194391
CP049350.1	94989
CP049351.1	68949
CP049352.1	46118
CP049353.1	4606706
CP049354.1	193098
CP049355.1	161057
CP049356.1	65023
CP049839.1	5003672
CP049840.1	91528
CP049841.1	5630
CP049842.1	2113
CP049843.1	1822
CP049844.1	88163
CP049845.1	5016451
CP049846.1	109478
CP049847.1	90408
CP049848.1	68488
CP049849.1	6336
CP049850.1	5631
CP049851.1	5119
CP049852.1	4993321
CP049853.1	102591
CP049854.1	5631
CP049855.1	4072
CP049856.1	2113
CP049936.1	4731796
CP049937.1	127295
CP049967.1	4836724
CP049968.1	230339
CP049969.1	139294
CP049970.1	101847
CP049971.1	4145
CP049972.1	3359
CP049973.1	2883
CP049974.1	1934
CP049975.1	1780
CP049979.1	4934027
CP050031.1	4697753
CP050032.1	30707
CP050033.1	4608
CP050034.1	3525
CP050035.1	2389
CP050036.1	4688561
CP050037.1	44691
CP050038.1	3525
CP050039.1	2389
CP050040.1	4506356
CP050041.1	89748
CP050042.1	3646
CP050043.1	3373
CP050044.1	4743075
CP050045.1	112291
CP050046.1	44690
CP050047.1	4801182
CP050048.1	105583
CP050049.1	27018
CP050050.1	5128
CP050051.1	4608
CP050173.1	4695656
CP050174.1	97366
CP050382.1	4859628
CP050383.1	4081
CP050384.1	121872
CP050498.1	5622341
CP050499.1	76269
CP050646.1	4745573
CP050647.1	107449
CP050997.1	64010
CP050998.1	5372589
CP050999.1	74525
CP051000.1	91886
CP051001.1	4882073
CP051158.1	4765524
CP051219.1	5061372
CP051220.1	107230
CP051221.1	46160
CP051222.1	4834675
CP051223.1	12565
CP051224.1	143259
CP051225.1	41113
CP051226.1	60732
CP051263.1	5242376
CP051609.1	5065981
CP051610.1	113351
CP051611.1	5775
CP051612.1	1907
CP051613.1	1808
CP051614.1	1549
CP051615.1	4988271
CP051616.1	134872
CP051617.1	8554
CP051618.1	5631
CP051619.1	5167
CP051620.1	1549
CP051653.1	99009
CP051654.1	45063
CP051655.1	70650
CP051656.1	175089
CP051657.1	74390
CP051658.1	53543
CP051659.1	5048620
CP051660.1	79548
CP051661.1	5023946
CP051662.1	148312
CP051663.1	5007059
CP051664.1	5167
CP051665.1	157396
CP051688.1	5329017
CP051689.1	139635
CP051690.1	39292
CP051691.1	6216
CP051694.1	5087909
CP051695.1	105394
CP051696.1	67142
CP051697.1	4067
CP051698.1	4757546
CP051699.1	117034
CP051700.1	5053537
CP051701.1	120617
CP051702.1	93339
CP051704.1	5153
CP051705.1	2337
CP051706.1	4753517
CP051707.1	114026
CP051708.1	72961
CP051709.1	12301
CP051710.1	1549
CP051711.1	5048496
CP051712.1	116892
CP051713.1	94616
CP051714.1	4911026
CP051715.1	114224
CP051716.1	4612174
CP051717.1	85236
CP051718.1	4727
CP051719.1	5007984
CP051720.1	83503
CP051721.1	65217
CP051722.1	5153
CP051723.1	4072
CP051724.1	1538
CP051725.1	5094645
CP051726.1	103780
CP051727.1	4806281
CP051728.1	189717
CP051729.1	66467
CP051730.1	6758
CP051731.1	5902
CP051732.1	4660
CP051733.1	5033898
CP051734.1	110400
CP051735.1	5050588
CP051736.1	116897
CP051737.1	71625
CP051738.1	5166012
CP051739.1	172627
CP051740.1	9703
CP051741.1	7939
CP051742.1	6265
CP051743.1	4802
CP051744.1	5139277
CP051745.1	80332
CP051746.1	6754
CP051747.1	6320
CP051748.1	4082
CP051751.1	5054966
CP051752.1	5892
CP051753.1	4863332
CP051765.1	4765874
CP051849.1	5357129
CP051850.1	7472
CP051851.1	4980
CP051852.1	1005
CP052877.1	4757725
CP052878.1	63878
CP052879.1	62933
CP052880.1	87627
CP052881.1	93854
CP053079.1	5140708
CP053080.1	5307814
CP053081.1	103328
CP053082.1	71222
CP053083.1	56716
CP053211.1	4577885
CP053212.1	33308
CP053213.1	50638
CP053231.1	5029448
CP053232.1	128584
CP053233.1	112229
CP053234.1	5186905
CP053235.1	159399
CP053236.1	111501
CP053237.1	11467
CP053238.1	8138
CP053239.1	7618
CP053240.1	5689
CP053241.1	5237
CP053242.1	4067
CP053243.1	3863
CP053244.1	3131
CP053245.1	4675501
CP053246.1	111831
CP053247.1	5152539
CP053248.1	145015
CP053249.1	5168
CP053250.1	1538
CP053251.2	5121232
CP053252.2	47295
CP053254.2	4074
CP053255.2	2113
CP053258.1	4821968
CP053259.1	4706754
CP053281.1	4982336
CP053282.1	151546
CP053283.1	68199
CP053284.1	5244439
CP053285.1	1549
CP053296.1	5138587
CP053297.1	29585
CP053298.1	119964
CP053592.1	4476260
CP053593.1	7606
CP053594.1	4478566
CP053597.1	4478959
CP053598.1	7718
CP053599.1	4476291
CP053600.1	4560909
CP053601.1	4529413
CP053602.1	4560251
CP053603.1	4628041
CP053604.1	4667764
CP053605.1	4527032
CP053606.1	231547
CP053607.1	4585413
CP053608.1	242042
CP053652.1	5279
CP053653.1	6648
CP053654.1	3499
CP053662.1	5255408
CP053663.1	340412
CP053720.1	4549695
CP053721.1	264177
CP053722.1	121655
CP053723.1	4815440
CP053724.1	99734
CP053725.1	74817
CP053726.1	50481
CP053727.1	8197
CP053728.1	80920
CP053729.1	92076
CP053730.1	4590822
CP053731.1	4992761
CP053732.1	156025
CP053733.1	141846
CP053734.1	70770
CP053735.1	33309
CP053736.1	4726108
CP053737.1	87125
CP053738.1	75733
CP053739.1	47220
CP053740.1	38002
CP053741.1	8176
CP053742.1	5238
CP053743.1	2046
CP053785.1	4739049
CP053786.1	108661
CP053787.1	4850975
CP053788.1	108661
CP053855.1	4715664
CP054161.1	5245214
CP054162.1	6222
CP054163.1	2519
CP054164.1	1393
CP054165.1	68411
CP054167.1	4063
CP054168.1	10552
CP054169.1	4832047
CP054191.1	4884596
CP054192.1	407456
CP054193.1	92646
CP054194.1	1506
CP054214.1	5025664
CP054215.1	89178
CP054216.1	88657
CP054217.1	5167
CP054218.1	2113
CP054219.1	5010549
CP054220.1	128954
CP054221.1	86740
CP054222.1	5167
CP054223.1	1506
CP054224.1	4721932
CP054225.1	123935
CP054226.1	5658
CP054227.1	4796742
CP054228.1	135461
CP054229.1	6431
CP054230.1	5129852
CP054231.1	7154
CP054232.1	4996527
CP054233.1	129632
CP054234.1	4072
CP054235.1	1551
CP054236.1	5147412
CP054237.1	131660
CP054238.1	1546
CP054282.1	4702170
CP054283.1	43621
CP054284.1	34051
CP054345.1	5023098
CP054346.1	39154
CP054347.1	5631
CP054348.1	5213
CP054349.1	5167
CP054350.1	4064
CP054351.1	3896
CP054352.1	1822
CP054353.1	5170495
CP054354.1	82764
CP054355.1	78886
CP054356.1	75628
CP054357.1	5716
CP054358.1	5153
CP054359.1	4110
CP054360.1	2311
CP054361.1	2113
CP054362.1	1552
CP054363.1	5200581
CP054364.1	126498
CP054365.1	31162
CP054366.1	8859
CP054367.1	3090
CP054368.1	4902569
CP054369.1	148443
CP054370.1	33974
CP054371.1	4957282
CP054388.1	5164344
CP054407.1	4954362
CP054408.1	147764
CP054413.1	86646
CP054414.1	88052
CP054556.1	4955271
CP054662.1	5253394
CP054663.1	108557
CP054664.1	68935
CP054665.1	4693443
CP054940.1	4879059
CP054941.1	142890
CP054942.1	76661
CP054943.1	86336
CP054944.1	3608
CP054965.1	5088138
CP054966.1	87961
CP055019.1	4933972
CP055020.1	154739
CP055021.1	4062
CP055022.1	5119240
CP055023.1	40757
CP055048.1	4986748
CP055049.1	129277
CP055050.1	46569
CP055051.1	4285
CP055251.1	4886157
CP055252.1	46914
CP055253.1	64771
CP055254.1	71937
CP055255.1	145790
CP055256.1	5146159
CP055257.1	64941
CP055258.1	116030
CP055259.1	4799791
CP055260.1	60960
CP055261.1	84033
CP055262.1	136694
CP056036.1	5219265
CP056037.1	122881
CP056038.1	66150
CP056039.1	29451
CP056040.1	1549
CP056073.1	4712822
CP056074.1	74317
CP056075.1	39140
CP056076.1	122112
CP056077.1	4735839
CP056078.1	1552
CP056079.1	134406
CP056114.1	5068795
CP056115.1	128537
CP056116.1	1550
CP058217.1	5055406
CP058218.1	3173
CP058219.1	5514
CP058220.1	5131295
CP058221.1	1566
CP058222.1	5236926
CP058223.1	4962702
CP058224.1	162608
CP058225.1	100306
CP058302.1	4769240
CP058303.1	60960
CP058304.1	84033
CP058305.1	139513
CP058308.1	4854921
CP058309.1	109907
CP058310.1	129018
CP058311.1	217263
CP058342.1	4808792
CP058343.1	140410
CP058344.1	94776
CP058355.1	4618346
CP058356.1	112466
CP058357.1	88999
CP058571.1	5146040
CP058572.1	109494
CP058573.1	88589
CP058574.1	5078198
CP058575.1	122379
CP058576.1	77194
CP058577.1	14294
CP058596.1	5203972
CP058618.1	4718403
CP058619.1	91318
CP058620.1	67321
CP058621.1	51480
CP058622.1	9135
CP058623.1	1551
CP058651.1	4692428
CP058652.1	34321
CP058653.1	154098
CP058654.1	89623
CP058655.1	2101
CP058656.1	4696162
CP058657.1	34321
CP058658.1	122305
CP058659.1	89623
CP058660.1	2101
CP058661.1	4848135
CP058662.1	68106
CP058663.1	149236
CP058664.1	53735
CP058665.1	2101
CP058682.2	5705580
CP058683.1	92578
CP058684.1	89589
CP058685.1	34196
CP058686.1	6715
CP058687.1	4742
CP058688.1	2784
CP058709.1	4670184
CP058710.1	50634
CP058711.1	104573
CP058712.1	88457
CP058713.1	99340
CP058714.1	4973495
CP058715.1	126040
CP058716.1	235360
CP058717.1	97389
CP058718.1	48680
CP058719.1	4570064
CP058720.1	87766
CP058721.1	90772
CP058722.1	90147
CP058723.1	50603
CP058724.1	4017
CP058725.1	4588839
CP058726.1	152180
CP058727.1	91934
CP058728.1	50633
CP058748.1	4872342
CP058749.1	121453
CP058750.1	95942
CP058751.1	61568
CP058874.1	4979339
CP058875.1	152887
CP058876.1	121650
CP058877.1	67224
CP058878.1	6879
CP058879.1	4902360
CP058880.1	121453
CP058881.1	96770
CP058882.1	82730
CP058883.1	60680
CP058884.1	4073
CP058885.1	2107
CP058897.1	4935580
CP058898.1	93277
CP058899.1	2113
CP058900.1	4072
CP058901.1	4735243
CP058902.1	102641
CP058903.1	74844
CP058904.1	91656
CP058917.1	4939743
CP058918.1	89795
CP058919.1	54931
CP058920.1	2113
CP058921.1	4072
CP058922.1	4976233
CP058923.1	98451
CP058924.1	2101
CP058948.1	4682503
CP058949.1	229493
CP058950.1	124445
CP059003.1	5132980
CP059004.1	96499
CP059005.1	79323
CP059006.1	46161
CP059007.1	5163
CP059008.1	3174
CP059043.1	4682503
CP059044.1	315984
CP059119.1	4943457
CP059120.1	171769
CP059121.1	82943
CP059122.1	58815
CP059123.1	6200
CP059124.1	4082
CP059125.1	4954777
CP059126.1	146488
CP059127.1	32524
CP059128.1	6200
CP059129.1	1565
CP059130.1	5216726
CP059131.1	167739
CP059132.1	4073
CP059133.1	2101
CP059134.1	1459
CP059279.1	4998812
CP059280.1	141169
CP059281.1	4999584
CP059282.1	140350
CP059283.1	4625124
CP059284.1	190381
CP059285.1	124445
CP059286.1	46161
CP059287.1	37774
CP059288.1	4587468
CP059289.1	99778
CP059290.1	92457
CP059291.1	33309
CP059292.1	32980
CP059293.1	3066
CP059332.1	5023252
CP059333.1	104838
CP059334.1	5180
CP059335.1	4090
CP059336.1	1982
CP059337.1	5219
CP059338.1	2101
CP059339.1	5082313
CP059340.1	181199
CP059341.1	2113
CP059342.1	4072
CP059717.1	2345
CP059718.1	73818
CP059719.1	3172
CP059720.1	1506
CP059721.1	6658
CP059722.1	218262
CP059723.1	4678104
CP059835.1	5081811
CP059836.1	267184
CP059837.1	133615
CP059838.1	51601
CP059839.1	82387
CP059840.2	4944462
CP059841.1	96603
CP059842.2	5218
CP059907.1	5109016
CP059908.1	193291
CP059909.1	111912
CP059910.1	99361
CP059911.1	3245
CP059912.1	1079
CP059917.1	5145105
CP059918.1	214538
CP059919.1	122123
CP059920.1	3140
CP059921.1	2096
CP059929.1	4650924
CP059930.1	99943
CP059947.1	4883081
CP059948.1	138915
CP059949.1	37662
CP059950.1	6652
CP059951.1	5631
CP059952.1	1506
CP060057.1	5295653
CP060058.1	99817
CP060059.1	7136
CP060060.1	1549
CP060061.1	5326222
CP060062.1	99817
CP060063.1	7136
CP060064.1	1549
CP060065.1	4844012
CP060066.1	148192
CP060067.1	35863
CP060068.1	12706
CP060069.1	4461
CP060070.1	3214
CP060071.1	2350
CP060072.1	1934
CP060073.1	4672168
CP060074.1	1304
CP060075.1	4953189
CP060076.1	100783
CP060077.1	50572
CP060078.1	4197
CP060079.1	1934
CP060080.1	1887
CP060081.1	1304
CP060082.1	1240
CP060083.1	5288297
CP060121.1	4528118
CP060708.1	4686434
CP060709.1	4825686
CP060748.1	4461910
CP060749.1	153051
CP060750.1	129702
CP060751.1	93922
CP060752.1	32368
CP060753.1	68439
CP060867.1	4887629
CP060868.1	147459
CP060869.1	87603
CP060870.1	4071
CP060871.1	3684
CP060872.1	2100
CP060873.1	4806953
CP060874.1	111544
CP060875.1	92062
CP060876.1	46161
CP060877.1	45345
CP060878.1	4886
CP060879.1	4067
CP060880.1	4851822
CP060881.1	83754
CP060882.1	79683
CP060883.1	46161
CP060884.1	3257
CP060885.1	4854815
CP060886.1	88670
CP060887.1	86975
CP060888.1	46161
CP060889.1	4091
CP060890.1	1549
CP060891.1	1506
CP060892.1	4864259
CP060893.1	168221
CP060894.1	110689
CP060895.1	11198
CP060896.1	6200
CP060897.1	2959
CP060898.1	2443
CP060899.1	4716858
CP060900.1	168844
CP060901.1	46161
CP060902.1	4854815
CP060903.1	88680
CP060904.1	86975
CP060905.1	46161
CP060906.1	4091
CP060907.1	1506
CP060908.1	4853491
CP060909.1	88659
CP060910.1	86975
CP060911.1	46161
CP060912.1	4091
CP060913.1	1506
CP060914.1	4957014
CP060915.1	137235
CP060916.1	91063
CP060917.1	24665
CP060918.1	3374
CP060919.1	4956833
CP060920.1	137235
CP060921.1	91360
CP060922.1	24944
CP060923.1	3374
CP060924.1	4826519
CP060925.1	159110
CP060926.1	118444
CP060927.1	24892
CP060928.1	4710280
CP060929.1	145694
CP060930.1	94661
CP060931.1	47499
CP060932.1	2045
CP060933.1	4982993
CP060934.1	137192
CP060935.1	91360
CP060936.1	24944
CP060937.1	3374
CP060938.1	4798689
CP060939.1	116611
CP060940.1	55175
CP060941.1	49849
CP060942.1	21115
CP060943.1	6189
CP060944.1	2261
CP060945.1	2101
CP060946.1	4786501
CP060947.1	87111
CP060948.1	86240
CP060949.1	61845
CP060950.1	4880174
CP060951.1	87111
CP060952.1	61845
CP060953.1	5045517
CP060954.1	168756
CP060955.1	97755
CP060956.1	11534
CP060957.1	5165
CP060958.1	4087
CP060959.1	4072
CP060960.1	2113
CP060961.1	1552
CP060962.1	1458
CP060963.1	4860415
CP060964.1	128054
CP060965.1	89379
CP060966.1	46161
CP060967.1	33308
CP060968.1	12124
CP060969.1	4801130
CP060970.1	147909
CP060971.1	111472
CP060972.1	46161
CP060973.1	4693
CP060974.1	4854869
CP060975.1	112054
CP060976.1	46164
CP060977.1	31251
CP060978.1	6647
CP060979.1	4681922
CP060980.1	140376
CP060981.1	106787
CP060982.1	48290
CP060983.1	35307
CP060984.1	8776
CP060985.1	3373
CP060986.1	1551
CP060987.1	4990666
CP060988.1	141542
CP060989.1	105686
CP060990.1	48521
CP060991.1	6200
CP060992.1	4761
CP060993.1	3372
CP061101.1	4746359
CP061102.1	95832
CP061103.1	92656
CP061104.1	39019
CP061105.1	10899
CP061106.1	3401
CP061107.1	3347
CP061108.1	4847148
CP061109.1	112598
CP061110.1	51113
CP061111.1	41391
CP061112.1	2101
CP061185.1	5023887
CP061186.1	66568
CP061187.1	157028
CP061188.1	165427
CP061206.1	5117558
CP061207.1	116466
CP061329.1	4825910
CP061330.1	127456
CP061337.1	4901256
CP061338.1	135788
CP061339.1	4902711
CP061340.1	137911
CP061530.1	4669945
CP061531.1	108197
CP061532.1	85479
CP061533.1	6076
CP061534.1	5463
CP061749.1	5029424
CP061750.1	129153
CP061751.1	96198
CP061752.1	5472
CP061753.1	14381
CP061754.1	4797000
CP061755.1	267684
CP061756.1	115966
CP061757.1	112745
CP061758.1	4795009
CP061759.1	151454
CP061760.1	172576
CP061761.1	10413
CP061762.1	2692
CP061763.1	3554
CP061764.1	5113454
CP061765.1	98015
CP061766.1	3256
CP061767.1	3272
CP061914.1	4949557
CP061915.1	68025
CP061916.1	6754
CP062160.1	5498557
CP062161.1	104844
CP062203.1	5017281
CP062204.1	5165639
CP062205.1	144932
CP062206.1	48103
CP062211.1	4932828
CP062212.1	177038
CP062213.1	88924
CP062214.1	83974
CP062215.1	44671
CP062216.1	2255
CP062217.1	1565
CP062228.1	5065741
CP062239.1	4631469
CP062240.1	4632668
CP062241.1	4632668
CP062242.1	4631469
CP062243.1	4632676
CP062244.1	4631469
CP062245.1	4631468
CP062246.1	4631469
CP062247.1	4632672
CP062248.1	4631470
CP062249.1	4632668
CP062250.1	4631469
CP062700.1	5491815
CP062701.1	90792
CP062702.1	5483624
CP062703.1	95141
CP062704.1	55197
CP062705.1	5520445
CP062706.1	92741
CP062707.1	35988
CP062708.1	5520473
CP062709.1	92743
CP062710.1	35980
CP062711.1	5520473
CP062712.1	92741
CP062713.1	5518869
CP062714.1	92742
CP062715.1	5522553
CP062716.1	96505
CP062717.1	5544976
CP062718.1	96507
CP062719.1	5558429
CP062720.1	92734
CP062721.1	5559810
CP062722.1	92718
CP062723.1	5519504
CP062724.1	92747
CP062725.1	5591596
CP062726.1	92762
CP062727.1	5513623
CP062728.1	92757
CP062729.1	5511603
CP062730.1	92757
CP062731.1	5514035
CP062732.1	95229
CP062733.1	5513996
CP062734.1	95227
CP062735.1	3306
CP062736.1	5514038
CP062737.1	95229
CP062738.1	3306
CP062739.1	5727258
CP062740.1	95229
CP062741.1	3306
CP062742.1	5516530
CP062743.1	92746
CP062744.1	5516467
CP062745.1	95227
CP062746.1	5504628
CP062747.1	92765
CP062748.1	3306
CP062749.1	5516474
CP062750.1	94070
CP062751.1	3306
CP062752.1	5504700
CP062753.1	92772
CP062754.1	3306
CP062755.1	5517845
CP062756.1	92759
CP062757.1	3306
CP062758.1	5506956
CP062759.1	92766
CP062760.1	3306
CP062761.1	5533025
CP062762.1	92756
CP062763.1	5529386
CP062764.1	92164
CP062765.1	3306
CP062766.1	5560709
CP062767.1	92793
CP062768.1	3306
CP062769.1	5459114
CP062770.1	95208
CP062771.1	5553302
CP062772.1	92751
CP062773.1	3306
CP062774.1	5502331
CP062775.1	92772
CP062776.1	35476
CP062777.1	3306
CP062778.1	5539376
CP062779.1	90783
CP062780.1	5514029
CP062781.1	95224
CP062782.1	5677503
CP062783.1	92745
CP062784.1	39226
CP062785.1	5091
CP062786.1	3306
CP062811.1	5007575
CP062812.1	109586
CP062813.1	97371
CP062814.1	114826
CP062815.1	4741428
CP062816.1	117229
CP062817.1	3319
CP062818.1	3256
CP062819.1	106948
CP062820.1	141259
CP062824.1	4861285
CP062825.1	109586
CP062826.1	4741953
CP062827.1	117229
CP062828.1	3319
CP062829.1	3256
CP062830.1	106949
CP062831.1	141262
CP062832.1	4742777
CP062833.1	109181
CP062834.1	3319
CP062835.1	3256
CP062836.1	109656
CP062837.1	141255
CP062838.1	4742760
CP062839.1	118942
CP062840.1	3319
CP062841.1	3256
CP062842.1	106949
CP062843.1	141262
CP062851.1	4629466
CP062852.1	107422
CP062853.1	4629471
CP062854.1	107422
CP062855.1	4991615
CP062856.1	4593
CP062857.1	44395
CP062858.1	150153
CP062859.1	8009
CP062860.1	97512
CP062861.1	4067
CP062862.1	112076
CP062863.1	4747340
CP062864.1	49509
CP062865.1	4752352
CP062866.1	109586
CP062867.1	155756
CP062868.1	4681154
CP062869.1	112549
CP062870.1	162467
CP062871.1	4987664
CP062872.1	9695
CP062873.1	110363
CP062874.1	123046
CP062875.1	1546
CP062876.1	4792563
CP062877.1	109586
CP062878.1	46158
CP062879.1	131388
CP062880.1	77359
CP062881.1	44740
CP062882.1	11304
CP062883.1	4743474
CP062884.1	117198
CP062885.1	3319
CP062886.1	3256
CP062887.1	106949
CP062888.1	141254
CP062889.1	4647142
CP062890.1	89847
CP062891.1	4715
CP062892.1	109586
CP062893.1	99946
CP062894.1	4286
CP062895.1	4743955
CP062896.1	108020
CP062897.1	3319
CP062898.1	3256
CP062899.1	106949
CP062900.1	141262
CP062901.1	4817187
CP062902.1	96199
CP062903.1	112293
CP062904.1	8009
CP062905.1	97516
CP062906.1	4067
CP062907.1	112076
CP062908.1	4747440
CP062909.1	49398
CP062910.1	4960359
CP062911.1	6647
CP062912.1	4073
CP062913.1	110368
CP062914.1	120310
CP062915.1	151873
CP062985.1	5065741
CP063046.1	5305214
CP063068.1	4777838
CP063069.1	62588
CP063153.1	4866010
CP063154.1	130357
CP063155.1	96139
CP063156.1	61773
CP063214.1	4990420
CP063332.1	4855951
CP063333.1	109936
CP063334.1	96331
CP063335.1	33851
CP063336.1	4655
CP063337.1	115346
CP063338.1	10567
CP063339.1	2033
CP063340.1	2149
CP063341.1	4739744
CP063342.1	184822
CP063343.1	117739
CP063344.1	27893
CP063345.1	6477
CP063346.1	4664
CP063347.1	3461
CP063348.1	2028
CP063349.1	4835995
CP063350.1	121017
CP063351.1	48054
CP063352.1	7750
CP063369.1	4838546
CP063370.1	113611
CP063371.1	108699
CP063372.1	2310
CP063459.1	4829409
CP063460.1	2097
CP063461.1	5759
CP063462.1	169293
CP063463.1	6747
CP063464.1	94799
CP063465.1	5809
CP063466.1	1563
CP063467.1	4431698
CP063468.1	35088
CP063469.1	129986
CP063470.1	47839
CP063471.1	7390
CP063472.1	29186
CP063473.1	4721128
CP063474.1	210342
CP063475.1	47868
CP063476.1	4926180
CP063477.1	113297
CP063478.1	47841
CP063479.1	4924283
CP063480.1	5330
CP063481.1	91066
CP063482.1	2347
CP063483.1	4766198
CP063484.1	77443
CP063485.1	39096
CP063486.1	71139
CP063487.1	4541428
CP063488.1	172246
CP063489.1	33309
CP063490.1	9902
CP063491.1	9580
CP063492.1	5389948
CP063493.1	101982
CP063494.1	150711
CP063495.1	56980
CP063496.1	63909
CP063497.1	8908
CP063498.1	4237
CP063499.1	4630184
CP063500.1	6846
CP063501.1	12614
CP063502.1	89721
CP063503.1	4821224
CP063504.1	5264
CP063505.1	94185
CP063506.1	131695
CP063507.1	6044
CP063508.1	6477
CP063509.1	48901
CP063510.1	2216
CP063511.1	4700986
CP063512.1	273218
CP063513.1	2345
CP063514.1	3764
CP063515.1	5048315
CP063516.1	149434
CP063517.1	69098
CP063518.1	4805989
CP063519.1	39385
CP063520.1	7397
CP063521.1	24093
CP063522.1	56996
CP063523.1	2046
CP063524.1	1580
CP063774.1	5058045
CP063775.1	58468
CP063776.1	7937
CP063777.1	5167
CP063778.1	4073
CP063983.1	5132098
CP063984.1	24185
CP063985.1	3173
CP064103.1	5284197
CP064104.1	145347
CP064105.1	47492
CP064106.1	65415
CP064107.1	86173
CP064167.1	5487634
CP064168.1	3306
CP064169.1	95164
CP064383.1	5564632
CP064384.1	92060
CP064387.1	5302905
CP064388.1	75554
CP064678.1	4631470
CP064679.1	4631470
CP064680.1	4631467
CP064681.1	4631476
CP064682.1	4631470
CP064825.1	5065741
CP064847.1	5163897
CP064848.1	130181
CP064849.1	5166
CP064850.1	2101
CP065136.1	5253435
CP065152.1	4973943
CP065153.1	237102
CP065203.1	4989356
CP065204.1	148225
CP065205.1	97334
CP065606.1	66104
CP065607.1	5312637
CP065608.1	4011
CP065609.1	6888
CP065613.1	5069623
CP065614.1	261275
CP065615.1	5272040
CP065616.1	155369
CP065617.1	5815
CP065821.1	5248388
CP065822.1	85614
CP065823.1	96506
CP065968.1	15708
CP065969.1	83533
CP065970.1	5173590
CP065971.1	128137
CP066032.1	5224443
CP066033.1	97453
CP066034.1	88626
CP066035.1	2565
CP066036.1	2664
CP066144.1	5132223
CP066145.1	48488
CP066146.1	24185
CP066147.1	3173
CP066148.1	1919
CP066366.1	4718281
CP066367.1	101116
CP066368.1	66038
CP066740.1	4780302
CP066741.1	81810
CP066742.1	8555
CP066743.1	4939708
CP066748.1	5524652
CP066749.1	95679
CP066750.1	95598
CP066751.1	8119
CP066752.1	6675
CP066753.1	5568284
CP066754.1	89397
CP066755.1	114710
CP066756.1	5455229
CP066757.1	127648
CP066758.1	3306
CP066759.1	5464804
CP066760.1	118266
CP066761.1	3306
CP066806.1	4994807
CP066807.1	131861
CP066808.1	191962
CP066836.1	5160595
CP066837.1	132050
CP066838.1	95616
CP066839.1	4705802
CP066840.1	136209
CP066841.1	113350
CP066842.1	5463
CP066843.1	4051
CP066844.1	4804173
CP066845.1	127534
CP066846.1	60935
CP067232.1	4622610
CP067233.1	107006
CP067234.1	95149
CP067235.1	4970621
CP067236.1	122982
CP067237.1	96901
CP067238.1	25897
CP067239.1	3131
CP067240.1	2295
CP067241.1	5058375
CP067242.1	144175
CP067243.1	3902
CP067244.1	1552
CP067245.1	4820906
CP067246.1	108766
CP067247.1	74070
CP067248.1	6749
CP067249.1	3673
CP067250.1	4803708
CP067251.1	133432
CP067252.1	46067
CP067253.1	6200
CP067254.1	2101
CP067265.1	4648008
CP067266.1	303836
CP067267.1	63454
CP067268.1	53010
CP067269.1	44683
CP067270.1	35341
CP067271.1	4664
CP067272.1	4183
CP067273.1	2348
CP067299.1	4625685
CP067300.1	157401
CP067301.1	72418
CP067302.1	3849
CP067303.1	4602727
CP067304.1	126378
CP067305.1	72418
CP067306.1	3849
CP067307.1	5250599
CP067308.1	226468
CP067309.1	68410
CP067310.1	53474
CP067311.1	4631526
CP067312.1	293362
CP067313.1	104584
CP067314.1	63454
CP067315.1	44683
CP067316.1	4664
CP067317.1	3223
CP067342.1	4864517
CP067343.1	61586
CP067344.1	130221
CP067399.1	4816940
CP067400.1	138776
CP067401.1	96022
CP067426.1	5520578
CP067427.1	3596
CP067428.1	5090
CP067429.1	7301
CP067430.1	92972
CP067431.1	118340
CP067994.1	4657252
CP068035.1	5179383
CP068036.1	45814
CP068037.1	18701
CP068038.1	5597
CP068039.1	75160
CP068040.1	126454
CP068041.1	4845658
CP068042.1	270816
CP068043.1	133299
CP068044.1	103093
CP068045.1	6200
CP068153.1	80453
CP068154.1	72354
CP068155.1	4938568
CP068279.1	4625856
CP068280.1	67545
CP068281.1	4669770
CP068282.1	67545
CP068283.1	4688863
CP068284.1	67408
CP068394.1	5028010
CP068591.1	4757753
CP068592.1	122138
CP068593.1	53505
CP068594.1	82214
CP068680.1	4523730
CP068681.1	82394
CP068706.1	4682670
CP068707.1	324396
CP069086.1	4620899
CP069087.1	131167
CP069088.1	97963
CP069089.1	4633
CP069090.1	5015440
CP069091.1	151998
CP069092.1	94360
CP069093.1	5198258
CP069094.1	148182
CP069095.1	29198
CP069096.1	7939
CP069097.1	5422
CP069132.1	4631465
CP069133.1	4631469
CP069386.1	4755981
CP069438.1	5011949
CP069439.1	168315
CP069441.1	5050101
CP069445.1	5201262
CP069446.1	36124
CP069447.1	4947102
CP069448.1	114237
CP069449.1	2159
CP069451.1	5082895
CP069452.1	109644
CP069453.1	4666387
CP069454.1	114230
CP069455.1	34826
CP069456.1	68946
CP069457.1	5251
CP069458.1	2495
CP069459.1	5048777
CP069460.1	36471
CP069461.1	114299
CP069462.1	3360
CP069463.1	2365
CP069464.1	1935
CP069465.1	1763
CP069466.1	1582
CP069467.1	1096
CP069468.1	11379
CP069469.1	9269
CP069480.1	5218953
CP069481.1	92886
CP069488.1	4995060
CP069489.1	14130
CP069490.1	11357
CP069491.1	9318
CP069492.1	5251
CP069493.1	5219
CP069494.1	1549
CP069499.1	118909
CP069500.1	5112099
CP069501.1	4927392
CP069502.1	77233
CP069503.1	4072
CP069517.1	5225337
CP069522.1	5363683
CP069523.1	67045
CP069524.1	2781
CP069525.1	1247
CP069528.1	5223257
CP069529.1	50009
CP069530.1	96693
CP069531.1	68185
CP069542.1	4919415
CP069543.1	50632
CP069544.1	80965
CP069545.1	3347
CP069546.1	6211
CP069547.1	3816
CP069548.1	2099
CP069549.1	4637273
CP069550.1	22870
CP069551.1	15597
CP069552.1	7964
CP069553.1	1664
CP069554.1	2495
CP069555.1	5251
CP069556.1	1190
CP069557.1	1098
CP069559.1	5008199
CP069560.1	67959
CP069561.1	144098
CP069562.1	4087
CP069570.1	90593
CP069571.1	4805734
CP069572.1	135042
CP069573.1	5164
CP069574.1	3360
CP069575.1	4271
CP069576.1	1902
CP069577.1	3071
CP069578.1	1323
CP069579.1	4654
CP069580.1	3447
CP069583.1	5213760
CP069584.1	206267
CP069585.1	5251
CP069589.1	5080830
CP069590.1	127965
CP069591.1	5631
CP069592.1	1552
CP069621.1	5050942
CP069622.1	5514
CP069623.1	3173
CP069624.1	5051874
CP069625.1	5514
CP069626.1	3173
CP069627.1	5050942
CP069628.1	5514
CP069629.1	3173
CP069630.1	5050943
CP069631.1	5514
CP069632.1	3173
CP069633.1	5050942
CP069634.1	5514
CP069635.1	3173
CP069636.1	5050942
CP069637.1	5514
CP069638.1	3173
CP069639.1	5050943
CP069640.1	5514
CP069641.1	3173
CP069642.1	5050943
CP069643.1	5514
CP069644.1	3173
CP069646.1	4780475
CP069647.1	89674
CP069648.1	67974
CP069649.1	45893
CP069650.1	33290
CP069651.1	4091
CP069652.1	3688
CP069653.1	2553
CP069654.1	1565
CP069655.1	1552
CP069656.1	1507
CP069657.1	4896568
CP069658.1	163427
CP069659.1	95526
CP069660.1	61257
CP069661.1	33303
CP069662.1	12696
CP069663.1	5874
CP069664.1	3897
CP069665.1	2255
CP069666.1	4768306
CP069667.1	85440
CP069668.1	74912
CP069669.1	33303
CP069670.1	5874
CP069671.1	5514
CP069672.1	5433
CP069673.1	4286
CP069674.1	2089
CP069675.1	1552
CP069676.1	1506
CP069677.1	5122973
CP069678.1	146908
CP069679.1	98084
CP069680.1	33305
CP069681.1	1552
CP069682.1	4590315
CP069683.1	283245
CP069684.1	102703
CP069685.1	33303
CP069686.1	5792
CP069687.1	5309
CP069688.1	4018
CP069689.1	3371
CP069690.1	3191
CP069691.1	1552
CP069692.1	4989754
CP069693.1	89956
CP069694.1	56897
CP069695.1	33288
CP069696.1	6293
CP069697.1	5631
CP069698.1	2080
CP069699.1	1551
CP069700.1	1506
CP069707.1	4861324
CP069708.1	77243
CP069709.1	4620143
CP069710.1	4761946
CP069711.1	120379
CP069712.1	4733060
CP069713.1	182585
CP069714.1	93942
CP069715.1	41110
CP069716.1	33309
CP069864.1	115574
CP069865.1	5010420
CP069866.1	54563
CP069867.1	81604
CP069868.1	5631
CP069869.1	2101
CP069870.1	5167
CP069871.1	4971
CP069872.1	2955
CP069882.1	5176465
CP069883.1	131034
CP069884.1	23235
CP069885.1	95822
CP069886.1	91616
CP069887.1	2257
CP069888.1	4104
CP069889.1	1669
CP069890.1	5028114
CP069891.1	114230
CP069893.1	5002346
CP069894.1	153221
CP069895.1	1552
CP069896.1	5014
CP069897.1	2892
CP069898.1	1716
CP069899.1	1171
CP069900.1	1041
CP069934.1	1549
CP069935.1	4986352
CP069936.1	134651
CP069937.1	3171
CP069938.1	5153
CP069945.1	4825083
CP069957.1	5115034
CP069958.1	94581
CP069959.1	135867
CP069960.1	1213
CP069970.1	39407
CP069971.1	48644
CP069972.1	83090
CP069973.1	5144509
CP069974.1	136429
CP069975.1	41445
CP069976.1	1631
CP069977.1	1572
CP069978.1	5071446
CP069979.1	99190
CP069980.1	5058969
CP069981.1	34441
CP069982.1	116491
CP069983.1	5166
CP069984.1	2042
CP069985.1	4072
CP069986.1	2544
CP069987.1	1464
CP069988.1	3909
CP069989.1	3133
CP069990.1	5141076
CP069991.1	133493
CP069996.1	5171181
CP069997.1	47037
CP069998.1	132040
CP069999.1	82270
CP070000.1	4066
CP070001.1	5164
CP070002.1	5631
CP070003.1	1570
CP070004.1	2101
CP070005.1	4760
CP070006.1	1734
CP070007.1	5269977
CP070008.1	198318
CP070009.1	86286
CP070010.1	15883
CP070011.1	69565
CP070012.1	32611
CP070013.1	5167
CP070014.1	4072
CP070025.1	48850
CP070026.1	4721433
CP070027.1	110044
CP070028.1	4286
CP070029.1	4082
CP070030.1	4245
CP070031.1	2102
CP070032.1	1551
CP070033.1	9822
CP070034.1	9009
CP070035.1	51967
CP070041.1	5025287
CP070042.1	114229
CP070043.1	1234
CP070044.1	86762
CP070045.1	5205669
CP070048.1	5122397
CP070049.1	69521
CP070050.1	5163
CP070051.1	1549
CP070052.1	2042
CP070053.1	3201
CP070054.1	1025
CP070055.1	1021
CP070056.1	1013
CP070063.1	4672959
CP070064.1	36331
CP070065.1	114236
CP070066.1	4876119
CP070067.1	123092
CP070068.1	1440
CP070070.1	112030
CP070071.1	5109571
CP070072.1	136908
CP070073.1	68898
CP070074.1	115209
CP070075.1	2257
CP070076.1	2938
CP070077.1	5063882
CP070078.1	60771
CP070079.1	5570
CP070080.1	5164
CP070081.1	2101
CP070095.1	5570
CP070096.1	5164
CP070097.1	104896
CP070098.1	5222443
CP070099.1	2101
CP070100.1	3044
CP070103.1	4710693
CP070104.1	40637
CP070111.1	5030370
CP070112.1	88686
CP070113.1	81012
CP070114.1	5166
CP070115.1	5105031
CP070116.1	150643
CP070117.1	24413
CP070118.1	69978
CP070119.1	3319
CP070120.1	4072
CP070121.1	5163
CP070122.1	1329
CP070123.1	1206
CP070124.1	4982306
CP070125.1	114213
CP070126.1	6648
CP070127.1	1843
CP070128.1	5171
CP070129.1	4992
CP070130.1	3681
CP070131.1	1739
CP070132.1	16992
CP070133.1	151845
CP070134.1	5211013
CP070135.1	108185
CP070136.1	48183
CP070137.1	37228
CP070138.1	5631
CP070139.1	1603
CP070140.1	1713
CP070141.1	1377
CP070142.1	1312
CP070143.1	5183
CP070148.1	5032882
CP070149.1	26755
CP070150.1	124137
CP070151.1	136864
CP070152.1	5045492
CP070153.1	3004
CP070154.1	1627
CP070155.1	1293
CP070156.1	1161
CP070157.1	5082423
CP070162.1	5081525
CP070163.1	114874
CP070164.1	5153
CP070165.1	1549
CP070166.1	5221
CP070167.1	5504
CP070168.1	1130
CP070170.1	4949188
CP070171.1	118581
CP070227.1	5030087
CP070229.1	4951794
CP070230.1	163194
CP070231.1	58414
CP070232.1	4678626
CP070587.1	88947
CP070588.1	18779
CP070589.1	6895
CP070590.1	101334
CP070591.1	4087
CP070592.1	1549
CP070593.1	4960323
CP070902.1	4770142
CP070903.1	173696
CP070904.1	2460
CP070905.1	1506
CP070906.1	4892887
CP070907.1	142545
CP070908.1	111012
CP070909.1	2334
CP070910.1	2257
CP070911.1	2137
CP070912.1	2136
CP070913.1	1917
CP070914.1	4722363
CP070915.1	217265
CP070916.1	106065
CP070917.1	4710
CP070918.1	3373
CP070919.1	1551
CP070920.1	4790484
CP070921.1	131966
CP070922.1	104226
CP070923.1	102703
CP070924.1	60993
CP070925.1	50323
CP070926.1	4980
CP070927.1	4237
CP070928.1	3375
CP070929.1	1618
CP070930.1	4668053
CP070931.1	52585
CP070932.1	34313
CP070933.1	3723
CP070934.1	2516
CP070962.1	4634108
CP070963.1	154497
CP071002.1	5215009
CP071003.1	85615
CP071004.1	96508
CP071073.1	5164876
CP071074.1	169082
CP071075.1	129523
CP071076.1	93750
CP071077.1	64917
CP071078.1	5167
CP071079.1	4072
CP071124.1	4634588
CP071259.1	5158230
CP071260.1	63589
CP071263.1	5241795
CP071264.1	63589
CP071328.1	4749838
CP071329.1	189691
CP071330.1	100826
CP071331.1	5390
CP071375.1	5022520
CP071436.1	4560454
CP071437.1	37036
CP071438.1	25037
CP071439.1	5013302
CP071440.1	98697
CP071441.1	4828326
CP071442.1	159570
CP071443.1	88572
CP071521.1	4690878
CP071522.1	5078748
CP071523.1	49605
CP071524.1	5627
CP071711.1	5489118
CP071712.1	268215
CP071713.1	94345
CP071714.1	94094
CP071715.1	6773
CP071716.1	6675
CP071954.1	5227361
CP072054.1	4526746
CP072204.1	4933433
CP072312.1	84178
CP072313.1	36351
CP072314.1	60072
CP072315.1	234576
CP072316.1	33308
CP072317.1	68833
CP072322.1	4830935
CP072323.1	142200
CP072324.1	63589
CP072539.1	4947577
CP072540.1	103129
CP072541.1	66909
CP072542.1	4842
CP072543.1	1935
CP072544.1	3211
CP072545.1	2454
CP072564.1	4656810
CP072565.1	4656824
CP072566.1	4656499
CP072686.1	5099979
CP072687.1	5085570
CP072688.1	5099806
CP072784.1	5030087
CP072785.1	5030087
CP072786.1	5030087
CP072787.1	5030087
CP072802.1	4781220
CP072803.1	267744
CP072804.1	69302
CP072805.1	1943
CP072806.1	91224
CP072807.1	110313
CP072858.1	4750895
CP072859.1	116735
CP072860.1	48636
CP072861.1	6201
CP072862.1	4072
CP072863.1	3423
CP072864.1	2462
CP072976.1	4769833
CP072977.1	144818
CP072978.1	107480
CP072979.1	76592
CP072980.1	5183755
CP072981.1	94462
CP072982.1	81323
CP072986.1	4657782
CP072987.1	104812
CP073360.1	4876824
CP073361.1	223103
CP073362.1	134098
CP073363.1	45122
CP073364.1	3904
CP073589.1	5024654
CP073590.1	122855
CP073621.1	4979906
CP073622.1	115443
CP073623.1	222008
CP073624.1	4950124
CP073625.1	105640
CP073626.1	75842
CP073718.1	4866875
CP073719.1	4868473
CP073768.1	4699374
CP073769.1	67125
CP073770.1	64665
CP073924.1	4827999
CP073925.1	252347
CP073926.1	4858832
CP073927.1	118380
CP073928.1	1546
CP073929.1	4781577
CP073930.1	112470
CP073931.1	37766
CP073932.1	4681356
CP073933.1	85429
CP073934.1	3598
CP073935.1	2630
CP073936.1	4720983
CP073937.1	46249
CP073938.1	3175
CP073939.1	4588635
CP073940.1	112732
CP073941.1	4509
CP073942.1	3180
CP073943.1	4614959
CP073944.1	67961
CP073945.1	3258
CP073946.1	4795272
CP073947.1	87651
CP073948.1	57766
CP073949.1	4664121
CP073950.1	117974
CP073951.1	37766
CP073952.1	3348
CP073953.1	4834128
CP073954.1	94480
CP073955.1	94013
CP073956.1	38404
CP073957.1	36963
CP073958.1	4750074
CP073959.1	214096
CP073960.1	44896
CP073961.1	4074
CP073962.1	4844977
CP073963.1	133598
CP073964.1	98314
CP073965.1	6200
CP073966.1	4772
CP073967.1	2042
CP073968.1	4769045
CP073969.1	247187
CP073970.1	141466
CP073971.1	112094
CP073972.1	2955
CP073973.1	2028
CP073974.1	4694236
CP073975.1	3705
CP073976.1	4693340
CP073977.1	241691
CP073978.1	104269
CP073979.1	11809
CP073980.1	5128
CP073981.1	4774884
CP073982.1	247187
CP073983.1	2579
CP073984.1	4779067
CP073985.1	247187
CP073986.1	108307
CP073987.1	2442
CP073988.1	4557315
CP073989.1	134191
CP073990.1	36593
CP073991.1	7538
CP073992.1	3402
CP073993.1	2579
CP073994.1	4780610
CP073995.1	98811
CP073996.1	4651255
CP073997.1	112588
CP073998.1	42865
CP073999.1	4145
CP074000.1	4088
CP074001.1	4649674
CP074002.1	136494
CP074003.1	29022
CP074004.1	2963
CP074005.1	4689191
CP074006.1	3317
CP074007.1	4834399
CP074008.1	112267
CP074009.1	84156
CP074010.1	9174
CP074011.1	8622
CP074012.1	4643405
CP074013.1	140432
CP074014.1	38883
CP074015.1	9564
CP074016.1	3145
CP074017.1	2579
CP074018.1	2164
CP074019.1	4790672
CP074020.1	120320
CP074021.1	88082
CP074022.1	54950
CP074023.1	6647
CP074024.1	4668517
CP074025.1	49405
CP074026.1	3608
CP074027.1	2579
CP074028.1	4782877
CP074029.1	32666
CP074030.1	3056
CP074031.1	5005235
CP074032.1	129015
CP074033.1	4904779
CP074034.1	96684
CP074035.1	90815
CP074036.1	88772
CP074037.1	6647
CP074038.1	5165
CP074039.1	4066
CP074040.1	3372
CP074041.1	1454
CP074042.1	4652192
CP074043.1	96383
CP074044.1	44800
CP074045.1	4663
CP074046.1	2393
CP074047.1	4696020
CP074048.1	218006
CP074049.1	102246
CP074050.1	19393
CP074051.1	10820
CP074052.1	5175971
CP074053.1	2963
CP074120.1	4844032
CP074121.1	145550
CP074122.1	111789
CP074123.1	110400
CP074124.1	99826
CP074125.1	6200
CP074354.1	4624350
CP074355.1	209150
CP074356.1	4870650
CP074357.1	267429
CP074358.1	92777
CP074359.1	4632695
CP074360.1	154679
CP074366.1	4855674
CP074367.1	226158
CP074368.1	87829
CP074369.1	93492
CP074407.1	4928781
CP074408.1	71810
CP074576.1	4903022
CP074577.1	189141
CP074680.1	4879505
CP074681.1	158291
CP074682.1	63589
CP074701.1	5041266
CP074702.1	219118
CP074703.1	116496
CP074704.1	95167
CP074705.1	72073
CP074706.1	8909
CP074717.1	5559588
CP074718.1	96017
CP074719.1	6715
CP074720.1	6675
CP074721.1	5642412
CP074722.1	6763
CP074723.1	6715
CP074724.1	6665
CP074725.1	4876575
CP074726.1	5366844
CP074727.1	150453
CP074728.1	71705
CP074729.1	56169
CP074730.1	5579309
CP074731.1	98665
CP074732.1	94749
CP074733.1	83692
CP074734.1	6715
CP074735.1	6675
CP074742.1	5655454
CP074743.1	88809
CP074744.1	62385
CP074745.1	8118
CP074746.1	6715
CP074747.1	6211
CP074748.1	4148
CP074749.1	4900521
CP074750.1	5430772
CP074751.1	148643
CP074752.1	37452
CP074753.1	6674
CP074754.1	4719615
CP074755.1	162179
CP074756.1	5750479
CP074757.1	136122
CP074758.1	4865
CP074759.1	3151
CP074760.1	5381244
CP074761.1	161236
CP074762.1	33627
CP074763.1	6851
CP074764.1	5576468
CP074765.1	58095
CP074766.1	5689187
CP074767.1	88848
CP074768.1	7323
CP074769.1	5454148
CP074770.1	161406
CP074771.1	70371
CP074772.1	31816
CP074773.1	5905316
CP074774.1	120615
CP074775.1	92601
CP074776.1	6675
CP074777.1	5838338
CP074778.1	97260
CP074779.1	91398
CP074780.1	3914
CP074781.1	5838337
CP074782.1	97260
CP074783.1	91398
CP074784.1	3914
CP074785.1	5741055
CP074786.1	208746
CP074787.1	94750
CP074788.1	6744
CP074789.1	5755
CP074790.1	3120
CP074791.1	5468536
CP074792.1	154743
CP074793.1	97456
CP074794.1	97179
CP074795.1	95311
CP074796.1	33877
CP074797.1	6715
CP074798.1	6675
CP074799.1	4716
CP074800.1	5697278
CP074801.1	96016
CP074802.1	6715
CP074803.1	6675
CP074804.1	5681430
CP074805.1	95809
CP074806.1	94749
CP074807.1	21087
CP074808.1	6744
CP074809.1	5754
CP074810.1	2678
CP074811.1	5692995
CP074812.1	99276
CP074813.1	92185
CP074814.1	6675
CP074815.1	5462209
CP074816.1	142713
CP074817.1	99761
CP074818.1	6674
CP074819.1	5473360
CP074820.1	183524
CP074821.1	164310
CP074822.1	119326
CP074823.1	3553
CP074824.1	5369476
CP074825.1	152281
CP074826.1	5662153
CP074827.1	96017
CP074828.1	6675
CP074829.1	6715
CP074830.1	5516501
CP074831.1	147867
CP074832.1	67115
CP074833.1	7085
CP074834.1	6674
CP074835.1	5440762
CP074836.1	147866
CP074837.1	69919
CP074838.1	6674
CP074839.1	5534920
CP074840.1	94749
CP074841.1	13611
CP074842.1	6715
CP074843.1	6675
CP074844.1	3138
CP074845.1	5736601
CP074846.1	94751
CP074847.1	6715
CP074848.1	6675
CP074849.1	5378850
CP074850.1	149538
CP074851.1	6674
CP074852.1	4599
CP074853.1	5773046
CP074854.1	89894
CP074855.1	6673
CP074856.1	5405478
CP074857.1	159230
CP074858.1	6674
CP074859.1	5529539
CP074860.1	147186
CP074861.1	5543715
CP074862.1	147194
CP074863.1	5494776
CP074864.1	145881
CP074865.1	83548
CP074866.1	5594293
CP074867.1	151043
CP074868.1	5438625
CP074869.1	154128
CP074870.1	92785
CP074871.1	70888
CP074872.1	5535686
CP074873.1	151043
CP074874.1	5431911
CP074875.1	150472
CP074876.1	5461595
CP074877.1	147709
CP074878.1	6674
CP074879.1	5701586
CP074880.1	98734
CP074881.1	93843
CP074882.1	70472
CP074883.1	6715
CP074884.1	6674
CP074885.1	5700536
CP074886.1	92694
CP074887.1	6763
CP074888.1	6715
CP074889.1	6675
CP074890.1	5712850
CP074891.1	97457
CP074892.1	94134
CP074893.1	6715
CP074894.1	6633
CP074895.1	5438720
CP074896.1	147148
CP074897.1	31858
CP074898.1	5429207
CP074899.1	148625
CP074900.1	5902001
CP074901.1	120615
CP074902.1	92601
CP074903.1	6675
CP074904.1	5657421
CP074905.1	98161
CP074906.1	6715
CP074907.1	6675
CP074908.1	3133
CP074909.1	5411966
CP074910.1	150472
CP074911.1	5364341
CP074912.1	149955
CP074913.1	8502
CP074914.1	5640601
CP074915.1	95121
CP074916.1	8106
CP074917.1	6715
CP074918.1	6675
CP074919.1	2297
CP074920.1	1549
CP074921.1	5738635
CP074922.1	93483
CP074923.1	4148
CP074924.1	5782067
CP074925.1	94750
CP074926.1	6715
CP074927.1	6675
CP074928.1	5611560
CP074929.1	145881
CP074930.1	32451
CP074931.1	6674
CP074932.1	5366840
CP074933.1	150453
CP074934.1	71705
CP074935.1	56212
CP074936.1	5432413
CP074937.1	153098
CP074938.1	6674
CP074939.1	5657542
CP074940.1	91319
CP074941.1	73158
CP074942.1	5439434
CP074943.1	150737
CP074944.1	32937
CP074945.1	6674
CP074946.1	5629743
CP074947.1	95290
CP074948.1	6744
CP074949.1	6715
CP074950.1	4148
CP074951.1	5740140
CP074952.1	92600
CP074953.1	6675
CP074954.1	5647774
CP074955.1	94742
CP074956.1	6715
CP074957.1	6675
CP074958.1	5650640
CP074959.1	126932
CP074960.1	97804
CP074961.1	5733913
CP074962.1	126911
CP074963.1	5695994
CP074964.1	94749
CP074965.1	6715
CP074966.1	6675
CP074967.1	5868528
CP074968.1	96365
CP074969.1	89894
CP074970.1	68484
CP074971.1	5530674
CP074972.1	98665
CP074973.1	94749
CP074974.1	83883
CP074975.1	6715
CP074976.1	6675
CP074977.1	5360775
CP074978.1	148644
CP074979.1	123708
CP074980.1	90647
CP074981.1	8502
CP074982.1	5614643
CP074983.1	90124
CP074984.1	4154
CP074985.1	4073
CP074986.1	3133
CP074987.1	5668708
CP074988.1	92601
CP074989.1	88215
CP074990.1	6675
CP074991.1	5709939
CP074992.1	94700
CP074993.1	6675
CP074994.1	5611382
CP074995.1	166865
CP074996.1	93970
CP074997.1	6715
CP074998.1	5694404
CP074999.1	89950
CP075000.1	65222
CP075001.1	5393
CP075002.1	4148
CP075003.1	5743442
CP075004.1	92601
CP075005.1	6675
CP075006.1	5711661
CP075007.1	90120
CP075008.1	6715
CP075009.1	6675
CP075056.1	209088
CP075057.1	108031
CP075058.1	107542
CP075059.1	101922
CP075060.1	48292
CP075061.1	4805441
CP075062.1	4948775
CP075063.1	140375
CP075064.1	101266
CP075065.1	5128
CP075066.1	4609
CP075067.1	60959
CP075374.1	4953112
CP075375.1	74773
CP075376.1	88195
CP075377.1	89891
CP075378.1	279642
CP075461.1	94512
CP075462.1	4707566
CP075463.1	97500
CP075464.1	102015
CP075465.1	4581520
CP075466.1	93368
CP075467.1	103081
CP075468.1	4072
CP075469.1	4756823
CP075470.1	101476
CP075471.1	122563
CP075472.1	4617056
CP075473.1	148421
CP075474.1	4656921
CP075475.1	108720
CP075476.1	7542
CP075477.1	4681062
CP075478.1	82668
CP075479.1	102128
CP075480.1	4582497
CP075481.1	103246
CP075482.1	93332
CP075483.1	76891
CP075484.1	4678425
CP075485.1	115741
CP075486.1	130047
CP075487.1	4658215
CP075488.1	108720
CP075627.1	4966561
CP075628.1	118360
CP075629.1	100108
CP075630.1	8120
CP075631.1	1549
CP075632.1	5201011
CP075633.1	120601
CP075634.1	119130
CP075635.1	5598
CP075636.1	2464
CP075637.1	1603
CP075638.1	1548
CP075639.1	5936
CP075640.1	5076702
CP075641.1	133041
CP075642.1	42892
CP075643.1	7768
CP075644.1	6995
CP075645.1	6754
CP075646.1	6683
CP075647.1	3494
CP075648.1	3064
CP075649.1	5163918
CP075650.1	8121
CP075651.1	5928
CP075652.1	5068537
CP075653.1	111930
CP075654.1	106915
CP075655.1	61269
CP075656.1	7684
CP075657.1	6744
CP075658.1	3563
CP075659.1	3137
CP075660.1	1586
CP075661.1	1552
CP075662.1	837
CP075663.1	5013656
CP075664.1	118523
CP075665.1	5442466
CP075666.1	129935
CP075667.1	48758
CP075668.1	36145
CP075669.1	7087
CP075670.1	5969
CP075671.1	5698
CP075672.1	2682
CP075673.1	2630
CP075674.1	2396
CP075675.1	2225
CP075676.1	1964
CP075677.1	1560
CP075678.1	1548
CP075679.1	1448
CP075697.1	5163725
CP075698.1	106835
CP075699.1	90123
CP075700.1	87927
CP075701.1	59820
CP075702.1	40792
CP075703.1	24412
CP075704.1	11545
CP075705.1	7118
CP075706.1	6335
CP075707.1	5716
CP075708.1	5654
CP075709.1	3904
CP075710.1	2852
CP075711.1	2461
CP075712.1	2337
CP075713.1	1599
CP075714.1	1549
CP075716.1	4870208
CP075717.1	162438
CP075718.1	81639
CP075719.1	63918
CP075720.1	60485
CP075721.1	29590
CP075722.1	4633513
CP075723.1	106446
CP075724.1	91697
CP075725.1	83577
CP075726.1	9537
CP075727.1	6477
CP075728.1	4084
CP075729.1	3887
CP075730.1	1749
CP075731.1	4817373
CP075732.1	115794
CP075733.1	33858
CP075734.1	8153
CP075735.1	6759
CP075736.1	1749
CP075737.1	4714179
CP075738.1	222848
CP075739.1	116264
CP075740.1	95375
CP075741.1	77891
CP075742.1	49708
CP075743.1	9022
CP075744.1	5591
CP075745.1	3461
CP075746.1	3272
CP075747.1	1459
CP075852.1	5137408
CP075853.1	117341
CP075854.1	114566
CP075855.1	7684
CP075856.1	5654
CP075857.1	5631
CP075858.1	4714
CP075859.1	3606
CP075860.1	2849
CP075861.1	2275
CP075862.1	2255
CP075863.1	1549
CP076123.1	5048308
CP076124.1	114223
CP076230.1	5544602
CP076231.1	94756
CP076232.1	5598953
CP076233.1	55027
CP076234.1	96510
CP076235.1	5415130
CP076236.1	94567
CP076237.1	5528657
CP076238.1	7323
CP076239.1	95343
CP076240.1	3306
CP076241.1	5425421
CP076242.1	94989
CP076243.1	5503851
CP076244.1	94595
CP076245.1	5457079
CP076246.1	95209
CP076247.1	3306
CP076259.1	4808425
CP076260.1	89049
CP076261.1	115220
CP076262.1	4985310
CP076263.1	77652
CP076264.1	4891770
CP076265.1	145019
CP076266.1	100556
CP076267.1	38709
CP076268.1	4775327
CP076269.1	88268
CP076270.1	4905557
CP076271.1	127140
CP076272.1	4994074
CP076273.1	88425
CP076274.1	5132701
CP076275.1	153041
CP076276.1	4860798
CP076277.1	149410
CP076278.1	115220
CP076279.1	5035328
CP076280.1	149690
CP076281.1	94001
CP076282.1	4831855
CP076283.1	77995
CP076284.1	58159
CP076285.1	4663538
CP076301.1	5099687
CP076302.1	127528
CP076303.1	96219
CP076304.1	48543
CP076305.1	4779689
CP076306.1	89595
CP076307.1	86764
CP076308.1	51468
CP076309.1	26256
CP076310.1	2213
CP076311.1	1549
CP076312.1	4065
CP076313.1	3372
CP076314.1	104422
CP076315.1	167285
CP076316.1	2101
CP076317.1	1506
CP076318.1	4829544
CP076319.1	51479
CP076320.1	13906
CP076321.1	4073
CP076344.1	4944762
CP076345.1	101018
CP076346.1	44199
CP076347.1	2113
CP076404.1	4590098
CP076470.1	4586346
CP076527.1	4729571
CP076528.1	82856
CP076529.1	67321
CP076530.1	51480
CP076531.1	34206
CP076645.1	5013406
CP076646.1	4689116
CP076647.1	113068
CP076648.1	266777
CP076649.1	79203
CP076650.1	90896
CP076654.1	4820788
CP076655.1	166302
CP076687.1	5085697
CP076688.1	116936
CP076689.1	5099831
CP076690.1	85614
CP076691.1	1640
CP076692.1	25878
CP076693.1	5181038
CP076694.1	146805
CP076695.1	4084
CP076696.1	5168
CP076697.1	5052030
CP076698.1	34316
CP076699.1	102381
CP076700.1	1546
CP076704.1	4799802
CP076705.1	117710
CP076706.1	4863942
CP076707.1	128277
CP076708.1	48944
CP076709.1	4967135
CP076710.1	86487
CP076711.1	69043
CP076712.1	66958
CP076713.1	2097
CP077436.1	5425231
CP077437.1	148812
CP077438.1	80963
CP077439.1	46355
CP077440.1	6757
CP077441.1	6673
CP077442.1	5311199
CP077443.1	102994
CP077444.1	78380
CP077445.1	8119
CP077446.1	6673
CP077447.1	5381448
CP077448.1	121960
CP077449.1	100519
CP077450.1	69458
CP077451.1	6673
CP077452.1	5302516
CP077453.1	93575
CP077454.1	89944
CP077455.1	85559
CP077456.1	7937
CP077457.1	6795
CP077458.1	6673
CP077459.1	4087
CP077460.1	5406881
CP077461.1	186654
CP077462.1	97793
CP077463.1	79776
CP077464.1	6674
CP077465.1	5312919
CP077466.1	60302
CP077467.1	7323
CP077468.1	6795
CP077469.1	5351180
CP077470.1	92216
CP077471.1	60632
CP077472.1	4148
CP077473.1	5335555
CP077474.1	80078
CP077475.1	6774
CP077476.1	6715
CP077477.1	5207197
CP077478.1	95860
CP077479.1	5356175
CP077480.1	97453
CP077481.1	5564161
CP077482.1	223327
CP077483.1	171286
CP077484.1	97999
CP077485.1	91118
CP077486.1	68033
CP077487.1	8120
CP077488.1	6795
CP077489.1	6673
CP077490.1	6647
CP077491.1	5756848
CP077492.1	96776
CP077493.1	95569
CP077494.1	94918
CP077495.1	5423
CP077496.1	4715
CP077497.1	4636
CP077498.1	2781
CP077499.1	5818748
CP077500.1	124962
CP077501.1	77185
CP077502.1	8106
CP077503.1	6673
CP077504.1	4468
CP077505.1	1552
CP077506.1	5469279
CP077507.1	124478
CP077508.1	121737
CP077509.1	102237
CP077510.1	90711
CP077511.1	6672
CP077512.1	4468
CP077513.1	1552
CP077514.1	1506
CP077515.1	5290005
CP077516.1	78353
CP077517.1	67776
CP077518.1	6673
CP077519.1	5319617
CP077520.1	81587
CP077521.1	8550
CP077522.1	6229
CP077523.1	5569
CP077524.1	5060
CP077525.1	2051
CP077526.1	5303720
CP077527.1	185097
CP077528.1	76460
CP077529.1	8120
CP077530.1	4468
CP077531.1	5287399
CP077532.1	78445
CP077533.1	7175
CP077534.1	6795
CP077535.1	6758
CP077536.1	6673
CP077537.1	4399
CP077538.1	5364253
CP077539.1	81099
CP077540.1	5355287
CP077541.1	101761
CP077542.1	73996
CP077543.1	6673
CP077544.1	3941
CP077545.1	5354997
CP077546.1	101763
CP077547.1	75818
CP077548.1	46350
CP077549.1	8119
CP077550.1	6673
CP077551.1	5287691
CP077552.1	126789
CP077553.1	91375
CP077554.1	83017
CP077555.1	6673
CP077556.1	5132
CP077557.1	5350882
CP077558.1	80285
CP077559.1	33826
CP077560.1	6673
CP077561.1	6078
CP077562.1	5219080
CP077563.1	78493
CP077564.1	6673
CP077565.1	5364259
CP077566.1	81099
CP077567.1	5758746
CP077568.1	99452
CP077569.1	92893
CP077570.1	92211
CP077571.1	85803
CP077572.1	4715
CP077573.1	3441
CP077574.1	5392048
CP077575.1	116082
CP077576.1	107602
CP077577.1	83146
CP077578.1	53535
CP077579.1	8501
CP077580.1	5698
CP077581.1	4585
CP077582.1	4468
CP077583.1	3253
CP077584.1	1549
CP077585.1	5428505
CP077586.1	78178
CP077587.1	6673
CP077588.1	5391594
CP077589.1	124177
CP077590.1	83981
CP077591.1	67115
CP077592.1	7085
CP077593.1	6796
CP077594.1	6673
CP077595.1	4468
CP077596.1	5264773
CP077597.1	80297
CP077598.1	6673
CP077599.1	4468
CP077600.1	5356930
CP077601.1	73966
CP077602.1	6673
CP077646.1	4798159
CP077647.1	138757
CP077648.1	7525
CP077649.1	4797801
CP077650.1	138757
CP077651.1	7525
CP077969.2	4558296
CP078136.1	136082
CP078137.1	4747607
CP079735.1	4552324
CP079736.1	4553952
CP079747.1	4558813
CP079765.1	265589
CP079766.1	127890
CP079767.1	4724773
CP079768.1	41027
CP079769.1	266941
CP079770.1	4724779
CP079771.1	41027
CP079772.1	4593935
CP079773.1	106228
CP079774.1	76462
CP079775.1	33587
CP079776.1	106228
CP079777.1	119769
CP079778.1	76462
CP079779.1	37819
CP079780.1	4594222
CP079991.1	4735940
CP079992.1	4735941
CP079993.1	4734605
CP080056.1	4836940
CP080057.1	108275
CP080058.1	104551
CP080059.1	94084
CP080060.1	6647
CP080061.1	4607
CP080062.1	4593
CP080063.1	4073
CP080064.1	1943
CP080065.1	1718
CP080066.1	4736355
CP080067.1	97038
CP080068.1	39170
CP080069.1	4608
CP080070.1	4677014
CP080071.1	16714
CP080072.1	13952
CP080073.1	4096
CP080074.1	563
CP080075.1	4722146
CP080076.1	144481
CP080077.1	51975
CP080078.1	5920
CP080079.1	2042
CP080080.1	4575936
CP080081.1	246552
CP080082.1	110148
CP080083.1	93332
CP080084.1	4894
CP080085.1	4702641
CP080086.1	36179
CP080087.1	13936
CP080088.1	2390
CP080116.1	5112272
CP080117.1	4983348
CP080118.1	5168848
CP080119.1	5185411
CP080120.1	5271974
CP080121.1	4521760
CP080122.1	267091
CP080123.1	139269
CP080124.1	105596
CP080125.1	2871
CP080126.1	4694352
CP080127.1	156326
CP080128.1	122366
CP080129.1	91844
CP080130.1	60659
CP080131.1	3553
CP080132.1	1552
CP080133.1	4621390
CP080134.1	101760
CP080135.1	98016
CP080136.1	60961
CP080137.1	49201
CP080138.1	6680
CP080139.1	5501454
CP080140.1	66580
CP080141.1	62272
CP080142.1	82038
CP080143.1	33837
CP080144.1	5304
CP080145.1	2337
CP080146.1	4944641
CP080147.1	12396
CP080148.1	60979
CP080149.1	110377
CP080150.1	107696
CP080151.1	100987
CP080152.1	8909
CP080153.1	3852
CP080154.1	1527
CP080155.1	5194034
CP080156.1	119081
CP080157.1	180318
CP080158.1	145740
CP080159.1	8910
CP080160.1	4234
CP080161.1	2313
CP080162.1	2096
CP080163.1	5193199
CP080164.1	119081
CP080165.1	180290
CP080166.1	145740
CP080167.1	82139
CP080168.1	8910
CP080169.1	4234
CP080170.1	2313
CP080171.1	2096
CP080172.1	4859576
CP080173.1	169561
CP080174.1	117749
CP080175.1	111556
CP080176.1	3553
CP080223.1	4963420
CP080224.1	226437
CP080225.1	103673
CP080226.1	82610
CP080227.1	82875
CP080228.1	86378
CP080229.1	74646
CP080230.1	48077
CP080231.1	5128
CP080232.1	3126
CP080233.1	5029591
CP080234.1	77484
CP080235.1	5091917
CP080236.1	83443
CP080237.1	54694
CP080246.1	5064647
CP080253.1	4828523
CP080254.1	101399
CP080255.1	4842705
CP080256.1	153055
CP080257.1	113446
CP080258.1	98807
CP080259.1	66696
CP080260.1	5366039
CP080261.1	135777
CP080262.1	134984
CP080263.1	125082
CP080264.1	113140
CP080265.1	22976
CP080370.1	4746945
CP080371.1	100261
CP080372.1	97614
CP080373.1	95348
CP080374.1	2088
CP080620.1	4513232
CP081007.1	4663358
CP081008.1	4666712
CP081009.1	4547366
CP081010.1	5131428
CP081011.1	49741
CP081012.1	24185
CP081013.1	3173
CP081014.1	1919
CP081192.1	5041664
CP081193.1	158111
CP081194.1	105553
CP081195.1	84890
CP081196.1	63009
CP081197.1	4074
CP081198.1	1552
CP081306.1	4807180
CP081307.1	98473
CP081308.1	90661
CP081309.1	51479
CP081310.1	2088
CP081324.1	4645151
CP081325.1	72499
CP081326.1	46154
CP081327.1	6477
CP081333.1	4718480
CP081334.1	60770
CP081335.1	54865
CP081336.1	46161
CP081489.1	4498411
CP081677.1	4992325
CP081678.1	303841
CP081679.1	86367
CP081680.1	69252
CP081681.1	12273
CP081682.1	3799
CP081683.1	2404
CP081684.1	4992324
CP081685.1	303841
CP081686.1	86361
CP081687.1	69240
CP081688.1	3802
CP081689.1	2402
CP081690.1	4992316
CP081691.1	303843
CP081692.1	86367
CP081693.1	69249
CP081694.1	29741
CP081695.1	4118
CP081696.1	3795
CP081697.1	2401
CP081698.1	4777845
CP081699.1	145356
CP081700.1	2028
CP081701.1	4886831
CP081702.1	94799
CP081703.1	57913
CP081704.1	43680
CP081705.1	2760
CP081706.1	4886833
CP081707.1	94797
CP081708.1	57912
CP081709.1	7467
CP081710.1	2762
CP081711.1	4736888
CP081712.1	74799
CP081713.1	4949012
CP081714.1	146662
CP081715.1	94674
CP081716.1	37667
CP081717.1	16403
CP081718.1	3249
CP081719.1	4949001
CP081720.1	146658
CP081721.1	94675
CP081722.1	4087
CP081723.1	3206
CP081724.1	4949018
CP081725.1	146661
CP081726.1	94676
CP081727.1	4146
CP081728.1	3213
CP081742.1	4949018
CP081743.1	146653
CP081744.1	94675
CP081745.1	18368
CP081746.1	4077
CP081747.1	3211
CP081762.1	4979402
CP081763.1	146661
CP081764.1	94675
CP081765.1	4075
CP081766.1	3215
CP081767.1	4991256
CP081768.1	303843
CP081769.1	86368
CP081770.1	69251
CP081771.1	12273
CP081772.1	7596
CP081773.1	2420
CP081774.1	4992320
CP081775.1	303839
CP081776.1	86382
CP081777.1	69251
CP081778.1	39448
CP081779.1	4094
CP081780.1	3760
CP081781.1	2402
CP081782.1	4993656
CP081783.1	303840
CP081784.1	86367
CP081785.1	69246
CP081786.1	39448
CP081787.1	6197
CP081788.1	4114
CP081789.1	3802
CP081790.1	2404
CP081791.1	4886825
CP081792.1	94799
CP081793.1	57913
CP081794.1	43671
CP081795.1	2725
CP081881.1	4915609
CP081882.1	1551
CP081883.1	3005
CP081884.1	2097
CP081885.1	59079
CP081886.1	4073
CP081887.1	114381
CP081888.1	103282
CP082045.1	4942450
CP082046.1	114224
CP082047.1	4914705
CP082048.1	93061
CP082049.1	49445
CP082050.1	13179
CP082051.1	2104
CP082052.1	1117
CP082053.1	4997713
CP082054.1	57922
CP082055.1	7430
CP082056.1	5091604
CP082057.1	128293
CP082058.1	92494
CP082059.1	75306
CP082060.1	33429
CP082061.1	9726
CP082062.1	5043071
CP082063.1	87055
CP082064.1	17997
CP082065.1	2183
CP082066.1	1564
CP082067.1	4954933
CP082068.1	130247
CP082069.1	68931
CP082070.1	10847
CP082071.1	7217
CP082072.1	1467
CP082073.1	5115175
CP082074.1	103675
CP082075.1	5004715
CP082076.1	72918
CP082077.1	4848979
CP082078.1	142433
CP082079.1	4629
CP082080.1	4834475
CP082081.1	149988
CP082082.1	124341
CP082083.1	5051478
CP082084.1	151904
CP082085.1	5189297
CP082086.1	134025
CP082087.1	4825997
CP082088.1	100023
CP082089.1	59165
CP082090.1	57134
CP082091.1	5249827
CP082092.1	22411
CP082093.1	8423
CP082094.1	5017332
CP082095.1	125677
CP082096.1	83519
CP082097.1	5174067
CP082098.1	142105
CP082099.1	12783
CP082100.1	4803092
CP082101.1	113122
CP082102.1	6662
CP082103.1	5217608
CP082104.1	137906
CP082105.1	91472
CP082106.1	1535
CP082120.1	4867020
CP082121.1	109135
CP082122.1	108374
CP082123.1	48592
CP082124.1	46161
CP082125.1	4693
CP082126.1	2088
CP082127.1	4889974
CP082128.1	136961
CP082129.1	4890086
CP082130.1	136961
CP082131.1	3684
CP082132.1	2100
CP082327.1	4667789
CP082349.1	4729845
CP082350.1	79616
CP082355.1	4764500
CP082356.1	88468
CP082357.1	4730997
CP082358.1	89947
CP082771.1	4772884
CP082772.1	5139616
CP082773.1	4903963
CP082774.1	5015239
CP082775.1	5024072
CP082776.1	4858260
CP082777.1	5124020
CP082824.1	5168688
CP082825.1	108070
CP082826.1	86164
CP082827.1	5134206
CP082828.1	139267
CP082829.1	106249
CP082830.1	32040
CP082831.1	5449567
CP082832.1	186443
CP082835.1	5490388
CP082836.1	92294
CP083263.1	4887408
CP083264.1	102134
CP083265.1	4543
CP083266.1	1865
CP083273.1	4506460
CP083274.1	4493178
CP083410.1	4641516
CP083478.1	4802011
CP083479.1	149801
CP083480.1	111656
CP083481.1	5080792
CP083482.1	5665
CP083483.1	3400
CP083484.1	224105
CP083485.1	10410
CP083486.1	94363
CP083487.1	33771
CP083488.1	3780
CP083489.1	9740
CP083490.1	43613
CP083497.1	4736048
CP083498.1	128175
CP083499.1	130873
CP083500.1	10760
CP083501.1	20638
CP083502.1	112107
CP083503.1	5176326
CP083504.1	108485
CP083505.1	1301
CP083506.1	739
CP083507.1	20432
CP083508.1	65500
CP083509.1	2969
CP083510.1	2505
CP083511.1	804
CP083512.1	5081390
CP083513.1	171115
CP083514.1	90907
CP083515.1	77013
CP083516.1	3888
CP083585.1	4796121
CP083586.1	372134
CP083587.1	94565
CP083588.1	8933
CP083610.1	4601157
CP083611.1	255611
CP083701.1	5036231
CP083702.1	120731
CP083703.1	53292
CP083704.1	58698
CP083705.1	146558
CP083706.1	89634
CP083707.1	107032
CP083708.1	2634
CP083867.1	224320
CP083868.1	6275
CP083869.1	4737147
CP083870.1	18105
CP083871.1	18002
CP083872.1	4758344
CP083873.1	6291
CP083874.1	31976
CP083875.1	170625
CP083876.1	50362
CP083877.1	4738239
CP083878.1	158041
CP083879.1	6278
CP083880.1	4738304
CP083881.1	159955
CP083882.1	50447
CP083883.1	6188
CP083884.1	164740
CP083885.1	5739
CP083886.1	4745287
CP083887.1	43140
CP083888.1	4840195
CP083889.1	219996
CP083890.1	137647
CP083891.1	6055
CP083892.1	10928
CP083893.1	11489
CP083894.1	9459
CP083895.1	6665
CP083896.1	7250
CP083990.1	4601201
CP083991.1	38572
CP083992.1	222599
CP084026.1	4689215
CP084027.1	351436
CP084055.1	4566038
CP084056.1	108559
CP084057.1	280258
CP084096.1	5211633
CP084097.1	148555
CP084205.1	4600205
CP084206.1	138128
CP084207.1	4601157
CP084208.1	139530
CP084209.1	4601169
CP084210.1	38567
CP084211.1	102745
CP084529.1	4670986
CP084683.1	4495435
CP084893.2	4651958
CP084894.2	4651960
CP084895.2	4651960
CP084896.2	4651959
CP084897.2	4651959
CP084898.2	4651958
CP084899.2	4651959
CP084900.1	4856296
CP084901.1	231954
CP084902.1	169208
CP084903.1	10227
CP084904.1	4363
CP084905.1	3174
CP084906.1	670
CP084907.1	614
CP085056.1	4892148
CP085057.1	118805
CP085058.1	92591
CP085059.1	85542
CP085060.1	4865648
CP085061.1	161701
CP085062.1	66866
CP085063.1	5190359
CP085064.1	133958
CP085065.1	94191
CP085066.1	62390
CP085067.1	2101
CP085068.1	1553
CP085069.1	4977654
CP085070.1	146039
CP085071.1	48551
CP085072.1	4073
CP085073.1	1506
CP085074.1	4965339
CP085075.1	134984
CP085076.1	100217
CP085077.1	56811
CP085078.1	4071
CP085079.1	3174
CP085183.1	4941244
CP085184.1	111696
CP085185.1	63359
CP085186.1	49706
CP085187.1	2621
CP085188.1	4915634
CP085189.1	253380
CP085190.1	93120
CP085191.1	2088
CP085488.1	4672036
CP085489.1	2941
CP085619.1	4890809
CP085620.1	128649
CP085621.1	88542
CP085622.1	4792863
CP085623.1	269592
CP085624.1	83408
CP085625.1	82796
CP085626.1	12913
CP085637.1	4763754
CP085638.1	4799936
CP085842.1	4558291
CP086220.1	5091593
CP086221.1	242460
CP086222.1	114310
CP086223.1	97374
CP086224.1	62813
CP086225.1	46161
CP086226.1	5773
CP086227.1	4018
CP086228.1	3374
CP086259.1	5268110
CP086260.1	83340
CP086261.1	75544
CP086262.1	51013
CP086263.1	7939
CP086264.1	6728
CP086334.1	5279212
CP086335.1	46161
CP086336.1	4808263
CP086337.1	46161
CP086338.1	4801969
CP086339.1	46161
CP086340.1	4830097
CP086341.1	46161
CP086342.1	4833518
CP086343.1	46161
CP086387.1	107575
CP086388.1	113047
CP086389.1	142329
CP086390.1	26903
CP086391.1	4809054
CP086392.1	65126
CP086470.1	4848881
CP086471.1	115932
CP086472.1	99465
CP086473.1	89996
CP086474.1	66616
CP086475.1	61289
CP086476.1	33826
CP086477.1	6647
CP086478.1	4773
CP086479.1	4237
CP086480.1	4848861
CP086481.1	117620
CP086482.1	99476
CP086483.1	89996
CP086484.1	66616
CP086485.1	61289
CP086486.1	33826
CP086487.1	6647
CP086488.1	4773
CP086489.1	4237
CP086490.1	4848855
CP086491.1	115986
CP086492.1	99465
CP086493.1	89996
CP086494.1	66612
CP086495.1	59963
CP086496.1	33826
CP086497.1	6647
CP086498.1	4773
CP086499.1	4237
CP086500.1	4848847
CP086501.1	117620
CP086502.1	99465
CP086503.1	90296
CP086504.1	66616
CP086505.1	61289
CP086506.1	33826
CP086507.1	6647
CP086508.1	4773
CP086509.1	4237
CP086510.1	4848845
CP086511.1	115932
CP086512.1	99465
CP086513.1	90446
CP086514.1	66616
CP086515.1	61289
CP086516.1	33826
CP086517.1	6647
CP086518.1	4773
CP086519.1	4237
CP086520.1	4667313
CP086521.1	51479
CP086522.1	47193
CP086523.1	34058
CP086524.1	4440
CP086525.1	3727
CP086526.1	4668112
CP086527.1	51479
CP086528.1	47185
CP086529.1	34058
CP086530.1	4440
CP086531.1	3727
CP086532.1	4667304
CP086533.1	51479
CP086534.1	47185
CP086535.1	34058
CP086536.1	4440
CP086537.1	3727
CP086538.1	4667313
CP086539.1	51479
CP086540.1	47514
CP086541.1	34058
CP086542.1	4440
CP086543.1	3727
CP086544.1	4667306
CP086545.1	51479
CP086546.1	47185
CP086547.1	34058
CP086548.1	4440
CP086549.1	3727
CP086556.1	4832578
CP086557.1	46161
CP086616.1	5166862
CP086617.1	138402
CP086618.1	5210076
CP086619.1	126075
CP086620.1	5231074
CP086621.1	135854
CP086622.1	5262226
CP086623.1	5248035
CP086624.1	5242232
CP086625.1	5254248
CP086626.1	5230471
CP086627.1	5199059
CP086662.1	4826332
CP086663.1	94190
CP086678.1	5063268
CP086679.1	262144
CP086680.1	46324
CP086681.1	135562
CP087110.1	4935193
CP087136.1	4630639
CP087287.1	5079315
CP087288.1	195721
CP087289.1	5269
CP087290.1	5197709
CP087291.1	174489
CP087292.1	6584
CP087293.1	5463
CP087294.1	4884398
CP087295.1	138857
CP087296.1	6810
CP087297.1	4630
CP087377.1	5230678
CP087378.1	147403
CP087564.1	4983642
CP087565.1	128397
CP087566.1	99606
CP087567.1	99008
CP087570.1	4755648
CP087571.1	151915
CP087572.1	46160
CP087573.1	3230
CP087574.1	4072
CP087575.1	5411
CP087576.1	51705
CP087577.1	6647
CP087578.1	4853432
CP087579.1	120124
CP088131.1	4785944
CP088132.1	104151
CP088133.1	62662
CP089031.1	5394199
CP089032.1	5649272
CP089033.1	92438
CP089034.1	5644599
CP089035.1	92432
CP089036.1	5470657
CP089037.1	92418
CP089134.1	244138
CP089135.1	129210
CP089136.1	91079
CP089137.1	85891
CP089138.1	33309
CP089139.1	9988
CP089140.1	3397
CP089141.1	3066
CP089142.1	4834621
CP089270.1	5646088
CP089271.1	92427
CP089272.1	5526379
CP089273.1	94596
CP089445.1	5112678
CP089446.1	129071
CP089447.1	125150
CP089930.1	4438520
CP090196.1	5111379
CP090197.1	97598
CP090212.1	4770033
CP090213.1	103545
CP090214.1	92267
CP090215.1	41043
CP090305.1	4481742
CP090306.1	85345
CP090307.1	48150
CP090308.1	46810
CP090309.1	4665
CP090448.1	4578540
CP090449.1	108576
CP090450.1	106761
CP090451.1	47849
CP090452.1	37779
CP090453.1	9533
CP090454.1	2994
CP090455.1	1506
CP090456.1	4801759
CP090457.1	152061
CP090458.1	147204
CP090459.1	46161
CP090460.1	2809
CP090461.1	2508
CP090570.1	4770033
CP090571.1	103545
CP090572.1	92267
CP090573.1	41043
CP090574.1	33309
CP090611.1	4417652
CP090612.1	420355
CP090613.1	94297
CP091016.1	5200637
CP091017.1	33843
CP091018.1	5200671
CP091019.1	33842
CP091020.1	5200667
CP091021.1	33849
CP091022.1	4865811
CP091023.1	87231
CP091024.1	5041942
CP091025.1	71807
CP091026.1	5064428
CP091027.1	111805
CP091028.1	62643
CP091029.1	4990670
CP091030.1	229883
CP091031.1	71807
CP091044.1	5104329
CP091045.1	63171
CP091046.1	79133
CP091047.1	82263
CP091065.1	4630639
CP091427.1	4839424
CP091428.1	145445
CP091429.1	40232
CP091534.1	4979149
CP091535.1	126021
CP091536.1	6647
CP091537.1	2182
CP091538.1	1552
CP091539.1	1433
CP091651.1	5171503
CP091652.1	4807201
CP091653.1	113312
CP091654.1	128535
CP091655.1	83291
CP091656.1	2460
CP091657.1	1888
CP091658.1	137247
CP091659.1	4831099
CP091660.1	46313
CP091661.1	1506
CP091662.1	4672002
CP091663.1	2101
CP091664.1	5130570
CP091665.1	5218913
CP091666.1	158848
CP091667.1	59054
CP091668.1	4677
CP091669.1	4315
CP091670.1	3133
CP091671.1	1546
CP091672.1	224424
CP091673.1	4846819
CP091674.1	18520
CP091675.1	89404
CP091676.1	3372
CP091677.1	4675244
CP091678.1	108771
CP091679.1	98126
CP091680.1	5658
CP091681.1	5448
CP091682.1	4956558
CP091683.1	4074
CP091684.1	100833
CP091685.1	86532
CP091686.1	5755
CP091687.1	5166
CP091688.1	3172
CP091689.1	4077
CP091690.1	2101
CP091691.1	4858831
CP091692.1	154958
CP091693.1	68938
CP091694.1	6222
CP091695.1	5165
CP091696.1	3461
CP091697.1	2113
CP091698.1	86740
CP091699.1	58919
CP091700.1	4868848
CP091701.1	4339
CP091702.1	2514
CP091703.1	5025350
CP091704.1	5126687
CP091705.1	100940
CP091706.1	69395
CP091707.1	58398
CP091708.1	5167
CP091709.1	4072
CP091710.1	3009
CP091711.1	2089
CP091712.1	5042053
CP091713.1	4072
CP091714.1	3374
CP091715.1	1552
CP091756.1	5016530
CP091757.1	298935
CP091758.1	40699
CP091759.1	5166
CP091760.1	4089
CP091761.1	3183
CP091773.1	4800990
CP091774.1	109860
CP091775.1	5969
CP091776.1	2028
CP091836.1	4612612
CP091837.1	76063
CP091838.1	6821
CP091839.1	4613682
CP091840.1	90138
CP091841.1	6821
CP091925.1	4751045
CP091926.1	263021
CP091927.1	101321
CP092252.1	4837230
CP092253.1	84986
CP092254.1	70864
CP092255.1	40170
CP092256.1	5249
CP092257.1	4499
CP092449.1	4627225
CP092450.1	91489
CP092451.1	46799
CP092452.1	4626473
CP092453.1	86914
CP092500.1	4454210
CP092532.1	4938966
CP092533.1	4938850
CP092534.1	4939036
CP092639.1	4581764
CP092640.1	3367
CP092645.1	99284
CP092646.1	256955
CP092647.1	5005213
CP092702.1	4641599
CP092973.1	4831556
CP092974.1	104665
CP092975.1	47360
CP092976.1	122037
CP092977.1	6200
CP092978.1	3684
CP092979.1	2959
CP092980.1	2444
CP093011.1	5219097
CP093068.1	5054078
CP093069.1	100606
CP093070.1	104757
CP093071.1	2617
CP093221.1	4700654
CP093226.1	4796017
CP093227.1	212822
CP093228.1	99719
CP093229.1	90339
CP093230.1	46161
CP093231.1	4693
CP093232.1	4087
CP093233.1	4073
CP093234.1	1071
CP093283.1	4905889
CP093284.1	248308
CP093285.1	96949
CP093286.1	46158
CP093287.1	3684
CP093288.1	2640
CP093317.1	4714922
CP093318.1	168684
CP093319.1	155161
CP093320.1	96053
CP093368.1	4734605
CP093369.1	4703583
CP093548.1	5110834
CP093549.1	89988
CP093550.1	79537
CP093551.1	53307
CP093552.1	15672
CP093919.1	4849672
CP093920.1	100291
CP093921.1	90296
CP093922.1	76841
CP093923.1	11208
CP093924.1	8335
CP093925.1	4773
CP094339.1	5162599
CP094340.1	96018
CP094341.1	74517
CP094342.1	19977
CP095083.1	5252652
CP095084.1	144934
CP095085.1	7919
CP095086.1	5205884
CP095087.1	128309
CP095088.1	4699928
CP095089.1	36460
CP095125.1	4656431
CP095126.1	99933
CP095127.1	94223
CP095128.1	64118
CP095129.1	5164
CP095130.1	3007
CP095131.1	2255
CP095137.1	5026490
CP095138.1	133313
CP095139.1	110850
CP095155.1	4964248
CP095156.1	174508
CP095157.1	5164
CP095158.1	2348
CP095159.1	1538
CP095271.1	5169503
CP095272.1	146265
CP095273.1	96608
CP095448.1	5120890
CP095449.1	107459
CP095450.1	93690
CP095451.1	92017
CP095452.1	64620
CP095453.1	8910
CP095502.1	16430
CP095503.1	11795
CP095504.1	120616
CP095505.1	5049189
CP095506.1	67746
CP095507.1	10934
CP095508.1	5632
CP095509.1	7459
CP095510.1	5186706
CP095511.1	164623
CP095512.1	5161
CP095513.1	6659
CP095514.1	5053990
CP095515.1	114242
CP095516.1	6466
CP095517.1	74109
CP095518.1	5215336
CP095519.1	117950
CP095520.1	4909815
CP095521.1	42897
CP095522.1	67887
CP095523.1	5632
CP095524.1	74318
CP095525.1	125360
CP095526.1	5189315
CP095527.1	5166
CP095528.1	72021
CP095529.1	4873837
CP095530.1	63283
CP095531.1	89276
CP095532.1	14577
CP095533.1	5071683
CP095534.1	78130
CP095535.1	148943
CP095536.1	6797
CP095537.1	15727
CP095538.1	5233040
CP095539.1	135067
CP095540.1	4880747
CP095541.1	123172
CP095795.1	4909743
CP095796.1	157953
CP095797.1	6988
CP095798.1	5029556
CP095799.1	209221
CP095800.1	158941
CP095801.1	4898174
CP095802.1	157787
CP095803.1	152101
CP095804.1	63623
CP095805.1	6647
CP095806.1	5055112
CP095807.1	195776
CP095808.1	81185
CP095809.1	6647
CP095810.1	3753
CP095816.1	5102390
CP095817.1	161639
CP095818.1	107611
CP095819.1	98288
CP095820.1	5160732
CP095821.1	197368
CP095822.1	104057
CP095823.1	5125538
CP095824.1	210044
CP095825.1	192630
CP095826.1	26357
CP095827.1	8472
CP095828.1	6647
CP095829.1	3307
CP095830.1	4957894
CP095831.1	167004
CP095832.1	146225
CP095833.1	60733
CP095834.1	6645
CP095835.1	4284
CP095836.1	5022753
CP095837.1	141467
CP095838.1	6647
CP095839.1	4657
CP095840.1	3893
CP095856.1	4850951
CP095857.1	230727
CP095858.1	107055
CP095859.1	63122
CP096110.2	5114958
CP096111.2	92396
CP096587.1	4757995
CP096588.1	262413
CP096589.1	140101
CP096830.1	4081
CP096831.1	106484
CP096832.1	3751
CP096833.1	190632
CP096834.1	4781404
CP096835.1	103920
CP096836.1	43439
CP096837.1	4837912
CP096838.1	54649
CP096902.1	5094340
CP096903.1	161535
CP096904.1	4538
CP096976.1	5155820
CP096977.1	80851
CP096978.1	75597
CP096979.1	63387
CP097001.1	5170389
CP097096.1	50185
CP097097.1	90559
CP097098.1	65305
CP097170.1	4961339
CP097171.1	124392
CP097172.1	96934
CP097181.1	4706168
CP097182.1	104161
CP097183.1	64527
CP097184.1	4145
CP097185.1	4072
CP097198.1	4915506
CP097199.1	298559
CP097200.1	73029
CP097201.1	49214
CP097202.1	13290
CP097213.1	4840702
CP097214.1	113297
CP097215.1	5152
CP097216.1	4668
CP097217.1	3555
CP097360.1	5076384
CP097361.1	145705
CP097362.1	5912
CP097363.1	4912601
CP097364.1	269522
CP097365.1	158302
CP097366.1	86293
CP097367.1	4871766
CP097368.1	122671
CP097369.1	4072
CP097370.1	4855612
CP097371.1	137735
CP097372.1	34418
CP097426.1	4727328
CP097427.1	87915
CP097428.1	70092
CP097429.1	63590
CP097430.1	4735021
CP097431.1	87915
CP097432.1	70092
CP097433.1	63589
CP097711.1	4787760
CP097712.1	188685
CP097713.1	122563
CP097714.1	95875
CP097715.1	42571
CP097716.1	5129604
CP097717.1	170336
CP097718.1	34980
CP097719.1	5174434
CP097720.1	201944
CP097721.1	4724194
CP097722.1	161324
CP097723.1	39219
CP097724.1	4787756
CP097725.1	42570
CP097726.1	4988424
CP097727.1	203859
CP097728.1	117915
CP097881.1	4609225
CP097882.1	4675188
CP097883.1	4675188
CP097884.1	4526074
CP098178.1	4812025
CP098179.1	121118
CP098180.1	100768
CP098181.1	60138
CP098182.1	52058
CP098183.1	4742047
CP098184.1	230317
CP098185.1	68250
CP098186.1	26994
CP098187.1	5156910
CP098188.1	14367
CP098189.1	8618
CP098190.1	3732
CP098191.1	91188
CP098192.1	4933942
CP098193.1	192025
CP098194.1	67947
CP098195.1	5033923
CP098196.1	114575
CP098197.1	5017919
CP098198.1	102319
CP098199.1	92797
CP098200.1	91127
CP098201.1	5160718
CP098202.1	78537
CP098203.1	4954543
CP098204.1	68004
CP098205.1	62190
CP098206.1	5072432
CP098207.1	173366
CP098208.1	131380
CP098209.1	14844
CP098210.1	5054165
CP098211.1	4838686
CP098212.1	115561
CP098213.1	15906
CP098214.1	5063976
CP098215.1	157136
CP098216.1	15385
CP098217.1	5074592
CP098218.1	41593
CP098219.1	4909078
CP098220.1	103564
CP098221.1	51273
CP098222.1	37150
CP098223.1	4841244
CP098224.1	102981
CP098225.1	57370
CP098226.1	50485
CP098227.1	4876590
CP098228.1	181896
CP135842.1	2101961
CP135824.1	1913087
CP135743.1	1895494
CP082856.1	1902597
CP135846.1	1853212
CP148895.1	1889926
CP135756.1	1879119
CP089178.1	1947180
CP135911.1	36354
CP135831.1	1850737
CP020008.1	1886450
AP018781.1	1953394
CP131718.1	2083396
CP135760.1	1847240
CP160819.1	1824312
CP135748.1	1805431
CP044497.1	1887343
LR134168.1	1860106
AP018773.1	1914722
CP160812.1	1901692
CP135746.1	1962450
CP135765.1	1923523
CP135838.1	1889696
CP135913.1	2102125
CP135837.1	2060156
OZ242473.1	2082958
CP135730.1	1871661
CP085952.1	1890662
AP024414.1	1852308
CP135739.1	1846520
CP135749.1	1845814
AP018778.1	1911890
CP167879.1	1907533
AP018777.1	1884503
CP135908.1	1813064
CP160820.1	1850644
LR134171.1	1879945
CP089168.1	1879010
CP135762.1	1854275
CP089184.1	1805078
CP008740.1	1969659
CP000057.2	1914490
AP018774.1	1810977
CP160822.1	1815833
CP135758.1	1978567
CP135834.1	1816870
CP089172.1	1897001
CP135829.1	1817583
CP089186.1	1875881
CP135752.1	1868754
CP031682.1	1908143
CP135772.1	1825103
CP007471.1	1846503
CP089169.1	1859230
CP135833.1	1852529
OZ242472.1	2085715
CP020012.1	1901558
CP135732.1	1883855
CP007805.1	1811802
CP135907.1	1847234
CP089173.1	1812698
CP131717.1	2025102
CP160813.1	1911825
CP146693.1	1830701
CP135761.1	2097245
CP089200.1	1858750
AP018776.1	1822115
CP135741.1	1916011
OZ241822.1	2059174
CP135845.1	1781707
CP031249.1	1919901
CP172084.1	1874942
AP018769.1	1819364
CP135735.1	1801476
CP020007.1	1857048
AP018770.1	1886480
CP020010.1	1823096
CP135736.1	1801447
AP018765.1	1979786
CP089194.1	1949713
CP135771.1	1972769
CP031692.1	1833864
CP135773.1	1825118
CP089174.1	1966971
CP085951.1	1834285
CP135851.1	1823583
CP135830.1	1891478
CP089188.1	1939411
AP018779.1	1791343
CP031679.1	1858630
CP135768.1	1837750
CP135826.1	1874232
CP020009.1	1886411
CP043771.1	1984979
CP135815.1	1816241
CP089187.1	1816152
LR590465.1	1876886
OZ241823.1	1954723
FQ312006.1	1981535
CP135731.1	1945082
CP131721.1	5403
CP135812.1	1900201
CP135819.1	1878239
CP135737.1	1860134
LR134490.1	1948880
CP135912.1	2042939
CP131720.1	1840521
CP031683.1	1904311
CP135778.1	1897220
CP031684.1	1811303
CP085949.1	1837149
CP135823.1	1936939
CP031687.1	1849483
OZ242537.1	2024751
CP031685.1	1833710
CP131716.1	1963515
CP089181.1	1908089
CP135744.1	1903102
CP031688.1	1840498
CP135852.1	1823492
AP018766.1	1853393
CP089196.1	1945108
CP020011.1	1823172
CP135734.1	1945062
OV040584.1	1805497
CP135910.1	1863717
AP018775.1	1818266
CP089199.1	1958399
CP135820.1	1908757
CP135774.1	1936256
CP116489.1	1812418
CP160821.1	1906308
CP002276.1	1819370
CP131725.1	2007169
AP018768.1	1805925
CP160814.1	1884791
CP135843.1	1947842
CP089170.1	1894963
CP135840.1	1940504
CP020014.1	1813865
CP089171.1	1868693
CP063127.1	1894676
OZ242526.1	1929843
CP172083.1	37582
CP135750.1	1805402
CP031239.1	1887933
CP020013.1	1901533
CP135770.1	1972993
CP135827.1	1874218
CP135780.1	1815884
CP031678.1	1858634
CP160818.1	1903238
AP018767.1	1832515
AP018772.1	1816076
CP135810.1	1865024
CP031691.1	1840062
CP135740.1	1916012
CP135751.1	1984111
CP148891.1	1851071
CP135764.1	1854188
CP031250.1	1817261
AP018782.1	1790924
CP089177.1	1874210
CP135850.1	1835002
CP031681.1	2013003
LS483480.1	1890469
CP144280.1	1938061
CP135813.1	1865165
CP135759.1	1846807
CP135839.1	1889733
CP135841.1	2090088
CP043770.1	1985844
CP148893.1	1895615
CP172082.1	1885105
CP135809.1	2017963
CP089182.1	1809683
CP165604.1	1830700
CP135814.1	1816185
CP135767.1	1858811
CP007470.1	1846259
CP089183.1	1821172
CP017811.1	1829217
CP135742.1	1917217
CP135766.1	1859061
CP135825.1	1840376
CP135763.1	1924078
LS483392.1	2044007
FQ670204.1	2007018
AP018780.1	1882642
CP089167.1	1803377
LS483411.1	1834484
CP148892.1	1851069
CP160811.1	1957403
CP135828.1	1817539
CP135784.1	1817075
CP135844.1	1822981
AP018764.1	1979718
CP089195.1	1863584
CP116490.1	1812134
CP031237.1	1804746
CP135847.1	1852767
CP135745.1	1902713
CP135817.1	1853495
CP135769.1	1799447
CP135849.1	1873594
CP135757.1	1879120
CP089176.1	1969728
CP135782.1	1801888
CP131723.1	2007792
CP135848.1	1827046
CP148894.1	1894438
CP135836.1	1835552
AP018771.1	1902536
CP031241.1	1816295
CP089192.1	1937352
CP020006.1	1857175
CP031689.1	1838740
CP135738.1	1857045
LS483438.1	1850791
CP148890.1	1851069
FQ670178.1	1985832
CP135822.1	1936946
OZ242525.1	2018243
AP022867.1	1957393
CP085950.1	5457
CP089185.1	1874229
CP089193.1	1900823
CP135821.1	1906337
CP089189.1	1995912
LS483486.1	1915356
CP131726.1	1947412
CP131719.1	2019110
CP135753.1	1868836
CP135781.1	1753596
CP002277.1	1932306
CP031236.1	1914782
CP160817.1	1836726
CP135779.1	1815840
CP160810.1	1939587
OV040719.1	1917048
CP007472.1	1887620
LS483496.1	1865137
CP031686.1	1897311
CP005967.1	1856176
CP131722.1	2044647
CP089191.1	1883036
CP089180.1	1948105
CP135914.1	1907862
CP135755.1	2033498
CP135832.1	1852542
CP135835.1	1816844
CP135816.1	1854249
CP135754.1	2011465
CP089190.1	1989060
CP043772.1	1987687
CP135808.1	1907708
LN831035.1	1890645
CP135811.1	1900159
CP031690.1	1848210
AP018783.1	1936686
CP160816.1	1851026
CP009610.1	1850897
CP031680.1	1833305
CP089197.1	1822142
CP031242.1	1860196
CP148002.1	1890764
CP148001.1	1890652
CP089198.1	1848247
CP135777.1	2024898
CP160815.1	1977871
CP135733.1	1883895
CP131724.1	1957895
CP135853.1	1919472
CP089175.1	1952002
CP020411.2	1830681
CP135776.1	2024890
CP135775.1	1937613
CP031254.1	1848871
CP089179.1	1866048
OZ242548.1	2103303
CP135818.1	1855663
AP022846.1	1809645
CP135729.1	1969921
CP094160.1	1564699
AP013356.1	1667239
CP094064.1	1557498
CP003486.1	1599280
CP042212.1	6149
CP036382.1	1563317
CP019700.1	1674002
AP017632.1	1680829
CP000241.1	1596366
CP071977.1	1667928
CP125966.1	1591696
CP036379.1	1563305
CP094052.1	1619620
CP094084.1	3779
CP094056.1	1548938
CP094155.1	3518
CP002332.1	1709911
CP053256.1	1662737
CP094143.1	1626209
LT635456.1	1667821
CP094120.1	1613185
CP130624.1	9981
CP094146.1	9339
CP071980.1	13779
CP010436.1	1667303
CP094107.1	1602783
AP012602.1	4158
CP002334.1	1624644
CP036397.1	1563420
CP002984.1	3253
LT838273.1	1682800
CP094165.1	1621962
CP036385.1	1563266
CP051502.1	1644092
CP024949.1	1663520
CP006822.1	1553826
CP094158.1	5316
CP094167.1	1562288
AP011944.1	2637
CP006820.1	1633212
CP001582.1	1588278
AP011941.1	1570564
CP094097.1	3457
CP051495.1	1629514
CP058287.1	1639336
CP130626.1	3764
CP032911.1	1706376
AP024599.1	1591853
CP002605.1	1617426
AP023346.1	9122
AP011945.1	1609006
CP000012.1	1589954
CP003905.1	1667883
CP006821.1	1637925
CP032903.1	1690720
CP034314.1	1645783
CP051539.1	1639295
CP094164.1	1627796
CP094147.1	1581642
AP013355.1	1667302
CP094127.1	14303
CP003473.1	1616909
CP032913.1	1596986
CP002572.1	1562832
CP024076.1	1674009
CP051435.1	1630559
CP022410.1	8736
CP122948.1	1608047
CP094154.1	6011
CP032474.1	1601381
CP003483.1	1614447
CP027404.1	1645738
CP058281.1	1687334
CP091770.1	1617365
CP094110.1	1618643
CP094115.1	1566753
CP094080.1	1642597
CP094129.1	1563078
CP024947.1	1648077
CP034312.1	2658
CP094171.1	1564612
CP094123.1	9544
CP058250.1	1575789
CP094069.1	3518
CP094061.1	1609748
CP188268.1	1601317
CP094151.1	1652426
CP036388.1	1563438
CP094162.1	9835
CP051534.1	1618010
CP134396.1	1595793
LT635476.1	1667858
CP085923.1	1635994
CP141771.1	1575503
CP001174.1	10031
CP002980.1	1624979
CP006827.1	1634875
CP094071.1	1590902
CP048599.1	1656646
CP002096.1	1566655
CP089283.1	1685094
CP005493.3	1658047
CP071985.1	1622324
CP134394.1	1595747
CP051509.1	1611185
CP129105.1	1654504
CP034147.1	1678260
CP094173.1	1649959
CP071984.1	1690568
CP032912.1	1619300
AP024963.1	1608283
CP094051.1	1577655
CP032472.1	1636444
CP094065.1	1644007
CP026324.1	1666735
CP094091.1	1558458
LR698956.1	1566655
CP051494.1	1691877
CP085924.1	8108
CP094133.1	1613080
CP122516.1	1600602
CP094106.1	1652404
CP094081.1	6853
CP122952.1	1651320
CP002333.1	2557
CP002981.1	12783
CP032898.1	1638022
CP071983.1	9259
CP036383.1	1563232
CP094053.1	7968
CP036393.1	1563280
CP024023.1	1674013
CP122954.1	1607314
CP012906.1	6835
CP094134.1	1613194
CP071978.1	1685803
CP005490.3	1593537
LT635478.1	1667936
CP032905.1	1643421
CP094177.1	1560534
CP032480.1	1709363
CP051510.1	1627715
CP036395.1	1563333
CP003475.1	1660685
CP034071.1	1563701
CP094078.1	1572519
CP053257.1	11054
AP012600.1	1616617
CP001583.1	7326
CP117023.1	6106
CP032475.1	1580965
CP094092.1	1588502
CP094054.1	1553667
CP011483.1	1614411
CP071979.1	7565
CP094178.1	1576166
AP012601.1	1591278
CP094055.1	3391
CP094111.1	1580056
CP051536.1	1651043
CP094125.1	2723
CP007606.1	1604212
CP140483.1	1589944
CP094060.1	3987
CP094132.1	1616176
CP051508.1	1635086
CP003485.1	2891
CP094148.1	1595545
CP058285.1	1619269
CP002072.1	7228
CP094072.1	3551
CP116234.1	1591405
CP006825.1	1595058
AP014523.1	1696917
CP002074.1	1629557
CP036380.1	1563239
CP006889.1	1660469
CP058251.1	1656897
CP036390.1	1563292
CP032477.1	1611628
CP024953.1	1676743
CP036389.1	1563405
CP094112.1	3477
CP002954.1	5289
CP032479.1	1583343
CP024073.1	1674009
CP025474.1	1637442
AP017634.1	6058
CP007605.1	1659060
CP094142.1	1559352
LR134519.1	1632224
CP051497.1	1628378
AP024962.1	1585790
CP094168.1	1559683
CP024948.1	1726836
CP141838.1	1559977
CP094119.1	1615760
CP094100.1	3507
CP094105.1	1573039
CP094082.1	1640211
CP003904.1	1667892
CP024946.1	1631093
AP017633.1	1603093
CP051533.1	1745797
CP036384.1	1566721
CP071982.1	1615199
LT837687.1	1667883
CP141773.1	1581974
CP094093.1	1574428
AP011943.1	1578824
CP032906.1	1540214
CP010435.1	1667638
CP094141.1	3491
CP071986.1	1661144
CP051507.1	1675432
CP094073.1	1574424
CP122951.1	1578380
CP051291.1	1640012
CP094059.1	1559659
CP012905.1	1624441
AP023344.1	1624837
CP007603.1	1650561
CP051504.1	1609650
CP140484.1	1568733
CP051290.1	1616437
CP122947.1	1620581
CP094126.1	1645557
CP002337.1	25916
CP032476.1	1588985
CP094057.1	3430
CP005492.3	1692794
CP048601.1	1643850
CP094138.1	1596715
CP009259.1	1619098
CP085948.1	10031
CP122950.1	1617424
CP086760.1	1637585
CP036381.1	1563276
CP032909.1	1582133
CP094114.1	3477
CP002073.1	1658051
CP094085.1	1598616
CP122953.1	1612101
CP024072.1	1674010
CP024021.1	1674015
CP094121.1	1588133
CP003478.1	1634
CP094118.1	6948
CP022409.1	1576133
CP036392.1	1563290
CP051541.1	1638284
FN665651.1	6032
CP134393.1	1595760
CP094139.1	1561930
CP006610.2	1594544
AP019730.1	1604952
CP058252.1	1639844
CP006826.1	1600345
CP024022.1	1674013
CP007604.1	1604233
AP024965.1	1668167
CP006824.1	1634852
LR134517.1	1644315
CP003484.1	18787
CP024950.1	1646042
CP001072.2	1608548
CP122956.1	1595480
CP094095.1	1577172
CP032900.1	1634797
CP024077.1	1674020
CP071975.1	1628076
CP006823.1	1599700
CP094113.1	1580144
CP032473.1	1649543
CP036394.1	1562072
CP036399.1	1563267
CP094140.1	1594448
CP011485.1	1510564
CP024078.1	1674019
CP026326.1	1666471
CP024079.1	1674018
CP130625.1	1622979
CP141774.1	1568376
CP094153.1	1576566
CP051496.1	1653624
CP018823.1	1618480
CP002982.1	1646139
LT635471.1	1670384
CP051493.1	1745296
CP094066.1	1664142
CP036398.1	1563260
CP094159.1	1576980
CP094135.1	1566721
CP005491.3	1594569
CP071976.1	5909
CP094090.1	1625567
CP094083.1	1560974
CP094156.1	1595694
CP036386.1	1563411
CP048600.1	1642466
CP026325.1	1670779
CP094130.1	1617070
CP094089.1	3846
CP036387.1	1563302
CP000242.1	9370
CP032910.1	1599658
LT635472.1	1670321
CP085947.1	1652995
CP024074.1	1673951
CP024075.1	1674026
CP094117.1	1568330
CP011484.1	1659899
CP090367.1	1635834
CP141772.1	3609
CP003906.1	1667890
CP051505.1	1675471
CP011486.1	1570310
CP053396.1	1663751
CP094152.1	9668
CP094169.1	3465
CP001173.1	1652982
CP122949.1	1632515
CP051499.1	1614092
CP053394.1	1663714
CP051434.1	1615144
LS483488.1	1680937
CP094076.1	1607515
CP071987.1	1660636
CP094079.1	1555854
CP011482.1	1617826
AP011942.1	9129
CP090368.1	8108
CP094109.1	1610658
CP094166.1	6989
CP051501.1	1567616
CP051540.1	1615900
AE001439.1	1643831
CP051500.1	1630535
CP028325.1	1680898
CP026515.1	1668735
CP051535.1	1667949
CP094101.1	1622213
CP094068.1	6011
CP051498.1	1654099
CP051537.1	1619464
CP003487.1	8304
AP011940.1	1575399
CP122955.1	1651345
CP002571.1	1548238
CP053393.1	11054
CP094077.1	8692
CP094124.1	1577941
CP071981.1	1668381
CP003474.1	1663456
CP032907.1	1659500
CP094070.1	1620835
CP094102.1	1609466
CP094170.1	1560176
CP002336.1	1653913
CP094058.1	1615068
CP094157.1	1615407
CP094172.1	1615483
CP117024.1	1621210
CP134395.1	1595723
CP001680.1	1568826
CP094087.1	1604124
CP002983.1	1607577
CP071936.1	1641201
CP032478.1	1540135
LT635477.1	1667712
CP051506.1	1592792
CP032902.1	1609437
CP188266.1	1645821
CP036396.1	1563409
CP053392.1	1662371
CP094122.1	1615882
CP024952.1	1643956
CP094116.1	1586299
CP036391.1	1563274
CP011487.1	1531450
FN598874.1	1673997
CP002335.1	16029
CP003476.1	1494183
CP094086.1	4943
CP032471.1	1637783
CP094094.1	1629886
CP002071.1	1560342
AP023345.1	1610599
CP188267.1	1587405
CP042211.1	1675441
CP051292.1	1704243
LT635460.1	1667894
CP006888.1	1660425
CP024951.1	1675360
CP035106.1	1514674
CP053397.1	11054
CP003472.1	1665719
AP026446.1	1696601
CP094096.1	1613588
CP002331.1	1675918
CP035105.1	1535248
CP051511.1	1616651
CP003477.1	12113
CP094149.1	1608056
CP009260.1	5845
CP018824.1	6058
FM991728.1	1576758
CP032908.1	1679162
CP094144.1	1569933
CP094128.1	1572908
CP094175.1	1604985
CP002075.1	8712
CP094136.1	1626226
CP094161.1	1559327
LT635459.1	1668174
CP094074.1	1597927
CP024071.1	1674018
CP130623.1	1571812
CP011330.1	1698366
CP134397.1	1595738
CP053395.1	11054
LT635473.1	1667978
CP094099.1	1563024
LT635474.1	1667625
CP002953.1	1664587
AP024964.1	1630060
CP032899.1	1628623
CP094131.1	1560058
CP002076.1	1635449
CP051503.1	1612861
CP094150.1	1617425
CP032901.1	1579431
CP094062.1	1637345
CP122946.1	1662494
CP094067.1	1572443
CP094063.1	1618823
CP032904.1	1610187
CP094075.1	4665
CP094088.1	1620255
CP034313.1	10013
CP094137.1	1576312
CP094145.1	1559488
AP013354.1	1667638
CP122515.1	1582823
AP023347.1	1551197
CP094176.1	3355
CP094098.1	1573286
AP006725.1	5248520
AP006726.1	224152
AP018671.1	5478620
AP018672.1	159072
AP018673.1	134879
AP018674.1	66250
AP018675.1	10060
AP018750.1	5587050
AP018751.1	102903
AP018752.1	31835
AP018753.1	5587048
AP018754.1	102917
AP018755.1	31833
AP019665.1	5318671
AP019666.1	166700
AP019667.1	88953
AP019668.1	81239
AP021880.1	5422388
AP021909.1	5277404
AP021910.1	139376
AP021911.1	80272
AP021912.1	4572
AP021913.1	4163
AP021929.1	5112458
AP021930.1	140912
AP021931.1	130287
AP021932.1	3981
AP022078.1	5361094
AP022079.1	224088
AP022080.1	176026
AP022081.1	55445
AP022082.1	41162
AP022083.1	4012
AP022084.1	3729
AP022139.1	5286024
AP022140.1	85044
AP022141.1	3852
AP022527.1	5257192
AP022528.1	142386
AP022529.1	44402
AP022530.1	4906
AP022531.1	4680
AP022532.1	2315
AP023148.1	5155320
AP023149.1	111317
AP023150.1	86902
AP023151.1	54548
AP023337.1	5260213
AP023338.1	288040
AP023339.1	173855
AP023340.1	160398
AP023341.1	71220
AP023342.1	4167
AP023453.1	5397394
AP023454.1	93470
AP023455.1	185769
AP023456.1	56841
AP023457.1	9294
AP023458.1	3991
AP024173.1	5242098
AP024174.1	252273
AP024175.1	130933
AP024176.1	110494
AP024177.1	69826
AP024178.1	5783
AP024179.1	4941
AP024180.1	3359
AP024568.1	5287432
AP024569.1	220075
AP024570.1	5287433
AP024571.1	220075
AP024572.1	5287432
AP024573.1	220075
AP024574.1	110870
AP024575.1	36504
AP024576.1	5291799
AP024577.1	220075
AP024578.1	36504
AP024579.1	5389848
AP024580.1	220075
AP024581.1	36504
AP024750.1	5290154
AP024751.1	123779
AP024752.1	13841
AP024753.1	5352049
AP024754.1	123514
AP024755.1	13841
AP024756.1	5307822
AP024757.1	123816
AP024758.1	41785
AP024759.1	23753
AP024760.1	5353460
AP024761.1	125298
AP024762.1	13841
AP024763.1	5351115
AP024764.1	122843
AP024765.1	12692
AP024766.1	5291452
AP024767.1	124880
AP024768.1	13841
AP024769.1	5285504
AP024770.1	123805
AP024771.1	13841
AP024772.1	5287018
AP024773.1	123760
AP024774.1	13841
AP024775.1	5289554
AP024776.1	122429
AP024777.1	23753
AP024778.1	5283814
AP024779.1	122441
AP024780.1	23753
AP024781.1	5353096
AP024782.1	123767
AP024783.1	13841
AP024784.1	5285684
AP024785.1	216322
AP024786.1	128491
AP024787.1	13841
AP024788.1	5285311
AP024789.1	216384
AP024790.1	123780
AP024791.1	13841
AP024792.1	5351725
AP024793.1	133170
AP024794.1	13841
AP024795.1	5353112
AP024796.1	133781
AP024797.1	13841
AP025246.1	5435124
AP025247.1	215041
AP026525.1	5241831
AP026526.1	166530
AP026527.1	49694
AP026528.1	5207
AP026912.1	5293903
AP026913.1	5289987
AP027263.1	5319234
AP027264.1	106575
AP027265.1	39088
AP029245.1	5239890
AP029246.1	224908
AP029256.1	5401985
AP029257.1	299362
AP029258.1	109173
AP029259.1	32519
AP029260.1	9843
AP029261.1	5521
AP029262.1	2437
CM121370.1	5438190
CM121373.1	5365865
CM125429.1	5422341
CM125430.1	5427913
CM126251.1	5455575
CM127099.1	5470085
CM127798.1	5228532
CM128563.1	5596312
CM129634.1	5305581
CM129826.1	5222405
CM129900.1	5421280
CM129901.1	5401761
CM129907.1	5657274
CM129908.1	5515277
CM129910.1	5532417
CM129915.1	5422664
CM129916.1	5568944
CM129923.1	5250198
CM129924.1	5446951
CM129933.1	5462487
CM129997.1	5315558
CM129998.1	5346852
CM129999.1	5480194
CM130000.1	5289943
CM130008.1	5226116
CM130016.1	5321004
CM130022.1	5321824
CM130067.1	5159524
CM130068.1	5199638
CM130718.1	5266398
CM130734.1	5401621
CM132252.1	5259577
CM132258.1	5341556
CM132259.1	5375450
CM132289.1	5374042
CM132337.1	5265567
CM132540.1	5331884
CM132541.1	5272372
CM132542.1	5294328
CM132543.1	5330699
CM132544.1	5393215
CP000647.1	5315120
CP000648.1	175879
CP000649.1	107576
CP000650.1	88582
CP000651.1	4259
CP000652.1	3478
CP002910.1	5259571
CP002911.1	202852
CP003200.1	5333942
CP003223.1	122799
CP003224.1	111195
CP003225.1	105974
CP003226.1	3751
CP003227.1	3353
CP003228.1	1308
CP003785.1	5386705
CP003994.1	3223
CP003995.1	5065
CP003996.1	2459
CP003997.1	45574
CP003998.1	81071
CP003999.1	5307003
CP004000.1	295493
CP006648.1	5166857
CP006659.2	5435746
CP006660.1	2014
CP006661.1	140825
CP006662.2	85161
CP006663.1	117755
CP006722.1	5341039
CP006738.1	5329385
CP006798.1	5348284
CP006799.1	283371
CP006800.1	103694
CP006801.1	70814
CP006802.1	6141
CP006918.1	5293301
CP006919.1	25284
CP006921.1	12399
CP006922.1	86232
CP007727.1	5395263
CP007728.1	15096
CP007729.1	243824
CP007730.1	113639
CP007731.1	5241638
CP007732.1	268334
CP007733.1	80411
CP007734.1	338850
CP007735.1	89770
CP007736.1	113440
CP008797.1	5396164
CP008798.1	85473
CP008799.1	58050
CP008800.1	194877
CP008827.1	5394056
CP008828.1	15096
CP008829.1	243824
CP008830.1	113639
CP008831.1	5309305
CP008832.1	13841
CP008833.1	113639
CP008929.1	5317001
CP008930.1	187571
CP008931.1	111693
CP008932.1	69947
CP008933.1	304526
CP009114.1	5297511
CP009115.1	118061
CP009116.1	94760
CP009208.1	5374834
CP009461.1	5118878
CP009771.1	5574202
CP009772.1	9294
CP009773.1	75618
CP009774.1	36109
CP009775.1	5515525
CP009776.1	115320
CP009777.1	212192
CP009778.1	15271
CP009863.1	5298647
CP009864.1	62589
CP009865.1	159360
CP009872.1	5306618
CP009873.1	13841
CP009874.1	50051
CP009875.1	113639
CP009876.1	5228295
CP009877.1	15100
CP009878.1	51622
CP009879.1	178563
CP010392.1	5313576
CP010393.1	207543
CP010394.1	13841
CP010395.1	43380
CP010396.1	71572
CP011575.1	43621
CP011576.1	49832
CP011577.1	130719
CP011578.1	5328319
CP011619.1	3741
CP011620.1	39554
CP011621.1	77808
CP011622.1	176497
CP011623.1	250396
CP011624.1	5262013
CP011643.1	2927
CP011644.1	40939
CP011645.1	77801
CP011646.1	96702
CP011647.1	5402147
CP011839.1	90103
CP011976.1	5393855
CP011977.1	218836
CP011978.1	77775
CP011979.1	20222
CP011980.1	5308211
CP011981.1	130552
CP011982.1	51662
CP011983.1	43380
CP011984.1	13838
CP011985.1	5322270
CP011986.1	113639
CP011987.1	74026
CP011988.1	13841
CP012426.1	5400658
CP012427.1	126466
CP012428.1	54744
CP012429.1	46883
CP012560.1	5312744
CP012561.1	5312206
CP012562.1	6141
CP012563.1	36889
CP012564.1	88800
CP012565.1	112059
CP012566.1	127690
CP012567.1	196706
CP012568.1	5313304
CP012569.1	83730
CP012570.1	111236
CP012571.1	126863
CP012572.1	163420
CP012743.1	5439720
CP012744.1	5355459
CP012745.1	5344576
CP012753.1	5416282
CP012754.1	273628
CP012755.1	6141
CP012883.1	5180925
CP012884.1	194742
CP012987.1	5307114
CP012988.3	190072
CP012989.1	134064
CP012990.1	46161
CP012991.1	3223
CP012992.1	5309013
CP012993.2	190072
CP012994.1	107110
CP012995.1	41072
CP013321.1	3741
CP013322.1	5319154
CP013323.1	257944
CP013324.1	166486
CP013325.1	49565
CP013326.1	77808
CP013711.1	5278493
CP013712.1	74973
CP013713.1	53400
CP014004.1	5387996
CP014005.1	101030
CP014006.1	46161
CP014008.1	5226330
CP014009.1	224263
CP014010.1	5461919
CP014011.1	228907
CP014121.1	200203
CP014122.1	25882
CP014123.1	5264538
CP014124.1	38302
CP014125.1	21714
CP014305.2	3223
CP014647.1	5393897
CP014648.1	40448
CP014649.1	133484
CP014650.1	113639
CP014755.1	5353110
CP014756.1	121030
CP014757.1	54064
CP014758.1	38384
CP014762.1	5351509
CP014763.1	284894
CP014764.1	36707
CP014765.1	106559
CP015025.1	5365209
CP015026.1	170926
CP015120.1	5264852
CP015130.1	5336571
CP015131.1	142858
CP015132.1	224457
CP015133.1	26450
CP015134.1	5229229
CP015135.1	158741
CP015382.1	5237856
CP015383.1	182846
CP015384.1	15100
CP015385.1	5348589
CP015386.1	199497
CP015387.1	139933
CP015388.1	89067
CP015389.1	53300
CP015390.1	39432
CP015391.1	11090
CP015392.1	5470889
CP015393.1	202696
CP015394.1	154343
CP015395.1	116419
CP015396.1	110092
CP015397.1	9456
CP015500.1	5490611
CP015501.1	281190
CP015502.1	140874
CP015503.1	84941
CP015504.1	56230
CP015505.1	34611
CP015753.1	5220857
CP015754.1	165275
CP015755.1	109349
CP015822.1	5452045
CP015823.1	205221
CP015824.1	103147
CP015825.1	43322
CP015990.1	5344467
CP015991.1	76251
CP016159.1	5220846
CP016160.1	165276
CP016161.1	109349
CP016810.1	307743
CP016811.1	5184828
CP016812.1	65887
CP016813.1	5412960
CP016814.1	5374626
CP016815.1	212770
CP016919.1	70830
CP016920.1	6139
CP016921.1	283369
CP016922.1	103694
CP016923.1	5341571
CP016924.1	111539
CP016925.1	63291
CP016926.1	5236925
CP016927.1	72093
CP017777.1	5391892
CP017778.1	225961
CP017779.1	173923
CP017934.1	5387681
CP017935.1	89621
CP017936.1	76186
CP017937.1	43621
CP017985.1	5373055
CP017986.1	244706
CP017987.1	117168
CP017988.1	73221
CP017989.1	61011
CP017994.1	5633290
CP018056.1	5316818
CP018140.1	5381436
CP018313.1	245975
CP018314.1	68601
CP018315.1	63587
CP018316.1	61012
CP018317.1	4249
CP018318.1	96082
CP018337.1	5159815
CP018338.1	202175
CP018339.1	204862
CP018340.1	81939
CP018341.1	81641
CP018342.1	63588
CP018343.1	57266
CP018353.1	13841
CP018354.1	45742
CP018355.1	207543
CP018356.1	5327855
CP018364.1	5423372
CP018365.1	260772
CP018366.1	94434
CP018423.1	45288
CP018424.1	208225
CP018425.1	15270
CP018426.1	52058
CP018427.1	5452922
CP018428.1	5454003
CP018429.1	45288
CP018430.1	208225
CP018431.1	18890
CP018432.1	52059
CP018433.1	15273
CP018434.1	208225
CP018435.1	45289
CP018436.1	52058
CP018437.1	5490693
CP018438.1	5294741
CP018439.1	1933
CP018440.1	4510
CP018441.1	180027
CP018442.1	34374
CP018443.1	50611
CP018444.1	5234
CP018445.1	9294
CP018446.1	3559
CP018447.1	5497872
CP018448.1	90685
CP018449.1	67101
CP018450.1	5497083
CP018451.1	90684
CP018452.1	67100
CP018453.1	4075
CP018454.1	5536506
CP018455.1	162552
CP018665.1	2781
CP018666.1	3223
CP018667.1	5566
CP018668.1	43621
CP018669.1	88688
CP018670.1	183432
CP018671.1	5424949
CP018686.1	5373056
CP018687.1	246757
CP018688.1	75838
CP018689.1	96070
CP018690.1	63589
CP018691.1	61007
CP018692.1	5295517
CP018693.1	180027
CP018694.1	50609
CP018695.1	5373057
CP018696.1	246755
CP018697.1	79806
CP018698.1	96072
CP018699.1	61010
CP018700.1	63588
CP018701.1	5374118
CP018702.1	246753
CP018703.1	66149
CP018704.1	96073
CP018705.1	61010
CP018706.1	63588
CP018707.1	5373056
CP018708.1	246756
CP018709.1	73019
CP018710.1	96073
CP018711.1	61009
CP018712.1	63583
CP018713.1	5373055
CP018714.1	246756
CP018715.1	80892
CP018716.1	96074
CP018717.1	63589
CP018718.1	61010
CP018719.1	5373056
CP018720.1	246757
CP018721.1	73597
CP018722.1	96073
CP018723.1	63588
CP018724.1	61012
CP018735.1	5478335
CP018736.1	63589
CP018737.1	72952
CP018738.1	5259
CP018739.1	3541
CP018740.1	4052
CP018816.1	5435743
CP018817.1	140825
CP018818.1	117755
CP018819.1	85161
CP018883.1	5309490
CP018884.1	121863
CP018885.1	5368065
CP018886.1	217456
CP018887.1	123208
CP019047.1	5348368
CP019048.1	230606
CP019049.1	228613
CP019050.1	111083
CP019160.1	5390233
CP019161.1	261986
CP019219.1	5195816
CP019220.1	73952
CP020061.1	5345997
CP020062.1	152697
CP020063.1	109019
CP020064.1	83376
CP020065.1	74540
CP020066.1	72663
CP020067.1	5357430
CP020068.1	276460
CP020069.1	213013
CP020070.1	37875
CP020071.1	5351479
CP020072.1	209424
CP020073.1	39762
CP020074.1	43380
CP020075.1	22062
CP020108.1	5407749
CP020109.1	169952
CP020110.1	73467
CP020111.1	43381
CP020112.1	13841
CP020498.1	5283646
CP020499.1	178294
CP020500.1	73467
CP020837.1	5594550
CP020838.1	232540
CP020839.1	57580
CP020840.1	11984
CP020841.1	5591645
CP020842.1	180210
CP020843.1	97202
CP020844.1	74177
CP020845.1	9510
CP020846.1	12540
CP020853.1	5383018
CP020854.1	292471
CP020855.1	221428
CP020856.1	76158
CP020901.1	5380605
CP020902.1	338512
CP020903.1	200365
CP020904.1	120533
CP020905.1	41111
CP021165.1	5203126
CP021166.1	177145
CP021539.1	5402261
CP021540.1	201874
CP021541.1	111531
CP021542.1	43379
CP021543.1	15271
CP021544.1	208223
CP021545.1	125536
CP021546.1	74660
CP021547.1	45740
CP021548.1	22633
CP021549.1	5382888
CP021685.1	5375740
CP021686.1	183376
CP021687.1	96814
CP021688.1	90199
CP021696.1	5165071
CP021697.1	191266
CP021698.1	87411
CP021699.1	354705
CP021700.1	8364
CP021708.1	5439290
CP021709.1	186758
CP021710.1	214114
CP021711.1	78638
CP021712.1	70457
CP021713.1	208224
CP021714.1	106541
CP021715.1	43378
CP021716.1	43500
CP021717.1	15271
CP021718.1	5418909
CP021740.1	5388754
CP021741.1	89621
CP021742.1	76179
CP021743.1	43620
CP021751.1	5380979
CP021752.1	209550
CP021753.1	116187
CP021754.1	74751
CP021755.1	45740
CP021756.1	22632
CP021757.1	5406723
CP021758.1	121057
CP021759.1	46161
CP021760.1	54404
CP021761.1	79767
CP021833.1	5514199
CP021834.1	212837
CP021835.1	210045
CP021836.1	43378
CP021837.1	15271
CP021856.1	146168
CP021857.1	106331
CP021858.1	47277
CP021859.1	5322544
CP021860.1	24749
CP021861.1	79489
CP021939.1	5374215
CP021940.1	112868
CP021941.1	54064
CP021942.1	76739
CP021943.1	38384
CP021944.1	5374770
CP021945.1	112868
CP021946.1	120345
CP021947.1	54064
CP021948.1	38384
CP021949.1	81698
CP021950.1	5328319
CP021951.1	181589
CP021952.1	176349
CP021953.1	69541
CP021954.1	42816
CP021955.1	5432669
CP021956.1	153527
CP021957.1	72122
CP021958.1	128920
CP021959.1	89382
CP021960.1	5606368
CP021961.1	97389
CP021962.1	132217
CP022023.1	5332976
CP022125.1	187721
CP022126.1	140133
CP022127.1	5377031
CP022128.1	111692
CP022573.1	5394314
CP022574.1	170415
CP022575.1	43380
CP022576.1	13841
CP022611.1	5356693
CP022612.1	334957
CP022613.1	102915
CP022691.2	5449904
CP022692.2	207351
CP022693.2	113222
CP022694.2	43380
CP022882.1	5456357
CP022916.1	5328896
CP022917.1	246577
CP022918.1	9068
CP022919.1	5328892
CP022920.1	246577
CP022921.1	9294
CP022922.1	5324096
CP022923.1	246577
CP022924.1	5330228
CP022925.1	25082
CP022926.1	258210
CP022997.1	5475860
CP023249.1	5256457
CP023250.1	65276
CP023251.1	63075
CP023252.1	4426
CP023253.1	1907
CP023416.1	5338202
CP023417.1	311641
CP023418.1	138885
CP023419.1	70869
CP023420.1	64940
CP023421.1	53096
CP023487.1	5498599
CP023488.1	223434
CP023489.1	124323
CP023722.1	5547427
CP023723.1	297984
CP023724.1	159072
CP023725.1	103454
CP023839.1	5438016
CP023840.1	112141
CP023841.1	96190
CP023842.1	8809
CP023843.1	2044
CP023913.1	5240335
CP023914.1	106853
CP023915.1	3808
CP023916.1	130348
CP023917.1	164607
CP023918.1	106914
CP023940.1	1556
CP023941.1	5484708
CP023942.1	187926
CP023943.1	196733
CP023944.1	10061
CP023945.1	4163
CP023946.1	5392753
CP023947.1	153385
CP023948.1	219350
CP024038.1	5319773
CP024039.1	125285
CP024040.1	122082
CP024041.1	33858
CP024042.1	6141
CP024043.1	5251
CP024044.1	4660
CP024191.1	5296999
CP024192.1	221606
CP024193.1	147945
CP024194.1	89345
CP024195.1	4660
CP024196.1	4510
CP024197.1	3825
CP024429.1	5394870
CP024430.1	131243
CP024431.1	114815
CP024432.1	45291
CP024433.1	55118
CP024434.1	4715
CP024435.1	4167
CP024436.1	2056
CP024458.1	5267491
CP024459.1	211313
CP024460.1	112745
CP024461.1	77269
CP024462.1	33858
CP024463.1	10046
CP024464.1	2780
CP024465.1	1551
CP024489.1	5583461
CP024490.1	71104
CP024491.1	6657
CP024492.1	5783
CP024493.1	3514
CP024494.1	3223
CP024495.1	2723
CP024496.1	5232513
CP024497.1	212097
CP024498.1	4064
CP024521.1	5297118
CP024522.1	221606
CP024523.1	147932
CP024524.1	89345
CP024525.1	4660
CP024526.1	4510
CP024527.1	3825
CP024528.1	5297108
CP024529.1	221606
CP024530.1	147932
CP024531.1	89345
CP024532.1	4660
CP024533.1	4510
CP024534.1	3825
CP024535.1	5264380
CP024536.1	187611
CP024537.1	147932
CP024538.1	89345
CP024539.1	4660
CP024540.1	4510
CP024541.1	3825
CP024542.1	5337491
CP024543.1	110374
CP024544.1	71587
CP024545.1	5337491
CP024546.1	110374
CP024547.1	71587
CP024548.2	5354544
CP024549.1	5298228
CP024550.1	187611
CP024551.1	147932
CP024552.1	89345
CP024553.1	4660
CP024554.1	4510
CP024555.1	3825
CP024556.1	5298459
CP024557.1	217685
CP024558.1	147945
CP024559.1	89345
CP024560.1	4660
CP024561.1	4510
CP024562.1	3825
CP024563.1	5293333
CP024564.1	187611
CP024565.1	147932
CP024566.1	89345
CP024567.1	4660
CP024568.1	4510
CP024569.1	3825
CP024570.1	5293333
CP024571.1	187611
CP024572.1	147932
CP024573.1	90173
CP024574.1	9326
CP024575.1	3825
CP024707.1	5370942
CP024708.1	237216
CP024709.1	47126
CP024834.1	5429958
CP024835.1	112150
CP024836.1	96185
CP024837.1	69628
CP024838.1	5420542
CP024839.1	130922
CP024840.1	96185
CP024841.1	72689
CP024874.1	5369387
CP024875.1	227692
CP024876.1	129299
CP024877.1	109720
CP024878.1	73339
CP024879.1	38383
CP024916.1	5399501
CP024917.1	126018
CP024918.1	81261
CP024919.1	33858
CP025005.1	5414861
CP025006.1	167373
CP025007.1	51423
CP025008.1	5449340
CP025009.1	176049
CP025010.1	118202
CP025037.1	5537943
CP025038.1	199686
CP025039.1	146689
CP025040.1	83541
CP025041.1	63772
CP025042.1	35713
CP025080.1	5485114
CP025081.1	231583
CP025140.1	5388466
CP025141.1	204734
CP025142.1	152230
CP025143.1	5388622
CP025144.1	204123
CP025145.1	149158
CP025146.1	5383248
CP025147.1	205953
CP025148.1	161986
CP025456.1	5492338
CP025457.1	223274
CP025458.1	128563
CP025459.1	10060
CP025460.1	5596
CP025461.1	5460465
CP025462.1	261706
CP025463.1	161580
CP025464.1	10060
CP025465.1	5596
CP025466.1	5359967
CP025467.1	246557
CP025468.1	129684
CP025469.1	3353
CP025470.1	106402
CP025541.3	5319547
CP025576.1	5277535
CP025577.1	215872
CP025578.1	80272
CP025579.1	4572
CP025580.1	4163
CP025683.1	139211
CP025684.1	5237123
CP025951.1	5366808
CP025952.1	170821
CP025963.2	5291863
CP025964.2	260970
CP025965.2	59730
CP025966.2	130691
CP026011.1	5248519
CP026012.1	224152
CP026017.1	5261481
CP026018.1	76297
CP026019.1	305423
CP026020.1	41874
CP026021.1	5252687
CP026022.1	193176
CP026023.1	5438591
CP026024.1	229796
CP026025.1	81180
CP026130.1	5518379
CP026131.1	164510
CP026132.1	5537825
CP026133.1	105124
CP026134.1	112465
CP026135.1	161567
CP026136.1	5536091
CP026137.1	104887
CP026138.1	113246
CP026139.1	86594
CP026140.1	5511434
CP026141.1	164501
CP026142.1	59379
CP026149.1	5539281
CP026150.1	112458
CP026151.1	146984
CP026152.1	83260
CP026155.1	5565554
CP026156.1	77359
CP026157.1	5107051
CP026158.1	95560
CP026159.1	5272353
CP026160.1	5191009
CP026161.1	165465
CP026162.1	5371994
CP026163.1	120075
CP026164.1	5164372
CP026165.1	111252
CP026166.1	211437
CP026172.1	243967
CP026173.1	64271
CP026174.1	93680
CP026175.1	172259
CP026176.1	18977
CP026177.1	5616605
CP026178.1	5403218
CP026179.1	237571
CP026180.1	97198
CP026181.1	94405
CP026182.1	61178
CP026183.1	6974
CP026184.1	60046
CP026185.1	40784
CP026186.1	373179
CP026392.1	5531975
CP026393.1	6761
CP026394.1	63725
CP026395.1	80642
CP026396.1	144072
CP026397.1	220406
CP026398.1	249238
CP026495.1	5246307
CP026496.1	58110
CP026497.1	55141
CP026582.3	10060
CP026583.3	5596
CP026584.1	156099
CP026585.3	5461116
CP026586.1	5302595
CP026587.1	215697
CP026588.1	126149
CP026589.1	89247
CP026590.1	49215
CP026751.1	5451057
CP026752.1	211813
CP026753.1	70730
CP027036.1	5426917
CP027037.1	187670
CP027038.1	155161
CP027039.1	63589
CP027040.1	5234
CP027041.1	4940
CP027042.1	5181675
CP027043.1	192771
CP027044.1	168873
CP027045.1	108879
CP027046.1	55018
CP027047.1	53495
CP027048.1	5395894
CP027049.1	170467
CP027050.1	50979
CP027051.1	43380
CP027052.1	13841
CP027053.1	5466424
CP027054.1	197872
CP027055.1	175636
CP027056.1	95481
CP027057.1	43380
CP027058.1	13841
CP027065.3	10060
CP027066.3	5596
CP027067.1	120074
CP027068.3	5365290
CP027146.1	5274107
CP027147.1	4223
CP027148.1	47286
CP027149.1	33772
CP027150.1	65684
CP027151.1	6451
CP027152.1	208849
CP027153.1	6547
CP027154.1	11576
CP027155.1	49000
CP027156.1	184525
CP027157.1	27546
CP027158.1	113639
CP027159.1	5563
CP027160.1	5194420
CP027161.1	207543
CP027162.1	42420
CP027163.1	1207
CP027164.1	5446
CP027189.1	5458646
CP027800.1	5468126
CP027801.1	108021
CP027802.1	128932
CP027803.1	346781
CP027863.1	5467901
CP027864.1	108035
CP027865.1	111037
CP027866.1	134794
CP027867.1	228553
CP028176.1	5279647
CP028177.1	116768
CP028178.1	100222
CP028179.1	38695
CP028389.3	166034
CP028390.2	208166
CP028391.2	5375242
CP028478.1	5231806
CP028479.1	129864
CP028480.1	77910
CP028539.3	10060
CP028540.3	5596
CP028541.2	177516
CP028543.1	159355
CP028544.1	110562
CP028545.2	10060
CP028546.2	5596
CP028547.2	73791
CP028548.2	5492984
CP028579.2	28726
CP028580.2	12746
CP028581.2	5596
CP028582.2	149258
CP028583.2	5444981
CP028716.1	5398745
CP028717.1	134869
CP028718.1	46161
CP028779.2	3999
CP028780.2	2442
CP028781.2	159311
CP028782.2	74010
CP028783.2	5413765
CP028784.1	182097
CP028785.2	5733
CP028786.2	54035
CP028787.2	5256586
CP028788.2	10060
CP028789.2	5596
CP028790.2	104810
CP028791.1	288222
CP028792.1	125009
CP028793.2	5376106
CP028794.1	54847
CP028795.2	5596
CP028796.1	112467
CP028797.2	5361364
CP028801.2	10060
CP028802.2	6425
CP028803.2	5897
CP028804.2	323935
CP028805.1	131028
CP028806.2	5371030
CP028850.1	5448209
CP028851.1	238037
CP028852.1	231431
CP028853.1	94396
CP028854.1	70299
CP028855.1	54031
CP028856.1	31145
CP028857.1	4096
CP028929.1	283371
CP028930.1	103694
CP028931.1	70829
CP028932.1	5341581
CP028953.1	5225737
CP028954.1	214704
CP028955.1	134346
CP028990.1	5275382
CP028991.1	85698
CP028992.1	68953
CP028993.1	49476
CP028994.1	5511019
CP028995.1	152176
CP028996.1	176325
CP028997.1	109938
CP028998.1	10077
CP028999.1	46504
CP029000.1	125913
CP029098.1	11611
CP029099.1	5439007
CP029100.1	29625
CP029101.1	208035
CP029102.1	135655
CP029135.1	70613
CP029136.1	190416
CP029137.1	5331435
CP029138.1	81137
CP029139.1	2058
CP029379.1	11970
CP029380.1	5596
CP029381.1	146790
CP029382.1	85185
CP029383.2	178741
CP029384.2	5468181
CP029385.1	1934
CP029386.1	52989
CP029387.1	226524
CP029388.1	5288751
CP029582.1	5438025
CP029583.1	112141
CP029584.1	2044
CP029585.1	8809
CP029586.1	96190
CP029587.1	5255790
CP029588.1	216772
CP029589.1	5251
CP029590.1	5257213
CP029591.1	219996
CP029592.1	5251
CP029689.1	5430212
CP029722.1	5223981
CP029723.1	183663
CP029724.1	178561
CP029738.1	5347404
CP029739.1	175746
CP029740.1	103250
CP029779.1	9080
CP030066.1	165742
CP030067.1	97903
CP030068.1	60011
CP030069.1	42064
CP030070.1	5150173
CP030071.1	185511
CP030072.1	5311952
CP030130.1	10060
CP030131.1	5596
CP030132.1	194181
CP030133.1	39248
CP030134.1	60307
CP030135.1	65500
CP030172.1	5214209
CP030174.1	5377145
CP030267.1	41519
CP030268.1	111007
CP030269.1	5379591
CP030270.1	236809
CP030292.1	5475860
CP030293.1	269204
CP030294.1	164198
CP030295.1	58585
CP030296.1	5312283
CP030297.1	185726
CP030298.1	70438
CP030299.1	54035
CP030300.1	5500401
CP030301.1	148021
CP030302.1	5212950
CP030303.1	229479
CP030304.1	153373
CP030305.1	110786
CP030306.1	108037
CP030307.1	82822
CP030308.1	79463
CP030309.1	65112
CP030310.1	55833
CP030311.1	5199363
CP030312.1	211169
CP030313.1	5270063
CP030314.1	203044
CP030315.1	5319599
CP030316.1	64018
CP030320.1	5287221
CP030321.1	203046
CP030322.1	108422
CP030341.1	5379490
CP030342.1	113639
CP030343.1	207546
CP030344.1	8667
CP030717.1	5256698
CP030718.1	296277
CP030719.1	176719
CP030720.1	174080
CP030721.1	4119
CP030722.1	4119
CP030723.1	3549
CP030724.1	2509
CP030725.1	5479750
CP030726.1	176719
CP030727.1	174080
CP030728.1	69918
CP030729.1	4119
CP030730.1	3549
CP030731.1	2509
CP030732.1	2503
CP030733.1	5256433
CP030734.1	298409
CP030735.1	176719
CP030736.1	174080
CP030737.1	4119
CP030738.1	3549
CP030739.1	2509
CP030740.1	2503
CP030741.1	5255352
CP030742.1	304705
CP030743.1	176721
CP030744.1	174080
CP030745.1	4119
CP030746.1	3549
CP030747.1	2509
CP030748.1	2503
CP030923.1	5268719
CP030924.1	196000
CP031577.1	5242834
CP031578.1	60477
CP031579.1	44231
CP031580.1	86800
CP031581.1	71335
CP031582.1	206229
CP031583.1	198719
CP031584.1	164082
CP031613.1	5248387
CP031614.1	196414
CP031615.1	107458
CP031616.1	36589
CP031717.1	18218
CP031718.1	10060
CP031719.1	5596
CP031720.1	154957
CP031721.1	5421726
CP031789.1	5183069
CP031790.1	213061
CP031791.1	109702
CP031792.1	5270163
CP031793.1	141675
CP031794.1	53774
CP031795.1	5282782
CP031796.1	169772
CP031797.1	4269
CP031800.1	5509899
CP031801.1	161308
CP031802.1	128238
CP031803.1	111123
CP031804.1	70656
CP031805.1	65454
CP031806.1	53943
CP031807.1	9294
CP031808.1	5362796
CP031809.1	233468
CP031814.1	5276478
CP031815.1	139276
CP031816.1	4110
CP031817.1	5146051
CP031818.1	430829
CP031819.1	7044
CP031820.1	6211
CP031821.1	3549
CP031822.1	3302
CP031849.1	5180019
CP031850.1	239020
CP031851.1	134208
CP031852.1	70498
CP031853.1	4685
CP031882.1	5733
CP031883.1	110966
CP031884.1	105259
CP031885.1	5239924
CP031934.1	5479294
CP031935.1	198126
CP031936.1	133770
CP031937.1	87094
CP032163.1	5454121
CP032164.1	207409
CP032165.1	130628
CP032166.1	99048
CP032167.1	5147572
CP032168.1	158987
CP032169.1	171589
CP032170.1	65672
CP032171.1	25510
CP032172.1	25871
CP032173.1	153522
CP032174.1	63589
CP032175.1	5330135
CP032176.1	90682
CP032177.1	9294
CP032178.1	5425436
CP032185.1	5312321
CP032186.1	202373
CP032187.1	110928
CP032188.1	93870
CP032189.1	127285
CP032190.1	36889
CP032191.1	78188
CP032195.1	143515
CP032196.1	109398
CP032197.1	73502
CP032198.1	58029
CP032199.1	9294
CP032200.1	5309987
CP032206.1	42202
CP032207.1	5280811
CP032208.1	310872
CP032209.1	161618
CP032210.1	40448
CP032211.1	5861
CP032212.1	83015
CP032222.1	5250521
CP032223.1	201149
CP032224.1	73056
CP032225.1	108879
CP032226.1	85410
CP032227.1	49701
CP032240.1	5503278
CP032241.1	219775
CP032242.1	96030
CP032243.1	84855
CP032831.1	5295441
CP032832.1	399913
CP033392.2	11904
CP033393.2	5596
CP033394.2	82631
CP033395.2	55373
CP033396.2	5448219
CP033402.1	208288
CP033403.1	10060
CP033404.1	154986
CP033405.1	5434589
CP033624.1	54773
CP033625.1	5394691
CP033626.1	22859
CP033627.1	184083
CP033628.1	110020
CP033629.1	67867
CP033630.1	23185
CP033755.1	103852
CP033756.1	5305851
CP033757.1	21055
CP033758.1	232752
CP033759.1	3548
CP033774.1	184336
CP033775.1	74543
CP033776.1	73896
CP033777.1	5423408
CP033778.1	4565
CP033779.1	2995
CP033946.1	5326159
CP033947.1	142764
CP033948.1	70586
CP033949.1	7819
CP033950.1	6141
CP033951.1	4991
CP033952.1	3998
CP033954.1	5473945
CP033955.1	198087
CP033956.1	133772
CP033957.1	87095
CP033958.1	11970
CP033959.1	5596
CP033960.1	5461882
CP033961.1	145683
CP033962.1	136159
CP033963.1	102879
CP033964.1	11970
CP033965.1	5596
CP034039.1	5489245
CP034040.1	213351
CP034041.1	65202
CP034042.1	5010
CP034043.1	3511
CP034045.1	5319653
CP034046.1	345775
CP034047.1	113143
CP034048.1	76757
CP034049.1	54880
CP034050.1	4591
CP034051.1	3181
CP034052.1	2058
CP034076.1	5379069
CP034077.1	5378952
CP034082.1	5464394
CP034083.1	229648
CP034084.1	144158
CP034085.1	113569
CP034123.1	5471151
CP034124.1	200216
CP034125.1	109179
CP034126.1	85665
CP034127.1	5596
CP034249.1	5360130
CP034281.1	5430436
CP034282.1	193222
CP034283.1	63589
CP034284.1	51479
CP034321.1	5331542
CP034322.1	150094
CP034415.1	5474803
CP034416.1	215950
CP034417.1	128299
CP034418.1	10061
CP034419.1	5596
CP034760.1	5261911
CP034761.1	81092
CP034762.1	6141
CP034763.1	4976
CP034764.1	3674
CP034765.1	2927
CP034776.1	218147
CP034777.1	109503
CP034778.1	5288751
CP035194.1	5153352
CP035195.1	60128
CP035196.1	5175568
CP035197.1	52349
CP035198.1	46873
CP035199.1	43433
CP035200.1	40255
CP035201.1	14095
CP035202.1	5300315
CP035203.1	202829
CP035204.1	141746
CP035205.1	58460
CP035206.1	6364
CP035210.1	5381065
CP035211.1	132160
CP035212.1	69596
CP035213.1	73685
CP035383.1	5463931
CP035384.1	357837
CP035531.1	5235159
CP035536.1	185957
CP035537.1	108500
CP035538.1	48698
CP035539.1	3359
CP035540.1	5299449
CP035929.1	5273146
CP036187.1	5402442
CP036188.1	251327
CP036189.1	9341
CP036190.1	5439838
CP036191.1	216586
CP036192.1	165052
CP036193.1	164195
CP036194.1	108957
CP036195.1	67237
CP036196.1	9729
CP036197.1	6140
CP036198.1	3630
CP036300.1	5459441
CP036301.1	154724
CP036302.1	205652
CP036303.1	10060
CP036304.1	5596
CP036305.1	5444559
CP036306.1	149519
CP036307.1	229483
CP036308.1	11970
CP036309.1	5596
CP036320.1	5462803
CP036321.1	127300
CP036322.1	7815
CP036323.1	6136
CP036324.1	4986
CP036325.1	3991
CP036326.1	3993
CP036327.1	5438017
CP036328.1	130775
CP036329.1	71246
CP036330.1	47429
CP036331.1	10101
CP036332.1	8504
CP036333.1	7358
CP036334.1	4994
CP036335.1	5403681
CP036336.1	242563
CP036337.1	225575
CP036338.1	9339
CP036361.1	5444983
CP036362.1	120195
CP036363.1	54110
CP036364.1	5596
CP036365.1	5451414
CP036366.1	82649
CP036367.1	55373
CP036368.1	59798
CP036369.1	12746
CP036370.1	5596
CP036371.1	5480603
CP036372.1	172770
CP036373.1	108291
CP036374.1	10060
CP036375.1	5596
CP036438.1	5293792
CP036439.1	115291
CP036440.1	51570
CP036441.1	19305
CP036442.1	5345730
CP036443.1	207854
CP036444.1	53634
CP036445.1	9293
CP036446.1	96395
CP036447.1	87465
CP036448.1	51570
CP036449.1	19305
CP036450.1	5316773
CP037742.1	5393085
CP037743.1	227239
CP037744.1	121239
CP037928.1	5389402
CP037929.1	271781
CP037930.1	102851
CP037963.1	5205214
CP037964.1	131811
CP037965.1	54035
CP037966.1	179816
CP037967.1	5733
CP039524.1	5439115
CP039525.1	88581
CP039526.1	396373
CP039808.1	5494793
CP039809.1	205652
CP039810.1	153556
CP039811.1	53097
CP039812.1	11970
CP039819.1	5588118
CP039820.1	172001
CP039821.1	63046
CP039822.1	11970
CP039936.1	5452021
CP039937.1	54473
CP039938.1	63589
CP039939.1	5452268
CP039940.1	54444
CP039941.1	63589
CP039942.1	5452451
CP039943.1	54473
CP039944.1	63589
CP039945.1	5453228
CP039946.1	54251
CP039947.1	63589
CP039948.1	5452451
CP039949.1	56374
CP039950.1	63589
CP039951.1	5399745
CP039952.1	156332
CP039953.1	63589
CP039954.1	5399166
CP039955.1	156332
CP039956.1	63589
CP039957.1	5452022
CP039958.1	54469
CP039959.1	63589
CP039960.1	5452088
CP039961.1	54467
CP039962.1	63589
CP040023.1	5405359
CP040024.1	155920
CP040025.1	150325
CP040026.1	109938
CP040027.1	4938
CP040028.1	5382657
CP040029.1	176345
CP040030.1	148625
CP040031.1	65499
CP040032.1	4938
CP040033.1	5381963
CP040034.1	176345
CP040035.1	148625
CP040036.1	65499
CP040037.1	4938
CP040038.1	5405706
CP040039.1	151220
CP040122.1	5444919
CP040123.1	227415
CP040124.1	72060
CP040125.1	10060
CP040351.1	5272223
CP040352.1	204102
CP040353.1	4007
CP040354.1	5246399
CP040355.1	223144
CP040362.1	74011
CP040363.1	5210287
CP040391.1	5441138
CP040533.1	5390059
CP040534.1	177790
CP040535.1	177591
CP040536.1	99717
CP040537.1	11970
CP040538.1	5596
CP040539.1	5388721
CP040540.1	178154
CP040541.1	177585
CP040542.1	99722
CP040543.1	11970
CP040544.1	5596
CP040545.1	5408302
CP040546.1	177694
CP040547.1	177587
CP040548.1	99717
CP040549.1	11970
CP040550.1	5596
CP040593.1	5350091
CP040594.1	31184
CP040595.1	277162
CP040596.1	9571
CP040597.1	111583
CP040598.1	106597
CP040599.1	11025
CP040657.1	5369673
CP040658.1	139734
CP040659.1	87036
CP040660.1	5370865
CP040661.1	139734
CP040662.1	87036
CP040711.1	5446472
CP040712.1	270854
CP040713.1	59897
CP040714.1	21743
CP040715.1	11970
CP040716.1	5596
CP040724.1	5433031
CP040725.1	31607
CP040726.1	339117
CP040727.1	3843
CP040728.1	53955
CP040729.1	112707
CP040730.1	79244
CP040731.1	56271
CP040833.1	5445317
CP040834.1	284671
CP040835.1	167468
CP040836.1	10060
CP040837.1	6135
CP040838.1	5596
CP040839.1	3138
CP040859.1	60832
CP040860.1	5840
CP040861.1	5441077
CP040862.1	263991
CP040992.1	26723
CP040993.1	5303035
CP040994.1	96085
CP040995.1	105919
CP040996.1	42105
CP041022.1	5371084
CP041082.1	5462019
CP041083.1	179254
CP041084.1	158439
CP041085.1	63499
CP041086.1	61718
CP041087.1	5359
CP041088.1	4052
CP041089.1	3541
CP041092.1	5215652
CP041093.1	250990
CP041094.1	168755
CP041095.1	70501
CP041096.1	7432
CP041097.1	6647
CP041098.1	5191
CP041099.1	5258218
CP041100.1	194739
CP041101.1	111334
CP041102.1	98807
CP041103.1	82819
CP041104.1	36884
CP041105.1	31229
CP041106.1	5733
CP041107.1	2675
CP041108.1	2461
CP041109.1	2125
CP041353.2	5269438
CP041373.1	5483867
CP041374.1	197415
CP041375.1	134972
CP041376.1	87095
CP041377.1	11970
CP041378.1	5596
CP041639.1	5247824
CP041640.1	222330
CP041641.1	144138
CP041642.1	121851
CP041644.1	5342084
CP041645.1	114444
CP041927.1	5253969
CP041928.1	202623
CP041929.1	110643
CP041930.1	86019
CP041931.1	51479
CP041946.1	5349282
CP041947.1	47983
CP041948.1	75307
CP041949.1	174723
CP041950.1	5386
CP041951.1	3733
CP041952.1	4507
CP041953.1	55133
CP041954.1	22424
CP042309.1	5287421
CP042310.1	5363005
CP042311.1	5362074
CP042314.1	4996433
CP042315.1	5018647
CP042317.1	4999802
CP042318.1	5294970
CP042320.1	5297596
CP042321.1	5285995
CP042481.1	5222468
CP042482.1	216942
CP042483.1	208956
CP042484.1	15010
CP042485.1	10964
CP042486.1	6953
CP042487.1	5240
CP042520.1	5243002
CP042521.1	169226
CP042522.1	87731
CP042523.1	3542
CP042858.1	5803733
CP042882.1	5314939
CP042883.1	194856
CP042884.1	1552
CP042975.1	270776
CP042976.1	43296
CP042977.1	5127934
CP043047.1	5580663
CP043048.1	71836
CP043049.1	212420
CP043050.1	43379
CP043344.1	5394089
CP043345.1	128614
CP043346.1	10060
CP043347.1	5596
CP043348.1	5283055
CP043349.1	141339
CP043350.1	180572
CP043351.1	106448
CP043352.1	3478
CP043353.1	5445745
CP043354.1	99284
CP043355.1	78836
CP043356.1	5596
CP043357.1	5462067
CP043358.1	154719
CP043359.1	205652
CP043360.1	10060
CP043361.1	5596
CP043362.1	5168293
CP043363.1	131027
CP043364.1	127885
CP043378.1	5430852
CP043379.1	37493
CP043380.1	159323
CP043381.1	4944
CP043562.1	5058062
CP043580.1	5462735
CP043581.1	229186
CP043582.1	53761
CP043583.1	103693
CP043584.1	10060
CP043585.1	5275829
CP043586.1	66830
CP043587.1	163125
CP043588.1	5197068
CP043589.1	99510
CP043590.1	5319756
CP043591.1	47360
CP043592.1	178979
CP043593.1	3991
CP043594.1	3473
CP043595.1	2926
CP043596.1	2445
CP043597.1	5204756
CP043598.1	401561
CP043599.1	142761
CP043600.1	8499
CP043601.1	5941
CP043932.1	5278199
CP043933.1	247938
CP043934.1	172565
CP043935.1	179179
CP043936.1	82768
CP044029.1	166344
CP044030.1	105728
CP044032.1	63589
CP044033.1	5290279
CP044034.1	114663
CP044035.1	114306
CP044036.1	151028
CP044037.1	23368
CP044038.1	77529
CP044039.1	5266224
CP044040.1	3223
CP044041.1	3693
CP044042.1	3439
CP044043.1	72634
CP044044.1	7819
CP044045.1	138560
CP044046.1	109938
CP044047.1	5387964
CP044048.1	1750
CP044258.1	5438014
CP044259.1	144422
CP044260.1	10060
CP045015.1	5213293
CP045016.1	82240
CP045017.1	61331
CP045018.1	51887
CP045019.1	44850
CP045020.1	28729
CP045021.1	5251
CP045022.1	50635
CP045193.1	5352780
CP045194.1	232148
CP045195.1	50514
CP045263.1	5598884
CP045264.1	129252
CP045265.1	10060
CP045266.1	5596
CP045661.1	5365096
CP045662.1	143263
CP045663.1	5733
CP045674.1	5345246
CP045675.1	177848
CP045676.1	146858
CP045677.1	128536
CP045678.1	94887
CP045679.1	9730
CP045680.1	6141
CP045681.1	5640
CP045682.1	4510
CP045683.1	3770
CP045684.1	3373
CP045685.1	2310
CP045686.1	1551
CP045691.1	130329
CP045692.1	127353
CP045693.1	30122
CP045694.1	5277246
CP045782.1	5220569
CP045796.1	13841
CP045988.1	5284036
CP045989.1	106446
CP045990.1	144645
CP045991.1	180568
CP045992.1	3478
CP046381.1	5359736
CP046382.1	204070
CP046383.1	150248
CP046384.1	113102
CP046385.1	2750
CP046612.1	5540574
CP046613.1	237090
CP046614.1	230910
CP046645.1	5344451
CP046646.1	162487
CP046647.1	154760
CP046648.1	66546
CP046649.1	47885
CP046650.1	9294
CP046651.1	5897
CP046652.1	3511
CP046939.1	5359090
CP046940.1	153682
CP046941.1	150240
CP046942.1	102826
CP046943.1	39437
CP046944.1	18668
CP046945.1	7128
CP046946.1	2750
CP046947.1	959
CP046949.1	5404484
CP046950.1	204047
CP046951.1	150267
CP046952.1	113105
CP046953.1	2750
CP046957.1	5447233
CP046958.1	97576
CP046959.1	80768
CP046960.1	12746
CP046961.1	5596
CP046962.1	5469023
CP046963.1	152833
CP046964.1	55161
CP046965.1	10060
CP046966.1	5596
CP047160.1	5521444
CP047161.1	127240
CP047162.1	10060
CP047192.1	5517016
CP047193.1	219800
CP047194.1	142228
CP047195.1	87117
CP047196.1	12001
CP047271.1	5305959
CP047272.1	271744
CP047285.1	5264207
CP047336.1	5369757
CP047337.1	345655
CP047338.1	50845
CP047339.1	35955
CP047486.1	392882
CP047487.1	5375470
CP047488.1	5291994
CP047489.1	268373
CP047490.1	162632
CP047595.1	5331308
CP047596.1	192347
CP047597.1	70307
CP047633.1	5313003
CP047634.1	174647
CP047635.1	138314
CP047636.1	109004
CP047637.1	70729
CP047638.1	10077
CP047648.1	5415677
CP047649.1	5439711
CP047675.1	5377974
CP047676.1	229024
CP047677.1	5382236
CP047678.1	229024
CP047700.1	5358646
CP047701.1	279435
CP047702.1	192765
CP047703.1	150505
CP047704.1	73052
CP047705.1	9730
CP047706.1	3991
CP047707.1	5155968
CP047708.1	181030
CP047709.1	81960
CP048389.1	5316840
CP048390.1	205754
CP048391.1	77268
CP048392.1	45048
CP048393.1	5101
CP048394.1	3544
CP048395.1	2238
CP048396.1	2058
CP048430.1	5547989
CP048778.1	5330888
CP048779.1	184553
CP048780.1	153286
CP048781.1	66546
CP048782.1	9294
CP048783.1	3511
CP048800.1	5347743
CP048801.1	192902
CP048802.1	141806
CP048803.1	66546
CP048804.1	9294
CP048805.1	3511
CP048933.1	5518817
CP049604.1	5337408
CP049605.1	224442
CP049716.1	5406746
CP049717.1	190737
CP049718.1	55778
CP049719.1	5405574
CP049720.1	204699
CP049947.1	5452021
CP049948.1	63589
CP049949.1	43417
CP049950.1	5452593
CP049951.1	63589
CP049952.1	37432
CP049953.1	5414429
CP049954.1	63589
CP049955.1	54471
CP050246.1	5303629
CP050247.1	281867
CP050248.1	160170
CP050336.1	5436990
CP050337.1	238333
CP050338.1	110529
CP050339.1	86253
CP050340.1	10049
CP050341.1	5596
CP050342.1	5434420
CP050343.1	205940
CP050344.1	110529
CP050345.1	91097
CP050346.1	10060
CP050347.1	5596
CP050348.1	5438841
CP050349.1	220761
CP050350.1	110529
CP050351.1	91502
CP050352.1	10060
CP050353.1	5596
CP050354.1	5435561
CP050355.1	239469
CP050356.1	110529
CP050357.1	91097
CP050358.1	10060
CP050359.1	5596
CP050360.1	5401559
CP050361.1	107451
CP050362.1	2101
CP050363.1	1546
CP050364.1	119981
CP050365.1	115360
CP050366.1	55119
CP050367.1	103085
CP050368.1	6812
CP050369.1	4715
CP050370.1	2056
CP050371.1	5339674
CP050372.1	76387
CP050373.1	127925
CP050374.1	193462
CP050375.1	51140
CP050376.1	5306856
CP050377.1	1565
CP050378.1	18651
CP050379.1	225540
CP050380.1	353810
CP050381.1	71402
CP050822.1	5187296
CP050823.1	157903
CP050824.1	4678
CP050825.1	1978
CP050826.1	5204371
CP050827.1	186278
CP050828.1	11262
CP050829.1	5318431
CP050830.1	222783
CP050840.1	5327744
CP050841.1	97812
CP050842.1	6063
CP050843.1	5330280
CP050844.1	223022
CP050845.1	5126042
CP050846.1	57277
CP050847.1	107922
CP051159.1	5396045
CP051160.1	5409809
CP051161.1	5269011
CP051490.1	5301757
CP051491.1	222864
CP051492.1	225763
CP052036.1	5377071
CP052037.1	207560
CP052761.1	5120204
CP052762.1	272742
CP052763.1	52578
CP053016.1	5345798
CP053017.1	169824
CP053018.1	220791
CP053019.1	10060
CP053020.1	5596
CP053035.1	5273417
CP053036.1	248660
CP053037.1	85168
CP053038.1	53270
CP053039.1	8312
CP053040.1	4167
CP053041.1	3301
CP053358.1	5329123
CP053359.1	184664
CP053360.1	153286
CP053361.1	66546
CP053362.1	9294
CP053363.1	3511
CP053364.1	5539612
CP053365.1	329160
CP053366.1	40446
CP053367.1	3404
CP053368.1	3036
CP053666.1	5299480
CP053667.1	129090
CP053668.1	97666
CP053669.1	71962
CP053670.1	190180
CP053765.1	5355460
CP053766.1	307718
CP053767.1	211810
CP053768.1	97846
CP053769.1	9730
CP053770.1	1702
CP053771.1	5352701
CP053772.1	317680
CP053773.1	105455
CP053774.1	11154
CP053775.1	9730
CP053776.1	8811
CP053777.1	8051
CP053778.1	6030
CP053779.1	5850
CP053780.1	4167
CP053862.1	5415638
CP053863.1	222711
CP053864.1	111001
CP053875.1	5466036
CP053876.1	183589
CP053877.1	10060
CP053878.1	5596
CP054063.1	5117375
CP054064.1	211588
CP054170.1	5304516
CP054171.1	92972
CP054172.1	32976
CP054265.1	168717
CP054266.1	89626
CP054267.1	57419
CP054268.1	5414156
CP054285.1	5266171
CP054286.1	176330
CP054287.1	156980
CP054288.1	43620
CP054303.1	5492431
CP054304.1	216803
CP054305.1	125232
CP054398.1	141474
CP054399.1	147763
CP054400.1	5126009
CP054401.1	141474
CP054402.1	147763
CP054403.1	5126008
CP054404.1	141398
CP054405.1	147761
CP054406.1	5125981
CP054720.1	5449011
CP054721.1	194901
CP054722.1	133772
CP054723.1	87095
CP054724.1	11970
CP054725.1	5596
CP054726.1	5448829
CP054727.1	195027
CP054728.1	133772
CP054729.1	87095
CP054730.1	11970
CP054731.1	5596
CP054732.1	5448829
CP054733.1	194896
CP054734.1	123177
CP054735.1	87095
CP054736.1	11970
CP054737.1	5596
CP054738.1	5449193
CP054739.1	195034
CP054740.1	123177
CP054741.1	87095
CP054742.1	11970
CP054743.1	5596
CP054744.1	5450029
CP054745.1	195025
CP054746.1	133772
CP054747.1	87095
CP054748.1	11971
CP054749.1	5596
CP054750.1	5450212
CP054751.1	195028
CP054752.1	133772
CP054753.1	87095
CP054754.1	11970
CP054755.1	5596
CP054756.1	5449012
CP054757.1	195024
CP054758.1	123177
CP054759.1	87095
CP054760.1	11970
CP054761.1	5596
CP054762.1	5449609
CP054763.1	195077
CP054764.1	133772
CP054765.1	87095
CP054766.1	11970
CP054767.1	5596
CP054768.1	5447537
CP054769.1	195034
CP054770.1	133772
CP054771.1	87095
CP054772.1	11970
CP054773.1	5596
CP054774.1	5447900
CP054775.1	195030
CP054776.1	133772
CP054777.1	87095
CP054778.1	15931
CP054779.1	5596
CP054780.1	5448829
CP054781.1	195031
CP054782.1	133771
CP054783.1	87095
CP054784.1	11970
CP054785.1	5596
CP054967.1	5223831
CP054968.1	350285
CP054969.1	137932
CP054970.1	4626
CP054971.1	2294
CP054972.1	5236294
CP054973.1	140582
CP054974.1	120564
CP054975.1	109938
CP054976.1	5252
CP054984.1	5339646
CP054985.1	221140
CP054986.1	121235
CP054987.1	110115
CP054988.1	68256
CP054989.1	6817
CP054997.1	5182463
CP054998.1	197765
CP054999.1	91712
CP055003.1	5304983
CP055004.1	58253
CP055005.1	5365399
CP055006.1	115763
CP055007.1	66378
CP055008.1	1506
CP055033.1	5225847
CP055034.1	242129
CP055035.1	1552
CP055036.1	1506
CP055057.1	5313927
CP055058.1	236764
CP055059.1	146309
CP055060.1	2107
CP055061.1	5277314
CP055062.1	263057
CP055066.1	5292815
CP055067.1	181158
CP055068.1	74918
CP055069.1	6807
CP055087.1	5459081
CP055088.1	42893
CP055096.1	5228368
CP055097.1	91928
CP055098.1	11713
CP055106.1	5199597
CP055107.1	301800
CP055108.1	105546
CP055119.1	5123059
CP055120.1	173773
CP055162.1	5275543
CP055163.1	260949
CP055164.1	33939
CP055165.1	4648
CP055166.1	4073
CP055174.1	5381612
CP055175.1	233421
CP055176.1	136415
CP055177.1	6861
CP055178.1	4765
CP055186.1	5310264
CP055187.1	111144
CP055188.1	58759
CP055189.1	48420
CP055190.1	4473
CP055191.1	4167
CP055192.1	2148
CP055193.1	2058
CP055210.1	5335476
CP055211.1	223722
CP055212.1	102776
CP055293.1	5257665
CP055294.1	5463153
CP055295.1	197415
CP055296.1	133766
CP055297.1	87095
CP055298.1	34012
CP055299.1	11970
CP055300.1	5596
CP055301.1	3305
CP055451.1	5259821
CP055452.1	244871
CP055453.1	41042
CP055454.1	38470
CP055455.1	3322
CP055456.1	3271
CP055457.1	2988
CP055509.1	5460602
CP055510.1	333723
CP055511.1	115055
CP055512.1	95633
CP055513.1	35237
CP055514.1	4184
CP055515.1	2927
CP055516.1	1919
CP056191.1	5185437
CP056192.1	246880
CP056193.1	72044
CP056194.1	70240
CP056195.1	14959
CP056196.1	5783
CP056197.1	2426
CP056198.1	1917
CP056216.1	5227382
CP056217.1	144961
CP056218.1	4805
CP056222.1	5396561
CP056223.1	176327
CP056224.1	111674
CP056225.1	69970
CP056226.1	65682
CP056227.1	3223
CP056228.1	1443
CP056275.1	5196198
CP056276.1	248629
CP056277.1	51057
CP056297.1	5169062
CP056298.1	131105
CP056301.1	5297180
CP056302.1	267374
CP056303.1	108572
CP056307.1	5460256
CP056308.1	232875
CP056309.1	113854
CP056310.1	97542
CP056311.1	36438
CP056312.1	4184
CP056313.1	2927
CP056329.1	5268121
CP056330.1	6757
CP056331.1	5167
CP056332.1	4074
CP056372.1	5306794
CP056373.1	193688
CP056374.1	171701
CP056375.1	107685
CP056376.1	5783
CP056377.1	5525
CP056378.1	4416
CP056379.1	4018
CP056380.1	1916
CP056385.1	5302120
CP056386.1	252882
CP056387.1	5783
CP056388.1	4891
CP056389.1	4426
CP056390.1	3515
CP056391.1	2173
CP056425.1	5494507
CP056426.1	220501
CP056427.1	82555
CP056428.1	25549
CP056429.1	5783
CP056430.1	3733
CP056431.1	2836
CP056432.1	5342507
CP056433.1	206782
CP056434.1	137885
CP056435.1	136301
CP056436.1	107037
CP056437.1	48726
CP056438.1	5907
CP056439.1	3514
CP056440.1	1917
CP056530.1	5240044
CP056531.1	224837
CP056532.1	111220
CP056533.1	74689
CP056534.1	6995
CP056535.1	5783
CP056536.1	5586
CP056537.1	4772
CP056538.1	3398
CP056830.1	5345158
CP056831.1	152250
CP056832.1	5733
CP056833.1	3980
CP056854.1	5126929
CP056855.1	188591
CP056856.1	115230
CP056857.1	55736
CP056858.1	53039
CP056859.1	2330
CP056860.1	1916
CP056878.1	5253739
CP056879.1	199477
CP056880.1	107020
CP056881.1	4512
CP056882.1	3980
CP056883.1	5252135
CP056884.1	198658
CP056885.1	107020
CP056886.1	4512
CP056887.1	3980
CP057034.1	5183566
CP057035.1	227199
CP057036.1	86316
CP057037.1	4671
CP057066.1	5149748
CP057067.1	242087
CP057068.1	217189
CP057069.1	5436820
CP057070.1	4225
CP057071.1	2475
CP057099.1	5231429
CP057100.1	140023
CP057313.1	5146480
CP057314.1	194082
CP057315.1	147224
CP057316.1	110717
CP057317.1	53776
CP057318.1	44303
CP057459.1	5374831
CP057460.1	256547
CP057461.1	4671
CP057462.1	3959
CP057722.1	5134919
CP057723.1	147522
CP057724.1	48464
CP058226.1	5380741
CP058227.1	10059
CP058228.1	149200
CP058229.1	5595
CP058230.1	93354
CP058325.1	5341124
CP058326.1	205144
CP058327.1	120302
CP058328.1	43380
CP058329.1	13636
CP058330.1	119621
CP058358.1	5452031
CP058359.1	161606
CP058360.1	103005
CP058361.1	5364464
CP058362.1	191595
CP058363.1	147971
CP058544.1	5334536
CP058545.1	104999
CP058546.1	178411
CP058547.1	136732
CP058548.1	5356928
CP058549.1	169990
CP058550.1	105000
CP058551.1	56644
CP058581.1	5314991
CP058582.1	110716
CP058583.1	66076
CP058584.1	5589
CP058585.1	5251
CP058586.1	5167
CP058587.1	4693
CP058588.1	193269
CP058743.1	5325708
CP058744.1	130177
CP058745.1	102695
CP058746.1	36029
CP058747.1	4588
CP058752.1	5324092
CP058753.1	128688
CP058754.1	102698
CP058755.1	97014
CP058756.1	4600
CP058757.1	4593
CP058758.1	5117945
CP058759.1	141426
CP058760.1	135057
CP058761.1	61568
CP058762.1	30500
CP058763.1	3300
CP058764.1	2022
CP058857.1	5457824
CP058858.1	43449
CP058866.1	5319559
CP058867.1	245849
CP058868.1	62003
CP058869.1	5248151
CP058870.1	283086
CP058871.1	115053
CP058872.1	103039
CP058873.1	2121
CP058940.1	5369690
CP058941.1	208077
CP058942.1	99664
CP058943.1	60771
CP058944.1	57223
CP058945.1	50126
CP058946.1	8917
CP058947.1	7825
CP058960.1	5513322
CP058961.1	108036
CP058962.1	88061
CP058963.1	4436
CP058964.1	4232
CP058965.1	3508
CP058966.1	2458
CP059295.1	5371012
CP059296.1	234967
CP059305.1	3958
CP059306.1	4163
CP059307.1	4167
CP059308.1	4936
CP059309.1	35866
CP059310.1	151753
CP059311.1	286241
CP059312.1	5301922
CP059313.1	4167
CP059314.1	49681
CP059315.1	101059
CP059316.1	109568
CP059317.1	5346272
CP059468.1	5424888
CP059469.1	289419
CP059470.1	211813
CP059889.1	5379538
CP059890.1	95050
CP059891.1	189307
CP059892.1	10060
CP060049.1	5356496
CP060050.1	199783
CP060051.1	99260
CP060281.1	5415338
CP060282.1	237444
CP060283.1	111136
CP060284.1	71861
CP060421.1	5420464
CP060422.1	178010
CP060423.1	74731
CP060424.1	60800
CP060425.1	47630
CP060426.1	6047
CP060427.1	2089
CP060428.1	1552
CP060744.1	5356970
CP060745.1	92237
CP060746.1	72636
CP060747.1	2308
CP061053.1	5466078
CP061054.1	6103
CP061055.1	70762
CP061056.1	113014
CP061057.1	57450
CP061058.1	8428
CP061059.1	5499
CP061060.1	2044
CP061061.1	1459
CP061062.1	5468853
CP061063.1	6103
CP061064.1	66330
CP061065.1	113014
CP061066.1	57450
CP061067.1	8428
CP061068.1	5499
CP061069.1	2044
CP061070.1	1459
CP061350.1	5248406
CP061351.1	200067
CP061352.1	108694
CP061353.1	73483
CP061380.1	5210190
CP061381.1	161774
CP061382.1	136387
CP061383.1	5488
CP061384.1	1934
CP061385.1	5425828
CP061386.1	186866
CP061387.1	114416
CP061388.1	13636
CP061389.1	5447040
CP061390.1	183887
CP061391.1	112025
CP061392.1	78616
CP061393.1	66476
CP061394.1	43501
CP061395.1	9294
CP061396.1	5534666
CP061397.1	177258
CP061398.1	121507
CP061399.1	5488905
CP061400.1	128320
CP061401.1	77139
CP061402.1	9294
CP061403.1	3549
CP061404.1	5435729
CP061405.1	162789
CP061406.1	85405
CP061407.1	68514
CP061700.1	5290020
CP061701.1	334893
CP061702.1	125663
CP061832.1	5366773
CP061833.1	193300
CP061834.1	47819
CP061842.1	5098464
CP061843.1	173471
CP061948.1	5365478
CP061949.1	295331
CP061950.1	35664
CP061951.1	77477
CP061952.1	5359206
CP061953.1	168138
CP061954.1	32705
CP061955.1	44557
CP061956.1	67524
CP061957.1	5438069
CP061958.1	109135
CP061959.1	110359
CP061960.1	144349
CP061961.1	5426329
CP061962.1	307252
CP061963.1	62234
CP061964.1	63578
CP061965.1	5278143
CP061966.1	150870
CP061967.1	21844
CP061968.1	27033
CP061969.1	63581
CP061970.1	5447830
CP061971.1	103224
CP061972.1	121732
CP061973.1	51982
CP061974.1	72450
CP061975.1	5252594
CP061976.1	24514
CP061977.1	266729
CP061978.1	77479
CP061979.1	95882
CP062475.1	5322029
CP062792.1	5285656
CP062793.1	116956
CP062794.1	15947
CP062986.1	5328434
CP062987.1	146591
CP062988.1	63454
CP062989.1	9294
CP062990.1	8350
CP062991.1	4897
CP062992.1	168979
CP062997.1	5269282
CP062998.1	114497
CP062999.1	68226
CP063000.1	5409
CP063001.1	3336
CP063002.1	3223
CP063003.1	5301005
CP063004.1	29625
CP063005.1	5165
CP063006.1	4052
CP063007.1	2088
CP063008.1	5450839
CP063009.1	103524
CP063010.1	84069
CP063011.1	5411288
CP063012.1	164278
CP063019.1	5496948
CP063020.1	79562
CP063021.1	5010
CP063022.1	3511
CP063023.1	5250977
CP063024.1	2676
CP063025.1	5464476
CP063026.1	215959
CP063027.1	104772
CP063028.1	85185
CP063029.1	11969
CP063030.1	5596
CP063031.1	5483305
CP063032.1	216714
CP063033.1	108280
CP063034.1	82966
CP063035.1	5462384
CP063036.1	216736
CP063037.1	111987
CP063038.1	85185
CP063039.1	5480523
CP063040.1	217868
CP063041.1	117926
CP063042.1	86385
CP063146.1	3991
CP063147.1	5329527
CP063148.1	159093
CP063149.1	375474
CP063215.1	5234201
CP063216.1	273789
CP063217.1	111290
CP063218.1	59223
CP063277.1	5446456
CP063278.1	232362
CP063279.1	127014
CP063280.1	63589
CP063746.1	3991
CP063747.1	5319846
CP063748.1	374513
CP063749.1	142252
CP063759.1	5557247
CP063760.1	219933
CP063761.1	107554
CP063762.1	65935
CP063763.1	61413
CP063764.1	11970
CP063765.1	5596
CP063833.1	5390180
CP063834.1	215999
CP063835.1	128675
CP063836.1	87095
CP063837.1	11970
CP063838.1	5596
CP063851.1	5141853
CP063852.1	262508
CP063853.1	110270
CP063854.1	77050
CP063855.1	89958
CP063856.1	5222128
CP063857.1	92970
CP063858.1	5142109
CP063859.1	262519
CP063860.1	77053
CP063861.1	89965
CP063862.1	110270
CP063863.1	5309740
CP063864.1	161463
CP063865.1	5249027
CP063866.1	150355
CP063871.1	5383698
CP063872.1	194302
CP063873.1	112160
CP063878.1	5487893
CP063879.1	131081
CP063880.1	37458
CP063881.1	5374786
CP063882.1	110388
CP063883.1	109675
CP063884.1	57825
CP063885.1	5301662
CP063886.1	104834
CP063890.1	5467009
CP063891.1	227749
CP063904.1	5409887
CP063905.1	226993
CP063906.1	5299916
CP063907.1	104836
CP063908.1	5419625
CP063909.1	214844
CP063913.1	5406489
CP063914.1	256775
CP063919.1	5292492
CP063920.1	36933
CP063922.1	5384549
CP063923.1	82097
CP063924.1	116734
CP063925.1	5266775
CP063927.1	5167418
CP063928.1	208376
CP063929.1	190929
CP063930.1	5237027
CP063931.1	191041
CP063934.1	5244341
CP063935.1	104836
CP063936.1	5058265
CP063937.1	182144
CP063938.1	62783
CP063939.1	5358716
CP063940.1	189015
CP063941.1	68142
CP063943.1	5244603
CP063944.1	104835
CP063945.1	5257545
CP063946.1	433968
CP063947.1	29799
CP063948.1	22895
CP063949.1	83704
CP063992.1	5249777
CP064129.1	5211192
CP064130.1	75711
CP064131.1	85824
CP064132.1	21377
CP064174.1	5311205
CP064175.1	168672
CP064176.1	22246
CP064177.1	46161
CP064178.1	5733
CP064179.1	73978
CP064205.1	5470352
CP064206.1	230835
CP064207.1	2462
CP064208.1	5343244
CP064209.1	228028
CP064210.1	111436
CP064211.1	5354843
CP064212.1	277720
CP064213.1	116596
CP064214.1	90714
CP064215.1	77551
CP064216.1	5596
CP064217.1	5423925
CP064218.1	217869
CP064219.1	146760
CP064220.1	87179
CP064221.1	11970
CP064222.1	5596
CP064223.1	5447739
CP064224.1	219796
CP064225.1	133575
CP064226.1	91913
CP064227.1	10060
CP064228.1	5596
CP064229.1	5405395
CP064230.1	228974
CP064231.1	105085
CP064232.1	5405388
CP064233.1	228973
CP064234.1	105085
CP064235.1	5476867
CP064236.1	219405
CP064237.1	165027
CP064238.1	87095
CP064239.1	11970
CP064240.1	5596
CP064241.1	5378038
CP064242.1	221242
CP064243.1	154868
CP064244.1	87095
CP064245.1	11970
CP064246.1	5483634
CP064247.1	272092
CP064248.1	168025
CP064249.1	56365
CP064250.1	10060
CP064251.1	5596
CP064252.1	5484841
CP064253.1	167834
CP064254.1	102456
CP064255.1	55186
CP064256.1	11970
CP064257.1	5596
CP064258.1	5455659
CP064259.1	394328
CP064260.1	90714
CP064261.1	77551
CP064262.1	5596
CP064352.1	5362708
CP064368.1	5303036
CP064369.1	13285
CP064370.1	105919
CP064371.1	96086
CP064372.1	45158
CP064768.1	5382058
CP064769.1	184047
CP064770.1	34606
CP064771.1	108776
CP065034.1	5088943
CP065035.1	191744
CP065167.1	5356183
CP065168.1	236645
CP065169.1	3514
CP065170.1	3223
CP065171.1	2723
CP065172.1	5275802
CP065173.1	228345
CP065174.1	216731
CP065175.1	132740
CP065176.1	101966
CP065341.1	5355698
CP065342.1	107590
CP065343.1	5362495
CP065344.1	75824
CP065345.1	64300
CP065346.1	49941
CP065347.1	5362500
CP065348.1	75829
CP065349.1	64295
CP065350.1	49940
CP065351.1	5355675
CP065352.1	107589
CP065401.1	5306441
CP065402.1	204701
CP065436.1	5202539
CP065437.1	147528
CP065438.1	5464919
CP065439.1	148704
CP065440.1	89034
CP065441.1	5472594
CP065442.1	6570
CP065443.1	139394
CP065444.1	5485348
CP065445.1	94245
CP065446.1	139649
CP065447.1	5522477
CP065448.1	43961
CP065449.1	150314
CP065450.1	109941
CP065451.1	154765
CP065452.1	7148
CP065453.1	5383441
CP065454.1	176326
CP065455.1	74205
CP065456.1	3579
CP065457.1	5147463
CP065458.1	59242
CP065459.1	204071
CP065460.1	5536327
CP065461.1	105090
CP065462.1	195964
CP065463.1	139635
CP065464.1	5490072
CP065465.1	139648
CP065466.1	105091
CP065554.1	5479782
CP065555.1	219459
CP065556.1	77979
CP065557.1	73746
CP065558.1	12001
CP065559.1	5596
CP065825.1	5134260
CP065826.1	213019
CP065827.1	110785
CP065828.1	4444
CP065829.1	3674
CP065830.1	3303
CP065831.1	5474148
CP065832.1	202315
CP065833.1	5106763
CP065834.1	301560
CP065835.1	5542
CP065836.1	4165
CP065837.1	3550
CP065949.1	5470223
CP065950.1	49502
CP065951.1	10060
CP065952.1	100684
CP065953.1	317010
CP065954.1	63769
CP066143.1	5255994
CP066151.1	5485926
CP066152.1	197408
CP066153.1	133625
CP066154.1	87095
CP066155.1	11970
CP066249.1	5467027
CP066250.1	193221
CP066251.1	122076
CP066252.1	99066
CP066253.1	5596
CP066254.1	5402209
CP066255.1	215966
CP066256.1	149407
CP066257.1	86962
CP066258.1	11970
CP066259.1	4974
CP066517.1	5427937
CP066518.1	149181
CP066519.1	228076
CP066520.1	55161
CP066521.1	11970
CP066522.1	5596
CP066523.1	5462788
CP066524.1	149116
CP066525.1	206852
CP066526.1	10060
CP066527.1	5596
CP066528.1	5381513
CP066529.1	144228
CP066530.1	223344
CP066531.1	55161
CP066532.1	11970
CP066533.1	6373
CP066534.1	5464472
CP066535.1	192589
CP066536.1	154728
CP066537.1	10060
CP066538.1	5595
CP066542.1	188594
CP066543.1	5346234
CP066544.1	88050
CP066887.1	5449170
CP066888.1	180300
CP066889.1	10098
CP066890.1	5596
CP066891.1	5409307
CP066892.1	147717
CP066893.1	10013
CP066894.1	5567
CP066895.1	5483807
CP066896.1	205681
CP066897.1	163729
CP066898.1	10060
CP066899.1	5596
CP066900.1	5439333
CP066901.1	178237
CP066902.1	10085
CP066903.1	5596
CP066904.1	5477899
CP066905.1	221472
CP066906.1	85781
CP066907.1	85185
CP066908.1	11971
CP066909.1	5596
CP066910.1	5363160
CP066911.1	302656
CP066912.1	122553
CP066913.1	10060
CP066914.1	5596
CP066915.1	5633245
CP066916.1	87509
CP066917.1	10060
CP066918.1	5596
CP067045.1	5372607
CP067046.1	194435
CP067047.1	150767
CP067048.1	7418
CP067049.1	5907
CP067050.1	4773
CP067051.1	3269
CP067052.1	2056
CP067060.1	5428398
CP067061.1	141639
CP067062.1	36708
CP067255.1	5354058
CP067256.1	172022
CP067257.1	65548
CP067258.1	3991
CP067259.1	3357
CP067260.1	3005
CP067358.1	5409178
CP067359.1	211840
CP067360.1	54064
CP067361.1	17240
CP067370.1	5330070
CP067371.1	246731
CP067372.1	5310869
CP067373.1	226169
CP067374.1	3813
CP068015.1	5597599
CP068016.1	234774
CP068017.1	80836
CP068033.1	5259276
CP068139.1	5202685
CP068140.1	196709
CP068141.1	3991
CP068142.1	3407
CP068572.1	5295954
CP068573.1	185118
CP068574.1	72218
CP068575.1	86878
CP068602.1	5388104
CP068603.1	4379
CP068604.1	4382
CP068605.1	13841
CP068606.1	43380
CP068607.1	45912
CP068608.1	195414
CP068609.1	72912
CP068610.1	5354519
CP068611.1	13841
CP068612.1	43379
CP068613.1	73313
CP068614.1	5497518
CP068615.1	13841
CP068616.1	207249
CP068617.1	67920
CP068618.1	5354721
CP068619.1	13841
CP068620.1	206602
CP068621.1	65819
CP068684.1	5406439
CP068685.1	263776
CP068686.1	225445
CP068687.1	184751
CP068688.1	10206
CP068689.1	5405804
CP068690.1	302690
CP068691.1	206263
CP068692.1	184748
CP068693.1	10206
CP068972.1	5220907
CP068973.1	200198
CP068974.1	108342
CP068975.1	6635
CP068976.1	1395
CP069046.1	5501536
CP069047.1	196778
CP069048.1	174178
CP069049.1	107863
CP069050.1	74767
CP069051.1	47426
CP069170.1	5473976
CP069171.1	191359
CP069172.1	134972
CP069173.1	117844
CP069174.1	11970
CP069175.1	5596
CP069176.1	87095
CP069203.1	5359590
CP069204.1	127934
CP069205.1	54404
CP069206.1	40155
CP069207.1	9302
CP069208.1	5409
CP069209.1	4715
CP069210.1	4237
CP069211.1	2101
CP069212.1	2056
CP069821.1	5268916
CP069822.1	187940
CP069823.1	9294
CP069824.1	4167
CP069825.1	32168
CP069826.1	16752
CP069827.1	2340
CP069828.1	5317588
CP069829.1	39709
CP069830.1	5167
CP069831.1	4634
CP069832.1	4062
CP069833.1	79088
CP069834.1	33323
CP069835.1	4981
CP069836.1	2579
CP069837.1	1506
CP069838.1	2422
CP069839.1	1908
CP069844.1	54312
CP069845.1	53443
CP069846.1	241224
CP069847.1	5296327
CP069848.1	74290
CP069849.1	40577
CP069850.1	5698
CP069853.1	5361696
CP069854.1	137344
CP069855.1	104812
CP069856.1	17733
CP069857.1	5430
CP069858.1	3005
CP069859.1	1270
CP069860.1	18968
CP069861.1	5217368
CP069862.1	139085
CP069863.1	204513
CP069873.1	5318186
CP069874.1	15995
CP069875.1	141542
CP069876.1	3373
CP069877.1	1917
CP069878.1	3818
CP069879.1	2413
CP069880.1	2107
CP069881.1	1596
CP069901.1	3223
CP069902.1	60872
CP069903.1	95480
CP069904.1	358127
CP069905.1	3557
CP069906.1	27963
CP069907.1	5220139
CP069908.1	8911
CP069909.1	4809
CP069939.1	5204685
CP069940.1	5342001
CP069941.1	224781
CP069946.1	5309970
CP069947.1	93379
CP069948.1	85832
CP069949.1	4167
CP069961.1	5278156
CP069962.1	5343921
CP069963.1	64998
CP069964.1	232943
CP069965.1	5463
CP069966.1	27282
CP069967.1	48813
CP069968.1	5303185
CP069969.1	198770
CP069992.1	5379413
CP069993.1	178126
CP069994.1	5261234
CP069995.1	181659
CP070015.1	5346386
CP070016.1	248897
CP070017.1	5627
CP070018.1	2804
CP070019.1	1668
CP070037.1	5177702
CP070038.1	160443
CP070039.1	107040
CP070040.1	1917
CP070046.1	5306212
CP070047.1	215306
CP070082.1	15271
CP070083.1	208838
CP070084.1	42567
CP070085.1	5585
CP070086.1	43380
CP070087.1	5442514
CP070088.1	5345150
CP070089.1	207010
CP070090.1	1916
CP070091.1	8868
CP070092.1	5275216
CP070093.1	210510
CP070094.1	4071
CP070105.1	5408158
CP070106.1	30085
CP070107.1	6169
CP070108.1	173599
CP070109.1	5840
CP070110.1	78821
CP070158.1	5341289
CP070159.1	248395
CP070160.1	2058
CP070161.1	1222
CP070169.1	5271331
CP070172.1	5205582
CP070173.1	253456
CP070174.1	68255
CP070175.1	3810
CP070176.1	1260
CP070177.1	5343616
CP070178.1	67308
CP070179.1	4062
CP070180.1	5167
CP070181.1	2579
CP070182.1	1506
CP070183.1	5214
CP070184.1	4981
CP070185.1	29895
CP070186.1	4515
CP070187.1	12439
CP070188.1	2531
CP070189.1	2422
CP070190.1	1908
CP070410.1	5357388
CP070411.1	127801
CP070412.1	10405
CP070413.1	6141
CP070414.1	4863
CP070415.1	5356067
CP070416.1	127805
CP070417.1	10405
CP070418.1	6141
CP070419.1	3998
CP070425.1	5356073
CP070426.1	127805
CP070427.1	10405
CP070428.1	6141
CP070429.1	4863
CP070430.1	5356058
CP070431.1	127805
CP070432.1	10405
CP070433.1	6141
CP070434.1	3998
CP070435.1	5321397
CP070436.1	151424
CP070437.1	144870
CP070438.1	112495
CP070439.1	111238
CP070445.1	5348709
CP070446.1	127805
CP070447.1	10405
CP070448.1	6141
CP070449.1	5357403
CP070450.1	127805
CP070451.1	10405
CP070452.1	6141
CP070453.1	4863
CP070459.1	5359371
CP070460.1	132760
CP070461.1	6141
CP070462.1	4863
CP070463.1	3998
CP070464.1	5309798
CP070465.1	137142
CP070466.1	3553
CP070525.1	108537
CP070526.1	10122
CP070527.1	5585
CP070528.1	5310876
CP070529.1	81467
CP070560.1	113456
CP070561.1	43380
CP070562.1	171286
CP070563.1	13637
CP070564.1	5339583
CP070565.1	118664
CP070566.1	5598
CP070567.1	77092
CP070568.1	5398759
CP070576.1	88945
CP070577.1	170806
CP070578.1	102009
CP070579.1	5314809
CP070580.1	88945
CP070581.1	94665
CP070582.1	208206
CP070583.1	9248
CP070584.1	8023
CP070585.1	3223
CP070586.1	5313559
CP070594.1	88946
CP070595.1	189174
CP070596.1	102008
CP070597.1	6233
CP070598.1	5312419
CP070599.1	122733
CP070600.1	75571
CP070601.1	5598
CP070602.1	5310954
CP070890.1	5374086
CP070891.1	341276
CP070892.1	112868
CP070893.1	42041
CP070894.1	4167
CP070898.1	5267247
CP070899.1	225276
CP070900.1	136763
CP070901.1	21383
CP070970.1	5339678
CP070971.1	106354
CP070972.1	106126
CP071027.1	5371519
CP071028.1	340568
CP071029.1	112868
CP071030.1	54064
CP071031.1	4167
CP071080.1	5290519
CP071081.1	155851
CP071082.1	110998
CP071083.1	64471
CP071084.1	63577
CP071085.1	4251
CP071086.1	5620512
CP071087.1	222789
CP071088.1	9730
CP071089.1	4052
CP071150.1	5330065
CP071252.1	5372651
CP071253.1	190768
CP071254.1	69776
CP071255.1	63589
CP071256.1	56333
CP071257.1	5266
CP071258.1	4369
CP071261.1	5262611
CP071262.1	63589
CP071279.1	5378785
CP071280.1	269326
CP071281.1	68932
CP071282.1	166565
CP071283.1	20912
CP071284.1	2095
CP071323.1	180641
CP071324.1	5438081
CP071385.1	5285470
CP071386.1	195272
CP071387.1	68574
CP071464.1	5461348
CP071819.1	5285993
CP071820.1	253649
CP071821.1	172589
CP071822.1	103107
CP071823.1	10077
CP071824.1	64683
CP072127.1	5343700
CP072128.1	224472
CP072129.1	5251
CP072200.1	5449635
CP072201.1	164334
CP072202.1	95083
CP072403.1	5356073
CP072404.1	127805
CP072405.1	10405
CP072406.1	6141
CP072407.1	4863
CP072408.1	5355915
CP072409.1	127805
CP072410.1	10405
CP072411.1	6141
CP072412.1	4863
CP072413.1	5347323
CP072414.1	127805
CP072415.1	10275
CP072416.1	6141
CP072417.1	3998
CP072418.1	3724
CP072419.1	3149
CP072420.1	2731
CP072421.1	1999
CP072422.1	5309797
CP072423.1	137142
CP072424.1	3553
CP072456.1	5419314
CP072457.1	185386
CP072458.1	111105
CP072459.1	2460
CP072460.1	5420142
CP072461.1	301103
CP072462.1	9585
CP072463.1	5621372
CP072464.1	111878
CP072465.1	119109
CP072466.1	11970
CP072492.1	5397482
CP072493.1	231163
CP072494.1	5322321
CP072495.1	208189
CP072496.1	5323764
CP072497.1	125104
CP072498.1	55508
CP072499.1	10077
CP072555.1	5493227
CP072556.1	34607
CP072557.1	102746
CP072558.1	216902
CP072653.1	5221697
CP072654.1	210202
CP072825.1	5540657
CP072826.1	5201616
CP072905.1	5341468
CP072906.1	372862
CP072907.1	100944
CP072908.1	60525
CP072938.1	5466464
CP072939.1	384269
CP072940.1	175722
CP072949.1	5371820
CP072950.1	235674
CP072951.1	120604
CP072952.1	2328
CP072996.1	5428703
CP072997.1	217255
CP072998.1	163348
CP072999.1	9111
CP073000.1	6796
CP073001.1	5692
CP073002.1	5448564
CP073003.1	144365
CP073004.1	9417
CP073005.1	62001
CP073006.1	14945
CP073055.1	324410
CP073056.1	150268
CP073057.1	114263
CP073058.1	31364
CP073059.1	5657
CP073076.1	5306902
CP073077.1	204698
CP073285.1	5470998
CP073286.1	228949
CP073302.1	5492736
CP073303.1	125619
CP073304.1	10060
CP073351.1	5463879
CP073352.1	80922
CP073353.1	5597
CP073354.1	10064
CP073627.1	5280684
CP073628.1	247177
CP073629.1	3991
CP073782.1	5463862
CP073783.1	5222179
CP073784.1	218832
CP073785.1	115132
CP073786.1	110542
CP073787.1	4627
CP073788.1	5278596
CP073789.1	225831
CP073790.1	40128
CP073791.1	5316617
CP073792.1	155175
CP073793.1	82998
CP073794.1	8801
CP073795.1	5463
CP073796.1	4947
CP073906.1	5379183
CP073907.1	204580
CP073908.1	115662
CP073909.1	98579
CP074087.1	5371618
CP074088.1	335489
CP074089.1	112868
CP074090.1	54064
CP074091.1	4167
CP074116.1	5531197
CP074117.1	123557
CP074118.1	116047
CP074119.1	10060
CP074442.1	5520615
CP074443.1	45290
CP074444.1	45175
CP074445.1	13841
CP074519.1	5158839
CP074520.1	226793
CP074521.1	76587
CP074522.1	53696
CP074523.1	5483572
CP074524.1	209959
CP074525.1	71941
CP074526.1	44579
CP074527.1	15271
CP074528.1	5446973
CP074529.1	158574
CP074530.1	110787
CP074531.1	74537
CP074532.1	11145
CP074533.1	3511
CP074534.1	2175
CP074535.1	5594007
CP074536.1	212193
CP074537.1	75610
CP074538.1	14879
CP074539.1	5463130
CP074540.1	157575
CP074541.1	5507558
CP074542.1	217630
CP074543.1	115320
CP074544.1	15271
CP074553.1	5442981
CP074554.1	142024
CP074555.1	36101
CP074556.1	16323
CP074557.1	2927
CP074558.1	5470618
CP074559.1	308362
CP074560.1	15271
CP074580.1	5189354
CP074581.1	137142
CP074582.1	120240
CP074583.1	3553
CP074677.1	5116988
CP074678.1	203030
CP074679.1	63589
CP075256.1	5365654
CP075257.1	274231
CP075258.1	109666
CP075259.1	3364
CP075260.1	2937
CP075261.1	151651
CP075284.1	1896
CP075285.1	6789
CP075286.1	5400039
CP075287.1	84019
CP075288.1	233263
CP075289.1	3991
CP075316.1	5483454
CP075317.1	114002
CP075318.1	105939
CP075319.1	33299
CP075320.1	11969
CP075452.1	5319212
CP075453.1	181365
CP075454.1	78533
CP075455.1	307852
CP075548.1	5319094
CP075549.1	181365
CP075550.1	78533
CP075551.1	310767
CP075552.1	5205681
CP075553.1	214082
CP075554.1	75824
CP075555.1	8801
CP075556.1	6598
CP075557.1	6115
CP075558.1	2317
CP075559.1	317811
CP075591.1	5379710
CP075592.1	182204
CP075593.1	82789
CP075594.1	3056
CP075890.1	5434145
CP075891.1	187495
CP075892.1	97674
CP075893.1	87454
CP075894.1	1782
CP076008.1	5418057
CP076009.1	166659
CP076010.1	63589
CP076011.1	54615
CP076012.1	49065
CP076013.1	4245
CP076014.1	4167
CP076015.1	2044
CP076016.1	1240
CP076106.1	5368419
CP076107.1	241766
CP076108.1	153275
CP076109.1	9642
CP076110.1	5214258
CP076111.1	209863
CP076112.1	153283
CP076453.1	5415765
CP076454.1	162330
CP076455.1	92566
CP076518.1	5322657
CP076519.1	247566
CP076520.1	78128
CP076521.1	26021
CP076548.1	221626
CP076549.1	37368
CP076550.1	30607
CP076551.1	11970
CP076552.1	5596
CP076553.1	162180
CP076554.1	123686
CP076863.1	5363194
CP076864.1	11849
CP076865.1	16943
CP076866.1	2509
CP076867.1	24337
CP076868.1	9294
CP076869.1	17446
CP077773.1	5473734
CP077774.1	5596
CP077775.1	11972
CP077776.1	86980
CP077777.1	140828
CP077778.1	216645
CP077779.1	5344935
CP077780.1	9294
CP077781.1	42564
CP077782.1	63589
CP077783.1	124281
CP077784.1	348342
CP077806.1	5220324
CP077807.1	108537
CP077808.1	135334
CP077809.1	5346468
CP077810.1	5178142
CP077811.1	140918
CP077812.1	5167508
CP077813.1	54288
CP077814.1	5327222
CP077815.1	174986
CP077816.1	5508566
CP077817.1	5577
CP077818.1	5228853
CP077819.1	88682
CP077820.1	5147378
CP077824.1	5191622
CP077825.1	49579
CP078033.1	5429598
CP078034.1	319619
CP078035.1	103816
CP078036.1	69836
CP078037.1	6141
CP078122.1	5526152
CP078123.1	157394
CP078124.1	221577
CP078125.1	95399
CP078126.1	49863
CP078127.1	11970
CP078128.1	5596
CP079115.1	5493754
CP079116.1	210997
CP079117.1	7819
CP079118.1	5922
CP079119.1	5251
CP079120.1	5299257
CP079121.1	198536
CP079122.1	111565
CP079123.1	96887
CP079124.1	79546
CP079125.1	37333
CP079126.1	16062
CP079127.1	10654
CP079128.1	6141
CP079129.1	3692
CP079130.1	1449
CP079131.1	5364339
CP079132.1	198536
CP079133.1	111565
CP079134.1	96887
CP079135.1	79555
CP079136.1	9117
CP079137.1	3692
CP079138.1	5363628
CP079139.1	286022
CP079140.1	211813
CP079141.1	55514
CP079142.1	6141
CP079143.1	1597
CP079144.1	1209
CP079145.1	5456618
CP079146.1	286022
CP079147.1	211813
CP079148.1	6141
CP079149.1	1597
CP079150.1	5456628
CP079151.1	289419
CP079152.1	211813
CP079153.1	6141
CP079154.1	1597
CP079155.1	5251847
CP079156.1	285823
CP079157.1	211813
CP079158.1	144526
CP079159.1	55485
CP079160.1	6141
CP079161.1	1597
CP079162.1	1209
CP079163.1	1044
CP079164.1	5299071
CP079165.1	213013
CP079166.1	55513
CP079167.1	9730
CP079168.1	6141
CP079169.1	4167
CP079170.1	2095
CP079171.1	1209
CP079172.1	5493104
CP079173.1	210501
CP079174.1	157028
CP079175.1	7819
CP079176.1	5922
CP079177.1	5251
CP079178.1	4991
CP079179.1	5418499
CP079180.1	160795
CP079181.1	71307
CP079182.1	7819
CP079183.1	6141
CP079184.1	4991
CP079185.1	4863
CP079186.1	5420565
CP079187.1	160795
CP079188.1	71264
CP079189.1	7819
CP079190.1	6141
CP079191.1	4991
CP079192.1	4863
CP079599.1	5234529
CP079600.1	213013
CP079601.1	121144
CP079602.1	9730
CP079603.1	6141
CP079604.1	4167
CP079605.1	2095
CP079606.1	5231387
CP079607.1	120325
CP079608.1	110070
CP079609.1	71307
CP079610.1	36231
CP079611.1	6141
CP079612.1	4991
CP079613.1	3998
CP079614.1	3991
CP079615.1	2828
CP079616.1	2101
CP079617.1	5495465
CP079618.1	170268
CP079619.1	157028
CP079620.1	7819
CP079621.1	5922
CP079622.1	5251
CP079623.1	4991
CP079624.1	5516743
CP079625.1	211805
CP079626.1	197458
CP079627.1	77128
CP079628.1	6200
CP079629.1	5516789
CP079630.1	211805
CP079631.1	197458
CP079632.1	77128
CP079633.1	6200
CP079634.1	4522788
CP079635.1	1039047
CP079636.1	5435583
CP079637.1	127803
CP079638.1	73277
CP079639.1	8514
CP079640.1	6141
CP079641.1	4890
CP079642.1	5440256
CP079643.1	127803
CP079644.1	73277
CP079645.1	5494532
CP079646.1	150711
CP079647.1	17694
CP079648.1	5691
CP079649.1	5561
CP079650.1	5251
CP079651.1	3518
CP079652.1	3236
CP079653.1	2062
CP079654.1	1999
CP079655.1	5493753
CP079656.1	161754
CP079657.1	157028
CP079658.1	29628
CP079659.1	8514
CP079660.1	7819
CP079661.1	5922
CP079662.1	5251
CP079663.1	5129
CP079664.1	4991
CP079665.1	4092
CP079666.1	2600
CP079667.1	2186
CP079668.1	5457817
CP079669.1	286022
CP079670.1	211813
CP079671.1	6141
CP079672.1	1597
CP079673.1	5153904
CP079674.1	213013
CP079675.1	144532
CP079676.1	55623
CP079677.1	9730
CP079678.1	6141
CP079679.1	4167
CP079680.1	2095
CP079681.1	1209
CP079682.1	1137
CP079683.1	5377618
CP079684.1	120317
CP079685.1	71306
CP079686.1	6141
CP079687.1	4991
CP079688.1	3998
CP079689.1	3991
CP079690.1	2828
CP079691.1	2101
CP079692.1	5493754
CP079693.1	170268
CP079694.1	55146
CP079695.1	5922
CP079696.1	5251
CP079697.1	4991
CP079725.1	5329783
CP079726.1	177848
CP079727.1	133750
CP079728.1	128536
CP079729.1	9730
CP079730.1	6141
CP079731.1	5640
CP079732.1	4510
CP079733.1	3770
CP079734.1	3559
CP079762.1	5259694
CP079763.1	107657
CP079764.1	104757
CP079781.1	5265236
CP079782.1	138834
CP079783.1	90695
CP079784.1	291624
CP079807.1	5493754
CP079808.1	161754
CP079809.1	55140
CP079810.1	7753
CP079811.1	5922
CP079812.1	4982
CP079813.1	3264
CP079814.1	2710
CP079815.1	2581
CP079816.1	1999
CP079817.1	1657
CP079852.1	5188684
CP079853.1	177356
CP079854.1	70873
CP080297.1	5469888
CP080298.1	197407
CP080299.1	128928
CP080300.1	80673
CP080301.1	11970
CP080302.1	5596
CP080303.1	5470680
CP080304.1	186446
CP080305.1	128928
CP080306.1	92645
CP080307.1	31808
CP080308.1	5596
CP080309.1	5472713
CP080310.1	188058
CP080311.1	128928
CP080312.1	80673
CP080313.1	31808
CP080314.1	11970
CP080315.1	5596
CP080346.1	5280246
CP080347.1	3585
CP080348.1	2736
CP080349.1	4822
CP080350.1	51884
CP080351.1	193800
CP080352.1	288525
CP080353.1	5361205
CP080354.1	5596
CP080355.1	5234
CP080356.1	5207
CP080357.1	4627
CP080358.1	111238
CP080359.1	136344
CP080360.1	63589
CP080361.1	38157
CP080362.1	5306347
CP080363.1	190150
CP080364.1	110643
CP080365.1	95539
CP080366.1	85191
CP080367.1	51479
CP080368.1	4687
CP080584.1	5443983
CP080585.1	5441534
CP080586.1	5443153
CP080587.1	5442460
CP081319.1	5302481
CP081320.1	215441
CP081321.1	117190
CP081322.1	110677
CP081323.1	61710
CP081328.1	5302923
CP081329.1	214369
CP081330.1	122916
CP081331.1	110680
CP081332.1	61708
CP081815.1	180897
CP081816.1	5214354
CP081817.1	45511
CP081818.1	50175
CP081819.1	45253
CP081820.1	5459732
CP081821.1	172862
CP081822.1	82468
CP081823.1	10060
CP081824.1	5596
CP081865.1	5377355
CP081866.1	55288
CP081867.1	117715
CP081868.1	38384
CP082000.1	5596
CP082001.1	5637015
CP082002.1	10049
CP082003.1	153399
CP082004.1	105913
CP082005.1	5430143
CP082006.1	110184
CP082007.1	174262
CP082008.1	10060
CP082009.1	5596
CP082010.1	5634652
CP082011.1	10049
CP082012.1	153214
CP082013.1	11959
CP082014.1	5588877
CP082015.1	128480
CP082016.1	107713
CP082017.1	11192
CP082018.1	5596
CP082019.1	5628504
CP082020.1	135837
CP082021.1	241489
CP082022.1	10049
CP082023.1	5596
CP082024.1	5629305
CP082025.1	130597
CP082026.1	237812
CP082027.1	10049
CP082028.1	11969
CP082029.1	5484309
CP082030.1	105927
CP082031.1	212588
CP082032.1	5613572
CP082033.1	34073
CP082034.1	115559
CP082035.1	10060
CP082036.1	5596
CP082037.1	5575299
CP082038.1	10049
CP082039.1	160747
CP082040.1	5596
CP082041.1	5590347
CP082042.1	160563
CP082043.1	239197
CP082044.1	10049
CP082154.1	5327894
CP082155.1	220228
CP082156.1	66722
CP082157.1	65599
CP082207.1	5368935
CP082208.1	207355
CP082209.1	49053
CP082210.1	62120
CP082211.1	5345735
CP082212.1	5415895
CP082290.1	5155767
CP082291.1	337329
CP082753.1	5478296
CP082754.1	193370
CP082755.1	133772
CP082756.1	87095
CP082757.1	11969
CP082758.1	5596
CP082759.1	5479252
CP082760.1	197408
CP082761.1	133771
CP082762.1	87095
CP082763.1	11970
CP082764.1	5596
CP082765.1	5479730
CP082766.1	199279
CP082767.1	133376
CP082768.1	87095
CP082769.1	11970
CP082770.1	5596
CP082791.1	5213149
CP082792.1	106931
CP082793.1	86182
CP082794.1	34685
CP082795.1	4572
CP082796.1	5319600
CP082797.1	162135
CP082798.1	95203
CP082799.1	5153521
CP082800.1	427807
CP082801.1	28220
CP082802.1	14893
CP082803.1	13843
CP082804.1	4379
CP082805.1	5498275
CP082806.1	217781
CP082840.1	5442117
CP082936.1	5251405
CP082937.1	122148
CP082938.1	299755
CP082967.1	5460353
CP082968.1	212483
CP082969.1	63675
CP082970.1	48981
CP082971.1	13190
CP082972.1	5359
CP082973.1	4052
CP082974.1	3541
CP082975.1	5310552
CP082976.1	342741
CP082977.1	54793
CP082978.1	5515591
CP082979.1	91520
CP082980.1	67100
CP082981.1	47362
CP082982.1	5359
CP082983.1	4052
CP082984.1	3541
CP082985.1	5309377
CP082986.1	342478
CP082987.1	54793
CP082988.1	5368754
CP082989.1	174853
CP082990.1	117446
CP082991.1	112868
CP082992.1	54065
CP082993.1	37866
CP082994.1	4167
CP082995.1	5328020
CP082996.1	64366
CP082997.1	41479
CP082998.1	4411
CP082999.1	3559
CP083000.1	5452171
CP083001.1	140975
CP083002.1	34058
CP083003.1	9294
CP083004.1	5598
CP083005.1	5463
CP083006.1	5359
CP083007.1	5408312
CP083008.1	211349
CP083009.1	43380
CP083010.1	13841
CP083011.1	5463351
CP083012.1	91520
CP083013.1	67100
CP083014.1	5359
CP083015.1	3541
CP083016.1	5413231
CP083017.1	94997
CP083018.1	5359
CP083019.1	4052
CP083020.1	3541
CP083021.1	5429892
CP083022.1	94932
CP083023.1	5359
CP083024.1	4052
CP083025.1	3541
CP083026.1	5428359
CP083027.1	94913
CP083028.1	29251
CP083029.1	5359
CP083030.1	4052
CP083031.1	3503
CP083032.1	5217870
CP083033.1	182759
CP083034.1	137856
CP083035.1	108983
CP083036.1	5481132
CP083037.1	194848
CP083038.1	63589
CP083039.1	45991
CP083040.1	3541
CP083041.1	2880
CP083042.1	2299
CP083043.1	5442703
CP083044.1	254008
CP083045.1	216901
CP083046.1	6141
CP083047.1	5442819
CP083048.1	254008
CP083049.1	216901
CP083050.1	6141
CP083051.1	5301391
CP083052.1	122698
CP083053.1	61736
CP083054.1	3827
CP083055.1	5372920
CP083056.1	204868
CP083057.1	73277
CP083058.1	9730
CP083059.1	6141
CP083060.1	4991
CP083061.1	4863
CP083062.1	3998
CP083063.1	5342716
CP083064.1	61693
CP083065.1	5251
CP083066.1	5340602
CP083067.1	165099
CP083068.1	63589
CP083069.1	48821
CP083070.1	5325495
CP083071.1	202875
CP083072.1	190458
CP083073.1	63589
CP083074.1	4167
CP083075.1	5533068
CP083076.1	133444
CP083077.1	74736
CP083078.1	62913
CP083079.1	4167
CP083080.1	2101
CP083081.1	5306935
CP083443.1	5470778
CP083445.1	5260182
CP083446.1	349403
CP083447.1	48038
CP083751.1	5236068
CP083752.1	202973
CP083753.1	110627
CP083768.1	5245214
CP083769.1	250893
CP083770.1	33807
CP083771.1	6352
CP083772.1	5214
CP083773.1	4176
CP083774.1	2833
CP083775.1	5472883
CP083776.1	256803
CP083777.1	69339
CP083778.1	33739
CP083779.1	5521
CP083780.1	4740
CP083781.1	3643
CP083782.1	3549
CP083783.1	2892
CP083784.1	5222528
CP083785.1	44303
CP083786.1	42290
CP083787.1	5542
CP083788.1	4616
CP083789.1	4268
CP083796.1	5330523
CP083797.1	283677
CP083798.1	120982
CP083799.1	33875
CP083800.1	4048
CP083801.1	3514
CP083932.1	5352384
CP083933.1	421072
CP083934.1	9730
CP083935.1	6141
CP083936.1	4167
CP083937.1	2095
CP084044.1	5379175
CP084045.1	114409
CP084046.1	8380
CP084047.1	6141
CP084048.1	3998
CP084049.1	3632
CP084050.1	3161
CP084051.1	2921
CP084052.1	2828
CP084053.1	2540
CP084054.1	1355
CP084103.1	5171985
CP084104.1	215108
CP084105.1	54034
CP084106.1	4820
CP084168.1	5189356
CP084169.1	137142
CP084170.1	120126
CP084171.1	3553
CP084241.1	5269694
CP084242.1	293653
CP084243.1	113167
CP084244.1	8801
CP084394.1	112868
CP084395.1	374716
CP084396.1	4167
CP084397.1	5414231
CP084492.1	5377315
CP084493.1	296908
CP084494.1	152725
CP084495.1	43518
CP084496.1	11970
CP084497.1	5480418
CP084498.1	163933
CP084499.1	91703
CP084500.1	10060
CP084501.1	5596
CP084502.1	5245208
CP084503.1	251955
CP084504.1	149924
CP084505.1	4729
CP084705.1	5496402
CP084706.1	201125
CP084707.1	131273
CP084708.1	124300
CP084709.1	11972
CP084823.1	5357592
CP084824.1	206626
CP084825.1	5301905
CP084826.1	109041
CP084827.1	15708
CP084828.1	2970
CP084829.1	5180404
CP084830.1	5324939
CP084831.1	172669
CP084832.1	131535
CP084833.1	111507
CP084834.1	109813
CP084835.1	9989
CP084836.1	8638
CP084837.1	8210
CP084838.1	8065
CP084839.1	7566
CP084840.1	7076
CP084841.1	4134
CP084842.1	4090
CP084843.1	5336167
CP084844.1	155131
CP084845.1	111501
CP084846.1	101892
CP084847.1	49648
CP084848.1	16388
CP084849.1	12069
CP084850.1	4018
CP084851.1	1240
CP084852.1	5346560
CP084853.1	196349
CP084854.1	110871
CP084855.1	43550
CP084856.1	5472677
CP084857.1	167482
CP084858.1	4369
CP084859.1	5385248
CP084860.1	5211784
CP084861.1	226445
CP084862.1	62914
CP084863.1	3629
CP084864.1	3359
CP084865.1	2317
CP084866.1	5431677
CP084867.1	230142
CP084868.1	5324320
CP084869.1	239249
CP084870.1	5258072
CP084871.1	5351706
CP084872.1	153259
CP084873.1	5157573
CP084986.1	5330391
CP084987.1	362034
CP084988.1	142244
CP084989.1	3989
CP085033.1	5312007
CP085034.1	187807
CP085035.1	2667
CP085097.1	5245077
CP085098.1	265616
CP085099.1	5197806
CP085100.1	137603
CP085101.1	5273997
CP085102.1	215261
CP085103.1	5303093
CP085104.1	151942
CP085105.1	122654
CP085478.1	5205350
CP085479.1	144892
CP085480.1	109308
CP085729.1	5350752
CP085730.1	6299
CP085731.1	170174
CP085732.1	227661
CP085733.1	56199
CP085740.1	5455675
CP085741.1	55865
CP085742.1	107933
CP085863.1	5263198
CP085864.1	63589
CP085865.1	5891
CP085866.1	5320804
CP085867.1	202882
CP085868.1	63589
CP085869.1	4667
CP085870.1	4060
CP085889.1	5480714
CP085890.1	143980
CP085891.1	150052
CP085892.1	87106
CP085893.1	23957
CP086128.1	5119182
CP086285.1	5226596
CP086286.1	111695
CP086416.1	5464604
CP086417.1	156512
CP086418.1	158444
CP086419.1	70475
CP086420.1	5359
CP086421.1	4052
CP086422.1	3541
CP086423.1	5465381
CP086424.1	167626
CP086425.1	158444
CP086426.1	71321
CP086427.1	63589
CP086428.1	5359
CP086429.1	4052
CP086430.1	3541
CP086431.1	5464604
CP086432.1	156512
CP086433.1	158444
CP086434.1	71315
CP086435.1	63589
CP086436.1	5359
CP086437.1	4052
CP086438.1	3541
CP086439.1	5465385
CP086440.1	167626
CP086441.1	158444
CP086442.1	70475
CP086443.1	63589
CP086444.1	5359
CP086445.1	4052
CP086446.1	3541
CP086447.1	5464605
CP086448.1	189866
CP086449.1	158444
CP086450.1	71289
CP086451.1	63589
CP086452.1	5359
CP086453.1	4052
CP086454.1	3541
CP086455.1	5452319
CP086456.1	246787
CP086457.1	3991
CP086458.1	5452313
CP086459.1	247089
CP086460.1	3987
CP086461.1	5452319
CP086462.1	246787
CP086463.1	3989
CP086464.1	5452314
CP086465.1	247089
CP086466.1	3991
CP086467.1	5452320
CP086468.1	247089
CP086469.1	3991
CP086664.1	5351360
CP086665.1	323074
CP086666.1	174841
CP086667.1	171935
CP086668.1	102252
CP086669.1	9294
CP086670.1	4352
CP086724.1	5331479
CP086725.1	230544
CP086761.1	5186917
CP086762.1	296148
CP086763.1	15410
CP087122.1	5531835
CP087123.1	5692842
CP087142.1	5477020
CP087143.1	197415
CP087144.1	133114
CP087145.1	99065
CP087146.1	5474051
CP087147.1	197415
CP087148.1	133129
CP087149.1	87095
CP087150.1	11970
CP087151.1	5474052
CP087152.1	197415
CP087153.1	133129
CP087154.1	87095
CP087155.1	11970
CP087272.1	5436561
CP087273.1	117755
CP087274.1	140824
CP087275.1	85168
CP087606.1	5505838
CP087607.1	210574
CP087608.1	169136
CP087609.1	10062
CP087610.1	5596
CP087611.1	5319600
CP087612.1	281138
CP087613.1	106447
CP087614.1	81442
CP087615.1	11057
CP087616.1	10060
CP087617.1	1283
CP087618.1	5279086
CP087619.1	209653
CP087620.1	70343
CP087621.1	60051
CP087622.1	10060
CP087623.1	5475454
CP087624.1	198608
CP087625.1	139857
CP087626.1	91826
CP087627.1	5596
CP087628.1	1856
CP087629.1	5413509
CP087630.1	178812
CP087631.1	178159
CP087632.1	99753
CP087633.1	5596
CP087634.1	5497181
CP087635.1	76107
CP087636.1	31960
CP087637.1	10062
CP087638.1	5596
CP087639.1	5473652
CP087640.1	133772
CP087641.1	132733
CP087642.1	87095
CP087643.1	11959
CP087644.1	5596
CP087645.1	5480728
CP087646.1	273290
CP087647.1	182556
CP087648.1	56365
CP087649.1	10061
CP087650.1	5596
CP087651.1	5465558
CP087652.1	220277
CP087653.1	112393
CP087654.1	103339
CP087655.1	11970
CP087656.1	5596
CP087657.1	5507967
CP087658.1	219068
CP087659.1	118186
CP087660.1	112390
CP087661.1	11970
CP087662.1	5596
CP087663.1	5436002
CP087664.1	219069
CP087665.1	141469
CP087666.1	112224
CP087667.1	11970
CP087668.1	5596
CP087669.1	5323119
CP087670.1	280953
CP087671.1	153633
CP087672.1	71532
CP087706.1	5288730
CP087707.1	217602
CP087708.1	210296
CP087709.1	4052
CP088120.1	5253530
CP088121.1	272060
CP088122.1	72636
CP088123.1	82962
CP088124.1	186056
CP088125.1	101184
CP088126.1	5255236
CP088127.1	83070
CP088128.1	72637
CP088129.1	186040
CP088130.1	100928
CP088269.1	5377138
CP088270.1	209636
CP088271.1	76708
CP088272.1	9734
CP088978.1	5309052
CP088979.1	144296
CP088982.1	5478652
CP088983.1	97945
CP088984.1	227891
CP088985.1	5059681
CP088986.1	88907
CP088987.1	210278
CP088988.1	5373674
CP088989.1	121561
CP088990.1	228110
CP088991.1	5473619
CP088992.1	5596
CP088993.1	11972
CP088994.1	83442
CP088995.1	140550
CP088996.1	217070
CP088997.1	5437539
CP088998.1	6796
CP088999.1	116545
CP089000.1	279210
CP089001.1	5370996
CP089002.1	1916
CP089003.1	4160
CP089004.1	4167
CP089005.1	6914
CP089006.1	7508
CP089007.1	46148
CP089008.1	63589
CP089009.1	80050
CP089010.1	89690
CP089011.1	276100
CP089012.1	5140269
CP089013.1	208529
CP089014.1	5383183
CP089015.1	15032
CP089016.1	65499
CP089017.1	100026
CP089018.1	110431
CP089019.1	177113
CP089020.1	204725
CP089021.1	5478995
CP089022.1	97945
CP089023.1	227890
CP089024.1	5462996
CP089025.1	3511
CP089026.1	3631
CP089027.1	63408
CP089028.1	107790
CP089029.1	124933
CP089030.1	229288
CP089097.1	5301226
CP089098.1	330084
CP089099.1	152520
CP089325.1	5280397
CP089326.1	172904
CP089327.1	153468
CP089383.1	5172055
CP089384.1	243534
CP089427.1	5284160
CP089428.1	266289
CP089429.1	66743
CP089430.1	47288
CP089431.1	34269
CP089432.1	33041
CP089433.1	23643
CP089434.1	9294
CP089435.1	1934
CP089509.1	5254589
CP089510.1	239834
CP089511.1	182009
CP089512.1	82475
CP089513.1	10060
CP089598.1	5517450
CP089599.1	229581
CP089600.1	136701
CP089762.1	5549138
CP089763.1	135709
CP089764.1	117143
CP089768.1	5320954
CP089769.1	161792
CP089770.1	99554
CP089771.1	5297614
CP089870.1	5276009
CP089871.1	231344
CP089872.1	110522
CP089873.1	34997
CP089874.1	5198145
CP089875.1	186670
CP089876.1	110438
CP089877.1	5264927
CP089878.1	309645
CP089879.1	216726
CP089880.1	5143747
CP089881.1	253878
CP089882.1	5267047
CP089883.1	262094
CP089884.1	5373824
CP089885.1	247180
CP089886.1	131492
CP089887.1	58472
CP089926.1	5295107
CP089959.1	5164896
CP089960.1	298594
CP089961.1	219770
CP089986.1	5279165
CP089987.1	46162
CP089988.1	4097
CP089989.1	5314393
CP089990.1	190701
CP089991.1	27668
CP089992.1	11970
CP090061.1	5485063
CP090062.1	189603
CP090126.1	5374519
CP090127.1	103807
CP090128.1	88164
CP090129.1	53096
CP090130.1	39224
CP090131.1	10060
CP090132.1	5651
CP090203.1	5474886
CP090204.1	126203
CP090205.1	140306
CP090206.1	220975
CP090218.1	5197277
CP090219.1	172001
CP090220.1	193044
CP090221.1	112554
CP090222.1	5587050
CP090242.1	5463475
CP090243.1	226910
CP090343.1	5422169
CP090344.1	189486
CP090345.1	132507
CP090346.1	87091
CP090389.1	5288218
CP090390.1	256194
CP090391.1	171602
CP090392.1	4052
CP090393.1	5288221
CP090394.1	249955
CP090395.1	171626
CP090396.1	4052
CP090397.1	5249104
CP090398.1	5453822
CP090429.1	5339005
CP090430.1	147900
CP090432.1	5435820
CP090433.1	192941
CP090434.1	134873
CP090435.1	87095
CP090436.1	11970
CP090437.1	5596
CP090462.1	5475409
CP090463.1	176459
CP090464.1	134477
CP090465.1	83551
CP090466.1	11970
CP090467.1	5596
CP090468.1	5341102
CP090469.1	165596
CP090470.1	129313
CP090471.1	135574
CP090472.1	12274
CP090473.1	11269
CP090474.1	15944
CP090618.1	208364
CP090619.1	102938
CP090620.1	95171
CP090621.1	65184
CP090622.1	5331908
CP090623.1	5443502
CP090624.1	115240
CP090625.1	23548
CP090626.1	5442379
CP090627.1	116335
CP090628.1	13636
CP090629.1	5441422
CP090630.1	115240
CP090631.1	13636
CP090834.1	5362228
CP090835.1	75446
CP090931.1	5284160
CP090932.1	266289
CP090933.1	66743
CP090934.1	47288
CP090935.1	34269
CP090936.1	33041
CP090937.1	23643
CP090938.1	9294
CP090939.1	1934
CP091048.1	5244699
CP091049.1	248847
CP091050.1	140379
CP091051.1	120990
CP091052.1	59349
CP091053.1	54244
CP091054.1	3482
CP091055.1	2667
CP091058.1	5519555
CP091059.1	230647
CP091060.1	57896
CP091061.1	5516520
CP091062.1	229582
CP091063.1	66070
CP091068.1	5459621
CP091069.1	221776
CP091070.1	103130
CP091071.1	87095
CP091072.1	15931
CP091073.1	5596
CP091326.1	5254850
CP091327.1	223967
CP091330.1	5386603
CP091331.1	203312
CP091332.1	123020
CP091582.1	5308597
CP091583.1	258013
CP091584.1	214248
CP091585.1	124386
CP091586.1	20868
CP091587.1	7742
CP091588.1	196916
CP091589.1	7619
CP091590.1	55026
CP091591.1	109037
CP091592.1	109567
CP091593.1	96023
CP091594.1	5294530
CP091599.1	211798
CP091600.1	69630
CP091601.1	5354976
CP091602.1	298468
CP091603.1	6141
CP091650.1	5127042
CP091813.1	5314772
CP091814.1	376754
CP091815.1	72224
CP091816.1	23319
CP091817.1	15469
CP091818.1	4018
CP091846.1	5304541
CP091847.1	349120
CP091848.1	171032
CP091849.1	72015
CP091850.1	6156
CP091978.1	5359407
CP091979.1	279569
CP091980.1	55296
CP091986.1	355227
CP091987.1	171032
CP091992.1	5302095
CP092077.1	5191309
CP092078.1	241435
CP092272.1	5533254
CP092273.1	236626
CP092274.1	166543
CP092275.1	32126
CP092276.1	11970
CP092277.1	5596
CP092278.1	5270473
CP092279.1	113167
CP092280.1	51479
CP092281.1	8801
CP092336.1	5352365
CP092337.1	212639
CP092338.1	108016
CP092339.1	12435
CP092340.1	8069
CP092341.1	6141
CP092342.1	5640
CP092343.1	3770
CP092536.1	5397259
CP092537.1	235474
CP092589.1	5291928
CP092590.1	177059
CP092591.1	74647
CP092592.1	70104
CP092593.1	65919
CP092594.1	33565
CP092595.1	9294
CP092596.1	6925
CP092648.1	5186760
CP092649.1	90810
CP092650.1	45048
CP092651.1	9730
CP092653.1	355489
CP092654.1	171047
CP092655.1	71683
CP092656.1	5302830
CP092717.1	5514909
CP092718.1	133346
CP092719.1	10061
CP092753.1	5334546
CP092754.1	228673
CP092755.1	118840
CP092756.1	107781
CP092757.1	43386
CP092758.1	13636
CP092759.1	5334774
CP092760.1	228671
CP092761.1	118949
CP092762.1	107781
CP092763.1	57741
CP092764.1	13636
CP092765.1	5334486
CP092766.1	228809
CP092767.1	118949
CP092768.1	107781
CP092769.1	43380
CP092770.1	13636
CP092786.1	5470492
CP092787.1	198615
CP092788.1	133775
CP092789.1	87095
CP092790.1	34012
CP092791.1	5596
CP092792.1	3305
CP092793.1	5469587
CP092794.1	198615
CP092795.1	133775
CP092796.1	87095
CP092797.1	34012
CP092798.1	11970
CP092799.1	5596
CP092800.1	3305
CP092901.1	5286326
CP092902.1	221757
CP092903.1	159322
CP092904.1	92904
CP092905.1	2927
CP093151.1	5423834
CP093152.1	257343
CP093153.1	140105
CP093458.1	5176823
CP093459.1	388130
CP093460.1	145622
CP093461.1	48523
CP093462.1	8444
CP093463.1	5988
CP093464.1	2045
CP093465.1	5250844
CP093466.1	190540
CP093467.1	58125
CP093468.1	36230
CP093469.1	14283
CP093470.1	4546
CP093471.1	5430590
CP093472.1	160137
CP093473.1	46161
CP093474.1	9391
CP093475.1	7218
CP093476.1	5584676
CP093477.1	77813
CP093478.1	35376
CP093479.1	6871
CP093480.1	5584
CP093481.1	5406546
CP093482.1	178685
CP093483.1	62617
CP093484.1	37145
CP093485.1	33224
CP093486.1	5246520
CP093487.1	90276
CP093488.1	67142
CP093489.1	5121870
CP093490.1	338797
CP093491.1	175202
CP093492.1	68131
CP093493.1	41608
CP093494.1	11818
CP093495.1	5286512
CP093496.1	200019
CP093497.1	104727
CP093498.1	73875
CP093499.1	58118
CP093500.1	6871
CP093501.1	5456744
CP093502.1	195694
CP093503.1	57589
CP093504.1	46161
CP093505.1	6265
CP093852.1	5737285
CP093853.1	332171
CP093854.1	5738212
CP093855.1	337042
CP093856.1	5578404
CP093857.1	316167
CP094227.1	5730602
CP094228.1	328083
CP094237.1	5413116
CP094451.1	5665737
CP094452.1	215609
CP094453.1	96608
CP094454.1	45644
CP094479.1	5270604
CP094480.1	228721
CP094481.1	43173
CP094482.1	20785
CP094512.1	5186855
CP094513.1	73661
CP094514.1	53065
CP094940.1	5322984
CP094941.1	227097
CP094991.1	5350432
CP094992.1	326663
CP094993.1	174840
CP094994.1	102252
CP094995.1	9294
CP094996.1	4352
CP095121.1	5236644
CP095122.1	153937
CP095123.1	65895
CP095124.1	16833
CP095132.1	5448962
CP095133.1	194916
CP095134.1	70936
CP095135.1	9294
CP095136.1	5835
CP095140.1	5355840
CP095141.1	221581
CP095142.1	52096
CP095143.1	4204
CP095144.1	3643
CP095145.1	5264922
CP095146.1	224675
CP095147.1	109388
CP095148.1	8282
CP095149.1	4642
CP095150.1	5423180
CP095151.1	219384
CP095152.1	92025
CP095153.1	82442
CP095154.1	4350
CP095234.1	5450821
CP095235.1	173108
CP095236.1	58972
CP095237.1	40479
CP095238.1	10060
CP095239.1	5596
CP095240.1	5393517
CP095241.1	188001
CP095242.1	129649
CP095243.1	87095
CP095244.1	41710
CP095245.1	37368
CP095246.1	10060
CP095247.1	5422972
CP095248.1	210914
CP095249.1	87095
CP095250.1	30116
CP095251.1	5787
CP095252.1	5596
CP095253.1	5393376
CP095254.1	157481
CP095255.1	132724
CP095256.1	68628
CP095257.1	37368
CP095258.1	26525
CP095259.1	11970
CP095260.1	10895
CP095261.1	9789
CP095262.1	5596
CP095263.1	5535
CP095264.1	5471606
CP095265.1	133771
CP095266.1	84876
CP095267.1	23759
CP095268.1	5596
CP095421.1	5502234
CP095422.1	208817
CP095423.1	129505
CP095424.1	55186
CP095425.1	10060
CP095426.1	5626241
CP095427.1	120647
CP095428.1	5602064
CP095429.1	228102
CP095430.1	124551
CP095431.1	72069
CP095432.1	27281
CP095557.1	5340134
CP095558.1	114673
CP095559.1	73277
CP095560.1	6141
CP095561.1	4991
CP095562.1	4167
CP095563.1	3998
CP095564.1	3991
CP095565.1	3944
CP095762.1	5314982
CP095763.1	143840
CP095764.1	128470
CP095776.1	5348787
CP095777.1	363560
CP095778.1	112243
CP095779.1	51478
CP095780.1	5347606
CP095781.1	363634
CP095782.1	120290
CP095783.1	54339
CP096230.1	5451033
CP096231.1	229037
CP096232.1	114748
CP096233.1	10058
CP096234.1	5464265
CP096235.1	229626
CP096236.1	103167
CP096237.1	9996
CP096238.1	5533569
CP096239.1	234915
CP096240.1	97079
CP096241.1	62344
CP096242.1	5460441
CP096243.1	228900
CP096244.1	94000
CP096245.1	10060
CP096260.1	5381808
CP096261.1	227518
CP096262.1	65839
CP096810.1	5455459
CP096811.1	292530
CP096814.1	5304985
CP096815.1	207747
CP096816.1	109637
CP096817.1	45138
CP097076.1	5222700
CP097077.1	296587
CP097078.1	8802
CP097079.1	5222700
CP097080.1	226558
CP097081.1	78167
CP097082.1	5222751
CP097083.1	226565
CP097084.1	70024
CP097085.1	8802
CP097190.1	5265433
CP097191.1	275345
CP097192.1	192753
CP097193.1	52998
CP097194.1	43761
CP097195.1	3991
CP097196.1	3809
CP097197.1	1934
CP097220.1	5346226
CP097221.1	206564
CP097222.1	2095
CP097223.1	5341245
CP097224.1	235390
CP097225.1	122319
CP097226.1	103694
CP097227.1	2095
CP097228.1	5338034
CP097229.1	390420
CP097230.1	70829
CP097231.1	2095
CP097232.1	5343549
CP097233.1	284698
CP097234.1	103694
CP097235.1	70829
CP097236.1	2095
CP097237.1	5337811
CP097238.1	283371
CP097239.1	103694
CP097240.1	70829
CP097241.1	6141
CP097242.1	2095
CP097385.1	5186161
CP097386.1	167179
CP097387.1	128536
CP097388.1	116556
CP097389.1	50463
CP097390.1	9730
CP097391.1	6141
CP097392.1	5640
CP097393.1	4510
CP097394.1	3770
CP097411.1	5369141
CP097412.1	223898
CP097413.1	65300
CP097414.1	3991
CP097415.1	5367615
CP097416.1	223898
CP097417.1	65499
CP097418.1	3991
CP097419.1	5348861
CP097420.1	143352
CP097421.1	96910
CP097422.1	52373
CP097423.1	5513839
CP097424.1	64722
CP097425.1	51318
CP097626.1	5465659
CP097627.1	155793
CP097628.1	205645
CP097629.1	41429
CP097630.1	10060
CP097631.1	5595
CP097651.1	5400191
CP097652.1	232508
CP097653.1	52065
CP097654.1	5438761
CP097655.1	106759
CP097656.1	35800
CP097657.1	59153
CP097660.1	5481820
CP097661.1	12798
CP097662.1	147322
CP097663.1	5354544
CP097664.1	12944
CP097665.1	146332
CP097666.1	147295
CP097667.1	153479
CP097668.1	200049
CP097669.1	49967
CP097670.1	5450502
CP097671.1	10033
CP097672.1	110207
CP097673.1	292919
CP097674.1	92812
CP097675.1	5436108
CP097676.1	103399
CP097677.1	162611
CP097678.1	288415
CP097679.1	5442959
CP097680.1	274502
CP097681.1	43496
CP097682.1	57847
CP097683.1	5478992
CP097684.1	10832
CP097685.1	111909
CP097686.1	153836
CP097687.1	161025
CP097688.1	5552252
CP097689.1	127340
CP097690.1	230866
CP097691.1	85555
CP097692.1	5495013
CP097693.1	130677
CP097697.1	5309424
CP097698.1	110851
CP097699.1	113123
CP097700.1	35202
CP097701.1	52275
CP097702.1	59999
CP097703.1	5412652
CP097704.1	108673
CP097705.1	111090
CP097706.1	96993
CP097707.1	159393
CP097708.1	85318
CP098123.1	5276152
CP098124.1	204730
CP098125.1	9250
CP098126.1	4167
CP098127.1	265595
CP098128.1	5276263
CP098129.1	164435
CP098130.1	28775
CP098131.1	5293359
CP098132.1	172552
CP098133.1	265597
CP098134.1	4167
CP098135.1	265596
CP098136.1	5273625
CP098137.1	194864
CP098138.1	64337
CP098139.1	4167
CP098140.1	267989
CP098141.1	5275881
CP098142.1	194865
CP098143.1	64337
CP098144.1	4167
CP098145.1	5339314
CP098146.1	155584
CP098147.1	285767
CP098148.1	12452
CP098149.1	5327502
CP098150.1	180492
CP098151.1	5202506
CP098152.1	300038
CP098153.1	110870
CP098154.1	5203513
CP098155.1	298973
CP098156.1	285768
CP098157.1	169300
CP098158.1	110870
CP098159.1	5355229
CP098160.1	154762
CP098161.1	5355178
CP098162.1	154763
CP098163.1	11523
CP098164.1	10329
CP098165.1	5355218
CP098166.1	154762
CP098167.1	5355169
CP098168.1	154763
CP098169.1	4889661
CP098170.1	253995
CP098171.1	233713
CP098172.1	194787
CP098173.1	275057
CP098174.1	4167
CP098175.1	5201543
CP098176.1	262875
CP098177.1	8114
CP098335.1	5470853
CP098336.1	4097
CP098337.1	165212
CP098338.1	5482480
CP098339.1	165212
CP098340.1	5542117
CP098341.1	9294
CP098342.1	126542
CP098343.1	5550556
CP098344.1	9294
CP098345.1	126321
CP098346.1	167851
CP098347.1	5498795
CP098348.1	161666
CP098349.1	166337
CP098350.1	5498521
CP098351.1	161666
CP098352.1	5499994
CP098353.1	161666
CP098354.1	166337
CP098355.1	5436073
CP098356.1	15271
CP098357.1	206884
CP098358.1	113639
CP098359.1	43379
CP098423.1	5321240
CP098424.1	112610
CP098425.1	10122
CP098426.1	5598
CP098427.1	5366543
CP098428.1	112869
CP098429.1	54593
CP098430.1	54064
CP098431.1	39711
CP098432.1	4167
CP098758.1	5315686
CP098759.1	261525
CP098760.1	98478
CP098761.1	10060
CP098769.1	5366061
CP098770.1	5514912
CP099140.1	5219314
CP099141.1	3580
CP099403.1	5337821
CP099404.1	262110
CP099405.1	242862
CP099406.1	145825
CP099407.1	107501
CP099408.1	3325
CP099409.1	5640913
CP099410.1	243028
CP099411.1	143887
CP099412.1	107501
CP099413.1	5470822
CP099414.1	215836
CP099415.1	150096
CP099416.1	87095
CP099417.1	11970
CP099519.1	5273117
CP099520.1	192108
CP099521.1	83665
CP099522.1	5369699
CP099523.1	302470
CP099524.1	51874
CP099525.1	10060
CP099667.1	5130853
CP099668.1	101802
CP099669.1	217771
CP099670.1	5248804
CP099671.1	328855
CP099672.1	5349357
CP099673.1	137300
CP099674.1	56857
CP099675.1	88176
CP099676.1	5246549
CP099677.1	189402
CP099678.1	214715
CP099679.1	5201313
CP099680.1	245656
CP099681.1	270477
CP099682.1	5389627
CP099683.1	177800
CP099684.1	274106
CP099685.1	137928
CP099686.1	10060
CP099687.1	112435
CP099688.1	5239183
CP099689.1	42813
CP099690.1	229741
CP099691.1	204588
CP099692.1	5402534
CP099693.1	189723
CP099694.1	334689
CP099695.1	225101
CP099743.1	5312109
CP099744.1	243656
CP099745.1	20453
CP099746.1	4091
CP099747.1	177859
CP099748.1	5351105
CP099749.1	243395
CP099750.1	177859
CP099751.1	4091
CP100072.1	5394630
CP100073.1	164564
CP100074.1	88196
CP100075.1	5596
CP100076.1	5304859
CP100077.1	134731
CP100078.1	284769
CP100079.1	108814
CP100080.1	9730
CP100081.1	5640
CP100082.1	4510
CP100083.1	3770
CP100084.1	5439322
CP100085.1	215633
CP100086.1	94061
CP100087.1	5408791
CP100088.1	94350
CP100089.1	201702
CP100090.1	87072
CP100091.1	10060
CP100092.1	5596
CP100093.1	2953
CP100094.1	5402143
CP100095.1	201928
CP100096.1	94061
CP100097.1	87095
CP100098.1	5404046
CP100099.1	201929
CP100100.1	94059
CP100101.1	87095
CP100102.1	5395622
CP100103.1	175328
CP100104.1	120171
CP100105.1	37693
CP100106.1	5402473
CP100107.1	201929
CP100108.1	94061
CP100109.1	87095
CP100110.1	5404053
CP100111.1	201929
CP100112.1	94061
CP100113.1	87095
CP100114.1	5356493
CP100115.1	142065
CP100116.1	110202
CP100117.1	10061
CP100118.1	5596
CP100119.1	2953
CP100120.1	5430963
CP100121.1	185954
CP100122.1	56210
CP100123.1	51860
CP100124.1	2058
CP100308.1	5265397
CP100309.1	116484
CP100310.1	112694
CP100311.1	3302
CP100312.1	5264949
CP100313.1	116484
CP100314.1	112694
CP100315.1	3302
CP100478.1	5200449
CP100479.1	224564
CP100480.1	109936
CP100481.1	46338
CP100511.1	5357976
CP100512.1	54288
CP100513.1	46338
CP100514.1	6785
CP100515.1	5326821
CP100516.1	54288
CP100517.1	47563
CP100518.1	3642
CP100519.1	3143
CP100520.1	5200157
CP100521.1	224507
CP100522.1	218782
CP100523.1	109936
CP100524.1	46338
CP100542.1	5191842
CP100543.1	46338
CP100601.1	5264967
CP100602.1	222562
CP101020.1	5401778
CP101021.1	125846
CP101022.1	117649
CP101023.1	86890
CP101024.1	5301668
CP101025.1	178038
CP101026.1	4580
CP101027.1	5286882
CP101028.1	78530
CP101029.1	62195
CP101119.1	5550873
CP101120.1	86209
CP101121.1	6141
CP101122.1	4167
CP101533.1	5459156
CP101534.1	141697
CP101535.1	10060
CP101536.1	5595
CP101542.1	5474952
CP101543.1	129998
CP101544.1	10061
CP101545.1	5596
CP101546.1	5250322
CP101547.1	255261
CP101548.1	125346
CP101549.1	111482
CP101550.1	54035
CP101551.1	4234
CP101552.1	2936
CP101553.1	2469
CP101554.1	5522380
CP101555.1	181183
CP101556.1	87511
CP101557.1	46288
CP101558.1	113479
CP101559.1	3043
CP101560.1	5287345
CP101561.1	318780
CP101562.1	171463
CP101563.1	5441186
CP101564.1	126958
CP101565.1	10060
CP101566.1	5596
CP101567.1	5442756
CP101568.1	258415
CP101569.1	138059
CP101570.1	10060
CP101571.1	5596
CP101726.1	5459651
CP101727.1	149214
CP101728.1	172348
CP101729.1	10060
CP101730.1	5596
CP101764.1	5404962
CP101765.1	353327
CP101766.1	127176
CP101767.1	84876
CP101768.1	11970
CP101769.1	5596
CP101770.1	5448906
CP101771.1	5596
CP101772.1	84876
CP101773.1	11970
CP101774.1	190026
CP101775.1	134477
CP101776.1	5652416
CP101777.1	5596
CP101778.1	57405
CP101779.1	55186
CP101780.1	53988
CP101781.1	11970
CP101782.1	111949
CP101783.1	84876
CP101784.1	5437487
CP101785.1	134477
CP101786.1	190034
CP101787.1	11970
CP101788.1	84876
CP101789.1	5596
CP101790.1	5260926
CP101791.1	19016
CP101792.1	111595
CP101793.1	57327
CP101794.1	212541
CP101795.1	95527
CP101835.1	5345640
CP101836.1	217547
CP101837.1	46161
CP101838.1	38758
CP101839.1	9294
CP101840.1	4319
CP101841.1	2076
CP101877.1	5270951
CP101878.1	111444
CP101879.1	85336
CP101880.1	68908
CP101881.1	6141
CP101882.1	5251
CP101883.1	4678
CP102077.1	5279178
CP102078.1	290720
CP102079.1	137567
CP102080.1	51479
CP102186.1	5422759
CP102187.1	219806
CP102188.1	146760
CP102189.1	11970
CP102190.1	87177
CP102191.1	5596
CP102192.1	5379249
CP102193.1	221246
CP102194.1	87095
CP102195.1	11970
CP102196.1	154868
CP102390.1	5349784
CP102391.1	193821
CP102392.1	135425
CP102393.1	113637
CP102394.1	84876
CP102395.1	11934
CP102396.1	5596
CP102438.1	5288825
CP102439.1	235915
CP102440.1	69760
CP102490.1	5324698
CP102491.1	158043
CP102492.1	112905
CP102493.1	2495
CP102546.1	5321148
CP102547.1	132031
CP102548.1	125297
CP102549.1	52856
CP102550.1	5251
CP102551.1	4642
CP102552.1	5280364
CP102553.1	108736
CP102554.1	43141
CP102555.1	41190
CP102556.1	9057
CP102557.1	8660
CP102558.1	8179
CP102559.1	662
CP102687.1	5346176
CP102688.1	217547
CP102689.1	46161
CP102690.1	38759
CP102691.1	9294
CP102692.1	5265041
CP102693.1	178593
CP102833.1	5431628
CP102834.1	130974
CP102835.1	4375
CP102836.1	5403005
CP102837.1	194877
CP102838.1	135440
CP102839.1	84881
CP102840.1	23940
CP102841.1	5284291
CP102842.1	186106
CP102843.1	20110
CP102844.1	6817
CP102869.1	5286105
CP102870.1	257713
CP102871.1	134407
CP102872.1	118931
CP102873.1	111277
CP102874.1	65073
CP102875.1	45244
CP102876.1	4473
CP102877.1	5320447
CP102878.1	222330
CP102879.1	101383
CP102880.1	100448
CP102881.1	52085
CP102882.1	3494
CP102883.1	5320357
CP102884.1	222331
CP102885.1	101130
CP102886.1	100448
CP102887.1	52085
CP102888.1	3494
CP102889.1	5273111
CP102890.1	46161
CP102891.1	5273119
CP102892.1	46161
CP102940.1	5324814
CP102941.1	224137
CP102987.1	5293381
CP102988.1	188688
CP102989.1	160519
CP102990.1	82102
CP102991.1	6141
CP102992.1	4167
CP102993.1	5272495
CP102994.1	175819
CP102995.1	121101
CP103062.1	5472092
CP103063.1	111321
CP103064.1	241400
CP103065.1	84737
CP103315.1	5490858
CP103316.1	225067
CP103317.1	115543
CP103318.1	87095
CP103319.1	83447
CP103320.1	46161
CP103321.1	11970
CP103322.1	5596
CP103323.1	2445
CP103405.1	5461690
CP103406.1	195836
CP103407.1	139318
CP103408.1	87095
CP103499.1	5344936
CP103500.1	145779
CP103501.1	76999
CP103502.1	67896
CP103503.1	5352213
CP103504.1	235473
CP103505.1	87513
CP103506.1	9730
CP103507.1	2095
CP103512.1	5459963
CP103513.1	230429
CP103514.1	190614
CP103548.1	5569742
CP103549.1	1748
CP103550.1	5366016
CP103551.1	113639
CP103552.1	55976
CP103553.1	34558
CP103560.1	5403680
CP103561.1	151342
CP103567.1	5323592
CP103568.1	149523
CP103569.1	4773
CP103579.1	5269796
CP103580.1	170849
CP103581.1	5466
CP103582.1	5294676
CP103583.1	176613
CP103584.1	111561
CP103585.1	35950
CP103586.1	5388503
CP103587.1	283924
CP103588.1	3991
CP103605.1	5229078
CP103606.1	135203
CP103607.1	114874
CP103608.1	4773
CP103614.1	5352870
CP103615.1	170849
CP103616.1	5883
CP103617.1	5251
CP103618.1	5411720
CP103619.1	218258
CP103620.1	10123
CP103621.1	5218654
CP103622.1	243762
CP103635.1	5382288
CP103636.1	246341
CP103637.1	4165
CP103638.1	1748
CP103654.1	5357562
CP103655.1	75285
CP103656.1	5714
CP103676.1	5317137
CP103677.1	207376
CP103678.1	3991
CP103687.1	5365823
CP103688.1	183966
CP103689.1	70661
CP103697.1	5513857
CP103698.1	172383
CP103699.1	5334486
CP103700.1	224357
CP103701.1	57922
CP103702.1	4165
CP103703.1	1748
CP103714.1	5243124
CP103715.1	94783
CP103716.1	34150
CP103717.1	2060
CP103727.1	5162601
CP103728.1	152422
CP103729.1	5309962
CP103730.1	262225
CP103731.1	5460489
CP103732.1	180461
CP103733.1	9656
CP103734.1	5463
CP103735.1	4258
CP103736.1	4017
CP103737.1	1549
CP103738.1	1458
CP104030.1	5453091
CP104031.1	178278
CP104032.1	172348
CP104033.1	10060
CP104034.1	5596
CP104110.1	5303116
CP104111.1	157887
CP104196.1	5338502
CP104197.1	101251
CP104198.1	57644
CP104199.1	49316
CP104200.1	4823
CP104201.1	3991
CP104312.1	5403764
CP104313.1	12047
CP104314.1	84878
CP104315.1	135468
CP104316.1	194876
CP104373.1	5383173
CP104374.1	112409
CP104375.1	51640
CP104376.1	9294
CP104551.1	5394384
CP104552.1	5596
CP104571.1	5350664
CP104572.1	239437
CP104573.1	124096
CP104574.1	92191
CP104575.1	74683
CP104576.1	4167
CP104577.1	3516
CP104603.1	5296764
CP104604.1	315605
CP104605.1	218818
CP104606.1	159878
CP104607.1	110502
CP104608.1	36052
CP104609.1	33310
CP104610.1	5733
CP104611.1	4660
CP104612.1	2817
CP104627.1	5206219
CP104628.1	266761
CP104659.1	5351257
CP104660.1	5381566
CP104661.1	186135
CP104662.1	115456
CP104663.1	9294
CP104664.1	1302
CP104678.1	5420550
CP104679.1	210059
CP104680.1	112409
CP104766.1	5401248
CP104767.1	156780
CP104795.1	53814
CP104796.1	5298818
CP104797.1	193355
CP104798.1	201292
CP104799.1	4686
CP104800.1	51478
CP104801.1	5250
CP106654.1	5280348
CP106655.1	190782
CP106656.1	48427
CP106657.1	5896
CP106760.1	5444235
CP106761.1	190869
CP106762.1	134861
CP106763.1	84876
CP106764.1	41785
CP106786.1	5309964
CP106787.1	115363
CP106788.1	4336
CP106886.1	5456077
CP106887.1	209215
CP106888.1	89653
CP106889.1	3560
CP106890.1	5456289
CP106891.1	209198
CP106892.1	89653
CP106893.1	59140
CP106906.1	5475198
CP106907.1	216864
CP106908.1	216672
CP106909.1	166350
CP106910.1	46161
CP106911.1	10060
CP106912.1	5475189
CP106913.1	216672
CP106914.1	167656
CP106915.1	120349
CP106916.1	89257
CP106917.1	47483
CP107014.1	5397495
CP107015.1	237143
CP107016.1	124616
CP107017.1	96126
CP107018.1	11970
CP107019.1	5596
CP107043.1	5306347
CP107044.1	164378
CP107045.1	98026
CP107046.1	72739
CP107047.1	30124
CP107291.1	5520890
CP107292.1	217869
CP107293.1	205511
CP107294.1	54881
CP107295.1	11905
CP107296.1	5596
CP107297.1	5522800
CP107298.1	217869
CP107299.1	215446
CP107300.1	54881
CP107301.1	11970
CP107302.1	5596
CP107303.1	5460057
CP107304.1	103669
CP107305.1	54515
CP107306.1	10060
CP107307.1	5596
CP107308.1	5446908
CP107309.1	158295
CP107310.1	11948
CP107311.1	5597
CP107312.1	5502912
CP107313.1	146891
CP107314.1	126785
CP107315.1	111465
CP107316.1	84699
CP107317.1	54881
CP107318.1	11904
CP107319.1	5983
CP107320.1	5442774
CP107321.1	193826
CP107322.1	134594
CP107323.1	111727
CP107324.1	84876
CP107325.1	11940
CP107326.1	5596
CP107327.1	5442774
CP107328.1	193827
CP107329.1	134594
CP107330.1	111727
CP107331.1	84876
CP107332.1	11940
CP107333.1	5596
CP107334.1	5442867
CP107335.1	193826
CP107336.1	134594
CP107337.1	111727
CP107338.1	84876
CP107339.1	11970
CP107340.1	5596
CP107341.1	5585378
CP107342.1	88043
CP107343.1	10060
CP107344.1	5596
CP107345.1	5442774
CP107346.1	193834
CP107347.1	134594
CP107348.1	111727
CP107349.1	84876
CP107350.1	11970
CP107351.1	5596
CP107352.1	5182643
CP107353.1	299789
CP107354.1	119995
CP107355.1	111709
CP107356.1	76517
CP107357.1	10060
CP107358.1	5596
CP107359.1	5456907
CP107360.1	155508
CP107361.1	10060
CP107362.1	5596
CP107363.1	5432405
CP107364.1	121138
CP107365.1	10060
CP107366.1	5596
CP107367.1	5446223
CP107368.1	152729
CP107369.1	11948
CP107370.1	5597
CP107371.1	4746
CP107372.1	5444231
CP107373.1	193835
CP107374.1	134594
CP107375.1	111727
CP107376.1	84876
CP107377.1	11931
CP107378.1	5596
CP107379.1	5455494
CP107380.1	155820
CP107381.1	10060
CP107382.1	5596
CP107383.1	5440864
CP107384.1	194591
CP107385.1	134592
CP107386.1	111727
CP107387.1	84876
CP107388.1	11940
CP107389.1	5596
CP107390.1	5453515
CP107391.1	155492
CP107392.1	10060
CP107393.1	5596
CP107394.1	5452336
CP107395.1	154664
CP107396.1	10060
CP107397.1	5596
CP107398.1	5367254
CP107399.1	205642
CP107400.1	146158
CP107401.1	10060
CP107402.1	5596
CP107403.1	5465108
CP107404.1	154719
CP107405.1	54515
CP107406.1	10060
CP107407.1	5596
CP107408.1	5539993
CP107409.1	157273
CP107410.1	11970
CP107411.1	5596
CP107412.1	5406712
CP107413.1	205642
CP107414.1	146158
CP107415.1	10060
CP107416.1	5596
CP107417.1	5463797
CP107418.1	210034
CP107419.1	205645
CP107420.1	10060
CP107421.1	5596
CP107422.1	5436162
CP107423.1	159410
CP107424.1	10060
CP107425.1	5596
CP107426.1	5456955
CP107427.1	205639
CP107428.1	154725
CP107429.1	54499
CP107430.1	10060
CP107431.1	5596
CP107432.1	5472754
CP107433.1	169677
CP107434.1	118453
CP107435.1	10060
CP107436.1	5468429
CP107437.1	205638
CP107438.1	154719
CP107439.1	10060
CP107440.1	5596
CP107441.1	5465126
CP107442.1	205639
CP107443.1	154725
CP107444.1	54467
CP107445.1	10060
CP107446.1	5596
CP107447.1	5463470
CP107448.1	205652
CP107449.1	154720
CP107450.1	10060
CP107451.1	5596
CP107452.1	5485757
CP107453.1	175839
CP107454.1	96034
CP107455.1	35571
CP107456.1	11947
CP107457.1	5596
CP107458.1	5545329
CP107459.1	205641
CP107460.1	154719
CP107461.1	10060
CP107462.1	5596
CP107463.1	5456560
CP107464.1	128751
CP107465.1	54463
CP107466.1	11970
CP107467.1	5596
CP107468.1	5461990
CP107469.1	205641
CP107470.1	154719
CP107471.1	10060
CP107472.1	5596
CP107473.1	5462408
CP107474.1	205965
CP107475.1	154725
CP107476.1	10060
CP107477.1	5596
CP107478.1	5462068
CP107479.1	205545
CP107480.1	154726
CP107481.1	10060
CP107482.1	5596
CP107483.1	5464810
CP107484.1	205636
CP107485.1	154720
CP107486.1	10060
CP107487.1	5596
CP107488.1	5462408
CP107489.1	205638
CP107490.1	154725
CP107491.1	10060
CP107492.1	5596
CP107493.1	5462841
CP107494.1	205641
CP107495.1	154725
CP107496.1	10060
CP107497.1	5596
CP107498.1	5402910
CP107499.1	205642
CP107500.1	154725
CP107501.1	10060
CP107502.1	5596
CP107503.1	5461337
CP107504.1	205642
CP107505.1	154719
CP107506.1	10060
CP107507.1	5596
CP107508.1	5462410
CP107509.1	205645
CP107510.1	154726
CP107511.1	10060
CP107512.1	5596
CP107513.1	5453722
CP107514.1	206705
CP107515.1	154719
CP107516.1	11947
CP107517.1	5596
CP107518.1	5462410
CP107519.1	205640
CP107520.1	154725
CP107521.1	10060
CP107522.1	5596
CP107562.1	5559235
CP107563.1	219797
CP107564.1	135074
CP107565.1	87097
CP107566.1	41416
CP109604.1	5215275
CP109607.1	5327533
CP109608.1	368951
CP109609.1	142244
CP109610.1	3991
CP109771.1	79225
CP109772.1	5294027
CP109773.1	110437
CP109774.1	173418
CP109948.1	5432068
CP109949.1	194879
CP109950.1	145205
CP109951.1	84876
CP109952.1	23943
CP109963.1	5176089
CP109964.1	178868
CP109973.1	5440545
CP109974.1	192941
CP109975.1	162625
CP109976.1	83551
CP109977.1	11970
CP109978.1	5596
CP109983.1	5460786
CP109984.1	293179
CP109985.1	93565
CP109986.1	86272
CP109987.1	81442
CP109988.1	11057
CP109989.1	10060
CP109990.1	7329
CP109991.1	1283
CP110142.1	5465190
CP110143.1	344396
CP110144.1	238814
CP110145.1	5304021
CP110146.1	273252
CP110147.1	216138
CP110148.1	5270699
CP110149.1	368144
CP110150.1	5200907
CP110151.1	224600
CP110152.1	119650
CP110153.1	5457787
CP110154.1	239545
CP110155.1	60163
CP110156.1	29087
CP110157.1	5831
CP110158.1	3478
CP110159.1	2058
CP110160.1	5455592
CP110161.1	239545
CP110162.1	60381
CP110163.1	30049
CP110164.1	5831
CP110165.1	3478
CP110166.1	2058
CP110167.1	5345654
CP110168.1	262096
CP110169.1	131266
CP110170.1	5295183
CP110171.1	171542
CP110172.1	33309
CP110173.1	5459
CP110174.1	3809
CP110175.1	3086
CP110177.1	5375061
CP110178.1	215492
CP110179.1	95599
CP110180.1	95564
CP110181.1	71813
CP110182.1	11970
CP110183.1	5596
CP110184.1	2905
CP110185.1	1706
CP110186.1	1303
CP110187.1	296
CP110193.1	5347560
CP110194.1	154204
CP110195.1	94216
CP110196.1	70069
CP110197.1	4245
CP110265.1	5200817
CP110266.1	224600
CP110267.1	119654
CP110369.1	5369289
CP110370.1	227378
CP110514.1	5190249
CP110515.1	361178
CP110516.1	223870
CP110517.1	212886
CP110518.1	112292
CP110519.1	38030
CP110520.1	21827
CP110521.1	4581
CP110522.1	3347
CP110523.1	5186306
CP110524.1	361091
CP110525.1	254400
CP110526.1	213187
CP110527.1	98221
CP110528.1	41699
CP110529.1	21827
CP110530.1	4581
CP110531.1	3347
CP110547.1	5260710
CP110550.1	175371
CP110637.1	204301
CP110638.1	5447767
CP110639.1	5251
CP110661.1	5179546
CP110662.1	315621
CP110663.1	46161
CP110936.1	5341081
CP110937.1	237535
CP110938.1	205140
CP110939.1	43380
CP110940.1	13636
CP110941.1	5341839
CP110942.1	205144
CP110943.1	120296
CP110944.1	119615
CP110945.1	43380
CP110946.1	13636
CP110947.1	5329477
CP110948.1	203817
CP110949.1	133656
CP110950.1	43380
CP110951.1	13636
CP110952.1	5329577
CP110953.1	134385
CP110954.1	93546
CP110955.1	43380
CP110956.1	13636
CP110957.1	5329474
CP110958.1	203817
CP110959.1	134385
CP110960.1	43380
CP110961.1	13636
CP110962.1	5329474
CP110963.1	203817
CP110964.1	131583
CP110965.1	43380
CP110966.1	13636
CP110967.1	5440107
CP110968.1	161141
CP110969.1	138197
CP110970.1	73575
CP110971.1	13636
CP113165.1	5427068
CP113166.1	202189
CP113167.1	104215
CP113168.1	5251537
CP113169.1	296308
CP113170.1	101224
CP113171.1	4471
CP113172.1	4167
CP113173.1	5317864
CP113174.1	229076
CP113175.1	121042
CP113176.1	74004
CP113177.1	5025
CP113178.1	5302249
CP113179.1	287882
CP113180.1	94951
CP113181.1	53177
CP113182.1	4935
CP113183.1	3674
CP113184.1	3559
CP113185.1	2058
CP113186.1	279422
CP113187.1	103507
CP113188.1	70383
CP113189.1	57862
CP113190.1	9582
CP113191.1	5316115
CP113192.1	5226834
CP113193.1	350595
CP113194.1	4991
CP113195.1	4232
CP113196.1	4018
CP113197.1	5255826
CP113198.1	60224
CP113199.1	36155
CP113200.1	294073
CP113201.1	211625
CP113202.1	5254101
CP113203.1	288388
CP113204.1	211765
CP113205.1	56294
CP113206.1	36155
CP113207.1	6510
CP113208.1	3953
CP113209.1	3809
CP113210.1	2042
CP113211.1	5254092
CP113212.1	249782
CP113213.1	212905
CP113214.1	96379
CP113215.1	24407
CP113216.1	5429853
CP113217.1	254258
CP113218.1	225748
CP113219.1	21381
CP113220.1	4822
CP113896.1	5458036
CP113897.1	381416
CP113898.1	100329
CP113899.1	10061
CP113900.1	5596
CP114375.1	5364104
CP114376.1	67306
CP114377.1	62606
CP114378.1	51591
CP114379.1	6618
CP114380.1	2131
CP114853.1	5332796
CP114854.1	249122
CP114855.1	155225
CP114856.1	131148
CP114970.1	5350640
CP114971.1	268400
CP114972.1	134993
CP114973.1	118828
CP114974.1	87095
CP114975.1	41452
CP115701.1	5326519
CP115702.1	68167
CP115703.1	43378
CP115704.1	15271
CP115705.1	8905
CP115707.1	5293517
CP115708.1	248840
CP115709.1	119165
CP115710.1	4173
CP115711.1	2095
CP115714.1	5255080
CP115715.1	140065
CP115716.1	219411
CP115831.1	5295114
CP115832.1	162142
CP115833.1	95204
CP115837.1	5280085
CP115838.1	91820
CP115839.1	42434
CP115840.1	34060
CP115894.1	5332292
CP115930.1	5327620
CP115931.1	113594
CP115932.1	13823
CP115933.1	162490
CP115934.1	33554
CP116491.1	5521665
CP116492.1	218592
CP116493.1	100630
CP116494.1	85083
CP116903.1	5645786
CP116904.1	181653
CP116905.1	134875
CP116906.1	86599
CP116907.1	23940
CP116908.1	11192
CP117060.1	288347
CP117061.1	5470968
CP117062.1	133000
CP117063.1	168039
CP117223.1	140825
CP117224.1	2014
CP117225.1	117755
CP117226.1	85160
CP117227.1	5435745
CP117481.1	5276398
CP117482.1	205106
CP117483.1	112290
CP117484.1	85339
CP117485.1	2789
CP117740.1	5411190
CP117741.1	341460
CP117742.1	112868
CP117743.1	39711
CP117744.1	4167
CP117745.1	5419391
CP117746.1	381441
CP117747.1	112868
CP117748.1	4167
CP118038.1	5213267
CP118039.1	139214
CP118040.1	134868
CP118041.1	31157
CP118042.1	4711
CP118398.1	5328698
CP118399.1	136334
CP118400.1	69147
CP118401.1	12224
CP118402.1	6164
CP118403.1	4665
CP118404.1	1240
CP118405.1	5311445
CP118406.1	216722
CP118467.1	5310746
CP118468.1	281219
CP118469.1	173507
CP118470.1	173253
CP118471.1	33662
CP118472.1	4574
CP118473.1	3478
CP118474.1	1926
CP118475.1	1533
CP118476.1	1045
CP118691.1	5469488
CP118692.1	268400
CP118693.1	134960
CP118694.1	87095
CP118695.1	41452
CP118901.1	5344963
CP118902.1	262673
CP118903.1	162879
CP118904.1	124316
CP118905.1	3681
CP118906.1	5248530
CP118907.1	224153
CP118908.1	98386
CP118909.1	2311
CP118936.1	5225085
CP118937.1	152213
CP118938.1	4642
CP119013.1	5496361
CP119014.1	69455
CP119015.1	11970
CP119016.1	5596
CP119174.1	5383528
CP119175.1	11970
CP119176.1	5596
CP119177.1	87095
CP119178.1	232058
CP119179.1	127419
CP119183.2	5335938
CP119184.2	258333
CP119185.2	238816
CP119332.1	5588397
CP119333.1	155833
CP119408.1	5300327
CP120727.1	5277419
CP120728.1	222576
CP120729.1	46145
CP120847.1	5451441
CP120848.1	133718
CP121127.1	5316657
CP121128.1	247179
CP121129.1	5316662
CP121130.1	247178
CP121131.1	5316670
CP121132.1	247177
CP121133.1	5319643
CP121134.1	247179
CP121135.1	5316649
CP121136.1	247177
CP121137.1	5316655
CP121138.1	247159
CP121139.1	5317439
CP121140.1	192395
CP121141.1	5316630
CP121142.1	247179
CP121143.1	5316664
CP121144.1	247179
CP121145.1	5316664
CP121146.1	247173
CP122381.1	5367731
CP122382.1	241335
CP122383.1	118111
CP122384.1	48683
CP122385.1	6141
CP122386.1	4167
CP122387.1	2095
CP122388.1	1138
CP122389.1	5393137
CP122390.1	299152
CP122391.1	273266
CP122392.1	8801
CP122461.1	5303899
CP122462.1	175206
CP122463.1	146163
CP122464.1	112541
CP122465.1	46612
CP122466.1	4018
CP122467.1	2476
CP122468.1	1780
CP122469.1	5304938
CP122470.1	146164
CP122471.1	112541
CP122472.1	103532
CP122473.1	93587
CP122474.1	46612
CP122475.1	4018
CP122476.1	2476
CP122477.1	1780
CP122567.1	203769
CP122568.1	65409
CP122569.1	177113
CP122570.1	110431
CP122571.1	100026
CP122572.1	15032
CP122573.1	5287957
CP122574.1	229269
CP122575.1	64276
CP122576.1	174840
CP122577.1	6535
CP122578.1	5284538
CP122579.1	205089
CP122580.1	65499
CP122581.1	176344
CP122582.1	121944
CP122583.1	100034
CP122584.1	54892
CP122585.1	15014
CP122586.1	1307
CP122587.1	5380176
CP123040.1	5378389
CP123041.1	118619
CP123042.1	9030
CP123043.1	5434047
CP123044.1	118619
CP123045.1	8758
CP123430.1	5106356
CP123431.1	218903
CP123432.1	139452
CP123433.1	51197
CP123434.1	3223
CP123435.1	2476
CP123641.1	142324
CP123642.1	5230755
CP123873.2	108909
CP123874.2	44092
CP123875.2	5323860
CP124220.1	5354836
CP124693.1	5262697
CP124694.1	279261
CP124695.1	166857
CP124696.1	96675
CP124697.1	62484
CP124698.1	5485501
CP124699.1	144264
CP124700.1	93119
CP124701.1	61402
CP124702.1	5285752
CP124703.1	254179
CP124704.1	93640
CP124705.1	60640
CP124706.1	52716
CP124824.1	5317861
CP124825.1	160770
CP124826.1	63589
CP124827.1	5171383
CP124828.1	211945
CP124829.1	65499
CP124837.1	5467248
CP124838.1	119030
CP124839.1	45465
CP124873.1	5221001
CP124874.1	315303
CP124875.1	180663
CP124876.1	32954
CP124877.1	5784
CP124878.1	2524
CP125081.1	154088
CP125082.1	36823
CP125083.1	5261477
CP125084.1	95433
CP125085.1	223890
CP125086.1	5507280
CP125099.1	5388922
CP125100.1	305805
CP125101.1	112868
CP125102.1	86836
CP125103.1	54064
CP125104.1	37940
CP125105.1	4167
CP125106.1	1552
CP125111.1	5347146
CP125112.1	476248
CP125113.1	174112
CP125114.1	9294
CP125115.1	5444176
CP125116.1	66456
CP125117.1	62812
CP125118.1	5010
CP125119.1	4431
CP125120.1	3511
CP125121.1	5372098
CP125122.1	333411
CP125123.1	5010
CP125124.1	4052
CP125125.1	3511
CP125126.1	5373574
CP125127.1	282624
CP125128.1	60907
CP125129.1	5010
CP125130.1	4052
CP125131.1	3511
CP125132.1	5366535
CP125133.1	289003
CP125134.1	51354
CP125135.1	5010
CP125136.1	4052
CP125137.1	3511
CP125138.1	5410216
CP125139.1	301696
CP125140.1	54364
CP125141.1	9294
CP125142.1	5010
CP125143.1	4052
CP125144.1	3511
CP125145.1	5450307
CP125146.1	52315
CP125147.1	8351
CP125148.1	6914
CP125149.1	5010
CP125150.1	4167
CP125151.1	3511
CP125152.1	2056
CP125153.1	1552
CP125159.1	5431166
CP125160.1	285775
CP125161.1	63583
CP125162.1	57942
CP125163.1	5010
CP125164.1	4431
CP125165.1	3511
CP125166.1	5103743
CP125167.1	179217
CP125168.1	82418
CP125169.1	80036
CP125170.1	62254
CP125171.1	9293
CP125172.1	8181
CP125173.1	4167
CP125174.1	2056
CP125175.1	5425499
CP125176.1	352288
CP125177.1	5010
CP125178.1	4052
CP125179.1	3511
CP125180.1	5177297
CP125181.1	256578
CP125182.1	122274
CP125183.1	109144
CP125184.1	1698
CP125193.1	5423889
CP125194.1	182338
CP125195.1	76068
CP125196.1	54215
CP125197.1	18443
CP125198.1	5010
CP125199.1	4052
CP125200.1	3511
CP125286.1	5529724
CP125287.1	167464
CP125334.1	5460052
CP125335.1	302246
CP125336.1	110449
CP125337.1	11970
CP125338.1	5596
CP125339.1	5596
CP125340.1	11970
CP125341.1	83551
CP125342.1	110599
CP125343.1	5465951
CP125344.1	217869
CP125345.1	5596
CP125346.1	50524
CP125347.1	73344
CP125348.1	83551
CP125349.1	5466795
CP125350.1	217743
CP125734.1	5277460
CP125735.1	111807
CP125736.1	211607
CP125891.1	5200960
CP125892.1	105034
CP125893.1	5328471
CP125894.1	124933
CP126058.1	5381204
CP126059.1	181271
CP126060.1	84490
CP126061.1	3561
CP126062.1	7948
CP126063.1	114870
CP126620.1	51693
CP126621.1	2987
CP126622.1	5349345
CP126974.1	5261328
CP126987.1	5315057
CP126988.1	177756
CP126989.1	54508
CP126990.1	52790
CP126991.1	10060
CP127153.1	5501904
CP127154.1	221844
CP127155.1	123027
CP127156.1	83572
CP127157.1	11971
CP127158.1	5596
CP127229.1	5425140
CP127230.1	153000
CP127231.1	258228
CP127232.1	28875
CP127233.1	10060
CP127234.1	5596
CP127235.1	5457284
CP127236.1	154719
CP127237.1	205645
CP127238.1	10060
CP127239.1	5595
CP127338.1	260017
CP127339.1	19351
CP127340.1	5406825
CP127341.1	157680
CP127501.1	5384080
CP127502.1	345497
CP127503.1	60002
CP127504.1	3431
CP127505.1	5311930
CP127506.1	205806
CP127507.1	5451837
CP127508.1	104310
CP127509.1	97919
CP127510.1	6141
CP127511.1	5551485
CP127512.1	94578
CP127513.1	6141
CP127514.1	5449896
CP127515.1	155277
CP127516.1	104310
CP127517.1	6141
CP127518.1	5201622
CP127519.1	165788
CP127520.1	90121
CP127521.1	57229
CP127522.1	53007
CP127839.1	5314411
CP127840.1	53326
CP127841.1	4234
CP127926.1	221920
CP127927.1	66276
CP127928.1	5577944
CP127929.1	106776
CP127930.1	101883
CP127931.1	5584462
CP127932.1	139648
CP127933.1	93726
CP127934.1	12747
CP127935.1	3991
CP127936.1	236426
CP127937.1	65499
CP127938.1	148705
CP127939.1	5494120
CP127940.1	96160
CP127941.1	176336
CP127942.1	148625
CP127943.1	66275
CP127944.1	4938
CP127945.1	5385499
CP127946.1	5402762
CP127947.1	138688
CP127948.1	86963
CP127949.1	12747
CP127950.1	93546
CP127951.1	155920
CP127952.1	148625
CP127953.1	11705
CP127954.1	5446517
CP127955.1	109938
CP127956.1	87906
CP127957.1	10060
CP127958.1	5468574
CP127959.1	191157
CP127960.1	5381826
CP127961.1	176336
CP127962.1	109938
CP127963.1	64722
CP127964.1	4938
CP127965.1	3851
CP127966.1	161838
CP127967.1	5421355
CP127968.1	63902
CP127969.1	38828
CP127970.1	10049
CP127971.1	4093
CP127972.1	5429779
CP127973.1	176336
CP127974.1	65499
CP127975.1	4938
CP127976.1	196836
CP127977.1	87439
CP127978.1	82729
CP127979.1	40492
CP127980.1	10060
CP127981.1	5596
CP127982.1	5455085
CP127983.1	115138
CP127984.1	145564
CP127985.1	11970
CP127986.1	5596
CP127987.1	5528106
CP127988.1	54510
CP127989.1	36128
CP127990.1	104355
CP127991.1	12749
CP127992.1	5397044
CP127993.1	251685
CP127994.1	292090
CP127995.1	140476
CP127996.1	98261
CP127997.1	86963
CP127998.1	12747
CP127999.1	5449978
CP128000.1	5485640
CP128001.1	115858
CP128002.1	10060
CP128003.1	5467952
CP128004.1	91070
CP128005.1	40309
CP128006.1	10060
CP128007.1	5596
CP128008.1	176336
CP128009.1	10046
CP128010.1	4938
CP128011.1	5386631
CP128012.1	171630
CP128013.1	5510229
CP128014.1	40582
CP128015.1	10060
CP128016.1	5596
CP128017.1	67961
CP128018.1	5374644
CP128019.1	137932
CP128020.1	135393
CP128021.1	10060
CP128022.1	5596
CP128023.1	133290
CP128024.1	10060
CP128025.1	5422382
CP128026.1	92868
CP128027.1	5596
CP128028.1	5458400
CP128029.1	205977
CP128030.1	104047
CP128031.1	5474629
CP128032.1	104048
CP128033.1	5596
CP128034.1	205977
CP128035.1	148705
CP128036.1	71037
CP128037.1	11970
CP128038.1	5596
CP128039.1	5524640
CP128040.1	54499
CP128041.1	36128
CP128042.1	5407276
CP128043.1	155920
CP128044.1	109938
CP128045.1	44693
CP128046.1	4938
CP128047.1	148625
CP128048.1	118188
CP128049.1	10060
CP128050.1	5596
CP128051.1	5462966
CP128052.1	174479
CP128053.1	100971
CP128054.1	10060
CP128055.1	5596
CP128056.1	5388697
CP128057.1	114467
CP128058.1	174679
CP128059.1	115794
CP128060.1	10060
CP128061.1	5596
CP128062.1	5455345
CP128063.1	5472432
CP128064.1	74400
CP128065.1	10060
CP128066.1	5596
CP128067.1	98935
CP128068.1	174679
CP128069.1	10060
CP128070.1	2941
CP128071.1	5370114
CP128072.1	95621
CP128073.1	50618
CP128074.1	5296044
CP128075.1	135393
CP128076.1	5596
CP128077.1	137932
CP128078.1	5474628
CP128079.1	206805
CP128080.1	5596
CP128081.1	104047
CP128082.1	127047
CP128083.1	37748
CP128084.1	10064
CP128085.1	5596
CP128086.1	5431812
CP128087.1	99558
CP128088.1	5442539
CP128089.1	158828
CP128090.1	10060
CP128091.1	5596
CP128092.1	94714
CP128093.1	205977
CP128094.1	104048
CP128095.1	5596
CP128096.1	5475071
CP128097.1	5466322
CP128098.1	325200
CP128099.1	206805
CP128100.1	5596
CP128191.1	5440573
CP128192.1	254123
CP128193.1	74021
CP128194.1	10060
CP128195.1	5596
CP128484.1	207962
CP128485.1	34372
CP128486.1	136829
CP128487.1	5286707
CP128488.1	4822
CP128489.1	65140
CP128564.1	5578590
CP128565.1	167277
CP128623.1	5253607
CP128624.1	198141
CP128625.1	34166
CP128626.1	12211
CP128627.1	2876
CP128628.1	2095
CP129185.1	207983
CP129186.1	5286700
CP129187.1	135702
CP129188.1	4822
CP129189.1	64447
CP129190.1	34372
CP129202.1	5172332
CP129203.1	205285
CP129204.1	51546
CP129205.1	3056
CP129689.1	5541393
CP129690.1	38982
CP129691.1	29448
CP129692.1	97965
CP129693.1	172282
CP129694.1	5475219
CP129695.1	211876
CP129696.1	32432
CP129697.1	118285
CP129698.1	105092
CP129699.1	265129
CP129700.1	5259269
CP129701.1	23183
CP129702.1	5245325
CP129703.1	223796
CP129704.1	65499
CP129705.1	5421901
CP129706.1	47198
CP129707.1	106832
CP129708.1	143797
CP129709.1	12157
CP129710.1	5421775
CP129711.1	47198
CP129712.1	143798
CP129713.1	106834
CP129714.1	12556
CP129715.1	5465738
CP129716.1	90802
CP129717.1	73077
CP129718.1	5416226
CP129719.1	176320
CP129720.1	148618
CP129721.1	5433659
CP129722.1	176336
CP129723.1	148625
CP129724.1	65499
CP129725.1	5441069
CP129726.1	15020
CP129727.1	66272
CP129728.1	148625
CP129729.1	176329
CP129730.1	5308421
CP129731.1	112925
CP129732.1	185626
CP129733.1	65915
CP129734.1	5383608
CP129735.1	66280
CP129736.1	26059
CP129737.1	148627
CP129738.1	176336
CP129739.1	5352123
CP129740.1	228963
CP129741.1	150011
CP129742.1	90134
CP129743.1	5526583
CP129744.1	89031
CP129745.1	11970
CP129746.1	148704
CP129747.1	5257869
CP129748.1	249494
CP129749.1	219510
CP129750.1	6726
CP129751.1	5439096
CP129752.1	151938
CP129753.1	84382
CP129754.1	71813
CP129760.1	176346
CP129761.1	160139
CP129762.1	66276
CP129763.1	5435314
CP129764.1	5434670
CP129765.1	224924
CP129766.1	139661
CP129767.1	66269
CP129768.1	44706
CP129769.1	8191
CP129770.1	4780065
CP129771.1	691891
CP129772.1	189863
CP129773.1	94403
CP129774.1	4562
CP129775.1	5487710
CP129776.1	148642
CP129777.1	65458
CP129778.1	176345
CP129779.1	5485991
CP129780.1	148623
CP129781.1	65124
CP129782.1	176350
CP129783.1	5223
CP129784.1	5487546
CP129785.1	33976
CP129786.1	26615
CP129787.1	176333
CP129788.1	148651
CP129789.1	65488
CP129790.1	5445559
CP129791.1	241161
CP129792.1	117471
CP129793.1	139644
CP129794.1	5318633
CP129795.1	184336
CP129796.1	90172
CP129797.1	212056
CP129798.1	65191
CP129799.1	5424294
CP129800.1	241164
CP129801.1	139648
CP129802.1	115394
CP129803.1	5457083
CP129804.1	280987
CP129805.1	157907
CP129806.1	65289
CP129807.1	10061
CP129808.1	5630
CP129809.1	5526701
CP129810.1	54510
CP129811.1	145564
CP129812.1	36138
CP129813.1	11970
CP129814.1	5528089
CP129815.1	146394
CP129816.1	54512
CP129817.1	36127
CP129818.1	11981
CP129819.1	5449006
CP129820.1	154479
CP129821.1	83587
CP129822.1	28426
CP129823.1	76523
CP129824.1	5432432
CP129825.1	65499
CP129826.1	385786
CP129827.1	116223
CP129828.1	16942
CP129829.1	5465734
CP129830.1	73076
CP129831.1	90802
CP129832.1	5476994
CP129833.1	79275
CP129834.1	195414
CP129835.1	5464048
CP129836.1	96125
CP129837.1	73081
CP129838.1	5468098
CP129839.1	96125
CP129840.1	73077
CP129841.1	5440071
CP129842.1	144492
CP129843.1	86968
CP129844.1	63932
CP129845.1	109456
CP129846.1	12747
CP129847.1	5390751
CP129848.1	115367
CP129849.1	5488009
CP129850.1	299491
CP129851.1	139648
CP129852.1	86081
CP129853.1	17898
CP129854.1	13379
CP129855.1	4955421
CP129856.1	550231
CP129857.1	338219
CP129858.1	212501
CP129859.1	44768
CP129869.1	5541302
CP129870.1	94877
CP129871.1	4765236
CP129872.1	384453
CP129873.1	727204
CP129874.1	100026
CP130165.1	5443067
CP130166.1	182367
CP130167.1	77843
CP130168.1	10060
CP130169.1	5596
CP130170.1	5400380
CP130171.1	166047
CP130172.1	67103
CP130173.1	5444311
CP130174.1	82927
CP130175.1	3225
CP130176.1	88365
CP130177.1	5596
CP130178.1	5466470
CP130179.1	170361
CP130180.1	113108
CP130181.1	135262
CP130182.1	10065
CP130183.1	5615
CP130184.1	5416788
CP130185.1	135645
CP130186.1	95946
CP130187.1	10114
CP130188.1	5289139
CP130189.1	176332
CP130190.1	164908
CP130191.1	5979
CP130192.1	65342
CP130193.1	5443932
CP130194.1	186995
CP130195.1	50502
CP130196.1	51919
CP130197.1	10063
CP130198.1	124581
CP130199.1	85198
CP130200.1	5489348
CP130201.1	272240
CP130202.1	121008
CP130203.1	69179
CP130204.1	61130
CP130205.1	12281
CP130206.1	174679
CP130207.1	100656
CP130208.1	114467
CP130209.1	5376652
CP130210.1	5445560
CP130211.1	83295
CP130212.1	55459
CP130213.1	135391
CP130214.1	10060
CP130215.1	5601
CP130216.1	5457790
CP130217.1	156383
CP130218.1	45699
CP130219.1	111734
CP130220.1	6200
CP130221.1	53238
CP130222.1	60058
CP130223.1	10061
CP130224.1	5339920
CP130225.1	197156
CP130226.1	129657
CP130227.1	117471
CP130228.1	70337
CP130229.1	2952
CP130230.1	10059
CP130231.1	5596
CP130232.1	5486873
CP130233.1	249028
CP130234.1	123133
CP130235.1	108259
CP130236.1	58741
CP130237.1	17803
CP130238.1	62661
CP130239.1	10060
CP130240.1	5633
CP130241.1	5478414
CP130242.1	181404
CP130243.1	58448
CP130244.1	47620
CP130245.1	26843
CP130246.1	12950
CP130247.1	8355
CP130248.1	5853
CP130249.1	5675
CP130250.1	10058
CP130251.1	6915
CP130252.1	65496
CP130253.1	5460277
CP130254.1	106236
CP130255.1	11226
CP130258.1	5423034
CP130259.1	133771
CP130260.1	132263
CP130261.1	87935
CP130262.1	11972
CP130263.1	5596
CP130264.1	5422670
CP130265.1	133772
CP130266.1	132263
CP130267.1	87935
CP130268.1	11970
CP130269.1	5596
CP130561.1	5103846
CP130562.1	111903
CP130563.1	77135
CP130659.1	15598
CP130660.1	45135
CP130661.1	19458
CP130662.1	5612620
CP130663.1	195798
CP130664.1	87083
CP130665.1	87036
CP130666.1	41758
CP130674.1	5277676
CP130675.1	327617
CP130676.1	103950
CP130677.1	46162
CP130678.1	4991
CP130679.1	4579
CP130680.1	3452
CP130685.1	5424169
CP130686.1	101767
CP130687.1	53843
CP130688.1	8600
CP130689.1	112364
CP130690.1	204770
CP130691.1	11970
CP130692.1	101768
CP130693.1	5477323
CP130694.1	204770
CP130695.1	112363
CP130916.1	107722
CP130917.1	5403490
CP130918.1	58049
CP130919.1	88933
CP130920.1	9293
CP131468.1	5208626
CP131469.1	235158
CP131487.1	5350988
CP131488.1	5451191
CP131674.1	5479570
CP131675.1	334870
CP131676.1	65499
CP131677.1	10060
CP131678.1	6912
CP131679.1	5187
CP131680.1	5385502
CP131681.1	176336
CP131682.1	148625
CP131683.1	66275
CP131684.1	4938
CP131691.1	5471155
CP131692.1	184236
CP131693.1	77226
CP131694.1	35002
CP131695.1	10060
CP131696.1	5596
CP131701.1	5289164
CP131702.1	176336
CP131703.1	148625
CP131704.1	65499
CP131705.1	4938
CP131727.1	5272285
CP131728.1	151965
CP131729.1	111217
CP131730.1	44136
CP131731.1	5430
CP131732.1	4167
CP131733.1	2927
CP131734.1	5144317
CP131735.1	312689
CP131736.1	123285
CP131737.1	50638
CP131738.1	4167
CP131739.1	1307
CP131740.1	5166591
CP131741.1	317969
CP131742.1	144519
CP131743.1	3348
CP131906.1	5446869
CP131907.1	219375
CP131908.1	176347
CP131909.1	111847
CP131910.1	102042
CP131911.1	11986
CP131912.1	6647
CP131916.1	5536915
CP131917.1	175191
CP131918.1	10060
CP131919.1	5596
CP131920.1	84970
CP131946.1	235851
CP131947.1	246740
CP131948.1	71469
CP131949.1	5337276
CP131955.1	5467682
CP131956.1	217359
CP131957.1	116170
CP131958.1	49884
CP131959.1	45465
CP131960.1	12918
CP131961.1	5596
CP132042.1	5429661
CP132043.1	194149
CP132044.1	133859
CP132045.1	68033
CP132046.1	11970
CP132047.1	5596
CP132048.1	5506140
CP132049.1	192949
CP132050.1	133859
CP132051.1	88161
CP132052.1	11970
CP132053.1	5596
CP132216.1	246588
CP132217.1	146089
CP132218.1	207447
CP132219.1	5212819
CP132220.1	5279365
CP132221.1	137567
CP132222.1	309063
CP132603.1	5045819
CP132604.1	218485
CP132605.1	87856
CP132606.1	5405835
CP132607.1	205265
CP132608.1	95199
CP132609.1	5338921
CP132610.1	211033
CP132611.1	137593
CP132612.1	90681
CP132613.1	5460273
CP132614.1	229629
CP132615.1	5359510
CP132616.1	206635
CP132617.1	117218
CP132618.1	5373041
CP132619.1	333788
CP132620.1	110788
CP132621.1	5469486
CP132622.1	224670
CP132623.1	5421761
CP132624.1	267989
CP132625.1	178607
CP132626.1	83199
CP132627.1	9730
CP132628.1	6925
CP132629.1	5459030
CP132630.1	228536
CP132631.1	5330369
CP132632.1	428505
CP132633.1	9730
CP132634.1	5340491
CP132635.1	182106
CP132636.1	128536
CP132637.1	86841
CP132638.1	5340492
CP132639.1	182107
CP132640.1	128536
CP132641.1	128031
CP132642.1	86841
CP132643.1	5640
CP132644.1	6141
CP132645.1	5339724
CP132646.1	182107
CP132647.1	128536
CP132648.1	86841
CP132649.1	5192349
CP132650.1	203953
CP132651.1	5281601
CP132652.1	194364
CP132653.1	5525412
CP132654.1	239749
CP132655.1	97507
CP132656.1	67166
CP132657.1	44481
CP132658.1	54062
CP132659.1	26229
CP132660.1	5336117
CP132661.1	305455
CP132662.1	149780
CP132663.1	65499
CP132664.1	5267492
CP132665.1	211312
CP132666.1	112745
CP132667.1	77269
CP132668.1	33858
CP132669.1	5368317
CP132670.1	5243745
CP132671.1	248266
CP132672.1	49061
CP132673.1	5256973
CP132674.1	330595
CP132675.1	5277458
CP132676.1	301976
CP132677.1	94404
CP132678.1	134911
CP132679.1	5460895
CP132680.1	204166
CP132681.1	201590
CP132682.1	80140
CP132683.1	5537546
CP132684.1	247986
CP132685.1	45435
CP132686.1	35067
CP132687.1	6814
CP132688.1	5334175
CP132689.1	245291
CP132690.1	111854
CP132691.1	5254233
CP132692.1	308779
CP132693.1	122442
CP132694.1	5152877
CP132695.1	320610
CP132696.1	150160
CP132697.1	111124
CP132698.1	94223
CP132699.1	67573
CP132700.1	62812
CP132701.1	9730
CP132702.1	5254231
CP132703.1	308779
CP132704.1	122441
CP132705.1	5610859
CP132706.1	153064
CP132707.1	54706
CP132708.1	9730
CP132709.1	5178435
CP132710.1	322633
CP132711.1	246211
CP132712.1	171924
CP132713.1	5215912
CP132714.1	226942
CP132715.1	107139
CP132716.1	88104
CP132717.1	59046
CP132718.1	9730
CP132726.1	5266515
CP132727.1	221089
CP132736.1	5138005
CP132737.1	355922
CP132738.1	194119
CP132739.1	52040
CP132740.1	13871
CP132946.1	5320041
CP132947.1	10077
CP132948.1	175543
CP132961.1	5214303
CP132962.1	111893
CP132963.1	191233
CP132964.1	5274312
CP132965.1	191559
CP132987.1	5127477
CP132988.1	112400
CP132989.1	148551
CP132990.1	5126755
CP132991.1	112427
CP132992.1	148541
CP133401.1	5426717
CP133402.1	197407
CP133403.1	132750
CP133404.1	103833
CP133405.1	11970
CP133445.1	5227669
CP133446.1	233913
CP133447.1	106078
CP133448.1	33298
CP133739.1	5440179
CP133740.1	3478
CP133741.1	52317
CP133742.1	246730
CP133743.1	197993
CP133744.1	5482486
CP133745.1	113624
CP133746.1	18556
CP133747.1	78141
CP133748.1	312066
CP133749.1	5485592
CP133750.1	10022
CP133845.1	229024
CP133846.1	63590
CP133847.1	5310652
CP133867.1	99318
CP133868.1	5304018
CP133875.1	5386379
CP133876.1	204977
CP133877.1	176335
CP133878.1	110431
CP133879.1	100034
CP133880.1	65499
CP133881.1	15032
CP133882.1	5384010
CP133883.1	297608
CP133884.1	155929
CP133885.1	65499
CP133886.1	16942
CP133887.1	6648
CP133999.1	5460371
CP134000.1	155901
CP134001.1	148625
CP134002.1	80202
CP134003.1	42340
CP134004.1	12944
CP134005.1	12764
CP134006.1	4167
CP134007.1	3556
CP134008.1	3259
CP134009.1	2987
CP134036.1	5409071
CP134037.1	155878
CP134038.1	150908
CP134039.1	109938
CP134040.1	4938
CP134041.1	5367021
CP134042.1	164804
CP134043.1	152188
CP134044.1	109030
CP134045.1	10046
CP134794.1	5361879
CP134795.1	224004
CP134796.1	5482813
CP134797.1	122634
CP134798.1	80982
CP134799.1	84573
CP134800.1	9451
CP134807.1	5481405
CP134808.1	339403
CP134809.1	83258
CP134810.1	81641
CP134811.1	11970
CP134812.1	5596
CP135165.1	5260925
CP135166.1	112987
CP135167.1	78154
CP135168.1	45080
CP135169.1	24680
CP135170.1	23166
CP135171.1	2987
CP135186.1	5334759
CP135187.1	54404
CP135188.1	226716
CP135454.1	5383377
CP135455.1	175879
CP135456.1	45239
CP135457.1	15100
CP135481.1	5313174
CP135482.1	121382
CP135483.1	6141
CP135484.1	5216
CP135485.1	4411
CP135486.1	4167
CP135487.1	3559
CP135508.1	5540133
CP135509.1	125751
CP135510.1	6141
CP135511.1	4168
CP135512.1	3511
CP135513.1	2511
CP135999.1	5402231
CP136000.1	179140
CP136001.1	39430
CP136002.1	33304
CP136249.1	289219
CP136250.1	78533
CP136251.1	181365
CP136252.1	5319333
CP136253.1	181365
CP136254.1	5321121
CP136255.1	289219
CP136256.1	78533
CP136267.1	5479169
CP136268.1	197423
CP136269.1	133771
CP136270.1	107188
CP136271.1	87095
CP136272.1	11970
CP136273.1	5596
CP136385.1	5237017
CP136386.1	355465
CP136387.1	114519
CP136388.1	66859
CP136389.1	63389
CP136390.1	58217
CP136391.1	48823
CP136392.1	11193
CP136393.1	5884
CP136394.1	3657
CP136405.1	5260706
CP136406.1	211397
CP136407.1	113639
CP136408.1	108797
CP136409.1	43380
CP136410.1	13841
CP136456.1	209900
CP136457.1	63972
CP136458.1	4167
CP136459.1	2058
CP136460.1	5262405
CP136461.1	139211
CP136462.1	121449
CP136463.1	42330
CP136464.1	4686
CP136465.1	5264246
CP136532.1	5515480
CP136533.1	228164
CP137143.1	5541695
CP137144.1	5542452
CP137145.1	5538988
CP137340.1	5464607
CP137341.1	206718
CP137342.1	144470
CP137343.1	10060
CP137344.1	5595
CP137346.1	5482761
CP137347.1	164088
CP137348.1	161544
CP137349.1	87871
CP137350.1	11970
CP137351.1	5414820
CP137352.1	349289
CP137353.1	129715
CP137354.1	4167
CP137355.1	167269
CP137356.1	72224
CP137357.1	36664
CP137358.1	112868
CP137359.1	5437119
CP137360.1	344177
CP137361.1	4167
CP137362.1	39712
CP137363.1	328539
CP137364.1	112871
CP137365.1	54063
CP137366.1	5379190
CP137367.1	18588
CP137368.1	12500
CP137369.1	8334
CP137370.1	161532
CP137371.1	112869
CP137372.1	352773
CP137373.1	5417651
CP137374.1	39710
CP137375.1	459868
CP137376.1	154737
CP137377.1	68942
CP137378.1	5373408
CP137379.1	5393100
CP137380.1	112870
CP137381.1	54064
CP137382.1	332962
CP137383.1	64455
CP137384.1	8334
CP137385.1	39711
CP137386.1	325820
CP137387.1	36664
CP137388.1	5415777
CP137389.1	112868
CP137390.1	4167
CP137391.1	5422745
CP137392.1	343106
CP137393.1	36665
CP137394.1	112869
CP137395.1	8334
CP137396.1	5413112
CP137397.1	4915
CP137398.1	2058
CP137399.1	109649
CP137400.1	352310
CP137401.1	46984
CP137402.1	8104
CP137403.1	5532595
CP137404.1	91282
CP137405.1	8334
CP137406.1	5382807
CP137407.1	133282
CP137408.1	4261
CP137409.1	12206
CP137410.1	112136
CP137411.1	200428
CP137412.1	4167
CP137413.1	112869
CP137414.1	53404
CP137415.1	39449
CP137416.1	12502
CP137417.1	5413320
CP137418.1	334323
CP137419.1	12282
CP137420.1	143654
CP137421.1	12500
CP137422.1	91287
CP137423.1	5448141
CP137424.1	328537
CP137425.1	54064
CP137426.1	5378039
CP137427.1	39711
CP137428.1	112872
CP137429.1	18588
CP137430.1	4167
CP137431.1	36664
CP137432.1	8334
CP137433.1	112870
CP137434.1	5415807
CP137435.1	325816
CP138224.1	5243929
CP138225.1	232092
CP138226.1	183124
CP138227.1	123814
CP138228.1	38239
CP138229.1	3632
CP138230.1	4428
CP138346.1	5237551
CP138347.1	125072
CP138431.1	5357209
CP138432.1	3264
CP138433.1	18210
CP138434.1	124323
CP138435.1	13489
CP138436.1	21085
CP138437.1	159281
CP138438.1	97656
CP138439.1	3465
CP138466.1	5347601
CP138467.1	118898
CP138468.1	39953
CP138469.1	5631
CP138470.1	3631
CP138471.1	2967
CP138472.1	5413668
CP138473.1	8334
CP138474.1	112869
CP138475.1	335444
CP138476.1	36664
CP138477.1	65420
CP138480.1	5262748
CP138481.1	309018
CP138482.1	112179
CP138483.1	46161
CP138484.1	33994
CP138517.1	5440107
CP138518.1	111727
CP138519.1	11970
CP138520.1	5596
CP138521.1	125150
CP138522.1	84876
CP138523.1	59765
CP138524.1	194581
CP138525.1	5333292
CP138526.1	10060
CP138527.1	54515
CP138528.1	5596
CP138529.1	154719
CP138530.1	173510
CP138531.1	5422993
CP138532.1	10060
CP138533.1	54880
CP138534.1	5596
CP138535.1	133059
CP138536.1	59933
CP138537.1	258248
CP138538.1	5182901
CP138539.1	10060
CP138540.1	111709
CP138541.1	5596
CP138542.1	76517
CP138543.1	113081
CP138544.1	300352
CP138545.1	5182742
CP138546.1	10060
CP138547.1	111709
CP138548.1	5596
CP138549.1	76517
CP138550.1	110221
CP138551.1	291068
CP138552.1	5182728
CP138553.1	10060
CP138554.1	111709
CP138555.1	5596
CP138556.1	76517
CP138557.1	110222
CP138558.1	300352
CP138559.1	5182748
CP138560.1	10060
CP138561.1	111709
CP138562.1	5596
CP138563.1	76517
CP138564.1	119995
CP138565.1	299660
CP138671.1	5467731
CP138672.1	197415
CP138673.1	132750
CP138674.1	11970
CP138675.1	5467294
CP138676.1	197416
CP138677.1	132750
CP138678.1	11970
CP138681.1	5397347
CP138682.1	182137
CP138683.1	121646
CP138684.1	115736
CP138685.1	5459
CP138686.1	4842
CP138687.1	4166
CP138688.1	5343233
CP138689.1	141680
CP138690.1	8055
CP138691.1	5263107
CP138692.1	340160
CP138693.1	181581
CP138694.1	116885
CP138695.1	107267
CP138696.1	4842
CP138697.1	5339767
CP138698.1	274977
CP138699.1	173814
CP138700.1	7016
CP138701.1	5120844
CP138702.1	152869
CP138703.1	149489
CP138704.1	146146
CP138705.1	2724
CP138706.1	5451011
CP138707.1	229896
CP138708.1	124240
CP138709.1	4167
CP138714.1	5309443
CP138715.1	239860
CP138716.1	68260
CP138717.1	7263
CP138722.1	5297627
CP138723.1	226504
CP138724.1	62643
CP138725.1	2497
CP138726.1	5200341
CP138727.1	277344
CP138728.1	170295
CP138729.1	122555
CP138730.1	63639
CP138731.1	60916
CP138732.1	22361
CP138733.1	8160
CP138734.1	4574
CP138735.1	3478
CP138736.1	1914
CP138737.1	5277616
CP138738.1	277343
CP138739.1	170294
CP138740.1	122555
CP138741.1	64170
CP138742.1	22361
CP138743.1	4574
CP138744.1	3478
CP138745.1	1996
CP138746.1	5331851
CP138747.1	269396
CP138748.1	68261
CP138749.1	14006
CP138750.1	5627
CP138751.1	5561
CP138752.1	4995
CP138753.1	3478
CP138754.1	3360
CP138755.1	2913
CP138756.1	298
CP138763.1	5167281
CP138764.1	307717
CP138765.1	267699
CP138766.1	4683
CP138773.1	5200444
CP138774.1	193029
CP138775.1	73530
CP138776.1	7742
CP138777.1	4822
CP138778.1	2352
CP138779.1	5165114
CP138780.1	307717
CP138781.1	268899
CP138782.1	4683
CP138783.1	5315999
CP138784.1	274404
CP138785.1	190679
CP138786.1	138897
CP138787.1	6847
CP138788.1	5455
CP138789.1	5290
CP138790.1	4858
CP138791.1	4236
CP138792.1	2058
CP138793.1	1955
CP138794.1	5316000
CP138795.1	274404
CP138796.1	190421
CP138797.1	138897
CP138798.1	6847
CP138799.1	5290
CP138800.1	4858
CP138801.1	2058
CP138802.1	5165423
CP138803.1	307717
CP138804.1	267699
CP138805.1	4683
CP138806.1	5290334
CP138807.1	342096
CP138808.1	182009
CP138809.1	115728
CP138810.1	107267
CP138811.1	5459
CP138812.1	4842
CP138813.1	4355
CP138814.1	4166
CP138815.1	5279772
CP138816.1	255905
CP138817.1	51573
CP138818.1	38026
CP138819.1	3105
CP138820.1	931
CP138821.1	604
CP138822.1	341
CP138823.1	5282192
CP138824.1	226033
CP138825.1	48831
CP138826.1	36883
CP138827.1	29632
CP138828.1	3105
CP138829.1	2574
CP138830.1	2440
CP138831.1	2026
CP138832.1	944
CP139488.1	5325574
CP139489.1	166057
CP139490.1	98536
CP139491.1	46161
CP139492.1	18118
CP139494.1	5324141
CP139495.1	190378
CP139496.1	62996
CP139497.1	5306567
CP139498.1	228940
CP139499.1	191880
CP139500.1	5463
CP139681.1	5209306
CP139682.2	228286
CP139683.1	74500
CP139684.1	42848
CP139685.2	10046
CP139686.1	5209445
CP139687.1	228286
CP139688.1	86070
CP139689.1	42848
CP139690.2	10046
CP139784.1	5430849
CP139785.1	208561
CP139786.1	74095
CP139787.1	52624
CP139788.1	10677
CP139789.1	8821
CP139790.1	7586
CP139926.1	5346780
CP139927.1	207087
CP139928.1	128110
CP139929.1	110291
CP139932.1	5213602
CP139933.1	82691
CP139934.1	54035
CP139935.1	5188999
CP139936.1	167501
CP140257.1	5286261
CP140258.1	190653
CP140259.1	127199
CP140290.1	246468
CP140291.1	113119
CP140292.1	5446691
CP140293.1	5386697
CP140294.1	104393
CP140295.1	310375
CP140296.1	12282
CP140473.1	5429610
CP140474.1	150192
CP140475.1	74103
CP140476.1	59408
CP140477.1	15160
CP140478.1	10688
CP140479.1	8822
CP140480.1	2050
CP140499.1	5333322
CP140500.1	225324
CP140501.1	87356
CP140502.1	36439
CP140503.1	4261
CP140510.1	5417167
CP140511.1	343675
CP140512.1	112868
CP140513.1	39711
CP140514.1	4167
CP140645.1	128219
CP140646.1	84812
CP140647.1	43695
CP140648.1	5596
CP140649.1	5523536
CP140650.1	196512
CP140760.1	5253463
CP140761.1	271379
CP140762.1	131420
CP140763.1	101185
CP140764.1	83068
CP140765.1	72637
CP140766.1	5252651
CP140767.1	271379
CP140768.1	101185
CP140769.1	83074
CP140770.1	72637
CP141065.1	5490587
CP141066.1	11137
CP141067.1	66247
CP141068.1	93804
CP141069.1	183971
CP141070.1	120635
CP141071.1	29053
CP141216.1	20121
CP141217.1	110184
CP141218.1	135725
CP141219.1	105948
CP141220.1	5471389
CP141539.1	5205871
CP141540.1	213832
CP141541.1	63723
CP141542.1	202151
CP141543.1	5440959
CP141544.1	51479
CP141545.1	204880
CP141546.1	348041
CP141547.1	5321033
CP141548.1	195469
CP141549.1	51479
CP141550.1	5408110
CP141551.1	106717
CP141552.1	6141
CP141553.1	10415
CP141554.1	5305627
CP141555.1	246730
CP141556.1	7026
CP141557.1	5330429
CP141558.1	221046
CP141559.1	10334
CP141560.1	5051036
CP141561.1	143019
CP141562.1	362938
CP141563.1	78884
CP141564.1	61500
CP141565.1	5345226
CP141566.1	246729
CP141567.1	18587
CP141568.1	57006
CP141569.1	194326
CP141570.1	5315117
CP141571.1	98843
CP141572.1	19463
CP141573.1	12283
CP141574.1	5370165
CP141575.1	5199476
CP141576.1	226789
CP141577.1	9310
CP141578.1	5440191
CP141579.1	52318
CP141580.1	246732
CP141600.1	5475019
CP141601.1	190870
CP141602.1	149114
CP141603.1	84876
CP141604.1	11970
CP141605.1	5596
CP141625.1	5467248
CP141626.1	217359
CP141627.1	119030
CP141628.1	49884
CP141629.1	45465
CP141630.1	12918
CP141631.1	5596
CP141661.1	5188862
CP141662.1	300313
CP141663.1	189908
CP141664.1	113656
CP141665.1	4416
CP141666.1	5480137
CP141667.1	199376
CP141668.1	131177
CP141669.1	84876
CP141670.1	11970
CP141671.1	5596
CP141677.1	5404794
CP141678.1	228888
CP141679.1	37117
CP141680.1	36918
CP141681.1	6426
CP141682.1	3087
CP141745.1	5347714
CP141746.1	143710
CP141747.1	45122
CP141779.1	5524579
CP141780.1	211652
CP141781.1	115749
CP141782.1	97707
CP141783.1	84876
CP141784.1	54881
CP141785.1	11970
CP141786.1	5596
CP141801.1	5424446
CP141802.1	158371
CP141803.1	11970
CP141849.1	62849
CP141850.1	145831
CP141851.1	3223
CP141852.1	5244553
CP141853.1	109832
CP141854.1	344527
CP141855.1	9048
CP141856.1	184511
CP141857.1	71861
CP141858.1	165917
CP141859.1	12569
CP141860.1	12132
CP141861.1	5197998
CP141905.1	5320796
CP141906.1	283567
CP141907.1	68941
CP141908.1	4018
CP141987.1	5210873
CP141988.1	183052
CP141989.1	100141
CP141990.1	98508
CP141991.1	5098
CP142021.1	5205392
CP142022.1	225147
CP142023.1	78707
CP142024.1	2495
CP142053.1	5318139
CP142054.1	310928
CP142055.1	199260
CP142056.1	136739
CP142057.1	6141
CP142058.1	4615
CP142059.1	3960
CP142060.1	5179725
CP142061.1	215412
CP142062.1	51479
CP142063.1	5465719
CP142064.1	233015
CP142065.1	32937
CP142066.1	8284
CP142067.1	6141
CP142068.1	5164
CP142069.1	3045
CP142386.1	5482197
CP142387.1	357849
CP142388.1	272090
CP142389.1	168024
CP142390.1	56091
CP142391.1	10060
CP142392.1	5596
CP142403.1	5200167
CP142404.1	262128
CP142405.1	153360
CP142406.1	88431
CP142407.1	63376
CP142408.1	51479
CP142409.1	40616
CP142410.1	31763
CP142411.1	6477
CP142412.1	4018
CP142413.1	3597
CP142414.1	2232
CP142691.1	5466039
CP142692.1	167966
CP142693.1	134670
CP142694.1	81332
CP142695.1	11737
CP142696.1	10610
CP142899.1	5424440
CP142900.1	116874
CP142901.1	237182
CP142902.1	13841
CP142903.1	3074
CP142910.1	5378888
CP142911.1	317768
CP142912.1	43379
CP142913.1	5339
CP142914.1	9126
CP142965.1	5398213
CP142966.1	134096
CP142967.1	192083
CP142968.1	9294
CP142969.1	4652
CP142970.1	2511
CP142971.1	5282409
CP142972.1	236330
CP142973.1	213635
CP142974.1	98838
CP142975.1	74099
CP142976.1	1916
CP142977.1	29507
CP142978.1	4678
CP142979.1	3335
CP142980.1	2881
CP142984.1	5386321
CP142985.1	110431
CP142986.1	15032
CP142987.1	100033
CP142988.1	204969
CP142989.1	176329
CP142990.1	237759
CP142991.1	5327401
CP142992.1	43051
CP142993.1	5322925
CP142994.1	226214
CP142995.1	5288208
CP142996.1	235108
CP142997.1	102074
CP142998.1	5300749
CP142999.1	238522
CP143000.1	104872
CP143001.1	5224930
CP143002.1	112415
CP143003.1	163044
CP143004.1	107678
CP143005.1	5412428
CP143006.1	190019
CP143007.1	107409
CP143280.1	5346765
CP143281.1	63589
CP143282.1	248177
CP143283.1	5261
CP143284.1	4163
CP143299.1	5510796
CP143300.1	194180
CP143301.1	124624
CP143302.1	83020
CP143303.1	11972
CP143304.1	5596
CP143484.1	5260637
CP143485.1	216541
CP143486.1	3394
CP143501.1	5536659
CP143502.1	69740
CP143503.1	179533
CP143504.1	5359
CP143505.1	4052
CP143506.1	3541
CP143507.1	5385855
CP143508.1	301425
CP143509.1	123343
CP143510.1	59154
CP143511.1	3675
CP143512.1	2042
CP143513.1	1240
CP143638.1	5169325
CP143909.1	5402137
CP143910.1	261432
CP143911.1	142684
CP143912.1	85186
CP143913.1	19750
CP143914.1	4225
CP143915.1	5376681
CP143916.1	189702
CP143917.1	5392
CP143918.1	3316
CP143919.1	5402572
CP143920.1	261432
CP143921.1	142685
CP143922.1	86992
CP143923.1	85186
CP143924.1	4225
CP143926.1	242998
CP143927.1	5330708
CP143928.1	5744
CP143929.1	2813
CP143930.1	138640
CP143931.1	5293752
CP143932.1	136643
CP143933.1	5244360
CP143934.1	3680
CP144126.1	5369860
CP144127.1	198824
CP144128.1	112580
CP144129.1	83682
CP144130.1	66524
CP144131.1	5297285
CP144132.1	201285
CP144133.1	106889
CP144134.1	82352
CP144135.1	51475
CP144136.1	4693
CP144138.1	5358696
CP144139.1	92096
CP144140.1	84502
CP144141.1	10060
CP144218.1	5351515
CP144219.1	195534
CP144282.1	5179303
CP144283.1	211519
CP144303.1	5467294
CP144304.1	197416
CP144305.1	132750
CP144306.1	11970
CP144307.1	5505875
CP144308.1	228188
CP144314.1	228387
CP144315.1	10141
CP144316.1	5463938
CP144317.1	174409
CP144318.1	102107
CP144319.1	5306578
CP144320.1	201657
CP144321.1	5225137
CP144322.1	208852
CP144337.1	5505609
CP144338.1	228190
CP144359.1	5505195
CP144360.1	230812
CP144506.1	5359664
CP144507.1	122031
CP144508.1	134985
CP144509.1	112461
CP144510.1	5360536
CP144511.1	78971
CP144512.1	134989
CP144513.1	112459
CP144702.1	5348651
CP144703.1	63589
CP144704.1	132423
CP144705.1	98541
CP144706.1	5840
CP144707.1	5243
CP144708.1	4865
CP144709.1	4510
CP144718.1	5165990
CP144719.1	63589
CP144720.1	278386
CP144721.1	65572
CP144722.1	5251085
CP144723.1	63589
CP144724.1	175654
CP144866.1	5461646
CP144867.1	186035
CP144868.1	66105
CP144869.1	65499
CP144870.1	5377653
CP144871.1	186035
CP144872.1	67584
CP144873.1	65499
CP144874.1	5261164
CP144875.1	239800
CP144876.1	183740
CP144877.1	65499
CP144878.1	5261409
CP144879.1	240052
CP144880.1	183740
CP144881.1	65499
CP144882.1	5263212
CP144883.1	263943
CP144884.1	65499
CP144893.1	5345419
CP144894.1	240675
CP144895.1	177308
CP144896.1	133606
CP144897.1	66877
CP144898.1	66671
CP144899.1	37629
CP144900.1	7402
CP144901.1	4163
CP144902.1	3549
CP144936.1	5293138
CP144937.1	132386
CP144938.1	4813
CP144939.1	5335640
CP144940.1	40428
CP144941.1	5306170
CP144942.1	150057
CP144943.1	27680
CP144944.1	20008
CP144945.1	4711
CP144946.1	5306834
CP144947.1	5079953
CP144948.1	249187
CP144949.1	54905
CP144950.1	54725
CP144951.1	2476
CP144952.1	2094
CP144953.1	1625
CP144954.1	1443
CP144955.1	5270579
CP144956.1	196095
CP144957.1	110499
CP144958.1	17017
CP144959.1	6213
CP144960.1	3788
CP144961.1	1900
CP144962.1	5325836
CP144963.1	248591
CP144964.1	87189
CP144965.1	73392
CP144966.1	5924
CP144967.1	4217
CP144977.1	5143265
CP144978.1	177060
CP144979.1	5426328
CP144980.1	233786
CP144981.1	81511
CP144982.1	70467
CP144983.1	5925
CP144984.1	5893
CP144985.1	5840
CP144986.1	5319059
CP144987.1	94807
CP144988.1	49942
CP144989.1	4437
CP144990.1	4091
CP144991.1	5143580
CP144992.1	273289
CP144993.1	104401
CP144994.1	4464
CP144995.1	3549
CP144996.1	2671
CP144997.1	5192658
CP144998.1	244519
CP144999.1	36633
CP145000.1	12117
CP145001.1	4809
CP145002.1	1917
CP145003.1	5235913
CP145004.1	149276
CP145005.1	76750
CP145006.1	5488
CP145007.1	5243831
CP145008.1	224503
CP145009.1	103526
CP145010.1	13760
CP145011.1	8839
CP145012.1	6098
CP145013.1	3676
CP145014.1	1335
CP145148.1	5350916
CP145149.1	164347
CP145150.1	108558
CP145151.1	61432
CP145152.1	31044
CP145153.1	5265
CP145171.1	5291171
CP145172.1	128820
CP145173.1	112288
CP145174.1	54722
CP145175.1	53235
CP145176.1	34304
CP145177.1	12072
CP145178.1	9383
CP145324.1	5418617
CP145325.1	338015
CP145326.1	21072
CP145327.1	29543
CP145328.1	39700
CP145329.1	55269
CP145330.1	5412092
CP145331.1	352202
CP145332.1	55263
CP145333.1	39937
CP145336.1	5418887
CP145337.1	365937
CP145338.1	51565
CP145339.1	21165
CP145340.1	31766
CP145341.1	5414797
CP145342.1	355074
CP145343.1	55269
CP145344.1	39712
CP145345.1	22425
CP145346.1	16696
CP145347.1	5295041
CP145348.1	203113
CP145349.1	87237
CP145350.1	93105
CP145351.1	9294
CP145352.1	5419452
CP145353.1	324592
CP145354.1	39697
CP145355.1	5417553
CP145356.1	355306
CP145357.1	55266
CP145358.1	39714
CP145367.1	5059504
CP145368.1	327260
CP145369.1	137027
CP145370.1	69692
CP145371.1	12541
CP145372.1	4209
CP145373.1	5901
CP145493.1	5558005
CP145494.1	230808
CP145495.1	83759
CP145496.1	42780
CP145598.1	5297177
CP145719.1	5277415
CP145720.1	198461
CP145721.1	4091
CP146024.1	5408201
CP146025.1	51089
CP146026.1	104736
CP146027.1	83399
CP146028.1	209008
CP146029.1	42055
CP146030.1	10060
CP146087.1	5357534
CP146088.1	197477
CP146089.1	134998
CP146090.1	112466
CP146096.1	5313491
CP146097.1	110983
CP146098.1	94914
CP146099.1	46154
CP146145.1	5426972
CP146146.1	126359
CP146147.1	71305
CP146148.1	52094
CP146149.1	6141
CP146150.1	5449075
CP146151.1	127806
CP146152.1	71307
CP146153.1	52097
CP146154.1	6141
CP146155.1	5450249
CP146156.1	127806
CP146157.1	71307
CP146158.1	52013
CP146159.1	6141
CP146160.1	5452491
CP146161.1	127803
CP146162.1	71307
CP146163.1	52012
CP146164.1	6101
CP146165.1	5451058
CP146166.1	127803
CP146167.1	71307
CP146168.1	52097
CP146169.1	6141
CP146170.1	5445228
CP146171.1	126406
CP146172.1	71307
CP146173.1	51998
CP146174.1	6141
CP146175.1	5446445
CP146176.1	127803
CP146177.1	71688
CP146178.1	52097
CP146179.1	6141
CP146180.1	5445346
CP146181.1	127803
CP146182.1	71307
CP146183.1	52097
CP146184.1	6141
CP146185.1	5434862
CP146186.1	126359
CP146187.1	71307
CP146188.1	52063
CP146189.1	6141
CP146190.1	5415795
CP146191.1	193835
CP146192.1	133766
CP146193.1	112792
CP146194.1	84876
CP146195.1	11970
CP146196.1	6141
CP146197.1	5596
CP146351.1	5414345
CP146352.1	203602
CP146353.1	134960
CP146354.1	63496
CP146355.1	5596
CP146599.1	5462972
CP146600.1	11969
CP146601.1	141491
CP146602.1	179266
CP146603.1	55185
CP146604.1	85184
CP146850.1	5489426
CP146851.1	138872
CP146852.1	5476310
CP146853.1	138889
CP146887.1	5409067
CP146895.1	5352434
CP146896.1	59250
CP146897.1	15646
CP146898.1	5352435
CP146899.1	59248
CP146900.1	15635
CP146993.1	5473063
CP146994.1	227409
CP146995.1	110028
CP146996.1	71848
CP146997.1	71087
CP146998.1	66252
CP146999.1	8159
CP147151.1	5447768
CP147152.1	149116
CP147153.1	10060
CP147154.1	5596
CP147155.1	5464615
CP147156.1	158706
CP147157.1	10059
CP147158.1	5596
CP147159.1	5449875
CP147160.1	106445
CP147161.1	45782
CP147162.1	10060
CP147163.1	5596
CP147164.1	4411
CP147165.1	5455922
CP147166.1	153960
CP147167.1	11969
CP147168.1	5596
CP147169.1	5480737
CP147170.1	155628
CP147171.1	107076
CP147172.1	10060
CP147173.1	5596
CP147174.1	5385284
CP147175.1	143791
CP147176.1	78628
CP147177.1	55161
CP147178.1	10060
CP147179.1	5363461
CP147180.1	153960
CP147181.1	10059
CP147182.1	5596
CP147514.1	5243444
CP147515.1	290963
CP147516.1	199302
CP147517.1	4820
CP147591.1	213546
CP147592.1	310528
CP147593.1	37697
CP147594.1	914
CP147595.1	1254
CP147596.1	77068
CP147597.1	5325026
CP147598.1	111294
CP147599.1	5329531
CP147600.1	312660
CP147603.1	5280739
CP147604.1	86287
CP147605.1	5279908
CP147606.1	86287
CP147607.1	2780
CP147628.1	257290
CP147629.1	5499191
CP147630.1	53322
CP147631.1	5952
CP147632.1	5448972
CP147633.1	120812
CP147634.1	3549
CP147635.1	216326
CP147636.1	3874
CP147637.1	5952
CP147638.1	5448969
CP147639.1	120816
CP147640.1	3549
CP147641.1	216326
CP147642.1	3874
CP147741.1	5418201
CP147742.1	184736
CP147743.1	84874
CP147744.1	133695
CP147745.1	11970
CP147746.1	5418583
CP147747.1	133696
CP147748.1	184736
CP147749.1	5451949
CP147750.1	133699
CP147751.1	184734
CP147752.1	84876
CP147753.1	5596
CP147833.1	5434767
CP147834.1	188319
CP147835.1	11970
CP147836.1	9763
CP147837.1	5596
CP147868.1	5404496
CP147869.1	263252
CP147870.1	241557
CP147871.1	55817
CP147974.1	5398669
CP147975.1	239059
CP147976.1	100062
CP148068.1	5382503
CP148069.1	192256
CP148070.1	141448
CP148071.1	115212
CP148072.1	88638
CP148073.1	11970
CP148902.1	5400103
CP148903.1	78202
CP148904.1	73929
CP148905.1	53414
CP148906.1	5521
CP148907.1	3808
CP148908.1	3414
CP148909.1	3087
CP148910.1	5187246
CP148911.1	280793
CP148912.1	76743
CP148913.1	54710
CP148914.1	5521
CP148915.1	3796
CP148916.1	3414
CP148917.1	3087
CP148918.1	5237230
CP148919.1	280381
CP148920.1	76743
CP148921.1	5521
CP148922.1	3852
CP148923.1	3414
CP148924.1	3087
CP148925.1	5234474
CP148926.1	270819
CP148927.1	76743
CP148928.1	3808
CP148929.1	3414
CP148930.1	3087
CP148931.1	5229444
CP148932.1	264921
CP148933.1	76742
CP148934.1	5521
CP148935.1	3808
CP148936.1	3414
CP148937.1	3087
CP148938.1	5234319
CP148939.1	269451
CP148940.1	76743
CP148941.1	3808
CP148942.1	3414
CP148943.1	3087
CP148944.1	5333876
CP148945.1	211923
CP148946.1	77631
CP148947.1	4749
CP148948.1	4345
CP148949.1	2865
CP148950.1	2349
CP148951.1	5336280
CP148952.1	203220
CP148953.1	76751
CP148954.1	4749
CP148955.1	2865
CP148956.1	2349
CP148957.1	5336281
CP148958.1	203222
CP148959.1	76751
CP148960.1	4749
CP148961.1	2865
CP148962.1	2349
CP148963.1	5276296
CP148964.1	289209
CP148965.1	128103
CP148966.1	74036
CP148967.1	3808
CP148968.1	3549
CP148969.1	3415
CP148970.1	5241164
CP148971.1	274311
CP148972.1	76743
CP148973.1	5521
CP148974.1	3414
CP148975.1	3087
CP148976.1	5253277
CP148977.1	284642
CP148978.1	79210
CP148979.1	74038
CP148980.1	3808
CP148981.1	3549
CP148982.1	3415
CP148983.1	5318881
CP148984.1	74626
CP148985.1	73303
CP149000.1	5415626
CP149001.1	228776
CP149002.1	113263
CP149003.1	76741
CP149004.1	60498
CP149005.1	53535
CP149006.1	3643
CP149007.1	3549
CP149008.1	5198452
CP149009.1	283190
CP149010.1	77043
CP149011.1	76625
CP149012.1	53862
CP149013.1	5521
CP149014.1	3809
CP149015.1	3414
CP149487.1	5399985
CP149488.1	207198
CP149489.1	43380
CP149490.1	13841
CP149579.1	5385533
CP149580.1	112409
CP149581.1	91733
CP149582.1	53834
CP149583.1	52303
CP149584.1	9294
CP149630.1	5467101
CP149631.1	130994
CP149632.1	54737
CP149633.1	50255
CP149634.1	10060
CP149635.1	5467101
CP149636.2	130975
CP149637.2	82610
CP149638.2	51082
CP149639.2	10060
CP149640.1	4746
CP149641.1	5468301
CP149642.1	128284
CP149643.1	57454
CP149644.1	51089
CP149645.1	10060
CP149826.1	5333925
CP149827.1	222348
CP149828.1	90333
CP149829.1	36439
CP149830.1	4261
CP149888.1	5292048
CP149889.1	293337
CP149890.1	112813
CP149891.1	3549
CP149892.1	3223
CP149893.1	5289552
CP149894.1	270044
CP149895.1	5356636
CP149896.1	5652
CP149897.1	5356636
CP149898.1	5652
CP149899.1	5255427
CP149900.1	232295
CP149901.1	134683
CP149902.1	3686
CP149903.1	3549
CP149998.1	9294
CP149999.1	161056
CP150000.1	5385530
CP150001.1	51640
CP150002.1	112409
CP150003.1	53834
CP150004.1	5297530
CP150005.1	374781
CP150006.1	146946
CP150007.1	9294
CP150008.1	5207
CP150009.1	4510
CP150010.1	4063
CP150128.1	5219756
CP150129.1	340515
CP150854.1	5413199
CP150855.1	222035
CP150856.1	81653
CP151170.1	5317817
CP151171.1	206059
CP151172.1	111193
CP151173.1	82257
CP151174.1	47823
CP151753.1	5403611
CP151754.1	227973
CP151755.1	53097
CP151756.1	5402411
CP151757.1	228102
CP151758.1	53097
CP151759.1	5400013
CP151760.1	227973
CP151761.1	53097
CP152054.1	5386235
CP152055.1	191904
CP152056.1	141448
CP152057.1	115078
CP152058.1	88638
CP152059.1	11970
CP152063.1	5465424
CP152064.1	230033
CP152065.1	134235
CP152082.1	5248522
CP152083.1	2311
CP152331.1	5218999
CP152332.1	218901
CP152333.1	113210
CP152334.1	5187196
CP152335.1	210827
CP152336.1	5377902
CP152337.1	224949
CP152338.1	5234438
CP152339.1	209333
CP152422.1	5486094
CP152423.1	55234
CP152424.1	169506
CP152439.1	5475618
CP152440.1	218656
CP152441.1	116361
CP152442.1	87096
CP152443.1	5475347
CP152444.1	217884
CP152445.1	175327
CP152446.1	87096
CP152447.1	5475610
CP152448.1	11970
CP152449.1	218656
CP152450.1	116361
CP152451.1	87095
CP152452.1	5596
CP153593.1	5190271
CP153594.1	141237
CP153595.1	5258435
CP153596.1	110478
CP153597.1	5241878
CP153598.1	191896
CP153599.1	109699
CP153600.1	1941
CP153601.1	5190342
CP153602.1	191910
CP153603.1	5215663
CP153604.1	106199
CP153605.1	5266
CP153606.1	4315
CP153607.1	1888
CP153608.1	5377605
CP153609.1	34786
CP153610.1	9294
CP153611.1	5250843
CP153612.1	134615
CP153613.1	5269972
CP153614.1	193286
CP153615.1	109590
CP153616.1	40392
CP153617.1	5722
CP153618.1	5261907
CP153619.1	155816
CP153620.1	109461
CP153621.1	54172
CP153622.1	5199032
CP153623.1	151087
CP153624.1	5318074
CP153625.1	155822
CP153626.1	5348407
CP153627.1	191895
CP153628.1	5304093
CP153629.1	134614
CP153631.1	5201600
CP153632.1	135713
CP153633.1	111192
CP153634.1	5148545
CP153635.1	112055
CP153636.1	5172574
CP153637.1	274370
CP153638.1	232019
CP153639.1	5263
CP153640.1	4678
CP153641.1	4055
CP153642.1	3967
CP153643.1	2924
CP153646.1	5423540
CP153649.1	5378252
CP153650.1	202186
CP153651.1	24916
CP153652.1	10058
CP153653.1	1546
CP153654.1	5420965
CP153655.1	165959
CP153656.1	5257891
CP153657.1	150155
CP153658.1	54253
CP153659.1	9294
CP153660.1	5378254
CP153661.1	175479
CP153662.1	33709
CP153663.1	10058
CP153664.1	1546
CP153667.1	5358389
CP153668.1	134614
CP153669.1	109444
CP153670.1	5301068
CP153671.1	151580
CP153672.1	84144
CP153673.1	5311
CP153674.1	5307558
CP153675.1	5216222
CP153676.1	109963
CP153677.1	54935
CP153678.1	5631
CP153679.1	5463
CP153680.1	5228811
CP153681.1	5285398
CP153682.1	6745
CP153683.1	1558
CP153684.1	5269207
CP153685.1	204622
CP153686.1	5283334
CP153687.1	237856
CP153688.1	5351057
CP153689.1	5351251
CP153690.1	5235890
CP153691.1	153877
CP153692.1	5874
CP153693.1	4091
CP153694.1	4074
CP153695.1	1843
CP153696.1	1306
CP153697.1	5105113
CP153698.1	5202254
CP153699.1	54204
CP153700.1	5631
CP153701.1	5402258
CP153702.1	5277303
CP153703.1	5287320
CP153704.1	61089
CP153705.1	6094
CP153706.1	5463
CP153707.1	5354829
CP153708.1	125338
CP153709.1	31859
CP153710.1	5287267
CP153711.1	194910
CP153712.1	5329169
CP153713.1	9294
CP153714.1	5631
CP153715.1	5463
CP153716.1	1527
CP153718.1	5328021
CP153719.1	197410
CP153720.1	5308300
CP153721.1	177995
CP153722.1	9294
CP153723.1	5631
CP153724.1	5463
CP153725.1	3349
CP153726.1	1306
CP153727.1	5364693
CP153728.1	3972
CP153729.1	5128607
CP153730.1	5463
CP153731.1	5190314
CP154273.1	5475614
CP154274.1	218656
CP154275.1	116361
CP154276.1	87096
CP154277.1	11189
CP154293.1	5528946
CP154294.1	118710
CP154295.1	88313
CP154296.1	218042
CP154297.1	5377447
CP154298.1	55151
CP154299.1	30920
CP154300.1	234553
CP154301.1	5506082
CP154302.1	11970
CP154303.1	121777
CP154304.1	216894
CP154305.1	87095
CP154343.1	5473594
CP154344.1	147552
CP154345.1	196930
CP154346.1	81922
CP154347.1	46087
CP154348.1	11970
CP154386.1	5449135
CP154387.1	55187
CP154388.1	133696
CP154389.1	187142
CP154390.1	84876
CP154391.1	5550846
CP154392.1	23978
CP154393.1	150086
CP154394.1	219776
CP154395.1	87095
CP154396.1	5474562
CP154397.1	23953
CP154398.1	71646
CP154399.1	184582
CP154400.1	69804
CP154418.1	5508176
CP154419.1	220171
CP154420.1	147613
CP154421.1	87736
CP154422.1	11971
CP154423.1	5483796
CP154424.1	187253
CP154425.1	139309
CP154426.1	122368
CP154427.1	23941
CP154428.1	5420356
CP154429.1	198026
CP154430.1	94594
CP154431.1	10061
CP154490.1	5425570
CP154491.1	193944
CP154492.1	138913
CP154493.1	76018
CP154604.1	5243682
CP154605.1	381238
CP154606.1	170010
CP154607.1	51391
CP154632.1	5532312
CP154633.1	210515
CP154634.1	295484
CP154867.1	5180779
CP154868.1	224996
CP154869.1	115157
CP154870.1	68699
CP154871.1	4165
CP154872.1	3549
CP154873.1	2733
CP155641.1	5412262
CP155642.1	228516
CP155643.1	111002
CP155644.1	5010883
CP155645.1	174899
CP155646.1	218922
CP155647.1	5426148
CP155648.1	219479
CP155649.1	46017
CP155654.1	5366216
CP155655.1	235629
CP155656.1	331181
CP155657.1	5388865
CP155658.1	133726
CP155659.1	5367426
CP155660.1	180046
CP155661.1	108492
CP155662.1	5459
CP155667.1	5284879
CP155668.1	59221
CP155669.1	83553
CP155670.1	5506296
CP155671.1	63422
CP155672.1	46268
CP155673.1	165031
CP155674.1	205166
CP155700.1	5058167
CP155701.1	176539
CP155702.1	142236
CP155703.1	5259780
CP155704.1	215711
CP155705.1	5301576
CP155706.1	158035
CP155707.1	5111321
CP155708.1	217970
CP155709.1	149931
CP155710.1	80214
CP155713.1	109614
CP155714.1	5318043
CP155715.1	177458
CP155716.1	10133
CP155717.1	5300731
CP155718.1	358992
CP155772.1	5305031
CP155773.1	265248
CP156946.1	113934
CP156947.1	4167
CP156948.1	337386
CP156949.1	6647
CP156950.1	5422587
CP156951.1	39674
CP156952.1	153621
CP157229.1	5214333
CP157230.1	298037
CP157237.1	5215812
CP157238.1	340516
CP157239.1	190331
CP157240.1	5215327
CP157241.1	339878
CP157242.1	202328
CP157294.1	5349662
CP157295.1	224688
CP157296.1	109535
CP157297.1	75407
CP157320.1	5436483
CP157321.1	262641
CP157322.2	5436476
CP157323.2	262641
CP157324.1	94064
CP157361.1	5642017
CP157362.1	216652
CP157363.1	122272
CP157364.1	109838
CP157365.1	107735
CP157366.1	87095
CP157367.1	11972
CP157370.1	5337594
CP157371.1	224688
CP157372.1	109532
CP157477.1	5242693
CP157478.1	75455
CP157479.1	341579
CP157585.1	5107238
CP157586.1	232387
CP157738.1	5253909
CP157739.1	140065
CP157740.1	141275
CP157741.1	61633
CP158191.1	5274508
CP158192.1	110930
CP158193.1	194976
CP158195.1	5395745
CP158196.1	11969
CP158197.1	183010
CP158198.1	210089
CP158199.1	5394794
CP158200.1	11969
CP158201.1	183006
CP158202.1	211253
CP158286.1	5586931
CP158287.1	221641
CP158288.1	114648
CP158289.1	82789
CP158290.1	11970
CP158291.1	5596
CP158302.1	5362316
CP158303.1	270484
CP158304.1	303063
CP158677.1	5301347
CP158678.1	237519
CP158679.1	5145
CP158680.1	4064
CP158681.1	3631
CP158682.1	3377
CP158683.1	1916
CP159126.1	5262995
CP159127.1	59811
CP159138.1	228675
CP159139.1	5445984
CP159143.1	228676
CP159144.1	5445984
CP159153.1	5260836
CP159154.1	76253
CP159155.1	514
CP159163.1	5455121
CP159164.1	229328
CP159165.1	5455122
CP159166.1	229324
CP159181.1	5512187
CP159182.1	219796
CP159183.1	135051
CP159184.1	87095
CP159185.1	5228789
CP159186.1	135518
CP159187.1	103163
CP159188.1	3631
CP159189.1	5517133
CP159190.1	219797
CP159191.1	135050
CP159192.1	87094
CP159231.1	5309026
CP159232.1	275949
CP159233.1	242714
CP159234.1	2987
CP159235.1	2137
CP159236.1	2043
CP159237.1	5409397
CP159238.1	278177
CP159239.1	127125
CP159240.1	25683
CP159241.1	19110
CP159242.1	4052
CP159243.1	3237
CP159244.1	1390
CP159309.1	5291085
CP159310.1	191251
CP159311.1	101834
CP159312.1	58741
CP159313.1	2809
CP159314.1	5230929
CP159315.1	215813
CP159316.1	64570
CP159343.1	5241524
CP159344.1	249336
CP159345.1	210355
CP159346.1	176124
CP159347.1	110450
CP159506.1	5299320
CP159660.1	202999
CP159661.1	5245591
CP159664.1	5329605
CP159665.1	10701
CP159666.1	11223
CP159667.1	255097
CP159684.1	5245464
CP159685.1	202993
CP159926.1	5378813
CP159927.1	202924
CP159928.1	173051
CP159929.1	108146
CP159930.1	78286
CP159931.1	46621
CP159932.1	41323
CP159933.1	9299
CP159934.1	5456495
CP159935.1	203235
CP159936.1	173049
CP159937.1	46925
CP159938.1	9294
CP159939.1	4202
CP159940.1	3085
CP159941.1	2661
CP160029.1	5328219
CP160030.1	93242
CP160031.1	61359
CP160036.1	5334254
CP160037.1	5267656
CP160038.1	110557
CP160039.1	204396
CP160050.1	5401395
CP160051.1	307723
CP160052.1	126707
CP160053.1	112367
CP160054.1	11057
CP160055.1	5249269
CP160056.1	303747
CP160057.1	41302
CP160058.1	4922
CP160192.1	5304451
CP160193.1	280283
CP160194.1	114386
CP160195.1	95709
CP160196.1	9292
CP160197.1	4118
CP160198.1	5554848
CP160199.1	236487
CP160200.1	118468
CP160201.1	111886
CP160202.1	54879
CP160203.1	12798
CP160204.1	5595
CP160464.1	5404868
CP160465.1	485030
CP160466.1	141660
CP160467.1	106770
CP160492.1	5470850
CP160493.1	330112
CP160494.1	39723
CP160495.1	5409513
CP160496.1	299930
CP160497.1	55263
CP160498.1	39710
CP160499.1	5402315
CP160500.1	330111
CP160501.1	39711
CP160502.1	54059
CP160503.1	5348490
CP160504.1	209339
CP160505.1	72109
CP160506.1	112290
CP160507.1	71803
CP160508.1	5348562
CP160509.1	72007
CP160510.1	209343
CP160511.1	71819
CP160512.1	112302
CP160622.1	5403317
CP160623.1	219080
CP160624.1	109913
CP160625.1	100133
CP160626.1	59947
CP160627.1	5604
CP160628.1	2058
CP160639.1	5405166
CP160640.1	394261
CP160641.1	234624
CP160642.1	106770
CP161847.1	5333298
CP161848.1	141594
CP161849.1	111688
CP161850.1	63592
CP161851.1	54669
CP161852.1	53210
CP161853.1	5359
CP162031.1	5387872
CP162032.1	198023
CP162033.1	149756
CP162034.1	113639
CP162035.1	43380
CP162036.1	13841
CP162037.1	5571
CP162087.1	5413652
CP162088.1	181324
CP162089.1	147811
CP162090.1	105601
CP162091.1	5288927
CP162092.1	147811
CP162093.1	105601
CP162094.1	4448
CP162180.1	5344160
CP162181.1	168338
CP162182.1	21190
CP162191.1	5250292
CP162192.1	221728
CP162193.1	120997
CP162194.1	3604
CP162204.1	5283981
CP162205.1	201972
CP162206.1	36680
CP162381.1	5306437
CP162382.1	199812
CP162383.1	63589
CP162384.1	38822
CP162929.1	5450409
CP162930.1	217862
CP162931.1	86841
CP162932.1	79185
CP162933.1	5596
CP162934.1	5475903
CP162935.1	193935
CP162936.1	138913
CP162937.1	87095
CP162938.1	11970
CP162970.1	5455366
CP162971.1	127803
CP162972.1	71307
CP162973.1	52097
CP162974.1	12281
CP162992.1	5344038
CP162993.1	214613
CP162994.1	45237
CP162995.1	4715
CP162996.1	4167
CP163003.1	5170511
CP163004.1	220351
CP163005.1	84231
CP163006.1	2939
CP163033.1	5250391
CP163034.1	190061
CP163035.1	111773
CP163036.1	70459
CP163037.1	6018
CP163038.1	4167
CP163084.1	5267105
CP163085.1	223943
CP163099.1	5491322
CP163100.1	224286
CP163101.1	117057
CP163102.1	10060
CP163103.1	5596
CP163127.1	5489344
CP163128.1	203792
CP163129.1	72706
CP163130.1	11970
CP163131.1	5596
CP163139.1	5349467
CP163154.1	5195333
CP163248.1	5320900
CP163249.1	191144
CP163250.1	41366
CP163251.1	5280236
CP163271.1	5417199
CP163272.1	167469
CP163273.1	145931
CP163274.1	11970
CP163275.1	116228
CP163276.1	5596
CP163277.1	5480768
CP163278.1	136068
CP163279.1	199868
CP163280.1	87095
CP163281.1	11970
CP163282.1	5596
CP163283.1	5487368
CP163284.1	200048
CP163285.1	119517
CP163286.1	87095
CP163287.1	11968
CP163288.1	5596
CP163289.1	5453912
CP163290.1	56365
CP163291.1	195135
CP163292.1	11970
CP163293.1	141173
CP163294.1	134876
CP163295.1	5416169
CP163296.1	159683
CP163297.1	174320
CP163298.1	5596
CP163299.1	5416170
CP163300.1	159683
CP163301.1	165303
CP163387.1	5240886
CP163388.1	198433
CP163389.1	110821
CP163390.1	16524
CP163410.1	5377523
CP163411.1	205076
CP163412.1	175545
CP163413.1	46475
CP163414.1	9294
CP165612.1	5419267
CP165613.1	29836
CP165614.1	228889
CP165742.1	5440122
CP165743.1	86958
CP165744.1	312944
CP165745.1	100422
CP165746.1	140950
CP165747.1	12747
CP165748.1	5395069
CP165749.1	256595
CP165750.1	59849
CP165751.1	5502270
CP165752.1	5502312
CP165753.1	5061434
CP165754.1	122559
CP165755.1	208697
CP165756.1	5380943
CP165757.1	15032
CP165758.1	203766
CP165759.1	176330
CP165760.1	100065
CP165761.1	110430
CP165762.1	5378061
CP165763.1	15118
CP165764.1	100025
CP165765.1	201488
CP165766.1	176337
CP165767.1	110431
CP165789.1	5376010
CP165790.1	205071
CP165791.1	158541
CP165792.1	46460
CP165793.1	9294
CP165794.1	5477386
CP165795.1	296608
CP165796.1	263123
CP165797.1	69823
CP165798.1	67814
CP165799.1	9294
CP165800.1	3675
CP165801.1	5431319
CP165802.1	161193
CP165803.1	84460
CP165804.1	46577
CP165805.1	9294
CP165806.1	3544
CP165807.1	5388569
CP165808.1	163850
CP165809.1	84456
CP165810.1	5251
CP165811.1	5377299
CP165812.1	205071
CP165813.1	175659
CP165814.1	46620
CP165815.1	9294
CP165816.1	5377404
CP165817.1	205071
CP165818.1	175654
CP165819.1	46620
CP165820.1	9294
CP165821.1	5499356
CP165822.1	265380
CP165823.1	114933
CP165824.1	19206
CP165825.1	5278207
CP165826.1	107963
CP165827.1	73107
CP165828.1	47969
CP165829.1	9294
CP165830.1	5225
CP165831.1	4510
CP165832.1	3559
CP165833.1	1934
CP165834.1	5505145
CP165835.1	326794
CP165836.1	105227
CP165837.1	9294
CP165838.1	5380126
CP165839.1	194590
CP165840.1	113646
CP165841.1	43380
CP165842.1	5377303
CP165843.1	205071
CP165844.1	175659
CP165845.1	46362
CP165846.1	9294
CP165847.1	5378143
CP165848.1	208543
CP165849.1	178745
CP165850.1	46481
CP165851.1	9294
CP165852.1	5384104
CP165853.1	173082
CP165854.1	12963
CP165855.1	8312
CP165856.1	2840
CP165857.1	5442913
CP165858.1	206603
CP165859.1	101896
CP165860.1	49413
CP165861.1	13636
CP165862.1	5505571
CP165863.1	245562
CP165864.1	114932
CP165865.1	9294
CP165866.1	7044
CP165867.1	5465338
CP165868.1	262779
CP165869.1	97531
CP165870.1	9294
CP165871.1	5422009
CP165872.1	176674
CP165873.1	111332
CP165874.1	92850
CP165875.1	9294
CP165876.1	7864
CP165877.1	6038
CP165878.1	5407657
CP165879.1	141822
CP165880.1	138175
CP165881.1	5251
CP165883.1	161203
CP165884.1	84460
CP165885.1	46577
CP165886.1	9294
CP165887.1	3544
CP165888.1	5448034
CP165889.1	235622
CP165890.1	68385
CP165891.1	46532
CP165892.1	9294
CP165893.1	3544
CP165894.1	5373007
CP165895.1	211359
CP165896.1	137797
CP165897.1	5251
CP165898.1	5498900
CP165899.1	205673
CP165900.1	176318
CP165901.1	46493
CP165902.1	9294
CP165903.1	5324438
CP165904.1	370711
CP165905.1	46359
CP165906.1	9294
CP165907.1	5510929
CP165908.1	298311
CP165909.1	115778
CP165910.1	7044
CP165916.1	5369290
CP165917.1	203216
CP165918.1	158424
CP165919.1	46544
CP165920.1	9294
CP165921.1	5532950
CP165922.1	332012
CP165923.1	102430
CP165924.1	9294
CP165925.1	5281443
CP165926.1	208996
CP165927.1	133853
CP165928.1	109716
CP165929.1	46665
CP165934.1	5514693
CP165935.1	299882
CP165936.1	85230
CP165937.1	9294
CP165938.1	5328272
CP165939.1	114951
CP165940.1	68106
CP165941.1	9294
CP165942.1	5216
CP165943.1	1698
CP165944.1	5339098
CP165945.1	114951
CP165946.1	68105
CP165947.1	9294
CP165948.1	5216
CP165949.1	1698
CP165950.1	5385194
CP165951.1	207532
CP165952.1	176327
CP165953.1	46300
CP165954.1	9294
CP165959.1	5511132
CP165960.1	344485
CP165961.1	75912
CP165962.1	9294
CP166017.1	5428111
CP166046.1	5304301
CP166160.1	5357800
CP166161.1	209821
CP166167.1	5307948
CP166168.1	95131
CP166169.1	6141
CP166170.1	4167
CP166171.1	3559
CP166172.1	3451
CP166173.1	2056
CP166174.1	5422005
CP166175.1	332724
CP166176.1	117473
CP166177.1	51603
CP166178.1	4167
CP166179.1	5422910
CP166180.1	382935
CP166181.1	34850
CP166182.1	4167
CP166227.1	5193551
CP166228.1	299895
CP166229.1	111732
CP166308.1	5369152
CP166309.1	110430
CP166310.1	201793
CP166311.1	111592
CP166312.1	176335
CP166313.1	29873
CP166314.1	289348
CP166315.1	5050008
CP166316.1	17345
CP166317.1	203772
CP166318.1	5381017
CP166319.1	110431
CP166320.1	176330
CP166321.1	100033
CP166322.1	30067
CP166323.1	5383139
CP166324.1	203767
CP166325.1	100024
CP166326.1	176330
CP166327.1	110431
CP166328.1	15032
CP166329.1	5215879
CP166330.1	111159
CP166331.1	212368
CP166332.1	141152
CP166439.1	5318985
CP166440.1	334654
CP166441.1	160030
CP166442.1	106731
CP166443.1	9294
CP166444.1	5395498
CP166445.1	234195
CP166446.1	72741
CP166447.1	9294
CP166478.1	5408044
CP166479.1	193896
CP166480.1	99600
CP166493.1	5203897
CP166494.1	216667
CP166495.1	5203758
CP166496.1	216667
CP166595.1	5387841
CP166596.1	249062
CP166597.1	106787
CP166598.1	3991
CP166599.1	5331283
CP166600.1	249264
CP166601.1	176591
CP166602.1	84276
CP166603.1	5383258
CP166604.1	154458
CP166605.1	79415
CP166606.1	3771
CP166689.1	5298201
CP166690.1	99523
CP166691.1	75078
CP166692.1	7825
CP166693.1	4424
CP166694.1	3980
CP166695.1	2292
CP166696.1	5415621
CP166697.1	198553
CP166698.1	55935
CP166699.1	36465
CP166751.1	5376702
CP166752.1	266138
CP166753.1	206982
CP166754.1	15032
CP166909.1	5344954
CP166910.1	237571
CP167190.1	5187926
CP167191.1	226735
CP167192.1	5244428
CP167193.1	212430
CP167194.1	111189
CP167946.1	108603
CP167947.1	168051
CP167948.1	5333259
CP167949.1	166125
CP167950.1	109939
CP167951.1	15036
CP167952.1	5383501
CP167953.1	203757
CP167954.1	15033
CP167955.1	100023
CP167956.1	110431
CP167957.1	176329
CP167958.1	5386298
CP167959.1	178753
CP167960.1	211523
CP167961.1	207248
CP167962.1	53898
CP167963.1	5488960
CP167964.1	257854
CP167965.1	99112
CP167966.1	136560
CP167967.1	12747
CP167968.1	5434454
CP167969.1	229981
CP167970.1	5249904
CP167971.1	230028
CP167972.1	110955
CP167973.1	5422266
CP167974.1	226413
CP167975.1	114575
CP167976.1	5409410
CP167977.1	114573
CP167978.1	230361
CP167979.1	5308387
CP167980.1	215740
CP167981.1	5342786
CP167982.1	236447
CP168046.1	5330245
CP168047.1	10078
CP168048.1	204086
CP168049.1	5444879
CP168050.1	341658
CP168051.1	5284067
CP168052.1	211689
CP168053.1	5355044
CP168054.1	187259
CP168055.1	5309945
CP168056.1	223841
CP168069.1	5316656
CP168070.1	247179
CP168099.1	5356995
CP168100.1	201409
CP168101.1	5243678
CP168102.1	123551
CP168103.1	208634
CP168104.1	43380
CP168105.1	13636
CP168106.1	5234805
CP168107.1	263486
CP168108.1	43380
CP168109.1	13636
CP168110.1	5245488
CP168111.1	43380
CP168112.1	13635
CP168113.1	123551
CP168286.1	5479681
CP168287.1	194421
CP168288.1	128689
CP168289.1	87095
CP168290.1	11970
CP168291.1	5596
CP168324.1	5485449
CP168325.1	11971
CP168326.1	203046
CP168327.1	152654
CP168400.1	5495886
CP168401.1	11969
CP168402.1	126329
CP168403.1	222667
CP168404.1	88156
CP168405.1	5360944
CP168406.1	234457
CP168407.1	45048
CP168408.1	5485549
CP168409.1	23051
CP168410.1	216502
CP168411.1	88122
CP168412.1	87872
CP168661.1	5504427
CP168662.1	195854
CP168663.1	139321
CP168664.1	87097
CP168665.1	23943
CP168666.1	5459370
CP168667.1	195838
CP168668.1	144993
CP168669.1	87095
CP168670.1	11970
CP168956.1	5317159
CP168957.1	112562
CP168958.1	84142
CP168959.1	47359
CP168960.1	11814
CP168961.1	3544
CP169532.1	5496706
CP169533.1	164202
CP169534.1	135746
CP169584.1	5339448
CP169585.1	190187
CP169586.1	46522
CP169899.1	5496373
CP169900.1	153557
CP169901.1	53096
CP169902.1	5496560
CP169903.1	153557
CP169904.1	53096
CP169905.1	5254620
CP169906.1	94489
CP169907.1	100181
CP169908.1	5509127
CP169909.1	155489
CP169910.1	153971
CP169911.1	5451470
CP169912.1	155489
CP169913.1	153971
CP169914.1	5618008
CP169915.1	121138
CP169916.1	45489
CP169917.1	5458347
CP169918.1	101905
CP169919.1	104507
CP169920.1	5477513
CP169921.1	131089
CP169922.1	102503
CP169923.1	5542651
CP169924.1	127155
CP169925.1	88157
CP169926.1	5541166
CP169927.1	126500
CP169928.1	88157
CP169929.1	5476093
CP169930.1	134477
CP169931.1	102503
CP169932.1	5542228
CP169933.1	126327
CP169934.1	88157
CP169935.1	5462293
CP169936.1	115562
CP169937.1	62397
CP169938.1	5406705
CP169939.1	58023
CP169940.1	53813
CP169941.1	5532334
CP169942.1	129634
CP169943.1	46543
CP170118.1	5415350
CP170119.1	146367
CP170120.1	102257
CP170121.1	71123
CP170122.1	9294
CP170134.1	5506547
CP170135.1	91212
CP170136.1	261134
CP170441.1	5326974
CP170442.1	5328261
CP170443.1	5326920
CP170701.1	62746
CP170702.1	15150
CP170703.1	84875
CP170749.1	5339502
CP170750.1	156158
CP170751.1	51893
CP170814.1	5384392
CP170815.1	176327
CP170816.1	77790
CP170817.1	4938
CP170818.1	5385148
CP170819.1	176317
CP170820.1	160139
CP170821.1	66276
CP170822.1	4938
CP170823.1	5384424
CP170824.1	176327
CP170825.1	77790
CP170826.1	4938
CP170827.1	5468154
CP170828.1	191157
CP170829.1	87907
CP170830.1	10060
CP170831.1	5369060
CP170832.1	97965
CP170833.1	97392
CP170834.1	71997
CP170835.1	69700
CP170836.1	53776
CP170837.1	36238
CP170838.1	25429
CP170839.1	10060
CP170840.1	5977
CP170841.1	5596
CP170842.1	2953
CP170843.1	2100
CP170844.1	5449889
CP170845.1	164355
CP170846.1	131040
CP170847.1	74204
CP170848.1	10060
CP170849.1	5596
CP170850.1	2953
CP170851.1	5346720
CP170852.1	169057
CP170853.1	120524
CP170854.1	97964
CP170855.1	91872
CP170856.1	10060
CP170857.1	5596
CP170858.1	2953
CP170859.1	2905
CP170860.1	5444649
CP170861.1	169065
CP170862.1	131091
CP170863.1	97965
CP170864.1	10060
CP170865.1	5596
CP170866.1	2953
CP170867.1	5440367
CP170868.1	277098
CP170869.1	169065
CP170870.1	131919
CP170871.1	85021
CP170872.1	13199
CP170873.1	10060
CP170874.1	5596
CP170875.1	2953
CP170876.1	5433371
CP170877.1	169065
CP170878.1	131091
CP170879.1	96844
CP170880.1	10060
CP170881.1	5596
CP170882.1	2953
CP170883.1	5425482
CP170884.1	169065
CP170885.1	131091
CP170886.1	97965
CP170887.1	21813
CP170888.1	10060
CP170889.1	5596
CP170890.1	2953
CP170891.1	5446059
CP170892.1	169065
CP170893.1	131091
CP170894.1	97965
CP170895.1	10060
CP170896.1	5596
CP170897.1	2953
CP170898.1	5441921
CP170899.1	169065
CP170900.1	131091
CP170901.1	97965
CP170902.1	10060
CP170903.1	5596
CP170904.1	2953
CP170905.1	5428288
CP170906.1	169303
CP170907.1	62235
CP170908.1	60060
CP170909.1	10060
CP170910.1	2203
CP170911.1	5452706
CP170912.1	165748
CP170913.1	135258
CP170914.1	82992
CP170915.1	10060
CP170916.1	5596
CP170917.1	5442256
CP170918.1	169065
CP170919.1	131091
CP170920.1	97965
CP170921.1	10060
CP170922.1	5596
CP170923.1	2953
CP170924.1	5442138
CP170925.1	169065
CP170926.1	131048
CP170927.1	97965
CP170928.1	10060
CP170929.1	5596
CP170930.1	2953
CP170931.1	5215163
CP170932.1	231775
CP170933.1	145587
CP170934.1	139487
CP170935.1	90098
CP170936.1	10060
CP170937.1	5596
CP170938.1	5427867
CP170939.1	158828
CP170940.1	85911
CP170941.1	10060
CP170942.1	7391
CP170943.1	5596
CP170944.1	2392
CP170945.1	5442639
CP170946.1	90813
CP170947.1	88376
CP170948.1	19080
CP170949.1	10060
CP170950.1	5596
CP170951.1	5410860
CP170952.1	184236
CP170953.1	77226
CP170954.1	35002
CP170955.1	16766
CP170956.1	10060
CP170957.1	5596
CP170958.1	4289
CP170959.1	2700
CP170960.1	5448200
CP170961.1	166639
CP170962.1	135258
CP170963.1	94155
CP170964.1	10060
CP170965.1	5596
CP170966.1	5447586
CP170967.1	165312
CP170968.1	130685
CP170969.1	119005
CP170970.1	10060
CP170971.1	5596
CP170972.1	5442267
CP170973.1	162271
CP170974.1	76744
CP170975.1	5596
CP170976.1	5454240
CP170977.1	169142
CP170978.1	70607
CP170979.1	10060
CP170980.1	5596
CP170981.1	987
CP170982.1	5446832
CP170983.1	166639
CP170984.1	135258
CP170985.1	94156
CP170986.1	10060
CP170987.1	5596
CP171164.1	11053
CP171165.1	5661434
CP171166.1	127576
CP171167.1	79763
CP171365.1	5501168
CP171366.1	82981
CP171367.1	111465
CP171368.1	81332
CP171369.1	219497
CP171370.1	5501115
CP171371.1	219497
CP171372.1	143613
CP171373.1	111465
CP171374.1	81332
CP171375.1	54881
CP171385.1	5339985
CP171386.1	156158
CP171387.1	52710
CP171388.1	5587169
CP171389.1	71192
CP171390.1	32767
CP171391.1	10060
CP171392.1	5596
CP171393.1	4844
CP171444.1	5585616
CP171445.1	86582
CP171446.1	73412
CP171447.1	10060
CP171448.1	5596
CP171482.1	5217538
CP171483.1	142336
CP171484.1	5434739
CP171485.1	230333
CP171488.1	5245759
CP171489.1	223907
CP171490.1	5246811
CP171491.1	223906
CP171492.1	5343370
CP171493.1	7767
CP171494.1	223635
CP171495.1	5257602
CP171496.1	216485
CP171497.1	5191346
CP171498.1	218813
CP171501.1	5490467
CP171505.1	5303301
CP171506.1	9517
CP171507.1	146757
CP171508.1	5354877
CP171509.1	155744
CP171510.1	5397447
CP171511.1	86093
CP171512.1	185899
CP171513.1	5293813
CP171514.1	160515
CP171515.1	138513
CP171516.1	88822
CP171517.1	5349824
CP171518.1	215557
CP171519.1	74680
CP171520.1	67712
CP171521.1	5218462
CP171522.1	181862
CP171523.1	5200771
CP171524.1	236647
CP171525.1	5335275
CP171526.1	2760
CP171527.1	3544
CP171528.1	11302
CP171529.1	112987
CP171530.1	142545
CP171532.1	5254362
CP171533.1	120944
CP171534.1	79063
CP171535.1	111327
CP171536.1	120112
CP171537.1	52462
CP171538.1	5344966
CP171539.1	122889
CP171540.1	5407418
CP171541.1	115018
CP171542.1	5392596
CP171543.1	9173
CP171544.1	53991
CP171545.1	178260
CP171546.1	73470
CP171547.1	28569
CP171548.1	1987
CP171549.1	10565
CP171550.1	5390512
CP171551.1	125285
CP171552.1	122853
CP171553.1	5305071
CP171554.1	3234
CP171555.1	1731
CP171556.1	189755
CP171557.1	41257
CP171558.1	269188
CP171559.1	5388338
CP171560.1	122075
CP171561.1	119902
CP171562.1	5382609
CP171563.1	122078
CP171564.1	84509
CP171565.1	5321094
CP171566.1	148145
CP171567.1	93040
CP171568.1	6260
CP171569.1	2581
CP171570.1	109437
CP171571.1	5319871
CP171572.1	122076
CP171573.1	113428
CP171574.1	5379955
CP171575.1	122079
CP171576.1	125284
CP171577.1	5318710
CP171578.1	122078
CP171579.1	113426
CP171580.1	5230416
CP171581.1	164816
CP171582.1	48565
CP171583.1	5317417
CP171584.1	212573
CP171585.1	37330
CP171586.1	116541
CP171587.1	54064
CP171588.1	5383495
CP171589.1	122079
CP171590.1	125285
CP171591.1	5403816
CP171592.1	126576
CP171593.1	210920
CP171594.1	5324626
CP171595.1	5865
CP171596.1	59916
CP171597.1	52929
CP171598.1	27516
CP171599.1	11698
CP171600.1	42040
CP171601.1	4521
CP171602.1	131893
CP171603.1	5304989
CP171604.1	114786
CP171605.1	122855
CP171651.1	5394489
CP171652.1	236308
CP171785.1	5579765
CP171786.1	130376
CP171787.1	87923
CP171788.1	84647
CP171789.1	11970
CP171790.1	5596
CP171797.1	5349804
CP171798.1	192794
CP171799.1	134705
CP171800.1	84876
CP171801.1	54515
CP171802.1	45688
CP171803.1	11970
CP171804.1	5596
CP171805.1	2058
CP171817.1	5436112
CP171818.1	190624
CP171819.1	142620
CP171820.1	87096
CP171826.1	5213795
CP171827.1	5213772
CP171828.1	5512340
CP171829.1	5439908
CP171830.1	5401246
CP171831.1	5386155
CP171832.1	5343774
CP171833.1	5375346
CP172072.1	5557465
CP172073.1	184599
CP172074.1	139321
CP172075.1	87095
CP172076.1	11970
CP172341.1	5048454
CP172342.1	208216
CP172343.1	111160
CP172344.1	59596
CP172345.1	5905
CP172443.1	5253626
CP172444.1	141274
CP172445.1	63930
CP172450.1	5409495
CP172451.1	169249
CP172452.1	145683
CP172453.1	96416
CP172454.1	11970
CP172455.1	5596
CP172456.1	5266900
CP172457.1	219759
CP172458.1	94884
CP172577.1	5374356
CP172578.1	289270
CP172579.1	171410
CP172580.1	59730
CP172727.1	5272882
CP172728.1	98193
CP172729.1	86016
CP172730.1	4580
CP172731.1	5404
CP172747.1	5383357
CP172748.1	229606
CP172749.1	136785
CP172750.1	5194998
CP172751.1	5368231
CP172752.1	174420
CP172753.1	5238864
CP172754.1	201185
CP172755.1	110744
CP172756.1	2090
CP172757.1	2772
CP172778.1	5424149
CP172779.1	99400
CP172827.1	5440777
CP172828.1	221446
CP172829.1	95973
CP173041.1	5519580
CP173042.1	181247
CP173043.1	127585
CP173044.1	21096
CP173045.1	3808
CP173409.1	5517750
CP173410.1	199086
CP173411.1	140060
CP173412.1	89248
CP173413.1	11970
CP173431.1	147142
CP173432.1	9287
CP173433.1	355620
CP173434.1	63589
CP173435.1	10485
CP173436.1	4510
CP173437.1	5284094
CP173451.1	65646
CP173452.1	217794
CP173453.1	5434754
CP173454.1	9754
CP173455.1	68942
CP173456.1	147142
CP173457.1	5216456
CP173458.1	18526
CP173459.1	378858
CP173460.1	63589
CP173723.1	5154422
CP173724.1	261642
CP173725.1	114807
CP173726.1	98915
CP173727.1	4092
CP173728.1	5363997
CP173729.1	237026
CP173730.1	119574
CP173731.1	5332654
CP173732.1	119159
CP173733.1	71104
CP173734.1	66326
CP173735.1	9294
CP173736.1	1898
CP173737.1	5260433
CP173738.1	215607
CP173739.1	88594
CP173740.1	5468611
CP173741.1	183857
CP173742.1	71572
CP173743.1	9294
CP174249.1	5463404
CP174250.1	195340
CP174251.1	119517
CP174252.1	87095
CP174253.1	11970
CP174254.1	5596
CP174255.1	5465314
CP174256.1	200047
CP174257.1	119519
CP174258.1	87095
CP174259.1	11970
CP174260.1	5596
CP174261.1	5463404
CP174262.1	169204
CP174263.1	119520
CP174264.1	87095
CP174265.1	11970
CP174266.1	5596
CP174450.1	5295762
CP174529.1	5191370
CP174530.1	211858
CP174531.1	45255
CP175678.1	5300774
CP175679.1	64247
CP175680.1	58867
CP175681.1	3373
CP175809.1	5259004
CP175810.1	306953
CP175811.1	214343
CP175812.1	9730
CP175813.1	6141
CP175814.1	4167
CP175815.1	2095
CP175816.1	5292578
CP175817.1	166643
CP175818.1	95389
CP175819.1	13250
CP175820.1	11981
CP175821.1	5267266
CP175822.1	160558
CP175823.1	111539
CP175824.1	63299
CP175989.1	5529138
CP175990.1	370169
CP175991.1	131321
CP175992.1	112621
CP175993.1	15639
CP175994.1	5596
CP176043.1	365584
CP176044.1	113927
CP176045.1	87028
CP176046.1	45291
CP176047.1	15639
CP176048.1	5596
CP176049.1	5511089
CP176085.1	5468502
CP176086.1	154724
CP176087.1	10060
CP176088.1	5596
CP176089.1	5427779
CP176090.1	154724
CP176091.1	10060
CP176092.1	5596
CP176362.1	5394794
CP176493.1	5461321
CP176494.1	154724
CP176495.1	10060
CP176496.1	5596
CP176704.1	5221924
CP176878.1	5475610
CP176879.1	222006
CP176880.1	5450177
CP176881.1	223874
CP176882.1	5412981
CP176883.1	223679
CP176884.1	5313994
CP176885.1	229600
CP176886.1	5201282
CP176887.1	203546
CP176888.1	5453196
CP176889.1	223399
CP176890.1	5276575
CP176891.1	53008
CP176892.1	5276515
CP176893.1	53006
CP176894.1	5328398
CP176895.1	223818
CP176896.1	5440437
CP176897.1	225834
CP176898.1	5445545
CP176899.1	223871
CP176900.1	5328606
CP176901.1	228742
CP176902.1	5347656
CP176903.1	228140
CP176904.1	5391907
CP176905.1	221307
CP176906.1	223853
CP176907.1	5368134
CP176908.1	5255878
CP176909.1	222601
CP176910.1	5264446
CP176911.1	209523
CP176912.1	5453371
CP176913.1	223851
CP176914.1	5382661
CP176915.1	339463
CP176916.1	5210420
CP176917.1	110436
CP176918.1	147324
CP176919.1	5411714
CP176920.1	223796
CP176921.1	4437
CP176922.1	5243977
CP176923.1	229751
CP176924.1	5353992
CP176925.1	189922
CP176926.1	5205922
CP176927.1	5155656
CP176928.1	131915
CP176929.1	295665
CP176930.1	5412763
CP176931.1	223364
CP176932.1	5413408
CP176933.1	223924
CP176934.1	5069276
CP176935.1	147379
CP176936.1	5350532
CP176937.1	345230
CP176938.1	226986
CP176939.1	5286192
CP176940.1	5324242
CP176941.1	223603
CP176942.1	5446714
CP176943.1	223746
CP176944.1	5183476
CP176945.1	212842
CP176946.1	5208961
CP176947.1	211565
CP176948.1	5413901
CP176949.1	222986
CP176950.1	204067
CP176951.1	5245420
CP176952.1	5237365
CP176953.1	211527
CP176954.1	5472008
CP176955.1	224183
CP176956.1	4440
CP176957.1	5219812
CP176958.1	212922
CP176959.1	5091239
CP176960.1	215656
CP176961.1	5339976
CP176962.1	236388
CP176963.1	33299
CP176964.1	5608242
CP176965.1	223807
CP176969.1	5202305
CP176970.1	15741
CP176971.1	217842
CP176972.1	5466333
CP176973.1	223853
CP176974.1	5380936
CP176975.1	226722
CP176976.1	110546
CP176977.1	5272127
CP176978.1	210823
CP176979.1	5206113
CP176980.1	14054
CP176981.1	5343551
CP176982.1	189885
CP176983.1	5197398
CP176984.1	158216
CP176985.1	16588
CP176986.1	68408
CP176987.1	6585
CP176988.1	5421856
CP176989.1	229945
CP176990.1	5206641
CP176991.1	393990
CP176992.1	109228
CP176993.1	107773
CP176994.1	59513
CP176995.1	10057
CP176996.1	5212812
CP176997.1	343745
CP176998.1	116526
CP176999.1	162899
CP177000.1	109383
CP177001.1	10058
CP177002.1	5257213
CP177003.1	10062
CP177004.1	105840
CP177005.1	5269021
CP177006.1	115956
CP177007.1	214284
CP177008.1	303369
CP177009.1	5511349
CP177010.1	230053
CP177011.1	11961
CP177012.1	294715
CP177013.1	5268704
CP177014.1	214287
CP177015.1	5393652
CP177016.1	202702
CP177017.1	5347045
CP177018.1	103952
CP177019.1	5560
CP177020.1	220824
CP177021.1	5183604
CP177022.1	312131
CP177023.1	5458897
CP177024.1	105406
CP177025.1	5365108
CP177026.1	239524
CP177027.1	10046
CP177028.1	5277563
CP177029.1	188819
CP177164.1	5222590
CP177165.1	236149
CP177196.1	5539440
CP177197.1	393506
CP177198.1	10044
CP177199.1	111088
CP177200.1	78128
CP177218.1	5222728
CP177308.1	5407036
CP177309.1	11969
CP177310.1	141007
CP177311.1	217900
CP177312.1	63215
CP177330.1	5534638
CP177331.1	323738
CP177332.1	108400
CP177333.1	56083
CP177334.1	11970
CP178152.1	5456355
CP178153.1	226335
CP178192.1	5369696
CP178193.1	204910
CP178194.1	177706
CP178195.1	106810
CP178196.1	78091
CP178197.1	55314
CP178215.1	5481622
CP178216.1	229974
CP178217.1	59379
CP178218.1	27617
CP178493.1	5143477
CP178494.1	253679
CP178564.1	5261145
CP178565.1	264844
CP178566.1	127487
CP178567.1	46161
CP178568.1	33310
CP178569.1	29477
CP178570.1	4473
CP178571.1	3573
CP178572.1	3175
CP178573.1	2058
CP178846.1	5342814
CP178847.1	136301
CP178848.1	53757
CP178862.1	5582708
CP178863.1	144133
CP180266.1	5181780
CP180267.1	328525
CP180268.1	54037
CP180269.1	9324
CP180270.1	3335
CP180271.1	5372487
CP180272.1	330365
CP180273.1	112868
CP180274.1	54064
CP180275.1	38152
CP180276.1	9294
CP180277.1	4167
CP180314.1	5291518
CP180315.1	5291209
CP180319.1	191896
CP180320.1	141448
CP180321.1	113723
CP180322.1	88641
CP180323.1	11970
CP180324.1	5384102
CP180325.1	5383905
CP180326.1	191896
CP180327.1	91156
CP180328.1	113724
CP180329.1	88641
CP180330.1	11970
CP180331.1	5388547
CP180332.1	194028
CP180333.1	141454
CP180334.1	112946
CP180335.1	88637
CP180336.1	11966
CP180337.1	5381823
CP180338.1	194020
CP180339.1	127849
CP180340.1	112946
CP180341.1	88638
CP180342.1	11970
CP180377.1	5290442
CP180398.1	5381812
CP180399.1	194021
CP180400.1	149190
CP180401.1	112946
CP180402.1	88638
CP180403.1	23934
CP180482.1	5207043
CP180483.1	5291519
CP180538.1	5406673
CP180539.1	149883
CP180540.1	109206
CP180541.1	99862
CP180580.1	5462908
CP180581.1	195838
CP180582.1	139340
CP180583.1	87096
CP180584.1	11971
CP180648.1	5406907
CP180649.1	330970
CP180650.1	246744
CP180651.1	106308
CP180652.1	8505
CP180653.1	5405581
CP180654.1	331201
CP180655.1	246744
CP180656.1	106308
CP180657.1	8505
CP180658.1	5442828
CP180659.1	296292
CP180660.1	247923
CP180661.1	105088
CP180662.1	4544
CP180663.1	5402939
CP180664.1	365410
CP180665.1	246726
CP180666.1	105088
CP180667.1	4544
CP180668.1	5403140
CP180669.1	366334
CP180670.1	246744
CP180671.1	105056
CP180672.1	4474
CP180673.1	5443985
CP180674.1	331332
CP180675.1	253842
CP180676.1	105088
CP180677.1	79105
CP180678.1	4544
CP180679.1	5442827
CP180680.1	298616
CP180681.1	249168
CP180682.1	105088
CP180683.1	4544
CP180686.1	5272525
CP180687.1	132553
CP180688.1	141407
CP181325.1	5048454
CP181326.1	208216
CP181327.1	111160
CP181328.1	59596
CP181329.1	5905
CP181426.1	5422044
CP181427.1	174074
CP181428.1	47442
CP181429.1	10060
CP181430.1	5596
CP181552.1	5296030
CP181553.1	247179
CP181598.1	5287872
CP181599.1	162787
CP181604.1	5357114
CP181605.1	3976
CP181606.1	3636
CP181623.1	5313807
CP181624.1	274115
CP181644.1	5333065
CP181645.1	81579
CP181650.1	5376045
CP181651.1	192774
CP181652.1	2547
CP181653.1	1917
CP181654.1	2118
CP181657.1	5175090
CP181658.1	155720
CP181659.1	41531
CP181663.1	5312177
CP181664.1	120553
CP181665.1	124248
CP181694.1	5382780
CP181695.1	173230
CP181696.1	3583
CP181765.1	5368758
CP181766.1	133731
CP181767.1	59162
CP181790.1	5326463
CP181791.1	219056
CP181792.1	3856
CP181805.1	5190058
CP181806.1	206098
CP181814.1	5433287
CP181815.1	175315
CP181875.1	5169162
CP181876.1	229794
CP181877.1	4119
CP181891.1	5309839
CP181892.1	247179
CP181893.1	5406484
CP181894.1	226718
CP181895.1	3763
CP181896.1	5976
CP181941.1	5426047
CP181942.1	247175
CP181970.1	5362103
CP181971.1	63706
CP181972.1	2513
CP181973.1	2832
CP181974.1	146262
CP181975.1	4757
CP181976.1	6904
CP181977.1	5337929
CP181978.1	113173
CP181979.1	5252401
CP181980.1	107357
CP181981.1	99269
CP181982.1	5254553
CP181983.1	107353
CP181984.1	99250
CP181985.1	5253405
CP181986.1	99280
CP181987.1	107356
CP181988.1	5254564
CP181989.1	107360
CP181990.1	99254
CP181991.1	5252172
CP181992.1	99250
CP181993.1	107356
CP181994.1	5252418
CP181995.1	99278
CP181996.1	107367
CP182008.1	5256480
CP182009.1	4907
CP182010.1	4431
CP182011.1	38623
CP182012.1	4715
CP182016.1	5347882
CP182017.1	378059
CP182018.1	109762
CP182038.1	5252446
CP182039.1	107364
CP182040.1	99265
CP182047.1	5469785
CP182048.1	133526
CP182049.1	163822
CP182050.1	5282569
CP182051.1	153970
CP182052.1	3011
CP182070.1	5257010
CP182071.1	4916
CP182072.1	4397
CP182073.1	4738
CP182074.1	38675
CP182075.1	5374075
CP182076.1	119599
CP182077.1	2174
CP182078.1	5356445
CP182079.1	186195
CP182089.1	5216411
CP182090.1	54496
CP182516.1	5435742
CP182592.1	5354507
CP182593.1	240297
CP182594.1	116795
CP182595.1	41868
CP182596.1	4808
CP182597.1	4187
CP182598.1	3258
CP182599.1	1917
CP182600.1	5292801
CP182601.1	111174
CP182602.1	41868
CP182603.1	4809
CP182604.1	4439
CP182605.1	3258
CP182606.1	1917
CP182607.1	111397
CP182608.1	5404514
CP182609.1	4439
CP182610.1	4809
CP182611.1	41868
CP182612.1	1917
CP182613.1	3258
CP182692.1	5199267
CP182693.1	5024
CP182694.1	5315750
CP182695.1	213860
CP182696.1	3584
CP182697.1	5178792
CP182698.1	129840
CP182699.1	108522
CP182700.1	5291118
CP182701.1	131569
CP182702.1	5189304
CP182703.1	131569
CP182704.1	5266173
CP182705.1	131570
CP182706.1	5331939
CP182707.1	120629
CP182708.1	5249712
CP182709.1	131569
CP182710.1	5245285
CP182711.1	131569
CP182712.1	5314444
CP182713.1	257148
CP182714.1	4684
CP182715.1	3870
CP182716.1	5296093
CP182717.1	131579
CP182718.1	5269708
CP182719.1	131569
CP182720.1	5185969
CP182721.1	184355
CP182722.1	4674
CP182723.1	5161515
CP182724.1	130200
CP182725.1	5181190
CP182726.1	239582
CP182727.1	13969
CP182728.1	8121
CP182729.1	5237722
CP182730.1	125752
CP182731.1	5115
CP182732.1	5276877
CP182733.1	84409
CP182734.1	5006
CP182735.1	5335793
CP182736.1	193337
CP182737.1	5115
CP182738.1	5226671
CP182739.1	101294
CP182740.1	5115
CP182741.1	4582
CP182742.1	2667
CP182743.1	5301557
CP182744.1	148924
CP182745.1	5026
CP182746.1	4683
CP182816.1	5461598
CP182817.1	249149
CP182818.1	278962
CP182834.1	5404345
CP182835.1	90039
CP182836.1	71405
CP182837.1	10060
CP182838.1	5596
CP182839.1	3139
CP182840.1	1552
CP182841.1	1433
CP182842.1	5433379
CP182843.1	193663
CP182844.1	135793
CP182845.1	87095
CP182846.1	53097
CP182847.1	11970
CP182848.1	5596
CP182849.1	5459156
CP182850.1	163915
CP182851.1	148091
CP182852.1	84876
CP182853.1	53035
CP182854.1	11970
CP182855.1	5596
CP182856.1	5166
CP182857.1	1506
CP182884.1	97964
CP182885.1	5250099
CP182919.1	5500904
CP182920.1	194981
CP182921.1	133772
CP182922.1	84876
CP182923.1	46161
CP182924.1	11971
CP182925.1	5596
CP183011.1	1679309
CP183012.1	3746230
CP183013.1	327588
CP183014.1	5388651
CP183015.1	229627
CP183016.1	110595
CP183017.1	5468141
CP183018.1	344709
CP183019.1	5400569
CP183020.1	202715
CP183021.1	70502
CP183022.1	5426006
CP183023.1	258551
CP183024.1	205096
CP183025.1	111737
CP183026.1	15030
CP183049.1	9733
CP183050.1	5355184
CP183051.1	175064
CP183202.1	5432070
CP183203.1	242364
CP183204.1	129540
CP183205.1	100883
CP183206.1	11970
CP183207.1	5596
CP183350.1	5336106
CP183351.1	276478
CP183352.1	193653
CP183353.1	5338334
CP183354.1	162681
CP183355.1	106446
CP183356.1	80054
CP183357.1	3751
CP183358.1	3353
CP183359.1	1308
CP183385.1	5384102
CP183386.1	191896
CP183387.1	141448
CP183388.1	113723
CP183389.1	88641
CP183390.1	11970
CP183778.1	5381230
CP183779.1	307748
CP183780.1	133120
CP183781.1	37936
CP183782.1	11970
CP183783.1	5596
CP183784.1	5493583
CP183785.1	195845
CP183786.1	133120
CP183787.1	111911
CP183788.1	53116
CP183789.1	37936
CP183790.1	11970
CP183791.1	5596
CP183952.1	228650
CP183953.1	5371920
CP184130.1	5245958
CP184149.1	5381204
CP184150.1	181271
CP184151.1	84490
CP184152.1	3561
CP184153.1	7948
CP184154.1	114870
CP184351.1	5366724
CP184352.1	135569
CP184353.1	111238
CP184354.1	65499
CP184355.1	5596
CP184356.1	5234
CP184357.1	5351432
CP184358.1	224111
CP184359.1	135570
CP184396.1	5209657
CP184397.1	6956
CP184398.1	107064
CP184399.1	166068
CP184400.1	5259322
CP184401.1	223230
CP184711.1	65345
CP184712.1	55353
CP184718.1	30313
CP184722.1	230459
CP184732.1	10060
CP184733.1	33396
CP184849.1	5488900
CP184850.1	220950
CP184851.1	133053
CP184852.1	11970
CP184853.1	5596
CP184854.1	5394183
CP184855.1	220278
CP184856.1	133053
CP184857.1	11970
CP184858.1	5596
CP184859.1	5331209
CP184860.1	221034
CP184861.1	133053
CP184862.1	11970
CP184863.1	5596
CP184993.1	5637393
CP184994.1	46836
CP184995.1	5638076
CP184996.1	46836
CP184997.1	159393
CP184998.1	216315
CP184999.1	5379694
CP185000.1	46831
CP185001.1	5397847
CP185002.1	239431
CP185003.1	35124
CP185004.1	107162
CP185005.1	121551
CP185006.1	54850
CP185007.1	5491210
CP185008.1	5399504
CP185009.1	199298
CP185010.1	179689
CP185011.1	46820
CP185012.1	113708
CP185013.1	5378843
CP185014.1	149370
CP185015.1	10071
CP185016.1	228976
CP185017.1	74465
CP185018.1	48927
CP185019.1	5537
CP185020.1	817
CP185021.1	112298
CP185022.1	5371915
CP185023.1	115465
CP185024.1	46837
CP185025.1	246728
CP185026.1	5489870
CP185027.1	46823
CP185028.1	5492391
CP185029.1	246727
CP185030.1	46834
CP185031.1	5491042
CP185032.1	246729
CP185033.1	5398967
CP185034.1	39776
CP185035.1	61752
CP185036.1	78728
CP185037.1	45641
CP185038.1	137096
CP185039.1	18588
CP185040.1	4321
CP185041.1	1988
CP185042.1	46829
CP185043.1	5490756
CP185044.1	246699
CP185045.1	5490984
CP185046.1	46833
CP185047.1	247376
CP185048.1	246542
CP185049.1	46830
CP185050.1	5491246
CP185051.1	46835
CP185052.1	5486647
CP185053.1	246540
CP185054.1	213503
CP185055.1	5454591
CP185056.1	246539
CP185057.1	46828
CP185058.1	5451700
CP185059.1	46832
CP185060.1	246329
CP185061.1	5490791
CP185062.1	46833
CP185063.1	5491368
CP185064.1	241844
CP185065.1	44957
CP185066.1	204910
CP185067.1	5583779
CP185068.1	5583797
CP185069.1	231225
CP185070.1	9288
CP185071.1	45632
CP185072.1	5502785
CP185073.1	244114
CP185074.1	46835
CP185075.1	5491362
CP185076.1	246545
CP185077.1	5490802
CP185078.1	46825
CP185079.1	246544
CP185080.1	246725
CP185081.1	46833
CP185082.1	5491101
CP185083.1	46833
CP185084.1	5490872
CP185085.1	246544
CP185086.1	4238
CP185087.1	5490832
CP185088.1	289967
CP185089.1	2604
CP185090.1	5490817
CP185091.1	246536
CP185092.1	71190
CP185093.1	46829
CP185094.1	5490839
CP185095.1	246533
CP185096.1	46836
CP185097.1	5451894
CP185098.1	246556
CP185099.1	46834
CP185100.1	5491345
CP185101.1	246543
CP185102.1	46834
CP185103.1	5491342
CP185104.1	246544
CP185105.1	246542
CP185106.1	46819
CP185107.1	5490852
CP185108.1	5490770
CP185109.1	192585
CP185110.1	46824
CP185111.1	5491232
CP185112.1	47119
CP185113.1	246537
CP185118.1	5490882
CP185119.1	247371
CP185120.1	46832
CP185121.1	34349
CP185122.1	246548
CP185123.1	5553336
CP185124.1	46833
CP185125.1	5492326
CP185126.1	47094
CP185127.1	246533
CP185128.1	5445584
CP185129.1	239431
CP185130.1	5491638
CP185131.1	46833
CP185132.1	171180
CP185133.1	192595
CP185134.1	5490905
CP185135.1	46830
CP185136.1	5490567
CP185137.1	189753
CP185138.1	46828
CP185139.1	5494048
CP185140.1	192592
CP185141.1	46891
CP185142.1	5490561
CP185143.1	26538
CP185144.1	46833
CP185145.1	8364
CP185146.1	217126
CP185147.1	192599
CP185148.1	46824
CP185149.1	5490881
CP185150.1	47311
CP185155.1	5490905
CP185156.1	192598
CP185157.1	46834
CP185158.1	46833
CP185159.1	5490908
CP185160.1	173898
CP185161.1	258922
CP185162.1	5491047
CP185163.1	9642
CP185164.1	21962
CP185165.1	31653
CP185166.1	93676
CP185167.1	5524960
CP185168.1	192587
CP185169.1	46832
CP185170.1	29318
CP185171.1	243116
CP185172.1	5490875
CP185177.1	172716
CP185178.1	5490912
CP185179.1	46831
CP185180.1	5519297
CP185181.1	46833
CP185182.1	238802
CP185183.1	155572
CP185184.1	5407293
CP185185.1	46834
CP185186.1	83055
CP185187.1	48091
CP185188.1	5540470
CP185189.1	243114
CP185190.1	32293
CP185191.1	5540471
CP185192.1	48090
CP185193.1	243119
CP185194.1	5489067
CP185195.1	232485
CP185196.1	61059
CP185197.1	232484
CP185198.1	5489061
CP185199.1	61058
CP185200.1	6403
CP185201.1	5558139
CP185202.1	200624
CP185203.1	7231
CP185204.1	55581
CP185205.1	5532656
CP185206.1	232474
CP185207.1	48095
CP185208.1	243135
CP185209.1	5501100
CP185210.1	222039
CP185211.1	46824
CP185212.1	5325699
CP185213.1	5614
CP185214.1	46835
CP185215.1	135698
CP185216.1	5334484
CP185217.1	258491
CP185218.1	5433656
CP185219.1	48097
CP185220.1	46835
CP185221.1	240007
CP185222.1	5490143
CP185223.1	236517
CP185224.1	46834
CP185225.1	5540000
CP185226.1	246555
CP185227.1	5491051
CP185228.1	46836
CP185229.1	61062
CP185230.1	5489194
CP185231.1	232500
CP185232.1	5497058
CP185233.1	243129
CP185234.1	46835
CP185235.1	192767
CP185236.1	5411947
CP185237.1	48096
CP185238.1	5336814
CP185239.1	243959
CP185387.1	5119611
CP185388.1	209929
CP185389.1	46161
CP185390.1	45043
CP185391.1	9594
CP185868.1	5195306
CP185869.1	199662
CP185870.1	5010
CP185871.1	4439
CP185872.1	2173
CP186343.1	247177
CP186344.1	109938
CP186345.1	10060
CP186346.1	51112
CP186347.1	44962
CP186348.1	5346102
CP186349.1	188177
CP186350.1	59008
CP186351.1	10060
CP186352.1	5596
CP186353.1	98142
CP186354.1	53156
CP186355.1	5477250
CP186362.1	146661
CP186363.1	41245
CP186364.1	4473
CP186365.1	5413253
CP186366.1	5459
CP186367.1	180837
CP186368.1	41245
CP186369.1	4473
CP186370.1	5423854
CP186371.1	5459
CP186372.1	6141
CP186373.1	158963
CP186374.1	201374
CP186375.1	41245
CP186376.1	4473
CP186377.1	5413658
CP186378.1	5459
CP186379.1	6141
CP186380.1	73239
CP186381.1	201374
CP186382.1	230944
CP186383.1	41245
CP186384.1	5413658
CP186385.1	201374
CP186386.1	232205
CP186387.1	41245
CP186388.1	5421811
CP186389.1	129653
CP186390.1	39171
CP186391.1	4473
CP186392.1	5419565
CP186393.1	5459
CP186400.1	110655
CP186401.1	186168
CP186402.1	41245
CP186403.1	5415056
CP186404.1	70040
CP186405.1	180837
CP186406.1	41245
CP186407.1	5419355
CP186408.1	215105
CP186409.1	41245
CP186410.1	53292
CP186411.1	5417053
CP186412.1	216875
CP186413.1	41245
CP186414.1	53292
CP186415.1	5417051
CP186416.1	9932
CP186417.1	110655
CP186418.1	186168
CP186419.1	41245
CP186420.1	5415057
CP186421.1	70040
CP186422.1	110655
CP186423.1	128129
CP186424.1	41245
CP186425.1	5415055
CP186426.1	70040
CP186427.1	103713
CP186428.1	34971
CP186429.1	43143
CP186430.1	4473
CP186431.1	5411261
CP186432.1	5459
CP186433.1	76975
CP186434.1	181665
CP186435.1	5417285
CP186436.1	5459
CP186437.1	178398
CP186438.1	41245
CP186439.1	4473
CP186440.1	5423800
CP186441.1	5459
CP186447.1	126118
CP186448.1	4473
CP186449.1	5354608
CP186450.1	5459
CP186451.1	148891
CP186452.1	34101
CP186453.1	5403503
CP186454.1	9932
CP186461.1	150109
CP186462.1	200223
CP186463.1	41245
CP186464.1	4473
CP186465.1	5418444
CP186466.1	5459
CP186467.1	191115
CP186468.1	255956
CP186469.1	41245
CP186470.1	4473
CP186471.1	5409540
CP186472.1	5459
CP186473.1	309680
CP186474.1	41245
CP186475.1	4473
CP186476.1	5423932
CP186477.1	6141
CP186478.1	93219
CP186488.1	145554
CP186489.1	121881
CP186490.1	108985
CP186491.1	60733
CP186492.1	4510
CP186493.1	5310921
CP186624.1	92490
CP186625.1	133177
CP186626.1	5372729
CP186627.1	4166
CP186628.1	5250
CP186629.1	5244827
CP186630.1	6708
CP186631.1	383487
CP186632.1	5250802
CP186633.1	243522
CP186634.1	10810
CP186635.1	13237
CP186636.1	8474
CP186637.1	5541475
CP186638.1	75106
CP186639.1	5563
CP186640.1	7551
CP186641.1	10332
CP186642.1	7014
CP186643.1	2141
CP186644.1	12276
CP186645.1	103522
CP186646.1	5412685
CP186647.1	211181
CP186648.1	5191774
CP186649.1	282250
CP186650.1	4371
CP186651.1	53746
CP186652.1	115367
CP186653.1	10789
CP186654.1	5189903
CP186655.1	53745
CP186656.1	282252
CP186657.1	117606
CP186658.1	5192863
CP186659.1	282249
CP186660.1	115367
CP186661.1	53746
CP186662.1	4094
CP186663.1	3600
CP186664.1	3479
CP186665.1	5423830
CP186666.1	250325
CP186667.1	137593
CP186668.1	77490
CP186669.1	51479
CP186670.1	5101
CP186671.1	4991
CP186672.1	4167
CP186673.1	3770
CP186674.1	3559
CP186675.1	3511
CP186676.1	5383566
CP186677.1	118612
CP186678.1	73277
CP186679.1	6327
CP186680.1	4152
CP186681.1	3944
CP186682.1	5383317
CP186683.1	118612
CP186684.1	73277
CP186685.1	6327
CP186686.1	4631
CP186687.1	4167
CP186688.1	3991
CP186689.1	3944
CP186865.1	246550
CP186866.1	5491021
CP186867.1	46835
CP186868.1	5452828
CP186869.1	192769
CP186870.1	39845
CP186871.1	46832
CP186872.1	5408039
CP186873.1	213500
CP186874.1	192599
CP186875.1	5552555
CP186876.1	46830
CP186877.1	57596
CP186937.1	152702
CP186938.1	11970
CP186939.1	107151
CP186940.1	163911
CP186941.1	5494739
CP186946.1	5376977
CP186947.1	113639
CP186948.1	155929
CP186949.1	18191
CP187122.1	5376978
CP187123.1	113639
CP187124.1	155929
CP187125.1	18181
CP187133.1	5407944
CP187134.1	126679
CP187135.1	11970
CP187136.1	5596
CP187242.1	5322973
CP187243.1	247701
CP187244.1	127746
CP187245.1	65029
CP187246.1	34046
CP187247.1	4052
CP187248.1	2789
CP187302.1	5224495
CP187303.1	228359
CP187304.1	120349
CP187305.1	60947
CP187306.1	2496
CP187308.1	5432415
CP187309.1	286167
CP187310.1	175738
CP187311.1	60491
CP187312.1	41167
CP187313.1	11970
CP187314.1	5596
CP187405.1	5437539
CP187406.1	174561
CP187407.1	13707
CP187408.1	11970
CP187525.1	5457271
CP187526.1	228643
CP187963.1	5187164
CP187964.1	246922
CP188100.1	5438154
CP188101.1	193822
CP188102.1	134602
CP188103.1	111727
CP188104.1	84870
CP188105.1	11970
CP188106.1	5596
CP188117.1	5481586
CP188118.1	126679
CP188119.1	11970
CP188120.1	5596
CP188227.1	5488138
CP188228.1	106873
CP188229.1	102462
CP188230.1	10060
CP188262.1	5389940
CP188263.1	108197
CP188264.1	102478
CP188265.1	10060
CP189716.1	5785925
CP189717.1	129329
CP189718.1	44159
CP189829.1	5193664
CP189830.1	212661
CP189831.1	53848
CP189892.1	5434979
CP189893.1	6796
CP189894.1	200740
CP189895.1	214285
CP189896.1	5439139
CP189897.1	6796
CP189898.1	168960
CP189899.1	124930
CP189900.1	227278
CP189956.1	5104060
CP189957.1	92447
CP189958.1	1565
CP191319.1	5583255
CP191320.1	170671
CP191321.1	53023
CP191322.1	50631
CP191323.1	11971
CP191324.1	5596
CP191325.1	5584321
CP191326.1	170669
CP191327.1	53023
CP191328.1	50631
CP191329.1	11970
CP191330.1	5596
CP191392.1	5519904
CP191393.1	107053
CP191474.1	5343766
CP191475.1	304938
CP191476.1	237425
CP191477.1	93699
CP191478.1	25061
CP191488.1	5342761
CP191489.1	252792
CP191490.1	40449
CP191491.1	4092
CP192283.1	5583485
CP192284.1	129466
CP192293.1	5362511
CP192294.1	307479
CP192295.1	113859
CP192296.1	105457
CP192297.1	61805
CP192298.1	6141
CP192753.1	5291120
CP192754.1	190704
CP193475.1	5493925
CP193476.1	195008
CP193477.1	127019
CP193478.1	87095
CP193479.1	25542
CP193480.1	11970
CP193481.1	5596
CP193629.1	116713
CP193630.1	88723
CP193631.1	5227221
CP193632.1	232361
CP193633.1	5291394
CP193989.1	5423781
CP193990.1	201597
CP193991.1	5444390
CP193992.1	91155
CP193993.1	80938
CP193994.1	5440399
CP193995.1	204112
CP193996.1	149993
CP193997.1	97034
CP194438.1	5502410
CP194439.1	243140
CP194440.1	48097
CP194565.1	5362631
CP195381.1	5394553
CP195382.1	41085
CP195383.1	26283
CP195384.1	3559
CP195398.1	5255817
CP195399.1	240315
CP195400.1	63590
CP195418.1	5398761
CP195419.1	163929
CP195420.1	63570
CP195716.1	5283365
CP195813.1	5480961
CP195814.1	106167
CP195815.1	79451
CP195816.1	5359
CP195817.1	4052
CP195818.1	3541
CP195819.1	5446350
CP195820.1	287004
CP195821.1	22008
CP195822.1	10361
CP196081.1	5189310
CP196082.1	92144
CP196083.1	39996
CP196084.1	6141
CP196085.1	4167
CP196086.1	3559
CP196087.1	2495
CP196088.1	2100
CP196089.1	2056
CP196090.1	1304
CP196123.1	5344537
CP196124.1	299602
CP196125.1	149316
CP196126.1	127765
CP196127.1	1934
CP196128.1	5323190
CP196129.1	132404
CP196130.1	69908
CP196131.1	9294
CP196132.1	5525537
CP196133.1	356643
CP196134.1	224939
CP196135.1	63589
CP196136.1	5010
CP196139.1	5356880
CP196140.1	214970
CP196141.1	97850
CP196142.1	63585
CP196143.1	5251
CP196144.1	5347598
CP196145.1	187372
CP196146.1	117550
CP196147.1	4937
CP196148.1	3851
CP196149.1	3809
CP196150.1	2937
CP196154.1	5440769
CP196155.1	243199
CP196156.1	120623
CP196157.1	68929
CP196158.1	54669
CP196159.1	4163
CP196160.1	2044
CP196161.1	1443
CP196279.1	5262156
CP196280.1	265944
CP196281.1	134516
CP196288.1	5277200
CP196289.1	113258
CP196290.1	5359
CP196294.1	5242247
CP196295.1	300934
CP196296.1	211488
CP196297.1	189255
CP196298.1	171089
CP196299.1	112554
CP196330.1	5251669
CP196331.1	141692
CP196332.1	22607
CP196333.1	18368
CP196334.1	7427
CP196432.1	201280
CP196433.1	4059
CP196434.1	3821
CP196435.1	47500
CP196436.1	5309087
CP196437.1	43704
CP196438.1	2450
CP196439.1	13610
CP196440.1	201117
CP196441.1	5309082
CP196442.1	3653
CP196443.1	43706
CP196444.1	4651
CP196445.1	47502
CP196446.1	12735
CP196447.1	3825
CP196480.1	5489319
CP196481.1	224483
CP196482.1	127428
CP196483.1	88157
CP196484.1	84894
CP196485.1	11970
CP196486.1	5596
CP196487.1	200528
CP196488.1	133775
CP196489.1	102184
CP196490.1	5522891
CP196638.1	2812014
CP196639.1	115296
CP196640.1	1043800
CP196641.1	43617
CP196642.1	899563
CP196643.1	33904
CP196644.1	38105
CP196645.1	461902
CP196646.1	72994
CP196647.1	52164
CP196648.1	5257918
CP196649.1	345692
CP196650.1	172602
CP196651.1	108481
CP196652.1	5130665
CP196653.1	161833
CP196654.1	5387624
CP196655.1	273199
CP196656.1	112808
CP196657.1	86780
CP196658.1	5346269
CP196659.1	5797
CP196660.1	301894
CP196661.1	95080
CP196662.1	108338
CP197012.1	5503582
CP197013.1	76565
CP197014.1	5314839
CP197015.1	63589
CP197016.1	189402
CP197017.1	34051
CP197018.1	5390462
CP197019.1	129640
CP197020.1	76565
CP199418.1	5362400
CP199927.1	5372200
CP199928.1	5372197
CP199929.1	5372206
CP199930.1	5372207
CP200006.1	5296282
FO834904.1	95087
FO834905.1	121703
FO834906.1	5438894
JAIWPW000000000.2	24407
JAIWPW000000000.2	79555
JAIWPW000000000.2	164467
JAIWPW000000000.2	77517
JAIWPW000000000.2	3830
JAIWPW000000000.2	17171
JAIWPW000000000.2	33132
JAIWPW000000000.2	97558
JAIWPW000000000.2	68898
JAIWPW000000000.2	90642
JAIWPW000000000.2	89391
JAIWPW000000000.2	8158
JAIWPW000000000.2	50840
JAYWQH000000000.2	56922
JAYWQH000000000.2	8776
JAYWQH000000000.2	1302
JAYWQH000000000.2	81807
JAYWQH000000000.2	4414
JAYWQH000000000.2	19928
JAYWQH000000000.2	40093
JAYWQH000000000.2	25849
JAYWQH000000000.2	2488
JAYWQH000000000.2	59018
JAYWQH000000000.2	24676
JAYWQH000000000.2	137510
JAYWQH000000000.2	72998
JAYWQH000000000.2	20642
JAYWQH000000000.2	12861
JAYWQH000000000.2	19839
JAYWQH000000000.2	9933
JAYWQH000000000.2	52212
JAYWQH000000000.2	63814
JAYWQH000000000.2	48228
JAYWQH000000000.2	134919
JAYWQH000000000.2	17159
JAYWQH000000000.2	94152
JAYWRJ000000000.2	20441
JAYWRJ000000000.2	69710
JAYWRJ000000000.2	12868
JAYWRJ000000000.2	26233
JAYWRJ000000000.2	33407
JAYWRJ000000000.2	20411
JAYWRJ000000000.2	4640
JAYWRJ000000000.2	38689
JAYWRJ000000000.2	55302
JAYWRJ000000000.2	90331
JAYWRJ000000000.2	24817
JAYWRJ000000000.2	20781
JAYWRJ000000000.2	1769
JAYWRJ000000000.2	121978
JAYWRJ000000000.2	31768
JAYWRJ000000000.2	6831
JAYWRJ000000000.2	25191
JBFSET000000000.1	10627
JBFSET000000000.1	44816
JBFSET000000000.1	327378
JBFSET000000000.1	38635
JBFSET000000000.1	67609
JBFSET000000000.1	322434
JBNVSR000000000.1	41627
JBNVSR000000000.1	25971
JBNVSR000000000.1	763
JBNVSR000000000.1	110771
JBNVSR000000000.1	359646
JBNVSR000000000.1	93768
JBNVSS000000000.1	32307
JBNVSS000000000.1	198780
JBNVSS000000000.1	81578
JBNVSS000000000.1	45364
JBNVSS000000000.1	34345
JBNVSS000000000.1	5743
JBNVSS000000000.1	113955
JBNVSS000000000.1	58254
JBNVSS000000000.1	96152
JBNVSS000000000.1	52036
JBNVSS000000000.1	22421
JBNVSS000000000.1	118321
JBNVSS000000000.1	107349
JBNVSS000000000.1	35580
JBNVSS000000000.1	161803
JBNVSS000000000.1	73029
JBNVSS000000000.1	18555
JBNVSS000000000.1	2775
JBNVSS000000000.1	12944
JBNVST000000000.1	15609
JBNVST000000000.1	67830
JBNVST000000000.1	17616
JBNVST000000000.1	31442
JBNVST000000000.1	23692
JBNVST000000000.1	38853
JBNVST000000000.1	7219
JBNVST000000000.1	20323
JBNVST000000000.1	53477
JBNVST000000000.1	22932
JBNVST000000000.1	46990
JBNVST000000000.1	19539
JBNVST000000000.1	22157
JBNVST000000000.1	55147
JBNVST000000000.1	2305
JBNVST000000000.1	10919
JBNVST000000000.1	108015
JBNVST000000000.1	9540
JBNVST000000000.1	11054
JBNVST000000000.1	29914
JBNVST000000000.1	100188
JBNVST000000000.1	77465
JBNVST000000000.1	81179
JBNVST000000000.1	13454
JBNVSV000000000.1	33203
JBNVSV000000000.1	35175
JBNVSV000000000.1	15111
JBNVSV000000000.1	79501
JBNVSV000000000.1	41387
JBNVSV000000000.1	119528
JBNVSV000000000.1	21387
JBNVSV000000000.1	9883
JBNVSV000000000.1	44333
JBNVSV000000000.1	4243
JBNVSV000000000.1	38444
JBNVSV000000000.1	30424
JBNVSV000000000.1	16550
JBNVSV000000000.1	72572
JBNVSV000000000.1	24816
JBNVSV000000000.1	92709
JBNVSV000000000.1	30638
JBNVSV000000000.1	110129
JBNVSV000000000.1	10187
JBNVSW000000000.1	43951
JBNVSW000000000.1	144306
JBNVSW000000000.1	7163
JBNVSW000000000.1	110205
JBNVSW000000000.1	193115
JBNVSW000000000.1	48517
JBNVSW000000000.1	51037
JBNVSW000000000.1	16090
JBNVSW000000000.1	8177
JBNVSW000000000.1	3952
JBNVSW000000000.1	121320
JBNVSW000000000.1	80815
JBNVSW000000000.1	27830
JBNVSW000000000.1	85965
JBNVSW000000000.1	56298
JBNVSW000000000.1	33450
JBNVSW000000000.1	5512
JBQHIW000000000.1	65115
JBQHIW000000000.1	88720
JBQHIW000000000.1	86189
JBQHIW000000000.1	90043
JBQHIW000000000.1	66770
JBQHIW000000000.1	4991
JBQHIW000000000.1	29789
JBQHIW000000000.1	43199
JBQHIW000000000.1	40957
JBQHIW000000000.1	66416
JBQHIW000000000.1	157935
JBQHIW000000000.1	2203
JBQHIW000000000.1	1493
JBQHIW000000000.1	1937
JBQHIW000000000.1	101995
JBQHIX000000000.1	68965
JBQHIX000000000.1	101979
JBQHIX000000000.1	75130
JBQHIX000000000.1	29484
JBQHIX000000000.1	6281
JBQHIX000000000.1	87535
JBQHIX000000000.1	33690
JBQHIX000000000.1	57908
JBQHIX000000000.1	102289
JBQHIX000000000.1	83514
JBQHIX000000000.1	94302
JBQHIX000000000.1	20669
JBQHIX000000000.1	63228
JBQHIX000000000.1	131157
JBQHIX000000000.1	98534
JBQHIX000000000.1	36627
JBQHIX000000000.1	38646
JBQHIX000000000.1	168935
JBQHIX000000000.1	20092
JBQRZU000000000.1	24390
JBQRZU000000000.1	5439
JBQRZU000000000.1	47872
JBQRZU000000000.1	21869
JBQRZU000000000.1	84796
JBQRZU000000000.1	163026
JBQRZU000000000.1	127928
JBQRZU000000000.1	26943
JBQRZU000000000.1	64508
JBQRZU000000000.1	11672
JBQRZU000000000.1	18207
JBQRZU000000000.1	10474
JBQRZU000000000.1	49239
JBQRZU000000000.1	86569
JBQRZU000000000.1	88680
JBQRZU000000000.1	63881
JBQRZU000000000.1	147459
JBQWBC000000000.1	188760
JBQWBC000000000.1	2560
JBQWBC000000000.1	9377
JBQWBC000000000.1	21770
JBQWBC000000000.1	76207
JBQWBC000000000.1	33205
JBQWBC000000000.1	65090
JBQWBC000000000.1	155791
JBQWBC000000000.1	166298
JBQWBC000000000.1	31900
JBQWBC000000000.1	93054
JBQWBC000000000.1	16178
JBRAVF000000000.1	27536
JBRAVF000000000.1	177033
JBRAVF000000000.1	41899
JBRAVF000000000.1	154850
JBRAVF000000000.1	16531
JBRAVF000000000.1	55954
JBRAVF000000000.1	51918
JBRAVF000000000.1	63245
JBRAVF000000000.1	61857
JBRAVF000000000.1	12246
JBRAVF000000000.1	129448
JBRAVF000000000.1	139537
JBRAVF000000000.1	18321
JBRAVG000000000.1	228333
JBRAVG000000000.1	100060
JBRAVG000000000.1	28234
JBRAVG000000000.1	25910
JBRAVG000000000.1	29441
JBRAVG000000000.1	90579
JBRAVG000000000.1	21422
JBRAVG000000000.1	389
JBRAVG000000000.1	45132
JBRAVG000000000.1	194938
JBRAVG000000000.1	163959
JBRAVG000000000.1	39517
JBRAVM000000000.1	5058
JBRAVM000000000.1	16161
JBRAVM000000000.1	51587
JBRAVM000000000.1	97834
JBRAVM000000000.1	127250
JBRAVM000000000.1	40892
JBRAVM000000000.1	14284
JBRAVM000000000.1	27227
JBRAVM000000000.1	176446
JBRAVM000000000.1	190068
JBRAVM000000000.1	153375
JBRAYA000000000.1	134806
JBRAYA000000000.1	48663
JBRAYA000000000.1	32939
JBRAYA000000000.1	117122
JBRAYA000000000.1	76266
JBRAYA000000000.1	133402
JBRAYA000000000.1	54202
JBRAYA000000000.1	28646
JBRAYA000000000.1	27199
JBRAYA000000000.1	50051
JBRAYA000000000.1	48772
JBRAYA000000000.1	19059
JBRAYA000000000.1	134450
JBRAYA000000000.1	231880
JBRAYA000000000.1	41843
JBRDZN000000000.1	12197
JBRDZN000000000.1	152480
JBRDZN000000000.1	32190
JBRDZN000000000.1	63801
JBRDZN000000000.1	62479
JBRDZN000000000.1	7022
JBRDZN000000000.1	14836
JBRDZN000000000.1	4717
JBRDZN000000000.1	43214
JBRDZN000000000.1	73543
JBRDZN000000000.1	102646
JBRDZN000000000.1	79358
JBRDZN000000000.1	68476
JBRDZN000000000.1	16844
JBRDZN000000000.1	188021
JBRDZN000000000.1	204619
JBRECW000000000.1	138014
JBRECW000000000.1	80056
JBRECW000000000.1	54187
JBRECW000000000.1	64538
JBRECW000000000.1	71512
JBRECW000000000.1	166484
JBRECW000000000.1	11092
JBRECW000000000.1	39960
JBRECW000000000.1	31835
JBRECW000000000.1	19897
JBRECW000000000.1	80206
JBRECW000000000.1	30065
JBRECW000000000.1	117941
JBRECW000000000.1	19839
JBRNXP000000000.1	228607
JBRNXP000000000.1	10225
JBRNXP000000000.1	6453
JBRNXP000000000.1	62382
JBRNXP000000000.1	61955
JBRNXP000000000.1	59704
JBRNXP000000000.1	18073
JBRNXP000000000.1	56737
JBRNXP000000000.1	23073
JBRNXP000000000.1	35832
JBRNXP000000000.1	81846
JBRNXP000000000.1	61605
JBRNXP000000000.1	14367
JBRNXP000000000.1	300
JBRNXP000000000.1	19103
JBRNXP000000000.1	14753
JBRNXP000000000.1	60984
JBRNXP000000000.1	34703
JBRNXP000000000.1	135283
JBROXJ000000000.1	12175
JBROXJ000000000.1	151107
JBROXJ000000000.1	38346
JBROXJ000000000.1	37927
JBROXJ000000000.1	6975
JBROXJ000000000.1	98576
JBROXJ000000000.1	132344
JBROXJ000000000.1	37629
JBROXJ000000000.1	167709
JBROXJ000000000.1	99984
JBROXJ000000000.1	72803
JBROXJ000000000.1	47543
JBROXJ000000000.1	126712
JBROXJ000000000.1	37062
JBROXJ000000000.1	174987
JBROXJ000000000.1	37889
JBROXJ000000000.1	48865
JBROXJ000000000.1	22403
JBROXJ000000000.1	1604
JBROXK000000000.1	169321
JBROXK000000000.1	17378
JBROXK000000000.1	72574
JBROXK000000000.1	40220
JBROXK000000000.1	8046
JBROXK000000000.1	51142
JBROXK000000000.1	53374
JBROXK000000000.1	22060
JBROXK000000000.1	58205
JBROXK000000000.1	52152
JBROXK000000000.1	12514
JBROXK000000000.1	18426
JBROXK000000000.1	14398
JBROXK000000000.1	124798
JBROXK000000000.1	29425
JBROXL000000000.1	12784
JBROXL000000000.1	81022
JBROXL000000000.1	118037
JBROXL000000000.1	171121
JBROXL000000000.1	18527
JBROXL000000000.1	6269
JBROXL000000000.1	39829
JBROXL000000000.1	21375
JBROXL000000000.1	4034
JBROXL000000000.1	119452
JBROXL000000000.1	43783
JBROXL000000000.1	20898
JBROXL000000000.1	21141
JBROXL000000000.1	32750
JBROXL000000000.1	46528
JBROXL000000000.1	127104
JBROXL000000000.1	91366
JBROXL000000000.1	9210
JBROXL000000000.1	29364
JBROXL000000000.1	23775
JBROXS000000000.1	53828
JBROXS000000000.1	293174
JBROXS000000000.1	10340
JBROXS000000000.1	85532
JBROXS000000000.1	42517
JBROXS000000000.1	55801
JBROXS000000000.1	22783
JBROXS000000000.1	23200
JBROXS000000000.1	258440
JBROXS000000000.1	171735
JBROXS000000000.1	30912
JBROXS000000000.1	34282
JBROXS000000000.1	121859
JBROXS000000000.1	17526
JBROXS000000000.1	50416
JBROXS000000000.1	2905
JBROXT000000000.1	43140
JBROXT000000000.1	41419
JBROXT000000000.1	10159
JBROXT000000000.1	59718
JBROXT000000000.1	76371
JBROXT000000000.1	65776
JBROXT000000000.1	10139
JBROXT000000000.1	10137
JBROXT000000000.1	33755
JBROXT000000000.1	38321
JBROXT000000000.1	19271
JBROXT000000000.1	113718
JBROXT000000000.1	18048
JBRTYH000000000.1	55478
JBRTYH000000000.1	221139
JBRTYH000000000.1	21791
JBRTYH000000000.1	3060
JBRTYH000000000.1	9175
JBRTYH000000000.1	56980
JBRTYH000000000.1	24180
JBRTYH000000000.1	84525
JBRTYH000000000.1	150879
JBRTYH000000000.1	19429
JBRTYH000000000.1	9051
JBRTYH000000000.1	14371
JBRTYH000000000.1	57443
JBRTYH000000000.1	60358
JBRTYH000000000.1	45880
JBRTYI000000000.1	19024
JBRTYI000000000.1	22789
JBRTYI000000000.1	198601
JBRTYI000000000.1	45132
JBRTYI000000000.1	79260
JBRTYI000000000.1	46534
JBRTYI000000000.1	85166
JBRTYI000000000.1	143667
JBRTYI000000000.1	192741
JBRTYI000000000.1	45824
JBRTYI000000000.1	181565
JBRTYI000000000.1	68655
JBRTYI000000000.1	61032
JBRTYI000000000.1	20494
JBRTYI000000000.1	35172
JBRTYI000000000.1	75926
JBRUMP000000000.1	18834
JBRUMP000000000.1	54706
JBRUMP000000000.1	57534
JBRUMP000000000.1	21525
JBRUMP000000000.1	72414
JBRUMP000000000.1	49373
JBRUMP000000000.1	139890
JBRUMP000000000.1	24900
JBRUMP000000000.1	31556
JBRUMP000000000.1	77083
JBRUMP000000000.1	103676
JBRUMP000000000.1	172434
JBRUMP000000000.1	4416
JBRUMP000000000.1	24122
JBRUMP000000000.1	43406
JBRYHH000000000.1	5583
JBRYHH000000000.1	4913
JBRYHH000000000.1	1834
JBRYHH000000000.1	58475
JBRYHH000000000.1	30937
JBRYHH000000000.1	15266
JBRYHH000000000.1	69228
JBRYHH000000000.1	32208
JBRYHH000000000.1	235387
JBRYHH000000000.1	66072
JBRYHH000000000.1	71016
JBRYHH000000000.1	136812
JBRYHH000000000.1	65583
JBRYHH000000000.1	85710
JBRYHI000000000.1	48167
JBRYHI000000000.1	52778
JBRYHI000000000.1	87085
JBRYHI000000000.1	157353
JBRYHI000000000.1	91530
JBRYHI000000000.1	22849
JBRYHI000000000.1	93210
JBRYHI000000000.1	8707
JBRYHI000000000.1	46098
JBRYHI000000000.1	65562
JBRYHI000000000.1	20918
JBRYHI000000000.1	29776
JBRYHI000000000.1	5108
JBRYHI000000000.1	138866
JBRYHI000000000.1	14075
JBRYHI000000000.1	19040
JBRYHI000000000.1	12748
JBRYHI000000000.1	38742
JBRYHI000000000.1	163847
JBRYHJ000000000.1	134041
JBRYHJ000000000.1	82437
JBRYHJ000000000.1	16974
JBRYHJ000000000.1	72310
JBRYHJ000000000.1	159388
JBRYHJ000000000.1	85460
JBRYHJ000000000.1	70804
JBRYHJ000000000.1	10081
JBRYHJ000000000.1	13214
JBRYHJ000000000.1	4279
JBRYHJ000000000.1	28661
JBRYHK000000000.1	60273
JBRYHK000000000.1	4340
JBRYHK000000000.1	29799
JBRYHK000000000.1	9070
JBRYHK000000000.1	28873
JBRYHK000000000.1	64890
JBRYHK000000000.1	63021
JBRYYD000000000.1	19021
JBRYYD000000000.1	14741
JBRYYD000000000.1	162010
JBRYYD000000000.1	12157
JBRYYD000000000.1	8302
JBRYYD000000000.1	70272
JBRYYD000000000.1	133126
JBRYYD000000000.1	48771
JBRYYQ000000000.1	40005
JBRYYQ000000000.1	171703
JBRYYQ000000000.1	54681
JBRYYQ000000000.1	48804
JBRYYQ000000000.1	2792
JBRYYQ000000000.1	13410
JBRYYQ000000000.1	86132
JBRYYQ000000000.1	83735
JBRYYQ000000000.1	86627
JBRYYQ000000000.1	82541
JBRYYQ000000000.1	73962
JBRYYQ000000000.1	17020
JBRYYQ000000000.1	67686
JBRYYQ000000000.1	2618
JBRYYQ000000000.1	67528
JBRYYQ000000000.1	23434
JBRYYQ000000000.1	1453
JBRYYQ000000000.1	21562
JBRZDZ000000000.1	29923
JBRZDZ000000000.1	27110
JBRZDZ000000000.1	269721
JBRZDZ000000000.1	78381
JBRZDZ000000000.1	51952
JBRZDZ000000000.1	26972
JBRZDZ000000000.1	40757
JBRZDZ000000000.1	66687
JBRZDZ000000000.1	56488
JBRZDZ000000000.1	100322
JBRZDZ000000000.1	43946
JBRZDZ000000000.1	75166
JBRZDZ000000000.1	24797
JBRZDZ000000000.1	74672
JBRZDZ000000000.1	8531
JBRZDZ000000000.1	3709
JBRZEA000000000.1	94536
JBRZEA000000000.1	22738
JBRZEA000000000.1	80933
JBRZEA000000000.1	107737
JBRZEA000000000.1	42867
JBRZEA000000000.1	92259
JBRZEA000000000.1	17856
JBRZEA000000000.1	22522
JBRZEA000000000.1	136677
JBRZEA000000000.1	39981
JBRZEA000000000.1	44623
JBRZEA000000000.1	12682
JBRZEZ000000000.1	131078
JBRZEZ000000000.1	111016
JBRZEZ000000000.1	48525
JBRZEZ000000000.1	131468
JBRZEZ000000000.1	38863
JBRZEZ000000000.1	40537
JBRZEZ000000000.1	5004
JBRZEZ000000000.1	5026
JBRZEZ000000000.1	11543
JBRZEZ000000000.1	32571
JBRZEZ000000000.1	33319
JBRZEZ000000000.1	53562
JBRZEZ000000000.1	93769
JBRZEZ000000000.1	43596
JBRZEZ000000000.1	134550
JBRZEZ000000000.1	69187
JBRZEZ000000000.1	26580
JBRZEZ000000000.1	6538
JBSCRM000000000.1	177075
JBSCRM000000000.1	21019
JBSCRM000000000.1	32679
JBSCRM000000000.1	29473
JBSCRM000000000.1	17632
JBSCRM000000000.1	14734
JBSCRM000000000.1	45528
JBSCRM000000000.1	14092
JBSCRM000000000.1	9556
JBSCRM000000000.1	778
JBSCRM000000000.1	58603
JBSCRM000000000.1	42683
JBSCRM000000000.1	68028
JBSCRM000000000.1	93222
JBSCRM000000000.1	110007
JBSCRM000000000.1	100979
JBSCRM000000000.1	258708
JBSCRM000000000.1	93021
JBSDRT000000000.1	23330
JBSDRT000000000.1	212614
JBSDRT000000000.1	159947
JBSDRT000000000.1	39653
JBSDRT000000000.1	12278
JBSDRT000000000.1	35164
JBSDRT000000000.1	143604
JBSDRT000000000.1	188635
JBSDRT000000000.1	80732
JBSDRT000000000.1	20037
JBSDRT000000000.1	15474
JBSKBN000000000.1	92774
JBSKBN000000000.1	149138
JBSKBN000000000.1	54714
JBSKBN000000000.1	118213
JBSKBN000000000.1	11603
JBSKBN000000000.1	57056
JBSKBN000000000.1	65416
JBSKBN000000000.1	10608
JBSKBN000000000.1	7767
JBSKBN000000000.1	29732
JBSKBN000000000.1	27981
JBSKBN000000000.1	10700
JBSKBN000000000.1	136231
JBSKBN000000000.1	12072
JBSKBN000000000.1	14402
JBSKBN000000000.1	5296
JBSMIZ000000000.1	49534
JBSMIZ000000000.1	63376
JBSMIZ000000000.1	102705
JBSMIZ000000000.1	33692
JBSMIZ000000000.1	486
JBSMIZ000000000.1	30023
JBSMIZ000000000.1	47711
JBSMIZ000000000.1	86570
JBSMIZ000000000.1	81751
JBSMIZ000000000.1	76106
LN824133.1	5402900
LN824134.1	279305
LN824135.1	118323
LN824136.1	34604
LN824137.1	4715
LN824138.1	84940
LN824139.1	55416
LR025088.1	5216735
LR025089.1	220174
LR025090.1	53251
LR025091.1	63589
LR025092.1	5231183
LR025093.1	231732
LR025094.1	55398
LR025095.1	63592
LR025099.1	5323688
LR025100.1	63589
LR130541.1	5465992
LR130542.1	202379
LR130548.1	5399983
LR130549.1	207198
LR130550.1	43380
LR130551.1	13841
LR133964.1	5093886
LR134210.1	23197
LR134211.1	205331
LR134212.1	25090
LR134213.1	5306679
LR134276.1	18169
LR134277.1	13162
LR134278.1	24306
LR134279.1	20564
LR134280.1	5299019
LR134281.1	21600
LR588408.1	5261751
LR588412.1	5208158
LR745042.1	5245353
LR745043.1	215306
LR745044.1	61761
LR745045.1	5322833
LR745046.1	226671
LR745047.1	100433
LR792628.1	5448386
LR792629.1	160760
LR792630.1	95086
LR792631.1	3767
LR890178.1	5243469
LR890179.1	303850
LR890180.1	42522
LR890185.1	5362699
LR890186.1	239736
LR890187.1	4693
LR890188.1	3302
LR890189.1	5230102
LR890190.1	1916
LR890191.1	245649
LR890192.1	218183
LR890193.1	120029
LR890194.1	4064
LR890195.1	3619
LR890196.1	3377
LR890197.1	3223
LR890202.1	5325686
LR890203.1	237123
LR890209.1	5265046
LR890210.1	197166
LR890211.1	111450
LR890212.1	3681
LR890213.1	3271
LR890214.1	2988
LR890230.1	5226186
LR890231.1	244844
LR890232.1	4064
LR890233.1	3223
LR890234.1	1916
LR890235.1	5237440
LR890236.1	169535
LR890237.1	112069
LR890238.1	3712
LR890239.1	3619
LR890254.1	5511203
LR890255.1	161308
LR890256.1	128238
LR890257.1	111123
LR890258.1	70656
LR890259.1	65499
LR890260.1	53948
LR890261.1	9294
LR890291.1	5252324
LR890292.1	133165
LR890293.1	113743
LR890294.1	67877
LR890295.1	62194
LR890296.1	6134
LR890297.1	5585
LR890298.1	5393
LR890323.1	5151522
LR890324.1	138469
LR890325.1	137629
LR890343.1	5245448
LR890344.1	260491
LR890345.1	15648
LR890346.1	4064
LR890347.1	3223
LR890348.1	1916
LR890356.1	5434095
LR890357.1	195539
LR890358.1	3664
LR890359.1	2667
LR890360.1	5225165
LR890361.1	233670
LR890362.1	80592
LR890363.1	76738
LR890364.1	4424
LR890365.1	3888
LR890366.1	3549
LR890367.1	3325
LR890368.1	2496
LR890369.1	5359358
LR890370.1	234772
LR890371.1	71104
LR890372.1	3223
LR890373.1	2723
LR890374.1	5355089
LR890375.1	243634
LR890376.1	71104
LR890377.1	4228
LR890378.1	3514
LR890379.1	3223
LR890380.1	2723
LR890381.1	5460439
LR890382.1	4064
LR890383.1	3223
LR890384.1	5227693
LR890385.1	244759
LR890386.1	3223
LR890387.1	1916
LR890391.1	5228933
LR890392.1	244845
LR890393.1	3223
LR890394.1	1916
LR890395.1	5293781
LR890396.1	227214
LR890397.1	4411
LR890398.1	3559
LR890415.1	5358293
LR890416.1	243620
LR890417.1	71104
LR890418.1	5783
LR890419.1	3514
LR890420.1	3223
LR890421.1	2723
LR890422.1	5357061
LR890423.1	152399
LR890424.1	5243953
LR890425.1	184695
LR890446.1	5351009
LR890447.1	158730
LR890448.1	29473
LR890449.1	3966
LR890450.1	2442
LR890471.1	5376827
LR890472.1	177028
LR890473.1	40217
LR890484.1	5228900
LR890485.1	244845
LR890486.1	53776
LR890487.1	4064
LR890488.1	3223
LR890489.1	1916
LR890493.1	5231789
LR890494.1	5087
LR890495.1	3549
LR890496.1	3223
LR890497.1	3012
LR890498.1	2936
LR890499.1	1916
LR890500.1	5509882
LR890501.1	161308
LR890502.1	128238
LR890503.1	111123
LR890504.1	70656
LR890505.1	65499
LR890506.1	53943
LR890507.1	9294
LR890547.1	5297128
LR890548.1	188520
LR890549.1	147932
LR890550.1	89345
LR890551.1	9465
LR890552.1	4660
LR890553.1	3825
LR890554.1	5369040
LR890555.1	112133
LR890564.1	5245542
LR890565.1	228690
LR890566.1	4064
LR890567.1	3223
LR890568.1	1916
LR890569.1	5249355
LR890570.1	186641
LR890571.1	5228889
LR890572.1	227807
LR890573.1	212097
LR890574.1	4064
LR890575.1	3223
LR890583.1	5267448
LR890584.1	126908
LR890585.1	5921
LR890586.1	4439
LR890600.1	5367150
LR890601.1	72169
LR890602.1	6615
LR890616.1	5328386
LR890617.1	269043
LR890618.1	75695
LR890624.1	5238074
LR890625.1	233683
LR890626.1	5251
LR890627.1	5183290
LR890628.1	231763
LR890629.1	5164
LR890630.1	3972
LR890631.1	1549
LR890648.1	5344685
LR890649.1	195420
LR890650.1	70921
LR890665.1	5318175
LR890666.1	235594
LR890667.1	5825
LR890668.1	5542
LR890679.1	5356154
LR890680.1	243460
LR890681.1	71104
LR890682.1	5783
LR890683.1	3514
LR890684.1	3223
LR890685.1	2723
LR890702.1	5513883
LR890703.1	161308
LR890704.1	128238
LR890705.1	111123
LR890706.1	70656
LR890707.1	65499
LR890708.1	53758
LR890709.1	9294
LR890710.1	5276668
LR890711.1	214404
LR890712.1	76475
LR890713.1	34993
LR890722.1	5230117
LR890723.1	225937
LR890724.1	95815
LR890725.1	3223
LR890735.1	5220279
LR890736.1	225088
LR890737.1	217238
LR890738.1	129925
LR890739.1	3514
LR890751.1	5293884
LR890752.1	174054
LR890753.1	44503
LS399318.1	5138672
NBXR00000000.3	29921
NBXR00000000.3	132629
NBXR00000000.3	100754
NBXR00000000.3	13636
NBXR00000000.3	5266
NBXR00000000.3	33381
NBXR00000000.3	97178
NBXR00000000.3	69503
NBXR00000000.3	43331
NBXR00000000.3	132984
OU342706.1	5351626
OU342707.1	227556
OU342708.1	110924
OU342709.1	76065
OU342710.1	80027
OU453210.1	5497511
OV049808.1	5472771
OV049809.1	1549
OV049810.1	2056
OV049811.1	4715
OV049812.1	5590
OV049813.1	57055
OV049814.1	123022
OV049815.1	84041
OV049816.1	57678
OV408202.1	5384132
OV408203.1	237007
OV408204.1	52608
OV408205.1	110489
OV753987.1	5300255
OV753988.1	205644
OV753989.1	74476
OV753990.1	5752
OV753991.1	2317
OV753992.1	5300217
OV753993.1	205650
OV753994.1	74473
OV753995.1	5752
OV753996.1	2317
OV754010.1	5300365
OV754011.1	205645
OV754012.1	74247
OV754013.1	5752
OV754014.1	2317
OW970357.1	5331532
OW970358.1	116273
OW970359.1	67089
OW970360.1	63589
OW970361.1	54404
OW970362.1	4715
OW970363.1	4167
OW970364.1	2674
OW970365.1	5334591
OW970366.1	117442
OW970367.1	65762
OW970368.1	63589
OW970369.1	53996
OW970370.1	7926
OW970371.1	4715
OW970372.1	4167
OW970373.1	2674
OW970374.1	5424342
OW970375.1	215903
OW970376.1	41949
OW970377.1	5838
OW970378.1	4714
OW970379.1	4052
OW970413.1	5294552
OW970414.1	103689
OW970415.1	83975
OW970416.1	63589
OW970417.1	55181
OW970418.1	7926
OW970419.1	4715
OW970420.1	4167
OW970421.1	2674
OW970422.1	5314618
OW970423.1	121066
OW970424.1	63589
OW970425.1	55958
OW970426.1	7926
OW970427.1	4715
OW970428.1	2674
OW970436.1	5333677
OW970437.1	121034
OW970438.1	64662
OW970439.1	63589
OW970440.1	54404
OW970441.1	7926
OW970442.1	4715
OW970443.1	4167
OW970444.1	5400154
OW970445.1	119298
OW970446.1	96925
OW970447.1	38201
OW970448.1	5838
OW970449.1	4713
OW970450.1	4052
OW970451.1	3479
OW970452.1	5304972
OW970453.1	117649
OW970454.1	64366
OW970455.1	58021
OW970456.1	54404
OW970457.1	7926
OW970458.1	4715
OW970459.1	4167
OW970478.1	5320230
OW970479.1	119845
OW970480.1	54404
OW970481.1	52932
OW970482.1	49695
OW970483.1	4715
OW970484.1	4167
OW970485.1	2674
OW970486.1	5387387
OW970487.1	121034
OW970488.1	70767
OW970489.1	54404
OW970490.1	4715
OW970491.1	4167
OW970492.1	5293786
OW970493.1	103689
OW970494.1	83975
OW970495.1	63589
OW970496.1	55181
OW970497.1	7926
OW970498.1	4715
OW970499.1	4167
OW970500.1	2674
OW970514.1	5305150
OW970515.1	121074
OW970516.1	54404
OW970517.1	52932
OW970518.1	49695
OW970519.1	4715
OW970520.1	4167
OW970521.1	2674
OW970530.1	5321412
OW970531.1	121074
OW970532.1	63589
OW970533.1	54404
OW970534.1	44051
OW970535.1	4715
OW970536.1	4167
OW970537.1	2674
OW970540.1	5323112
OW970541.1	101467
OW970542.1	74813
OW970543.1	63589
OW970544.1	54404
OW970545.1	7926
OW970546.1	4715
OW970547.1	4167
OW970553.1	5333399
OW970554.1	121066
OW970555.1	65762
OW970556.1	63589
OW970557.1	54404
OW970558.1	4715
OW970559.1	2674
OW970560.1	5367215
OW970561.1	121082
OW970562.1	65762
OW970563.1	63589
OW970564.1	54404
OW970565.1	7926
OW970566.1	4715
OW970567.1	4167
OX337252.1	5409069
OX337253.1	240519
OX337254.1	113119
OX359175.1	5462471
OX359176.1	141822
OX359177.1	5875
OX359178.1	3751
OX359179.1	3374
OX359182.1	5482451
OX359183.1	139364
OX359184.1	5875
OX359185.1	4715
OX359186.1	3751
OX359187.1	1506
OX359188.1	1306
OY856403.1	5426122
OY856404.1	201369
OY856405.1	41244
OY856406.1	6141
OY856407.1	5459
OY856408.1	4473
OY899159.1	5469032
OY899160.1	200218
OY899161.1	124957
OY899162.1	66945
OY899163.1	41245
OY899164.1	6141
OY899165.1	6720
OY899166.1	4473
OY978171.1	5589618
OY978172.1	140843
OY978173.1	41244
OY978174.1	38852
OY978175.1	5459
OY978176.1	4473
OY978234.1	5413587
OY978235.1	233218
OY978236.1	201365
OY978237.1	41246
OY978238.1	6141
OY978239.1	5459
OY978240.1	4473
OY978494.1	5420534
OY978495.1	157553
OY978496.1	6141
OY978497.1	5459
OY978498.1	4473
OZ066661.1	218006
OZ066662.1	20202
OZ066663.1	130907
OZ066664.1	5334716
OZ066665.1	39395
OZ066666.1	59746
OZ111272.1	5328309
OZ111273.1	227546
OZ111274.1	104894
OZ111275.1	94438
OZ111276.1	9294
OZ111277.1	5328216
OZ111278.1	204866
OZ111279.1	104894
OZ111280.1	94438
OZ111281.1	31240
OZ111282.1	9294
OZ111283.1	736
OZ111284.1	507
OZ111285.1	5329398
OZ111286.1	226769
OZ111287.1	104894
OZ111288.1	94438
OZ111289.1	9294
OZ111290.1	5328307
OZ111291.1	226769
OZ111292.1	104894
OZ111293.1	94438
OZ111294.1	9294
OZ111295.1	5193975
OZ111296.1	282105
OZ111297.1	175618
OZ111298.1	171849
OZ111299.1	62627
OZ111300.1	4119
OZ111301.1	3423
OZ111302.1	2503
OZ111303.1	2383
OZ111304.1	5422274
OZ111305.1	155570
OZ111306.1	65133
OZ111307.1	55810
OZ111308.1	5359
OZ111309.1	3541
OZ111310.1	5330433
OZ111311.1	226769
OZ111312.1	104894
OZ111313.1	94348
OZ111314.1	9294
OZ111315.1	5327701
OZ111316.1	226769
OZ111317.1	104894
OZ111318.1	94438
OZ111319.1	9294
OZ111320.1	5337232
OZ111321.1	227835
OZ111322.1	104894
OZ111323.1	9294
OZ111324.1	5328216
OZ111325.1	226769
OZ111326.1	104894
OZ111327.1	94438
OZ111328.1	9294
OZ111329.1	5236011
OZ111330.1	226769
OZ111331.1	104894
OZ111332.1	94438
OZ111333.1	91900
OZ111334.1	9294
OZ111335.1	544
OZ111336.1	5328190
OZ111337.1	226769
OZ111338.1	104894
OZ111339.1	94438
OZ111340.1	9294
OZ111341.1	5280661
OZ111342.1	105960
OZ111343.1	94438
OZ111344.1	49514
OZ111345.1	9294
OZ111346.1	5418871
OZ111347.1	160735
OZ111348.1	84911
OZ111349.1	11162
OZ111350.1	5137
OZ111351.1	3319
OZ111352.1	539
OZ111353.1	5337221
OZ111354.1	261146
OZ111355.1	203788
OZ111356.1	104894
OZ111357.1	93571
OZ111358.1	9294
OZ111359.1	5286907
OZ111360.1	197961
OZ111361.1	76728
OZ111362.1	56341
OZ111363.1	5598
OZ111364.1	2320
OZ111365.1	1552
OZ111366.1	5286125
OZ111367.1	199822
OZ111368.1	104894
OZ111369.1	94438
OZ111370.1	20576
OZ111371.1	9294
OZ111372.1	3087
OZ111373.1	1501
OZ111374.1	1043
OZ111375.1	507
OZ111376.1	5328191
OZ111377.1	226769
OZ111378.1	104894
OZ111379.1	94438
OZ111380.1	9294
OZ111381.1	5330150
OZ111382.1	226769
OZ111383.1	104894
OZ111384.1	9294
OZ111385.1	5328308
OZ111386.1	226769
OZ111387.1	104894
OZ111388.1	94438
OZ111389.1	9294
OZ111390.1	5355316
OZ111391.1	203788
OZ111392.1	192631
OZ111393.1	94861
OZ111394.1	86816
OZ111395.1	4760
OZ111396.1	2460
OZ111397.1	5347692
OZ111398.1	264905
OZ111399.1	210617
OZ111400.1	157952
OZ111401.1	88334
OZ111402.1	63589
OZ111403.1	39251
OZ111404.1	4760
OZ111405.1	2423
OZ111406.1	2190
OZ111407.1	2086
OZ111408.1	5472185
OZ111409.1	93341
OZ111410.1	5137
OZ111411.1	3319
OZ111412.1	5328968
OZ111413.1	226769
OZ111414.1	104894
OZ111415.1	9294
OZ111416.1	5328215
OZ111417.1	226769
OZ111418.1	104894
OZ111419.1	94438
OZ111420.1	9294
OZ111421.1	5329372
OZ111422.1	211167
OZ111423.1	104894
OZ111424.1	94438
OZ111425.1	9294
OZ111426.1	5328216
OZ111427.1	226769
OZ111428.1	104894
OZ111429.1	94438
OZ111430.1	9294
OZ111431.1	5328341
OZ111432.1	209708
OZ111433.1	104894
OZ111434.1	94438
OZ111435.1	9294
OZ111436.1	5328968
OZ111437.1	226769
OZ111438.1	104894
OZ111439.1	94438
OZ111440.1	9294
OZ111441.1	5337626
OZ111442.1	276607
OZ111443.1	211103
OZ111444.1	155416
OZ111445.1	63589
OZ111446.1	43002
OZ111447.1	39338
OZ111448.1	36240
OZ111449.1	4760
OZ111450.1	3608
OZ111451.1	2460
OZ111452.1	5328217
OZ111453.1	226769
OZ111454.1	104894
OZ111455.1	94438
OZ111456.1	9294
OZ111457.1	5338381
OZ111458.1	276606
OZ111459.1	159339
OZ111460.1	157952
OZ111461.1	63589
OZ111462.1	43667
OZ111463.1	39251
OZ111464.1	27619
OZ111465.1	4760
OZ111466.1	2460
OZ111467.1	5342032
OZ111468.1	276607
OZ111469.1	210683
OZ111470.1	157951
OZ111471.1	88342
OZ111472.1	63581
OZ111473.1	39250
OZ111474.1	4760
OZ111475.1	5366694
OZ111476.1	271925
OZ111477.1	160303
OZ111478.1	153381
OZ111479.1	79333
OZ111480.1	63589
OZ111481.1	39252
OZ111482.1	4760
OZ111483.1	2424
OZ111484.1	2190
OZ111485.1	2086
OZ111486.1	5479860
OZ111487.1	83774
OZ111488.1	57554
OZ111489.1	5137
OZ111490.1	3319
OZ111491.1	5328190
OZ111492.1	226769
OZ111493.1	104894
OZ111494.1	94438
OZ111495.1	9294
OZ111496.1	5327558
OZ111497.1	226769
OZ111498.1	104894
OZ111499.1	94438
OZ111500.1	55816
OZ111501.1	9294
OZ111502.1	5291481
OZ111503.1	228093
OZ111504.1	104894
OZ111505.1	94438
OZ111506.1	9294
OZ111507.1	5328306
OZ111508.1	211167
OZ111509.1	104894
OZ111510.1	87216
OZ111511.1	9294
OZ111512.1	5346944
OZ111513.1	203788
OZ111514.1	192631
OZ111515.1	114579
OZ111516.1	64366
OZ111517.1	4760
OZ111518.1	2460
OZ111519.1	5330845
OZ111520.1	340209
OZ111521.1	112868
OZ111522.1	54064
OZ111523.1	39711
OZ111524.1	4167
OZ111525.1	2058
OZ111526.1	1830
OZ111527.1	5331615
OZ111528.1	226769
OZ111529.1	104894
OZ111530.1	94438
OZ111531.1	9294
OZ111532.1	5245236
OZ111533.1	219494
OZ111534.1	59063
OZ111535.1	3669
OZ111536.1	3079
OZ111537.1	2501
OZ111538.1	1655
OZ111539.1	979
OZ111540.1	515
OZ111541.1	5162711
OZ111542.1	94988
OZ111543.1	5346944
OZ111544.1	203788
OZ111545.1	192631
OZ111546.1	114579
OZ111547.1	64366
OZ111548.1	4760
OZ111549.1	2460
OZ111550.1	5355315
OZ111551.1	203788
OZ111552.1	192630
OZ111553.1	94861
OZ111554.1	86772
OZ111555.1	4760
OZ111556.1	2460
OZ185742.1	3776135
OZ185743.1	1714844
OZ185744.1	184225
OZ185745.1	126027
OZ185746.1	9150
OZ185747.1	8710
OZ185748.1	4711
OZ185749.1	3529
OZ185750.1	3336
OZ185756.1	3589510
OZ185757.1	1899802
OZ185758.1	160862
OZ185759.1	118748
OZ185760.1	94419
OZ185761.1	40890
OZ185762.1	13843
OZ185763.1	2840
OZ251767.1	5490298
OZ251768.1	178126
OZ259397.1	5291351
OZ259398.1	207526
OZ259399.1	5542
OZ259499.1	5218730
OZ259500.1	266042
OZ259501.1	23364
OZ259502.1	14547
OZ259503.1	5229
OZ259504.1	4389
OZ370881.1	143302
OZ370882.1	4090
OZ370883.1	3972
OZ370884.1	5273538
OZ372405.1	147528
OZ372406.1	114389
OZ372407.1	2617
OZ372408.1	3479
OZ372409.1	5337756
OZ373394.1	193193
OZ373395.1	8140
OZ373396.1	7642
OZ373397.1	5532473
OZ373530.1	193193
OZ373531.1	7642
OZ373532.1	5532473
OZ373692.1	201820
OZ373693.1	144131
OZ373694.1	55528
OZ373695.1	4345
OZ373696.1	5312550
CP034666.1	1933669
CP027405.1	1941980
CP007669.1	1887974
CP018060.1	39779
LS483445.1	1907984
CP002005.1	1863286
CP160099.1	1902860
CP034664.1	1832216
CP020400.2	1907985
CP018059.1	1954607
CP034663.1	1832141
CP034665.1	1909077
CP008804.1	1941566
CP034662.1	2045324
CP139988.1	3814514
CP166048.1	3919866
CP159743.1	3679
CP039377.1	3790883
CP181998.1	35395
CP048275.1	3942451
CP135144.1	4163805
CP070536.1	50644
CP159744.1	2072
CP148046.1	1860
CP149990.1	257632
CP172117.1	4324351
JBRXCB000000000.1	7201
JBRXCB000000000.1	60351
JBRXCB000000000.1	94358
JBRXCB000000000.1	144922
JBRXCB000000000.1	22708
JBRXCB000000000.1	52814
JBRXCB000000000.1	14190
CP159739.1	2306
CP066129.1	4135673
CP166035.1	3918549
CP103768.1	4113393
CP043955.1	3982591
CP101057.1	4206951
CP066135.1	3186
CP066134.1	65233
CP168464.1	3948296
CM128866.1	4036936
CP150713.1	3745551
CP148045.1	2683
CP149986.1	60836
CP028958.1	71304
CP159742.1	3804685
CP095382.1	3897593
OX460951.1	4190812
CP070535.1	62326
CP063843.1	3930130
CP149988.1	4059575
CP023506.1	1509
CP128436.1	30668
CP066139.1	10567
CP014026.2	3908080
CP070524.1	4142216
CP148043.1	4234434
CP070550.1	54347
CP149980.1	99641
CP149991.1	4240647
CP095383.1	67081
CP132600.1	3866794
CP149982.1	39001
CP070551.1	5246
CP149979.1	4046765
CP149993.1	32557
CP159738.1	16471
CP027177.1	4139887
CP168467.1	33682
CP150716.1	4032453
CP032295.1	3902034
CP070523.1	24703
CP149987.1	141750
CP069157.1	3814728
CP126137.1	3914747
CP004345.1	3799539
CP026046.1	4000026
CP172114.1	4324336
CP066777.1	4232212
CP070553.1	4237757
CP061513.1	4111737
CP150715.1	3897148
CP149981.1	66924
CP159741.1	296145
CP132556.1	2311
CP149983.1	99842
CP132746.1	4001645
CP134699.1	3954126
CP128435.1	3924895
CP132323.1	3947059
CP173708.1	96349
CP132555.1	2311
CP137460.1	38648
CP070521.1	54351
CP059477.1	4004703
CP135146.1	2683
CP086203.1	4025805
CP033056.1	3850444
CP066130.1	4186020
CP149976.1	58972
CP172116.1	4017
CP034944.1	3889903
CP048809.1	1741
CP064055.1	4094154
CP066140.1	4280849
CP159745.1	5577
CP149989.1	38607
CP059986.1	3842715
CP132554.1	3898821
CP139442.1	50842
CP132602.1	2683
CP135145.1	104648
CP076624.1	8480
CP066141.1	5221
CP150714.1	4003723
CP168466.1	36931
CP076623.1	4185431
CP048807.1	4982
CP132601.1	77196
CP128437.1	22710
JBRILL000000000.1	769
JBRILL000000000.1	51995
JBRILL000000000.1	48461
JBRILL000000000.1	23688
JBRILL000000000.1	53587
JBRILL000000000.1	26716
JBRILL000000000.1	5480
JBRILL000000000.1	204147
JBRILL000000000.1	69683
JBRILL000000000.1	38631
CM129971.1	4155761
CP068145.1	3975033
CP159746.1	2558
CP066137.1	4317505
OX460952.1	3126
CP066138.1	4275237
CP173707.1	4313176
CP172118.1	4017
CP070522.1	38408
CP150712.1	4053276
CP068562.1	4315749
CP149977.1	61066
CP139443.1	3015
CP101059.1	48385
CP028956.1	4221270
CP181997.1	4011177
CP137459.1	4137873
LR699007.1	3906921
CP028957.1	5884
CP172115.1	4324209
CP070552.1	8357
CP194356.1	4155665
CP149992.1	109328
CP064054.1	4125669
CP149985.1	4130233
CP066127.1	4209479
CP023505.1	4074223
CP139441.1	4046938
CP148044.1	67608
CP149978.1	4111370
CP070537.1	4151415
CP066131.1	72755
CP101058.1	51315
CP048806.1	4004672
CP132322.1	198157
CP066132.1	4097492
LS483498.1	3906921
CP025933.1	3824890
CP033057.1	46161
CP066133.1	4226155
CP066136.1	9938
CP150717.1	3979959
CP159740.1	7021
CP149984.1	4098706
CP168465.1	42406
CP048808.1	2683
CP066778.1	5222
CP098504.2	4207
CP116344.2	4207
CP145027.1	4207
LT592158.1	4207
AP018380.1	5819
CP106922.1	4194
CP068762.1	42003
CP045709.1	5154
CP145071.1	2168993
CP016658.1	2175362
AP018387.1	4207
LT591903.1	4207
CP098539.1	4207
CP131639.1	39075
CP021516.1	2166707
CP034027.1	4207
CP145075.1	39054
CP131625.1	4153
CP098466.2	2219837
CP106824.1	2219165
CP045961.1	2185677
LT591909.1	4153
CP131621.1	4153
CP131617.1	42023
CP048898.1	4207
CP106801.1	2228933
CP106775.1	2212515
CP107224.1	4153
CP145053.1	2163258
FM999788.1	2277550
CP050932.1	5600
LT592162.1	4153
CP145089.1	4207
CP130889.1	2216289
CP098473.2	4207
OZ197910.1	2218261
CP007668.1	2324822
CP145023.1	4153
OZ004878.1	4207
LT592164.1	39054
CP195877.1	4210
CP138344.1	39060
LT591906.1	39015
CP034028.1	2217528
CP031329.1	2239545
CP115654.1	2155007
CP017257.1	2195573
CP020401.2	2397461
CP016015.1	2218818
CP030816.1	2176177
CP116343.1	42004
JBSJED000000000.1	105981
JBSJED000000000.1	10691
JBSJED000000000.1	15164
JBSJED000000000.1	43156
JBSJED000000000.1	18432
JBSJED000000000.1	64524
CP145042.1	5597
CP034034.1	4207
CP020418.2	2232444
CP034019.1	4207
CP012394.1	2206847
CP016652.1	2162199
CP196636.1	42003
CP107274.1	2163610
CP048250.1	2165075
CP104547.2	4153
CP016670.1	2167991
CP137531.1	2171345
CP048247.1	39072
CP043817.1	41356
LT592155.1	2171112
CP106776.1	4207
CP016663.1	2172888
CP098545.1	4153
AP018383.1	4207
CP001051.1	4153
CP098537.1	4207
CP195874.1	2231116
LT592159.1	2234269
CP003909.1	2233640
CP106802.1	4207
CP145048.1	2169846
CP119140.1	2168363
AP024489.1	2158475
LT591907.1	4153
CP068764.1	4207
AP018381.1	2215151
CP048254.1	2169323
CP197444.1	2167686
CP098534.2	2224751
CP185855.1	2245230
CP145081.1	5597
LR134525.1	2186098
CP145056.1	4207
CP016679.1	2172899
CP016668.1	2170146
CP145073.1	4153
LT591905.1	5597
CP096117.1	2206902
CP016683.1	2155494
CP145047.1	4207
CP145031.1	4207
CP078114.1	2172572
CP048909.1	39059
CP106769.1	2207788
CP107272.1	2230471
CP107264.1	2212810
CP077603.1	2206600
CP048908.1	2217387
CP131647.1	7427
CP012027.1	2168698
CP145067.1	2172826
CP012028.1	2173235
CP016662.1	2173723
CP131620.1	2223600
OZ197911.1	43017
LR134522.1	2182188
CP034022.1	2218771
LT906472.1	2226638
CP048896.1	2219936
CP020421.2	2273276
CP098506.2	4153
CP034021.1	4153
CP131616.1	2234167
CP145082.1	4153
CP048930.1	41999
AP023069.1	2167602
CP016666.1	2174042
CP048252.1	5155
LR134358.1	2190946
CP045707.1	2166131
CP048257.1	4153
CP145072.1	7427
CP043818.1	5600
CP197447.1	2175995
CP002421.1	2223518
CP197450.1	2163765
CP048910.1	4207
CP002420.1	2240883
CP131618.1	5600
CP032428.1	4305
FR774048.1	2227255
CP131626.1	2235875
AP019853.2	2214955
CP020416.2	39053
CP145019.1	2171112
AP023070.1	4153
LT592163.1	2222386
CP060280.1	2225194
CP016680.1	2173901
CP145025.1	4153
CP131646.1	42003
CP106771.1	2214953
OZ004877.1	5584
CP145026.1	2172077
CP098543.2	4207
CP138340.1	4207
CP131644.1	4207
CP106789.1	2204219
CP016667.1	2173745
CP009419.1	2179483
CP098505.2	2227438
CP098465.2	4207
CP020419.2	2189300
CP104548.2	2223795
CP016653.1	2157503
CP034031.1	4207
CP131642.1	42003
CP145055.1	43018
CP145064.1	2221865
CP130895.1	2213791
CP141618.1	2256760
CP145054.1	5600
CP145074.1	2171276
LT591899.1	42004
CP098533.2	4153
LT592146.1	2169062
CP106809.1	2227633
CP016664.1	2168001
CP098467.2	4207
CP195875.1	39054
CP098548.2	2217931
CP131623.1	42024
CP131619.1	4153
CP048905.1	2217377
CP145057.1	2235802
CP034029.1	4207
CP012393.1	2207932
CP098469.2	4207
CP137530.1	2171074
CP048249.1	4207
CP104549.2	4153
CP130891.1	2212965
CP048248.1	5111
CP106778.1	39245
CP145041.1	2178344
CP145061.1	4153
CP106817.1	2213959
CP196635.1	2221261
CP012694.1	2191116
AP018385.1	2216138
CP045834.1	4197
AM889136.1	2145295
CP130892.1	2239705
CP145020.1	4153
CP034030.1	2228346
CP048253.1	4207
CP041585.1	2215121
CP197441.1	2168266
CP016678.1	2189560
CP031336.1	2188300
CP078119.1	2177032
CP145078.1	42004
CP145052.1	2292467
AP019854.1	39057
CP145024.1	2234269
CP106770.1	4207
CP130897.1	2216731
CP045833.1	41998
AP018384.1	5598
CP031333.1	2280611
CP145065.1	39067
LT591911.1	7449
AP018379.1	4153
CP007667.1	2187672
CP106810.1	4217
CP048929.1	2168255
CP043873.1	5600
CP034033.1	39053
CP145033.1	42000
CP016684.1	2173191
CP078116.1	2174189
CP016645.1	2173879
CP106772.1	4207
CP145068.1	7449
CP145051.1	4153
CP145038.1	5598
CP050933.1	4207
CP098468.2	2213728
CP019467.1	2230041
CP145069.1	42004
CP115655.1	4207
CP048895.1	4207
LT591912.1	42004
CP034024.1	2232230
CP002423.1	2250449
CP048903.1	39059
CP009418.1	2195266
CP050930.1	2218825
CP115904.1	2259189
CP048913.1	4207
CP016674.1	2177343
CP016675.1	2169790
CP131631.1	4153
CP145070.1	4207
LT591897.1	2292467
CP021523.1	2167995
CP106811.1	2214951
CP034026.1	2232677
CP145015.1	2229351
AP023072.1	4207
CP097848.1	4197
CP131641.1	2163486
CP016677.1	2173106
LT906440.1	2230241
CP016647.1	2182171
OZ004876.1	2228442
CP050505.1	2215157
CP130899.1	2214712
CP000381.1	2153416
CP045710.1	4207
CP106827.1	4207
CP145066.1	4153
CP106815.1	2223176
CP098470.2	2214415
CP098542.2	2218708
CP197445.1	2176029
CP141624.1	2243293
CP045708.1	42907
AP023074.1	4207
CP098544.1	2216240
CP196630.1	42003
CP119139.1	4207
CP106822.1	39054
CP116345.1	3270
CP048246.1	2162702
LT906437.1	2172222
CP106806.1	4207
CP181245.1	2236202
CP145050.1	2233100
LT592152.1	4153
CP185858.1	2125261
CP043815.1	4207
CP097847.1	41997
CP098535.2	4153
LT592150.1	2221284
CP043819.1	4207
CP130894.1	2216433
CP197446.1	2176000
CP021520.1	2157444
CP130896.1	2216166
CP021519.1	2156539
CP048906.1	39059
CP196627.1	2218396
CP016648.1	2161510
CP050931.1	41356
CP098532.2	2228946
LT592161.1	2228980
CP016627.1	2173408
CP145030.1	39058
CP173226.1	2226955
CP107265.1	4207
AP024156.1	4153
LT592149.1	4207
CP106779.1	4210
CP136807.1	2166368
LT592157.1	2173861
CP043813.1	41357
CP016681.1	2162376
CP195876.1	5600
CP016654.1	2185698
CP131629.1	4153
AP023068.1	4207
CP145087.1	4207
CP009420.1	2196674
CP048894.1	39059
CP145083.1	2178180
CP016651.1	2172576
LT591908.1	2169846
CP106768.1	4207
CP106749.1	2192371
CP106780.1	2212713
CP043872.1	41355
CP098546.2	2220893
CP107223.1	2167942
CP119142.1	2167441
CP048901.1	4207
CP002419.1	2184862
AP018377.1	2218551
CP145049.1	4153
CP021723.1	2170095
CP023814.1	2247997
CP131636.1	2221680
CP016644.1	2193742
CP106781.1	4207
CP002424.1	2248966
CP003975.1	4153
CP098471.2	4207
CP145086.1	2167377
CP016016.1	2228373
CP064367.1	2181327
CP043814.1	5600
CP098475.1	4207
CP048904.1	4207
CP145035.1	2173861
CP034018.1	2217835
CP048899.1	2217337
CP034025.1	4207
CP130898.1	2216684
CP138343.1	4207
CP145076.1	4207
CP016649.1	2172699
CP034017.1	4207
CP145040.1	4207
CP145084.1	39054
LR134526.1	2305833
CP016672.1	2172926
CP131635.1	4153
CP009421.1	2199215
CP145046.1	39054
CP031326.1	2207023
CP016017.1	2220340
CP016682.1	2175832
CP130890.1	2214541
CP016655.1	2173607
CP145079.1	4207
CP145085.1	4207
LT592154.1	4153
CP003974.1	2232590
CP106825.1	4194
CP097846.1	2232771
CP106820.1	4207
AP023073.1	2208809
CP106919.1	39054
CP131640.1	4153
CP145060.1	39054
CP106750.1	4207
CP078113.1	2165933
LT592151.1	7427
CP107270.1	2230282
CP034032.1	2218440
CP020420.2	2181232
CP098547.2	4207
CP048902.1	2214666
CP131637.1	4153
CP145018.1	4153
CP021521.1	2198497
CP034020.1	2229997
CP131632.1	2178594
CP098474.1	2223679
CP032398.2	2221669
CP138339.1	2227834
CP106807.1	2227374
CP141622.1	4858
AE004969.1	2153922
CP145058.1	4143
CP106812.1	4207
CP141619.1	4858
CP116342.1	2170090
CP145090.1	2308468
CP145039.1	39015
CP119141.1	4153
CP021518.1	2168615
CP106808.1	4207
CP145088.1	2219659
CP007524.1	2188020
CP048907.1	4207
CP106823.1	4207
CP078115.1	2215052
CP079941.1	2311508
CP016660.1	2174791
AP023067.1	2209464
CP138341.1	39060
CP048931.1	5154
CP021522.1	2167920
CP106921.1	2219268
CP015886.1	2264278
CP020417.1	7450
CP020402.2	2305818
CP065653.1	2181321
CP197443.1	2164036
CP043871.1	2218879
AP018386.1	39058
CP106783.1	4207
CP016659.1	2172426
LT592160.1	4153
CP012392.1	2170619
CP131643.1	5600
CP106813.1	2227248
CP141620.1	2255264
CP145021.1	2221284
CP032399.1	4305
CP098503.2	2210573
CP021725.1	2165984
CP016650.1	2173513
CP098536.1	2210202
AM421808.1	2194961
CP016661.1	2171975
CP043874.1	4207
CP106816.1	4207
CP106818.1	4207
CP016676.1	2168191
CP131622.1	2184061
CP043816.1	2218831
CP078117.1	2173187
CP068761.1	2171354
CP045832.1	2174817
CP145037.1	2169062
CP145063.1	4207
AP018382.1	39058
CP012026.1	2232367
CP034023.1	4228
CP197451.1	2167623
AP023075.1	2167195
CP145029.1	7538
CP078118.1	2234079
CP197440.1	2164098
CP016657.1	2163399
CP131630.1	2234433
CP098463.1	4207
CP048900.1	39059
LT592165.1	4153
CP098472.2	2220997
CP016673.1	2173115
CP131634.1	5600
CP145045.1	2168633
CP098460.1	2212315
CM132214.1	2173550
CP031335.1	2181976
CP043812.1	2218679
CP106821.1	2211604
CP106805.1	2227249
OZ197913.1	16800
CP001050.1	2232025
CP034016.1	2217429
CP020423.2	2244886
OZ197912.1	12621
CP138342.1	2228256
CP106773.1	2201001
CP106918.1	2263505
CP131633.1	42022
CP145077.1	2167361
LT591902.1	39054
CP106777.1	2191505
CP031330.1	2243169
CP145062.1	2247111
LT592147.1	5598
CP002422.1	2287777
LT591901.1	2168633
CP098458.1	2221044
CP145036.1	4207
CP106766.1	4207
LR134528.1	2228346
CP030825.1	2171562
CP018907.1	2203850
CP098538.2	2162630
LT591900.1	4207
CP016671.1	2180570
CP130893.1	2215504
CP032429.2	2220306
CP031324.1	2291778
CP107271.1	2217711
CP145022.1	7427
CP145044.1	4153
CP001561.1	2242947
CP131648.1	4207
CP131638.1	2223798
CP048256.1	5111
CP045960.1	2166248
CP106782.1	2213168
CP107266.1	2230440
CP145059.1	2222386
CP098461.1	4207
CP197448.1	2175563
CP068763.1	5089
CP048251.1	42001
CP048911.1	2217364
CP131645.1	2226346
CP012391.1	2230103
CP106765.1	2214782
LT591904.1	2178344
CP145028.1	2218559
CP115905.1	4153
CP020422.2	2305805
AP024155.1	2167741
CP021724.1	2169717
CP106774.1	4207
LT592156.1	4153
AL157959.1	2184406
CP131628.1	5548
CP106819.1	2212689
CP030814.1	2179401
CP106803.1	2229641
CP098459.1	4207
CP016669.1	2168308
CP106814.1	4207
CP131627.1	42005
CP104546.2	2223133
CP003910.1	4153
LT592153.1	2229351
CP197439.1	2162319
CP196628.1	42003
CP031334.1	2314390
CP106767.1	2221786
AP023076.1	4153
CP048255.1	42003
CP048912.1	39059
CP016646.1	2173686
CP048893.1	2214660
CP019466.1	2229240
CP145034.1	4197
CP145016.1	4153
CP031328.1	2223855
CP016656.1	2168495
CP030823.1	2196100
CP048932.1	4207
CP145080.1	2213585
CP145043.1	39015
CP106804.1	4207
CP197442.1	2167639
CP196629.1	2221236
LT591913.1	4207
CP106920.1	4207
CP020415.2	2212454
CP145032.1	2177981
CP141623.1	2258646
LT591898.1	2167361
CP107267.1	4153
CP145017.1	2228980
AP018378.1	39058
AP019855.1	4207
AP023071.1	2250559
CP098549.2	4207
AE002098.2	2272360
CP131624.1	5600
CP137529.1	2171288
CP098464.2	2214765
CP098462.1	2228516
LT591910.1	2172826
CP106790.1	4207
CP106826.1	2228428
CP048897.1	39060
CP016665.1	2154341
LT592148.1	39015
CP197449.1	2163607
CP141621.1	2257248
CP031331.1	2264367
CP029130.1	1131
CP110376.1	4130619
CP137221.1	4127667
CP049754.1	8937
AP026827.1	3998113
CP071774.1	4875
CP053043.1	139490
CP049753.1	4075803
CP021855.1	23946
CP118636.1	147773
CP098448.1	49422
CP137086.1	4223
CP137214.1	3891752
CP154801.1	4152715
CP187420.1	4164703
CP045256.1	24983
CP151675.1	2089
CP047343.1	2683
CP170631.1	3957221
CP137220.1	4043825
CP066833.1	4095724
CP110377.1	4134743
CP141836.1	36002
CP148143.1	4111346
CP073244.1	3961895
CP187944.1	4040619
CP116621.1	4138893
CP045540.1	99278
CP071775.1	2683
CP196198.1	16561
CP098449.1	24225
CP137084.1	2683
CP168002.1	4065065
CP196208.1	275985
CP145480.1	10359
CP047113.1	12795
CP145479.1	4045480
CP045008.1	4237246
CP192506.1	156223
CP137226.1	4092919
CP053719.1	4203751
CP045255.1	36067
CP181372.1	3866
CP137225.1	25002
CP189758.1	4056493
CP137335.1	3971396
CP021853.1	180262
CP098445.1	205118
CP053042.1	3929176
CP118227.1	4127350
CP192504.1	54761
CP118228.1	8441
CP048787.1	4031742
CP181852.1	6910
AP026828.1	111709
CP065145.1	3919452
CP045257.1	4218783
CP047590.1	165923
CP071781.1	4875
CP053682.1	3970204
CP029133.1	4219380
CP045011.1	2683
CP070570.1	40918
CP148135.1	49093
CP137227.1	24225
CP137083.1	4179168
CP098451.1	49422
CP017086.1	59035
CP152374.1	4048599
CP154802.1	4137542
CP098446.1	4026988
CP137216.1	109990
CP070574.1	40918
CP137333.1	4093139
CP047349.1	3944857
CP110375.1	4149995
CP148138.1	4055735
CP053683.1	4120711
CP142376.1	4032090
AM942760.1	36289
CP177079.1	101867
CP152080.1	4006339
CP137223.1	49422
CP137236.1	4220327
CP110371.1	4134677
CP196209.1	48482
CP098452.1	24225
CP073357.1	192359
CP126338.1	4037899
CP137237.1	48462
CP071780.1	3833058
CP143353.1	4037819
CP185292.1	3913334
CP186539.1	4241713
CP177077.1	4218249
CP092652.1	4285781
CP151678.1	26817
CP137085.1	4118536
CP116620.1	4074672
CP045010.1	7081
CP148141.1	66644
CP065147.1	3919144
CP066835.1	5947
CP017082.1	4090879
CP137228.1	4255535
CP189771.1	4112903
CP148136.1	4286715
CP151677.1	40918
CP026044.1	4105573
CP137232.1	4173136
CP065148.1	3919144
CP104988.1	2742
CP077963.1	3946111
CM127464.1	4318147
CP070569.1	4166432
CP026581.1	4012640
CP031847.1	24225
CP095765.1	4001374
CP046049.1	4014453
CP138493.1	24225
CP110374.1	2683
CP047350.1	171208
CP172235.1	4025411
CP152081.1	9989
CP026060.1	34615
CP053718.1	4055965
CP189772.1	4094848
CP034090.1	4189199
CP071782.1	2683
CP053899.1	135623
CP085032.1	3952084
CP071776.1	2259
CP029129.1	12439
CP072779.1	4156152
CP189770.1	4066427
CP122400.1	4086891
CP189777.1	4218172
CP079883.1	2683
CP196197.1	49422
CP117166.1	4024377
CP151672.1	4203857
CP029132.1	911
CP137235.1	2683
CP148139.1	141887
JBRZEW000000000.1	33694
JBRZEW000000000.1	40131
JBRZEW000000000.1	134669
JBRZEW000000000.1	45368
JBRZEW000000000.1	44571
JBRZEW000000000.1	2406
JBRZEW000000000.1	7290
JBRZEW000000000.1	63586
JBRZEW000000000.1	80430
CP012675.1	3794983
CP148140.1	4056867
CP045009.1	59167
CP053895.1	102319
CP047352.1	3937098
CP021551.1	161830
CP072780.1	2683
CP189773.1	4112948
CP047354.1	2683
CP151673.1	63589
CP047929.1	4038038
AM942759.1	4063606
CP053685.1	3920300
CP053616.1	4055642
CP169048.1	4191886
CP162022.1	4123479
CP196196.1	275157
CP191542.1	4047523
CP047112.1	4200651
CP073359.1	3220
CP196207.1	4053086
CP044436.1	4216749
CP154800.1	3934613
CP185293.1	35987
CP146909.1	3862364
CP026051.1	3955473
CP070571.1	88945
CP021854.1	26816
CP196210.1	20916
CP137087.1	123188
CP119297.1	4003686
CP189756.1	4081391
CP191543.1	6400
CP148137.1	49093
CP053898.1	4161306
CP137231.1	142801
CP098444.1	4107587
CP053894.1	3983870
CP196199.1	2776
CP155794.1	3942203
CP068152.1	4035539
CP096775.1	4278183
CP026571.1	4021165
CP159146.1	3986868
CP049942.1	3998116
CP118637.1	3833311
CP049941.1	4012915
CP192505.1	3999338
CP163157.1	3935215
CP189755.1	4246853
CP065146.1	3911345
CP142374.1	4024250
CP140127.1	4152585
CP097803.1	4047408
CP031846.1	4128916
CP053900.1	35276
CP073356.1	3959345
CP118229.1	2683
CP053684.1	4104163
CP047353.1	168512
CP151674.1	36059
CP053901.1	26385
CP181088.1	44609
CP071777.1	3833041
CP053681.1	3970238
CP071779.1	4875
CP137222.1	24225
CM130014.1	4090072
CP073630.1	3953008
CP053371.1	4006606
CP073248.1	3924008
CP065039.2	4113628
CP196195.1	4235008
CP137234.1	124764
CP042857.1	4131513
CP044028.1	4017079
CP140441.1	4070436
CP042907.1	4090308
CP020052.1	4191021
CP163140.1	4022986
CP048692.1	4204682
CP073914.1	4175866
CP137337.1	8178
CP071773.1	3833071
CP189769.1	4002427
CP096893.1	3818756
CP137239.1	48462
CP043333.1	46161
CP077965.1	32132
CP189768.1	4047446
CP021852.1	4209445
CP141835.1	4151496
CP124744.1	3980280
CP137215.1	2683
CP089318.1	38572
CP142377.1	2683
CP098450.1	4171811
CP102086.1	3989563
CP015347.1	4272433
CP073245.1	3970133
CP049755.1	2683
CP166037.1	4019679
CP159145.1	3984536
CP196200.1	2683
CP065144.1	3912751
LR134205.1	3875274
CP053615.1	4055574
CP004022.1	3846754
CP021550.1	4055152
CP116223.1	3974854
CP070573.1	4515
CP053044.1	3965977
CP140442.1	40919
CP148134.1	4167230
CP046048.1	4172466
CP177078.1	40917
CP026062.1	4077315
CP166032.1	4026687
CP073247.1	3952956
CP181371.1	3933471
CP070575.1	88945
CP137224.1	4092981
CP137336.1	2683
CP055095.1	4000636
CP143354.1	43951
CP137334.1	24118
CP021694.1	4372742
CP048404.1	3819372
CM135756.1	4127300
CP137230.1	252119
CP066834.1	4044
CP096776.1	4278169
CP012674.1	3793000
CP136433.1	4219347
CP110372.1	4060092
CP047342.1	7081
JBTCBO000000000.1	117992
JBTCBO000000000.1	183656
JBTCBO000000000.1	29099
JBTCBO000000000.1	12196
JBTCBO000000000.1	3386
JBTCBO000000000.1	23040
JBTCBO000000000.1	71683
JBTCBO000000000.1	19961
JBTCBO000000000.1	76608
JBTCBO000000000.1	12716
CP137229.1	52937
CP137218.1	52937
CP043332.1	4158695
CP151676.1	4327476
CP104986.1	3912942
CP026059.1	3973559
CP073246.1	3814885
CP017084.1	171489
CP177210.1	4053866
CP073358.1	5202
CP098447.1	4171811
CP017085.1	4131426
CP189754.1	4207858
CP181374.1	25237
CP055009.1	3936031
CP062146.1	4072318
CP138492.1	4093013
CP169049.1	38673
CP136434.1	25002
CP034091.1	4074828
CP137736.1	4042001
JBQTEW000000000.1	31548
JBQTEW000000000.1	90140
JBQTEW000000000.1	145054
JBQTEW000000000.1	43922
JBQTEW000000000.1	31915
JBQTEW000000000.1	235843
JBQTEW000000000.1	71068
JBQTEW000000000.1	4151
JBQTEW000000000.1	44261
JBQTEW000000000.1	179861
CP053614.1	4029664
CP148142.1	4093500
CP026061.1	36059
CP137233.1	4035582
CP047341.1	59168
CP047340.1	4242565
CP181853.1	36059
CP029725.1	3980098
CP029134.1	3125
CP144669.1	4152585
CP079882.1	4200367
CP110373.1	4053008
CP137217.1	4255535
CP181373.1	17385
CP137082.1	24225
CP110673.1	3817239
CP063440.1	4013382
CP029131.1	1059
CP017083.1	24225
CP029726.1	10024
CP021695.1	214441
CP071778.1	4942
CP181851.1	4211712
CP116622.1	2683
CP053372.1	177911
CP089317.1	4202509
CP053373.1	51686
CP104987.1	8955
CP070572.1	4166429
CP047351.1	2683
CP118635.1	3855722
CP137081.1	4132751
CP192503.1	3995082
CP044437.1	4183869
CP071783.1	2259
CP044136.1	4105149
CP189757.1	4042133
CP047589.1	4014504
CP137238.1	4221299
AP026829.1	2378
CP045539.1	2655
CP047114.1	138818
CP137219.1	252119
CP046050.1	165918
CP077964.1	211006
CP045538.2	4018329
CP051260.1	4115975
CP181087.1	3993987
CP101540.1	6364446
CP124641.1	6512383
CP065412.1	7013659
CP016955.1	7380063
CP155048.1	6997900
CP061074.2	140415
CP115218.1	6841445
CP152075.1	6420288
CP199826.1	6288177
CP181075.1	7137564
CP096962.1	51878
CP006245.1	6342034
CP020603.1	7040952
CP004061.1	6421010
CP092846.1	6855099
CP013478.1	6213029
CP096947.1	192317
CP118638.1	6518599
CP096959.1	113722
CP071948.1	159998
CP096933.1	59016
CP096910.1	24897
CP136399.1	6882929
CP195634.1	451594
CP077979.1	49798
CP039990.1	6573638
CP012901.1	6972899
CP008873.1	6794354
CP147626.1	8046
CP187730.1	6910160
CP195765.1	52645
CP137493.1	6904880
CP114105.1	6400404
CP125367.1	7011947
CP012001.1	6317050
CP109919.1	6338470
CP093022.1	6892247
CP022000.1	7148302
CP143907.1	7025878
CP096955.1	31974
CP171942.1	2953
CP115241.1	12286
CP166047.1	6402937
CP096940.1	77056
CP158063.1	179654
CP028162.1	7050928
CP050333.1	6394923
CP050325.1	6506945
CP118639.1	422938
CP022525.1	6943220
CP033684.1	7079598
CP163142.1	6085881
CP171899.1	6938244
AP040345.1	6225725
CP137506.1	98516
CP171905.1	6872779
CP135175.1	6566704
CP097555.1	6387430
AP040346.1	6340467
CP013989.1	6364583
CP021380.2	6834257
CP177247.1	6958497
CP028584.2	6886080
CP050331.1	6522476
CP192438.1	6910246
CP124600.1	6968785
LR739071.1	6479881
CP131781.1	7040896
CP162335.1	6430473
CP050055.1	6313
CP115283.1	6736094
CP131791.1	5752611
CP187271.1	6272682
CP081287.1	6646321
CP096943.1	2953
CP027172.1	7240677
CP148035.1	6805602
CP115226.1	6427097
CP159838.1	426741
CP115274.1	6501549
CP124627.1	10575
CP065848.1	7044064
CP101912.1	6839761
CP131785.1	6723835
CP114113.1	6264404
CP171933.1	3013
CP171909.1	7052171
CP171272.1	6248181
CP096950.1	6883424
CP124655.1	6986429
CP159845.1	16165
CP137492.1	8420
CP095920.1	6381690
CP096909.1	6890238
CP181090.1	22626
CP124635.1	6403
CP120881.1	7049066
CP129686.1	57082
CP050149.1	6536046
AP040336.1	6225617
CP129496.1	6210214
CP171904.1	2783
CP171889.1	49647
CP171911.1	6929039
CP061377.1	486963
CP101656.1	6216913
CP083368.1	113189
CP077977.1	6599714
CP106742.1	7015358
CP187732.1	6910134
CP070473.1	1399
CP194412.1	6229036
CP181745.1	46822
CP172852.1	6494022
CP158022.1	6360911
CP171954.1	6783935
CP096961.1	6442275
CP102946.1	6515978
JARDUV000000000.2	163964
JARDUV000000000.2	25069
JARDUV000000000.2	16661
JARDUV000000000.2	336190
JARDUV000000000.2	8420
JARDUV000000000.2	34665
JARDUV000000000.2	128466
JARDUV000000000.2	32497
JARDUV000000000.2	90284
JARDUV000000000.2	173778
JARDUV000000000.2	42143
JARDUV000000000.2	65720
JARDUV000000000.2	7900
JARDUV000000000.2	7326
JARDUV000000000.2	21106
AFXJ01000001.1	105770
AFXJ01000001.1	68840
AFXJ01000001.1	13241
AFXJ01000001.1	124256
AFXJ01000001.1	67868
AFXJ01000001.1	20548
AFXJ01000001.1	21124
AFXJ01000001.1	58581
AFXJ01000001.1	165464
AFXJ01000001.1	60467
AFXJ01000001.1	105048
AFXJ01000001.1	131581
AFXJ01000001.1	16583
CP131787.1	6668900
CP195319.1	142338
CP136598.1	7033197
CP171964.1	20510
CP015877.1	6243825
CP163161.1	6911405
CP102944.1	6871852
CP141753.1	7181357
CP077986.1	52415
CP120882.1	28293
CP130750.1	6626075
CP151648.1	406808
CP065374.1	6715242
AP040362.1	6972962
CP195764.1	94958
CP167986.1	6304118
CP065414.1	48306
CP031677.1	6819140
CP124624.1	6512746
CP086213.1	7223955
CP115266.1	13650
CP158058.1	35247
CP176424.1	6682021
CP130751.1	6626066
CP194330.1	6421080
CP143900.1	6553367
CP115225.1	6539580
CP111032.1	6817909
CP023255.1	6859232
CP027165.1	6463575
CP065417.1	6909254
CP124623.1	39861
CP008859.2	6334378
CP115221.1	6466287
CP090650.1	475129
CP020704.1	6985102
CP167985.1	6413472
CP171939.1	6817179
CP054793.1	6452370
CP195317.1	6945820
CP110191.1	416612
CP132998.2	409129
CP172857.1	6265160
CP041008.1	6263676
CP104867.1	6262103
CP085082.1	6264447
CP096935.1	31297
CP136800.1	6338611
CP137503.1	6406
CP115286.1	282569
CP150882.1	7247732
CP093015.1	6664435
CP199834.1	6599470
CP171944.1	461234
CP089068.2	6346542
CP115220.1	6355885
CP199805.1	6448980
CP109834.1	6289320
CP050327.1	6065263
CP163150.1	6910964
CP125730.1	48191
CP045917.1	468631
CP142026.1	6389938
CP063385.1	6706875
CP177358.1	6274523
CP187269.1	6424108
CP163159.1	6911098
CP159843.1	37887
CP194326.1	7209899
CP033686.1	6706800
CP143901.1	6544202
CP124649.1	7128627
CP124652.1	6936895
CP172853.1	6528294
CP115295.1	6278469
CP100653.1	6478686
CP115227.1	6578986
CP095924.1	275369
CP187274.1	6356423
CP171965.1	6972528
CP008858.2	6618768
CP116726.1	142661
CP166051.1	6838952
CP173125.1	6378014
CP032126.1	6383803
CP069323.1	6269726
CP093029.1	143021
OX638564.1	7001594
CP030910.1	6831076
CP124622.1	6526980
CP159839.1	37533
CP030914.1	85842
CP118564.1	6591441
CP171938.1	1940
CP024630.1	6926363
SUPJ00000000.2	18570
SUPJ00000000.2	59549
SUPJ00000000.2	6082
SUPJ00000000.2	24813
SUPJ00000000.2	140418
SUPJ00000000.2	119071
SUPJ00000000.2	1808
SUPJ00000000.2	1058
SUPJ00000000.2	40468
SUPJ00000000.2	30068
SUPJ00000000.2	45431
SUPJ00000000.2	285126
SUPJ00000000.2	25087
SUPJ00000000.2	71837
SUPJ00000000.2	112273
SUPJ00000000.2	1433
SUPJ00000000.2	6849
JBRONO000000000.1	103683
JBRONO000000000.1	61880
JBRONO000000000.1	43912
JBRONO000000000.1	59561
JBRONO000000000.1	6858
JBRONO000000000.1	97860
JBRONO000000000.1	13362
JBRONO000000000.1	45618
JBRONO000000000.1	57174
JBRONO000000000.1	26858
JBRONO000000000.1	42392
JBRONO000000000.1	63032
JBRONO000000000.1	918
JBRONO000000000.1	187009
JBRONO000000000.1	64262
JBRONO000000000.1	23090
JBRONO000000000.1	50151
JBRONO000000000.1	35169
JBRONO000000000.1	57439
AP012280.1	6764661
CP115268.1	48184
CP181744.1	6492530
CP115217.1	343454
LN871187.1	6276469
CP115275.1	6744622
CP113230.1	6830406
CP120706.1	6670151
CP033773.1	1089
CP124628.1	6508
CP151543.1	6408148
AP040351.1	6843760
CP110190.1	6855868
CP003149.1	6402658
CP171966.1	6658051
CP115198.1	6484210
CP033685.1	6729216
CP110346.1	6783004
CP137694.1	6275358
CP131789.1	47722
CP151546.1	21419
CP083369.1	69506
CP063047.1	6229397
CP136014.1	6923550
CP129406.1	6690480
CP115247.1	6675561
CP063395.1	6634619
CP043328.1	7012798
CP115262.1	7134225
CP033439.1	6877287
CP089237.1	46776
CP199992.1	6579057
CP013993.1	7055752
CP113235.1	6802378
CP116682.1	6947386
CP093032.1	7009041
CP129201.1	506353
CP124657.1	6997764
CP034908.2	6241875
CP114107.1	6377146
CP115253.1	6464339
CP101885.1	6868572
CP073081.1	463517
CP063394.1	6635095
CP145612.1	6337671
CP120708.1	7020185
CP131793.1	405567
CP124612.1	6921578
CP116724.1	7153626
CP104872.1	49370
CP199841.1	6987860
CP124636.1	770
CP025050.1	6638559
CP115289.1	6541477
LR130530.1	6433962
CP065866.1	6478778
CP137495.1	6893367
CP109851.1	6420794
CP115288.1	6441832
CP109920.1	7015423
CP124626.1	7264314
CP137716.1	6310317
CP137502.1	8390
CP032256.1	129422
CP110348.1	6844349
CP137556.1	7082821
CP008866.2	6795741
CP137520.1	2961
CP078001.1	2953
CP137491.1	7054120
CP114085.1	6376277
CP086016.1	7098808
CP114086.1	6927172
CP034354.1	7047704
CP195322.1	6984853
CP143648.1	7003799
CP064400.1	88210
CP081204.1	51183
CP131788.1	6925241
CP093358.1	6831875
CP163545.1	432650
CP171925.1	2985
CP115210.1	6844819
CP163148.1	7202124
CP173138.1	59521
LR134308.1	6766292
CP173022.1	7067106
CP199798.1	258159
CP136909.1	6791581
CP136539.1	6889943
CM129969.1	6785495
CP173143.1	6906640
CP169522.1	7193015
CP115297.1	6369971
CP151647.1	6428706
CP104588.1	6942888
CP050323.1	6805219
CP065867.1	6660255
CP137517.1	6796423
CP181563.1	6316153
CP187227.1	47865
CP171930.1	2783
CP171950.1	439656
CP012578.1	6642996
CP132997.1	6591652
CP116721.1	7092945
JBRXZH000000000.1	11466
JBRXZH000000000.1	7454
JBRXZH000000000.1	61612
JBRXZH000000000.1	29439
JBRXZH000000000.1	145455
JBRXZH000000000.1	14909
JBRXZH000000000.1	84292
JBRXZH000000000.1	98408
JBRXZH000000000.1	92070
JBRXZH000000000.1	6971
JBRXZH000000000.1	8072
JBRXZH000000000.1	149630
JBRXZH000000000.1	112467
JBRXZH000000000.1	22377
JBRXZH000000000.1	40492
JBRXZH000000000.1	71821
JBRXZH000000000.1	38588
JBRXZH000000000.1	50858
JBRXZH000000000.1	11747
CP017149.1	6276434
CP086010.1	6610918
CP045916.1	6797918
CP068239.1	6857397
CP096960.1	7044511
CP171945.1	6653967
CP089063.2	6722208
CP163544.1	6289303
CP171936.1	48872
CP077971.1	6568917
CP173123.1	47311
CP147601.1	6386726
CP173019.1	6356170
CP081289.1	32558
OX638703.1	61494
CP110347.1	6236756
CP174533.1	7251150
CP125729.1	6817173
CP095770.1	7408984
CP033772.1	1249
CP017294.1	398087
CP060703.1	6438945
CP124654.1	6440143
CP172850.1	6644873
CP166045.1	6694776
LR130537.1	6434020
CP029745.1	6799785
CP054788.1	6720477
CP096930.1	24305
CP191355.1	1940
CP123896.1	25355
CP050335.1	6557595
CP008860.2	6568228
CP021999.1	6566724
CP021774.1	7008516
CP114097.1	6260134
CP114089.1	6597095
CP032257.1	6946231
CM130060.1	6315638
CP158057.1	437478
CP096929.1	6850509
CP081346.1	6761122
CP081288.1	50754
CP114068.1	6410299
CP156078.1	7035441
CP171958.1	6559957
CP061777.1	7168136
CP137486.1	6684200
CP012580.1	6645477
CP045002.1	6716578
CP041945.1	6835731
CP176783.1	6841660
CP171946.1	398781
CP064404.1	396963
CP154349.1	7073555
CP167983.1	6799704
CP199804.1	150058
CP011857.1	6833187
CP028848.1	6501414
CP115277.1	6883553
CP147558.1	6961786
CP006853.1	6580038
CP171907.1	6148072
CP195325.1	2782
CP114762.1	432403
CP101911.1	6325586
AP040355.1	6819265
CP114077.1	6363023
CP015001.1	6721480
CP077974.1	52415
CP079712.1	6275471
CP069330.1	6270419
CP093359.1	47445
CP132994.1	498409
CP114374.1	6508614
CP174508.1	6353425
CP123954.1	54339
CP124648.1	6483169
CP115261.1	6648067
CP181554.1	6700858
CP115222.1	6667486
CP008871.2	6777566
CP157581.1	6712292
CP157459.1	6791260
CP199821.1	6275483
CP129518.1	6264388
CP096945.1	6740322
CP111031.1	177374
LN831024.1	6316979
CP029088.1	7125975
CP029097.1	7139518
CP054786.1	6552683
CP127122.1	6291135
CP171902.1	53498
CP115234.1	6885188
CP171901.1	6957554
CP006937.1	6550070
CP151649.1	53631
CP115256.1	6450959
CP184642.1	6919771
CP087675.1	6909349
CP040127.1	6539894
CP039991.1	439744
CP171951.1	6931951
CP156930.1	6234112
CP117975.1	14380
CP117300.1	6901248
CP050053.1	6266737
CP191354.1	26759
CP124669.1	6583426
CP056774.1	6770626
CP093355.1	6680448
CP106680.1	6330533
CP047697.1	6397159
CP143647.1	6999575
CP064392.1	6679909
CP114091.1	7109923
CP129996.1	51443
CP077983.1	2953
CP050054.1	6275114
CP069336.1	6315896
CP115213.1	6674670
CP069198.1	6950174
CP117974.1	6832199
CP069325.1	6270238
CP035739.1	6902135
CP104868.1	6573599
CP027175.1	71782
AP040350.1	6848749
CP132949.1	6933016
CP096958.1	6856359
CP115244.1	6391808
CP124625.1	36824
CP030911.1	6940949
CP171349.1	6458474
CP158060.1	6696952
AP040337.1	6856562
CP106682.1	6879940
CP015000.1	49021
CP172963.1	448205
CP069327.1	6269046
CP093967.1	6423573
CP173122.1	6509478
AE004091.2	6264404
CP046402.2	7056430
CP114103.1	6727888
CP103789.1	6445503
CP054792.1	6652242
JBRULP000000000.1	8127
JBRULP000000000.1	139746
JBRULP000000000.1	77158
JBRULP000000000.1	32941
JBRULP000000000.1	293738
JBRULP000000000.1	77551
JBRULP000000000.1	143817
JBRULP000000000.1	12182
JBRULP000000000.1	44787
CP181742.1	6488898
CP115228.1	50469
CP089065.2	6621226
LR657304.1	6395872
CP133751.1	6773937
CP171921.1	7035256
CP114090.1	6215726
CP089239.1	40692
CP115272.1	6705126
CP199766.1	143185
CP171920.1	7213626
CP124629.1	1303
CP192624.1	114545
CP115205.1	6488851
CP171894.1	6971753
CP109843.1	6748803
CP131784.1	6998574
CP107257.1	7020963
CP115249.1	6789046
CP046406.2	7157752
CP115223.1	6805381
CP095922.1	6373091
CP012579.1	6681992
CP046069.1	6737396
CP077989.1	53491
CP049161.1	6282181
CP199769.1	141901
CP137489.1	3217
CP077996.1	52983
CP073080.1	7137026
CP115207.1	6371888
CP086015.1	5207
CP135099.1	6764435
CP145614.1	6499987
CP171967.1	49120
CP093023.1	6511042
CP151175.1	6277580
CP129688.1	6927647
CP132993.1	6375221
CP096913.1	7106701
CP061850.1	6893878
CP029089.1	6853499
CP133738.1	7132031
CP124646.1	7181191
CP131792.1	846886
CP157217.1	6275453
CP025054.1	59923
CP191360.1	7171071
CP008863.1	6897231
CM129934.1	6973875
CP063387.1	6705795
CP195763.1	395087
CP033834.1	36032
CP077987.1	35358
CP143897.1	6716152
CP137508.1	96285
CP094678.1	436716
CP060392.1	6905506
CP049162.1	50130
JBROOQ000000000.1	17235
JBROOQ000000000.1	203635
JBROOQ000000000.1	155048
JBROOQ000000000.1	117846
JBROOQ000000000.1	3692
JBROOQ000000000.1	4587
JBROOQ000000000.1	98299
JBROOQ000000000.1	67693
JBROOQ000000000.1	23765
JBROOQ000000000.1	2551
JBROOQ000000000.1	60545
JBROOQ000000000.1	144522
JBROOQ000000000.1	62522
JBROOQ000000000.1	43802
JBROOQ000000000.1	67973
CP028959.1	6486336
CP060086.1	6747067
CP199815.1	6452011
CP181956.1	49504
CP125366.1	34090
CP039293.1	6879622
CP097575.1	6335028
CP115233.1	6885195
CP199780.1	6905417
CP127342.1	6410639
CP008856.2	6517340
CP020703.1	6893164
CP198994.1	6344686
CP158050.1	6415628
CP090647.1	6549122
CP171893.1	6944895
CP199860.1	6814106
CP065415.1	3014
CP199768.1	6819014
CP138577.1	6941065
AAQW00000000.1	247831
AAQW00000000.1	43123
AAQW00000000.1	91046
AAQW00000000.1	19632
AAQW00000000.1	99430
AAQW00000000.1	125987
AAQW00000000.1	26226
AAQW00000000.1	171360
AAQW00000000.1	229
AAQW00000000.1	134201
AAQW00000000.1	58380
AAQW00000000.1	9476
AAQW00000000.1	3094
AAQW00000000.1	35430
AAQW00000000.1	37894
AAQW00000000.1	123306
CP199843.1	7014646
CP077982.1	52491
CP124668.1	6581794
CP158059.1	52403
CP096813.1	6473527
CP131614.1	7079664
CP081478.1	232884
CP143645.1	7003110
CP115250.1	6499555
CP114102.1	6268491
CP096927.1	6338518
CP114100.1	6654131
CP166044.1	6343725
CP109833.1	6374444
CP124662.1	7288284
CP047592.1	6335031
CP033843.1	6865838
CP041774.1	6809062
CP173020.1	6354499
CP110344.1	6780197
CP171934.1	1940
CP046404.1	6874270
CP171898.1	6959156
CP170370.1	6263052
CP143899.1	6716160
CM129833.1	6754410
CP071731.1	6638980
CP119298.1	6423952
CP007147.1	6433441
FM209186.1	6601757
CP166049.1	6418841
CP171929.1	47720
AP040360.1	114410
CP089064.2	6323951
CP115287.1	6300760
CP127120.1	6301445
CP081203.1	475028
CP013477.1	6213026
CP171910.1	584329
CP054591.1	6832395
CP195321.1	7156000
CP173131.1	6458191
CP037926.1	6373893
CP110349.1	7089219
CP120871.1	6859154
CP096914.1	152682
CP163147.1	7198289
CP053917.1	6924367
CP060242.1	6935851
CP061851.1	29402
CP096944.1	2783
CP166041.1	6376198
CP166038.1	7222077
AP040339.1	6817855
CP181207.1	380941
CP171912.1	48904
CP124667.1	6596513
CP115192.1	7070483
CP089745.1	6376164
CP195323.1	7068624
CP158062.1	6548605
CP136599.1	429722
CP095771.1	174560
CP014866.1	6445239
CP096953.1	6815534
CP065948.1	6560248
CP115211.1	6871229
CP115243.1	6391834
AP040348.1	6948987
CP087674.1	6935768
CP111034.1	6453705
CP172849.1	6452400
CP115203.1	6349770
CP145613.1	6503316
CP114093.1	6273252
CP137523.1	49266
CP029660.1	6475581
CP123955.1	7845
CP173129.1	6846060
CP080369.1	6878321
CP150883.1	7262350
CP177307.1	6334617
CP133093.1	6692524
CP171924.1	48742
LR739069.1	6831274
CP171840.1	6724173
CP192212.1	6482950
CP171895.1	2783
CP137500.1	7028485
LR134342.1	6363395
CP140615.1	7144174
CP008864.2	6896700
CP133755.1	6865712
CP025051.1	6437515
OX638701.1	7092247
CP163156.1	6892886
CP025055.2	6752906
CP157087.1	6274003
CP061073.2	6467494
LR130536.1	6433960
CP140431.1	7037146
CP180593.1	6900472
CP062219.1	6520277
CP109835.1	6733209
CP041771.1	6616247
AP040342.1	6856454
LR134330.1	6765311
CP070468.1	92794
CP137521.1	2630
CP109932.1	6305107
CP199842.1	155868
CP162336.1	6872512
CP195766.1	2953
CP058332.1	6490014
CP120857.1	6757553
CP000438.1	6537648
CP046060.1	7343000
CP137515.1	91061
CP141684.1	43571
CP096823.1	335200
CP090651.1	47543
CP046403.1	7153217
CP115271.1	6556621
CP137519.1	50705
CP060005.1	6515357
CP163138.1	6731829
CP181666.1	6959835
CP137516.1	2358
CP114101.1	6786654
CP115216.1	178059
CP124658.1	6943341
CP115254.1	6451040
CP127124.1	6216926
CP115270.1	6586672
CP096951.1	407607
CP115482.1	6967503
CP077997.1	6594602
CP127126.1	6541163
CP139036.1	7026323
CP115200.1	6844990
CP025056.3	6752906
CP149855.1	159128
CP028132.1	6299465
CP192304.1	35922
CP158049.1	6740159
CP053705.1	6543892
CP171952.1	6953265
AP014651.1	7090694
CP114099.1	6512774
CP078009.1	6657236
AP040357.1	6831794
CP096957.1	412305
CP016215.1	423017
CP109931.1	6381417
CP015117.1	6827737
LS998784.1	24853
CP181564.1	46949
CP133753.1	6738339
CP115231.1	6828218
CP136015.1	40346
CP192439.1	41102
CP115214.1	171419
CP082822.1	7093992
CP199825.1	45616
CP059995.1	7092673
CP070472.1	1417
CP125780.1	6663286
CP060240.1	6480192
CP068679.1	54433
OX638610.1	6862412
CP125368.1	33985
CP106743.1	6360180
CP114075.1	6371690
CP147602.1	41271
CP187270.1	6474071
CP193906.1	6780815
CP069337.1	6407559
CP187265.1	6331584
CP195328.1	1878
CP196749.1	6589538
CP135096.1	6899894
AP040349.1	6948702
CP115238.1	130052
CP173219.1	6892386
LR134309.1	6839985
CP092847.1	46126
CP143908.1	6818848
CP115194.1	51160
CM130061.1	6310806
CP077984.1	12333
CP191352.1	7089072
CP115199.1	6406245
CP113246.1	6273495
CP106744.1	6910473
CP111030.1	6774407
CP115251.1	6784064
CP173127.1	6980998
CP097844.1	54030
CP045768.1	6441924
CP137505.1	6996116
CP181955.1	6482303
CP173359.1	6350848
CP115481.1	7076089
CP110352.1	6576722
CP109657.1	6514160
CP013479.1	6213276
CP125364.1	34090
CP045739.1	7190208
CP081347.1	53860
CP166913.1	6183266
CP147541.1	6369881
CP166028.1	6761624
CP130942.1	7085539
CP151547.1	21051
CP027857.1	6275467
CP032552.1	6810079
CP114109.1	6838447
CP171888.1	6968992
CP171953.1	6958885
CP063386.1	6699083
CP068678.1	6941174
CP095775.1	42729
CP096948.1	50754
CP199819.1	6237613
CP080281.1	6347079
OX638702.1	290802
CP029096.1	437392
CP064399.1	6546346
CP187266.1	6323039
CP132996.1	322697
CP080280.1	6792133
CP069331.1	6268813
CP065947.1	6742928
CP171918.1	7000589
CP199813.1	6371610
CP097557.1	7083311
LS998783.1	7207057
CP130957.1	6922301
CP106681.1	6739580
CP095921.1	495621
CP199829.1	6387657
CP137498.1	6975582
CP159886.1	6272210
CP199822.1	53478
JBRUYR000000000.1	135959
JBRUYR000000000.1	5925
JBRUYR000000000.1	13174
JBRUYR000000000.1	100464
JBRUYR000000000.1	570
JBRUYR000000000.1	155189
JBRUYR000000000.1	34778
JBRUYR000000000.1	72971
JBRUYR000000000.1	433
JBRUYR000000000.1	8919
JBRUYR000000000.1	26898
JBRUYR000000000.1	35528
JBRUYR000000000.1	109949
CP149854.1	7137446
CP041773.1	6714255
CP166821.1	6757069
CP114761.1	6823837
CP050322.1	6546693
CP155639.1	6676742
CP159840.1	6927092
CP115245.1	6675552
CP080289.1	6959874
CP150132.1	7052471
CP192210.1	6264427
CP199814.1	134602
CP015003.1	7006578
CP054845.1	7103853
CP136432.1	6802202
CP102441.2	6925322
CP143903.1	6386304
CP130900.1	6373804
CP031660.1	6503460
CP082821.1	7124329
CP173144.1	128994
CP104870.1	7126864
CP094677.1	6582025
CP115269.1	6944747
CP115235.1	7073542
CP104869.1	6669237
CP046602.1	6375262
CP171230.1	6256232
CP063392.1	6634623
CP012584.1	6683204
CP187262.1	6326572
CP192291.1	6504758
CP096912.1	6583864
CP017353.1	6866790
CP012581.1	6681975
CP077980.1	2953
CP187267.1	6372003
CM129832.1	6908713
CP124634.1	10575
CP030861.1	6876988
CP109856.1	6292498
JBSMIY000000000.1	239308
JBSMIY000000000.1	94201
JBSMIY000000000.1	53214
JBSMIY000000000.1	64026
JBSMIY000000000.1	18431
JBSMIY000000000.1	58929
JBSMIY000000000.1	3854
JBSMIY000000000.1	10002
JBSMIY000000000.1	291393
JBSMIY000000000.1	34292
JBSMIY000000000.1	136205
JBSMIY000000000.1	8165
CP063388.1	6706872
CP079757.1	6260102
CP050332.1	6930600
CP115292.1	278241
CP126695.1	6275467
CP199839.1	6900011
CP174606.1	6266148
CP031449.2	6925889
CP080286.1	6300755
CP115280.1	6870628
CP125288.1	6423038
CP129520.1	6264426
CP061779.1	7080089
CP069328.1	6269926
CP078003.1	58802
CP171962.1	6478239
CP030327.1	6685102
CP115279.1	175812
CP042269.1	6123373
CP081345.1	6904575
CP127388.1	6757931
CP068238.1	6374121
CP093028.1	7084699
CP041013.1	6792215
CP097559.1	42805
CP109845.1	6948888
CP093012.1	6333791
CP195326.1	6833238
CP173146.1	6624527
CP072783.1	6602988
CP096942.1	7263713
CP173220.1	449083
CP077973.1	53593
CP173140.1	6785458
CP171935.1	6924397
CP115212.1	14596
CP173130.1	6389087
CP171913.1	6254723
JBRXUY000000000.1	45198
JBRXUY000000000.1	29382
JBRXUY000000000.1	12324
JBRXUY000000000.1	134756
JBRXUY000000000.1	56154
JBRXUY000000000.1	37658
JBRXUY000000000.1	188468
JBRXUY000000000.1	14266
JBRXUY000000000.1	56012
JBRXUY000000000.1	61895
JBRXUY000000000.1	46938
JBRXUY000000000.1	3002
JBRXUY000000000.1	71582
JBRXUY000000000.1	80123
JBRXUY000000000.1	179142
JBRXUY000000000.1	49509
JBRXUY000000000.1	1995
JBRXUY000000000.1	107242
JBRXUY000000000.1	49614
JBRXUY000000000.1	1391
CP199824.1	6292057
CP039989.1	422811
CP090348.1	6382961
CP109918.1	6463386
CP137513.1	62563
CP111035.1	222021
CP187226.1	6670990
CP114087.1	6669323
CP130752.1	6626157
CP041772.1	6514208
CP077999.1	7000195
CP115265.1	6736736
CP073082.1	6389938
CP181667.1	45863
CP171914.1	652700
CP114081.1	7077736
CP129200.1	6896109
CP077991.1	47501
CP142723.1	6446933
CP093021.1	6420456
CP131786.1	461212
CP137522.1	6926878
CP125363.1	7011422
CP104170.1	6674687
CP063390.1	6706887
CP115255.1	6451008
CP078002.1	6749966
CP054581.1	7177049
CP141770.1	6374651
CP139037.1	422428
CM129968.1	6827499
CP022002.1	7050510
CP115248.1	6564266
CP117527.1	7043257
CP084321.1	7078644
CP115204.1	6463324
JBRUYQ000000000.1	33599
JBRUYQ000000000.1	86040
JBRUYQ000000000.1	1787
JBRUYQ000000000.1	50335
JBRUYQ000000000.1	55463
JBRUYQ000000000.1	110377
JBRUYQ000000000.1	37730
JBRUYQ000000000.1	27545
JBRUYQ000000000.1	21585
JBRUYQ000000000.1	1423
JBRUYQ000000000.1	57994
JBRUYQ000000000.1	27868
JBRUYQ000000000.1	55921
JBRUYQ000000000.1	20513
JBRUYQ000000000.1	19118
JBRUYQ000000000.1	5870
JBRUYQ000000000.1	15319
JBRUYQ000000000.1	23365
JBRUYQ000000000.1	15050
JBRUYQ000000000.1	33370
JBRUYQ000000000.1	121692
CP167984.1	6720513
CP096949.1	24305
OZ338665.1	6470640
CP195320.1	6927772
CP187272.1	6424106
CP022526.1	6952237
CP185404.1	41668
CP107064.1	7003703
CP104301.1	6265529
CP135174.1	6468200
CP065416.1	2953
CP115229.1	46934
CP166025.1	6351535
CP041355.1	185168
CP124663.1	6475465
CP115259.1	6771733
CP110345.1	6807710
CP171948.1	2986
CP171908.1	610587
CP115252.1	6249695
CP128507.1	6457547
CP173150.1	6380312
CP109849.1	6928454
CP008865.2	6934277
CP132352.1	7060127
AP040361.1	6432872
CP115195.1	48132
CP077993.1	2953
CM132338.1	6995927
LR130535.1	6434133
CP151544.1	433528
CP050052.1	6275136
CP199816.1	6563534
JBRESJ000000000.1	45759
JBRESJ000000000.1	70117
JBRESJ000000000.1	172569
JBRESJ000000000.1	56954
JBRESJ000000000.1	17541
JBRESJ000000000.1	202287
JBRESJ000000000.1	100880
JBRESJ000000000.1	28252
JBRESJ000000000.1	13204
JBRESJ000000000.1	102943
JBRESJ000000000.1	29770
JBRESJ000000000.1	160249
JBRESJ000000000.1	46269
CP199859.1	60796
CP109850.1	6437547
CP042268.1	167069
AP040359.1	129406
AP014622.1	6814936
CP187279.1	6632429
CP121188.1	26620
CP192623.1	7182497
CP127387.1	6393271
CP191349.1	6275468
CP124661.1	7695
CP040685.1	40180
CP199873.1	6812784
CP116237.1	6261424
CP127125.1	6259812
CP064397.1	6909981
CP124664.1	6557834
CP131794.1	6312609
CP172848.1	6241720
CM128666.1	6771336
CP187275.1	153806
CP115202.1	6821696
CP199773.1	128983
CP096963.1	413043
CP110350.1	6843186
CP107275.1	6932838
CP158570.1	6947266
CP012585.1	6643823
CP064402.1	392244
CP103307.1	6258289
CP116933.1	6918551
CP173134.1	15021
CP089238.1	6427622
CP089849.1	6589770
CP077990.1	52415
CP147627.1	22229
CP158571.1	394374
CP045003.1	513322
CP096956.1	6566613
CP172855.1	6329299
CP115294.1	6702193
CP125365.1	7012343
CP124666.1	6489094
CP114114.1	6796616
CP054791.1	6837408
AP040340.1	6789268
CP158066.1	35282
CP195324.1	7178082
CP078004.1	6954457
CP036492.1	6275467
CP070470.1	1399
CP196969.1	6578177
CP114076.1	6935508
CP078010.1	24350
CP087673.1	7046998
CP019338.1	6661962
CP173121.1	6293981
CP075176.1	6932250
CP113974.1	6755766
CP171900.1	6938239
CP137510.1	6649036
CP104591.1	462066
CP089236.1	6966545
CP089067.2	6823540
CP114088.1	6927075
CP129517.1	6264393
CP166820.1	448137
CP097710.1	7048060
CP172859.1	6510369
CP077975.1	35358
CP050148.1	6277301
CP115219.1	6701210
CP071730.1	6638990
CP047643.1	6878170
CP116230.1	39870
CP155726.1	6199891
CP114070.1	6638377
CP159885.1	6233945
CP152076.1	4042
CM132336.1	7225155
CP104589.1	109939
CP033835.1	7119105
CP172962.1	6411703
LR130533.1	6941287
CP086122.1	6275172
CP069177.1	6856553
CP114111.1	6710939
OX638612.1	41313
CP115196.1	6834203
CP115191.1	7170868
CP114084.1	6317803
CP017293.1	6816227
CP172851.1	6529781
CP124651.1	7164971
LT883143.1	6902967
CP137496.1	53989
CP166043.1	6264424
CP093354.1	6864839
CP114074.1	6459516
CP176684.1	6441980
CP024477.1	6621378
CP171947.1	6995792
CP135095.1	6960573
CP115201.1	6741345
CP052760.1	133551
CP195318.1	6857543
CP044006.1	6813135
CP115964.1	6638980
CP012582.1	6639108
AP040354.1	631756
CP027538.1	6822666
CP195327.1	48602
CP171931.1	6866058
CP115209.1	138928
CP014999.1	7018690
CP034355.1	130306
CP163160.1	6914341
CP114083.1	7043691
CP136842.1	6541446
CP173142.1	6426922
CP069334.1	6315897
CP097556.1	6387416
CP064395.1	6896843
CP096954.1	59018
CP046405.1	6579572
CP012066.1	6368008
CP027173.1	41559
CP091880.1	6458275
CP187731.1	41087
CP096946.1	6850102
CP046061.1	7344079
CP080012.1	41101
CP137561.1	6822858
CP110353.1	6540752
CP045552.2	6870662
CP096952.1	56517
CP137511.1	50152
CP086011.1	1851
CP050147.1	6892015
CP115206.1	203687
CP170200.1	6897720
CP133737.1	7066341
CP177242.1	6538512
CP092972.1	6251522
CP166823.1	6909706
CP115296.1	6510093
CP050326.1	6716245
CP022478.1	6824837
CP173124.1	6494584
CP147542.1	6370025
CP096911.1	58793
CP158482.1	7188544
CP192305.1	26758
CP124653.1	41411
CP064403.1	6553129
CP116719.1	24299
CP096964.1	6852346
CP115282.1	44736
CP073083.1	436486
CP022001.1	7411863
CP104720.1	6074358
CP115230.1	199812
CP135173.1	6655103
CP171915.1	6352821
CP093030.1	6974398
CP199728.1	6275467
CP163141.1	6574851
CP069333.1	6270234
CP147624.1	22229
CP114098.1	6256625
CP029095.1	1129
CP115215.1	6951289
CP137715.1	6270416
CP120883.1	6882958
AP040356.1	6858344
CP163155.1	6359292
CP159883.1	6931898
CP133754.1	452564
CP020602.1	36454
CP104585.1	103681
CP050329.1	6298009
CP078000.1	106679
CP133094.1	7051179
CP064396.1	44426
CP026680.1	6645227
AFXJ00000000.1	105770
AFXJ00000000.1	68840
AFXJ00000000.1	13241
AFXJ00000000.1	124256
AFXJ00000000.1	67868
AFXJ00000000.1	20548
AFXJ00000000.1	21124
AFXJ00000000.1	58581
AFXJ00000000.1	165464
AFXJ00000000.1	60467
AFXJ00000000.1	105048
AFXJ00000000.1	131581
AFXJ00000000.1	16583
CP034429.1	6258491
CP137490.1	6716928
CP199823.1	6237611
CP103790.1	6936159
CP158064.1	6703953
CP137509.1	34063
CP081479.1	51187
AP040352.1	6789524
CP158572.1	95283
CP171903.1	7198
CP176811.1	6734315
CP191353.1	35922
CP154350.1	3292
CP114071.1	6546665
CP063391.1	6634619
CP033832.1	7029824
CP083366.1	6868713
CP086013.1	2691
CP064391.1	6263669
CP171940.1	50116
CP196970.1	6551601
CP061034.1	6550149
LR130528.1	6493562
CP147557.1	6961640
LR130527.1	6451470
CP032569.2	6876113
CP114096.1	6426130
CP104587.1	426499
CP027174.1	7012922
CP135100.1	13799
CP115237.1	6812006
CP124670.1	6374511
CP129519.1	6264189
CP061699.1	6534364
CP147619.1	6488358
CP124665.1	6474081
CP131615.1	413844
CP131790.1	2783
CP054472.1	6390212
CP070469.1	1417
JBQJKB000000000.1	9029
JBQJKB000000000.1	143252
JBQJKB000000000.1	87663
JBQJKB000000000.1	64906
JBQJKB000000000.1	232601
JBQJKB000000000.1	31820
JBQJKB000000000.1	7250
JBQJKB000000000.1	7410
JBQJKB000000000.1	63099
JBQJKB000000000.1	102163
JBQJKB000000000.1	59749
JBQJKB000000000.1	19086
JBQJKB000000000.1	128642
JBQJKB000000000.1	87658
JBQJKB000000000.1	37100
CP065966.1	6842475
CP127121.1	6301347
CP116228.1	6557984
CP173132.1	6558666
CP089061.2	6441146
CP028917.1	6867314
CP195633.1	6923745
CP120858.1	6927849
CP077981.1	6399185
CP041354.1	6527298
CP137487.1	6844033
CP137514.1	6702942
CP171928.1	6925182
CP086065.1	60312
CP124630.1	770
CP110351.1	6536263
CP012679.1	6500439
JBQGPN000000000.1	123335
JBQGPN000000000.1	12321
JBQGPN000000000.1	90897
JBQGPN000000000.1	36990
JBQGPN000000000.1	36649
JBQGPN000000000.1	92882
JBQGPN000000000.1	51855
JBQGPN000000000.1	119308
JBQGPN000000000.1	2813
JBQGPN000000000.1	68966
JBQGPN000000000.1	14490
JBQGPN000000000.1	6450
CP115264.1	193501
CP114080.1	6296766
CP069326.1	6270090
CP171919.1	6951166
CP199777.1	6405146
CP133095.1	448610
CP195907.1	6961963
CP080007.1	6330096
CM128660.1	6512685
CP094851.1	6351172
CP081202.1	7182635
CP158051.1	7059884
CP199803.1	6668182
CP199828.1	128988
CP101325.1	6343532
JBRYYR000000000.1	219193
JBRYYR000000000.1	45459
JBRYYR000000000.1	11756
JBRYYR000000000.1	118879
JBRYYR000000000.1	84028
JBRYYR000000000.1	198568
JBRYYR000000000.1	26364
JBRYYR000000000.1	4906
JBRYYR000000000.1	1199
JBRYYR000000000.1	66188
JBRYYR000000000.1	32666
JBRYYR000000000.1	92347
JBRYYR000000000.1	4548
CP096939.1	33003
CP158061.1	446581
CP171923.1	6982970
CP140111.1	6858055
CP138326.1	7352680
CP104901.1	7282144
CP109844.1	6575888
CP115242.1	6719167
CP199858.1	6814061
CP053747.1	6944358
CP143649.1	7003428
CP086012.1	2519
CP199782.1	6907481
CP171906.1	6909566
CP137562.1	6830322
CP040684.1	6756154
CP124640.1	1819
CP199772.1	6405290
CP077994.1	6954156
AP040358.1	7033254
CP029090.1	7267567
CP166818.1	347738
CP114072.1	6950559
CP050057.1	2785
CP060006.1	426027
CP172306.1	6829274
CP030913.1	6868832
CP171890.1	6969876
CP050328.1	6052044
CP143906.1	6892720
CM125796.1	6845534
CP028849.1	6481697
CP187733.1	41101
CP086064.1	6961059
CP166822.1	444414
CP173151.1	6309761
CP071949.1	153270
CP116934.1	6930946
CP084322.1	463412
CP039294.1	414954
CP124647.1	1297
CP097709.1	7046937
CP143898.1	6716160
CP118566.1	6795494
JBRONN000000000.1	7970
JBRONN000000000.1	103830
JBRONN000000000.1	13461
JBRONN000000000.1	88819
JBRONN000000000.1	13322
JBRONN000000000.1	2509
JBRONN000000000.1	64029
JBRONN000000000.1	24309
JBRONN000000000.1	87673
JBRONN000000000.1	257057
JBRONN000000000.1	68988
JBRONN000000000.1	19518
JBRONN000000000.1	145760
JBRONN000000000.1	42915
JBRONN000000000.1	39115
JBRONN000000000.1	41008
CP125361.1	7001200
CP115232.1	6464048
CP060004.1	6837681
CP097845.1	54029
JBSMJA000000000.1	16924
JBSMJA000000000.1	28845
JBSMJA000000000.1	50507
JBSMJA000000000.1	105895
JBSMJA000000000.1	40306
JBSMJA000000000.1	29755
JBSMJA000000000.1	136412
JBSMJA000000000.1	39778
JBSMJA000000000.1	23009
JBSMJA000000000.1	29416
JBSMJA000000000.1	78686
JBSMJA000000000.1	19660
JBSMJA000000000.1	118387
CP033771.1	6928914
CP078007.1	6559545
CP008857.1	7273258
CP115246.1	6675537
CP137518.1	62561
CP115290.1	46854
CP054787.1	6843992
CP181208.1	6796548
CP082823.1	7173620
CP013696.1	6431911
CP115299.1	6355870
CP115284.1	6967870
CP173135.1	6597483
CP093965.1	6381849
CP147625.1	6948784
CP115291.1	6478778
CP016214.1	6430493
CP115236.1	6558
CP054623.1	6552683
CP030912.1	7106857
CP115208.1	6623485
CP077972.1	71164
CP115197.1	229611
CP121766.1	7082165
CP080405.1	6385154
CP115293.1	6858110
AP031604.1	6398572
CP158065.1	52345
CP040126.1	395774
CP199797.1	7188348
CP021775.1	7241575
CP029605.1	7097241
CP060243.1	7087087
CP115298.1	6621869
CP065413.1	49654
CP171897.1	6939997
CP171916.1	756147
CP050330.1	6386887
CP159842.1	449377
CP063396.1	6634620
CM130021.1	6864670
AP040338.1	6817956
CP092629.1	6321272
CP077998.1	40874
AP017302.1	6897018
CP115193.1	6526457
CP017969.1	6723378
CP079758.1	6245940
CP050056.1	4786
CP089062.2	6369958
CP114073.1	7097679
CP166031.1	6319516
CP152077.1	3179
CP194329.1	7056741
CP097558.1	177192
CP027166.1	7162784
CP171941.1	27984
CP090649.1	6812555
CP141683.1	7041100
CP010555.1	6712339
LN870292.1	6212531
CP191361.1	114305
CP096207.1	6885256
CP157460.1	6769031
CP187268.1	6272573
CP107029.1	6504256
OX638611.1	179283
CP128505.1	6429397
CP114069.1	6258988
CP051547.1	6288195
CP069332.1	6268635
CP123953.1	7299968
CP124632.1	7290539
CP115267.1	6756145
CP077976.1	2953
CP147623.1	8046
CP118640.1	49064
CP065865.1	7157191
CP089066.2	47495
CP115263.1	6418168
CP099798.1	6276485
CP114104.1	6270495
CP124642.1	36824
CP199840.1	169692
CP064398.1	49370
CP114112.1	6315790
CP063389.1	6705722
CP096931.1	50754
CP013245.1	6400418
CP124659.1	526642
CP199801.1	28517
LT673656.1	6288645
CP114110.1	6439600
CP030351.1	6303875
CP178225.1	7021937
CP025053.1	6434352
CP137512.1	6796834
CP116229.1	474030
CM131228.1	6868833
CP173120.1	48510
CP077988.1	6612129
CP174500.1	6485617
CP064393.1	6804022
CP064394.1	29640
CP096941.1	6918147
CP114106.1	6309190
CP149513.1	7009390
CP163146.1	6670806
CP114094.1	6225249
CP096938.1	27975
AP014646.1	6850954
CP128506.1	6392724
CP185403.1	136246
CP173139.1	6538014
JBRXYX000000000.1	94421
JBRXYX000000000.1	29320
JBRXYX000000000.1	299824
JBRXYX000000000.1	98160
JBRXYX000000000.1	45315
JBRXYX000000000.1	65418
JBRXYX000000000.1	16125
JBRXYX000000000.1	54325
JBRXYX000000000.1	77457
JBRXYX000000000.1	79215
JBRXYX000000000.1	36451
JBRXYX000000000.1	95923
JBRXYX000000000.1	66119
JBRXYX000000000.1	1333
JBRXYX000000000.1	22235
JBRXYX000000000.1	36449
JBRXYX000000000.1	43770
JBRXYX000000000.1	29464
CP124633.1	82465
CP015377.1	7021552
CP024024.1	7130555
CP077978.1	397554
CP115239.1	6385500
CP011317.1	7497593
CP124650.1	1992
CP007399.1	6603099
CP096822.1	6672385
CP116716.1	24068
CP115257.1	6628136
LR890619.1	6270455
CP116717.1	7165834
CP093031.1	6949128
CP137499.1	3217
CP124660.1	7153669
CP094852.1	52416
CP008870.2	6791731
CP054794.1	6562965
CP104866.1	6832860
CP132995.1	6637463
CP060241.1	6325392
CP172854.1	6459610
CP102174.1	6902250
CP078006.1	7144260
CP129685.1	7156771
CP195762.1	6592422
CP024631.1	46627
CP078008.1	28700
CP093020.1	6720071
CP149578.1	6275045
CP131780.1	7128425
CP117749.1	6777049
CP099797.1	6217942
CP093014.1	6349913
CP115258.1	6472939
CP054789.1	6763191
CP015002.1	6928736
CP133756.1	522477
CP110368.1	6433752
CP106784.1	6553815
CP173141.1	7118680
CP131782.1	7006387
CP037925.1	6373139
CP147618.1	6488214
CP163143.1	6868282
CP115224.1	6805380
CP156941.1	7078966
CP120707.1	7088996
CP081348.1	478017
CP156996.1	6268401
CP095774.1	6868005
CP151176.1	501042
CP012583.1	6681981
CP053706.1	7564383
CP199781.1	154433
CP092634.1	6349540
CP151537.1	6497418
CP113532.1	6432043
CP111033.1	177374
CP199792.1	6888276
CP180595.1	6898883
CP199765.1	6700053
CP033833.1	6999770
CP123956.1	2782
CP171955.1	6805634
JBRETH000000000.1	134472
JBRETH000000000.1	10612
JBRETH000000000.1	3784
JBRETH000000000.1	22114
JBRETH000000000.1	71276
JBRETH000000000.1	73539
JBRETH000000000.1	58444
JBRETH000000000.1	8335
JBRETH000000000.1	69982
JBRETH000000000.1	189159
JBRETH000000000.1	32632
JBRETH000000000.1	31870
JBRETH000000000.1	5125
JBRETH000000000.1	18255
JBRETH000000000.1	31031
JBRETH000000000.1	13550
JBRETH000000000.1	98237
JBRETH000000000.1	6840
JBRETH000000000.1	33218
JBRETH000000000.1	13430
JBRETH000000000.1	14707
JBRETH000000000.1	78751
CP061780.1	6734601
CP093357.1	6666693
CP129997.1	6524508
CP147622.1	6948796
CP120884.1	26618
CP193907.1	6316548
CP159844.1	16533
CP008867.1	6322459
CP014948.1	6370730
CP086014.1	412187
CP069329.1	6267105
CP124637.1	57117
CP151545.1	33083
CP150133.1	54567
CP120705.1	6955381
CP029707.1	7038012
CP096937.1	6582575
CP142601.1	6369381
CP116725.1	7057974
CP180596.1	6898890
CP095923.1	6558391
CP096915.1	130277
CP187273.1	6429982
CP198993.1	6522294
CP158574.1	2953
CP159884.1	58873
CP080011.1	6719415
CP171891.1	49647
CP097383.1	7010374
CP113106.1	6830555
CP199764.1	6954734
CP137507.1	6690813
CP054843.1	6904218
CP039988.1	6782092
CP071947.1	6390970
CP027171.1	6747010
CP173145.1	6789470
CP104254.1	6677289
CP116715.1	7012556
JBRXZF000000000.1	84500
JBRXZF000000000.1	46274
JBRXZF000000000.1	24504
JBRXZF000000000.1	17728
JBRXZF000000000.1	40383
JBRXZF000000000.1	68253
JBRXZF000000000.1	7189
JBRXZF000000000.1	63992
JBRXZF000000000.1	24478
JBRXZF000000000.1	15485
JBRXZF000000000.1	27323
JBRXZF000000000.1	40436
JBRXZF000000000.1	270463
JBRXZF000000000.1	4239
JBRXZF000000000.1	75787
JBRXZF000000000.1	21937
JBRXZF000000000.1	29976
JBRXZF000000000.1	12272
JBRXZF000000000.1	166358
CP166026.1	6769605
CP137494.1	1794
CP115260.1	6811095
CP004055.1	6309305
AAQW01000001.1	247831
AAQW01000001.1	43123
AAQW01000001.1	91046
AAQW01000001.1	19632
AAQW01000001.1	99430
AAQW01000001.1	125987
AAQW01000001.1	26226
AAQW01000001.1	171360
AAQW01000001.1	229
AAQW01000001.1	134201
AAQW01000001.1	58380
AAQW01000001.1	9476
AAQW01000001.1	3094
AAQW01000001.1	35430
AAQW01000001.1	37894
AAQW01000001.1	123306
CP199817.1	12158
CP050324.1	6414921
CP177227.1	6399073
CP002496.1	6327754
CP171932.1	48878
CP097560.1	7345639
CP077985.1	6700502
OX638565.1	178483
CP025052.1	59923
CP078005.1	64631
CP093966.1	6259099
CP144289.1	7330817
CP129687.1	6767841
CP171917.1	2986
CP008868.1	6456866
CP137497.1	49266
AP040347.1	6819385
CP171892.1	6907044
CP124656.1	52756
CP029708.1	4440
CP174534.1	64796
CP118641.1	6931140
CP104913.1	6264404
CP199827.1	6271205
CP064401.1	6974425
CP078011.1	2953
CP199800.1	6662818
CP166914.1	46067
CP199861.1	60796
CP140112.1	518222
CP106745.1	6396161
CP157085.1	6281640
CP096928.1	416743
CP104871.1	453250
CP124638.1	6549656
CP114078.1	7087284
CP081349.1	42487
CP173021.1	7226944
CP199791.1	6907445
CP199820.1	53478
CP133752.1	179608
CP143357.1	6964336
CP124639.1	36824
CP133096.1	53919
CP172858.1	6254301
CP181747.1	321780
CP080518.1	6382345
CP137714.1	6274395
CP097256.1	6355621
CP096936.1	59015
CP145611.1	6376100
CP171922.1	6976168
CP199802.1	6762369
CP114095.1	6345984
CP093395.1	6534898
CP158573.1	48974
CP194328.1	6424851
CP173119.1	6408360
CP115273.1	6967501
AP040344.1	6788762
CP173126.1	7012748
CP104865.1	6203666
CP199778.1	128989
AP040341.1	6851071
AP024513.1	6411763
CP173133.1	6503323
CP137501.1	49266
CP069324.1	6255746
CP166817.1	6837532
CP070467.1	6754571
CP093356.1	6895810
CP077995.1	62848
CP171943.1	6739681
CP104590.1	7094521
CP032761.1	7030474
CP139424.1	6988579
CP181746.1	6828862
LR130531.1	6452809
CP166024.1	6759240
CP017306.1	6334472
CP120859.1	7316070
CP192303.1	7149282
CP172856.1	6655210
CP050334.1	6229931
CP116722.1	7262764
CP115281.1	75659
CP116720.1	7055952
CP104586.1	6757988
CP065418.1	40937
CP118565.1	6447198
CP129995.1	432097
LT608330.1	6541482
JBRXZG000000000.1	81094
JBRXZG000000000.1	29439
JBRXZG000000000.1	73240
JBRXZG000000000.1	74441
JBRXZG000000000.1	24755
JBRXZG000000000.1	44603
JBRXZG000000000.1	643
JBRXZG000000000.1	53673
JBRXZG000000000.1	187543
JBRXZG000000000.1	32687
JBRXZG000000000.1	5677
JBRXZG000000000.1	634
JBRXZG000000000.1	443
JBRXZG000000000.1	76325
JBRXZG000000000.1	105104
JBRXZG000000000.1	3444
JBRXZG000000000.1	8976
JBRXZG000000000.1	104350
JBRXZG000000000.1	41637
JBRXZG000000000.1	76762
JBRXZG000000000.1	129801
JBRXZG000000000.1	19015
JBRXZG000000000.1	82517
CP008872.2	6348761
CP171271.1	6533470
CP114079.1	6558920
CP172860.1	6392455
CP135098.1	6790832
CP120704.1	6756543
CP171949.1	6326671
AFXK01000001.1	74062
AFXK01000001.1	42710
AFXK01000001.1	20854
AFXK01000001.1	62236
AFXK01000001.1	67430
AFXK01000001.1	8336
AFXK01000001.1	37607
AFXK01000001.1	9340
AFXK01000001.1	91161
AFXK01000001.1	71256
AFXK01000001.1	57119
AFXK01000001.1	32542
AFXK01000001.1	59375
AFXK01000001.1	11680
AFXK01000001.1	108522
AFXK01000001.1	6456
AFXK01000001.1	4384
AFXK01000001.1	16262
CP008869.2	6808844
CP181743.1	48175
CP090648.1	6596388
LR898867.1	6931859
CP114108.1	6261909
CP192306.1	1940
CP199844.1	6191689
CP171937.1	3014
CP127123.1	6279641
CP134695.1	7044507
CP058331.1	6490021
CP140515.1	7158384
CP116718.1	6953400
CP080290.1	41938
CP116935.1	6978549
CP137504.1	6967382
CP104584.1	6949333
CP131783.1	6885412
CP061778.1	6878937
CP166819.1	6834796
CP054844.1	7043467
CP192625.1	1194
CP069335.1	6330120
CP157086.1	6275199
CP181089.1	6877277
CP159887.1	6233938
CP129405.1	517764
LR739068.1	6621209
CP086017.1	50936
CP114092.1	6463265
CP023316.1	6930893
CP143646.1	6999091
CP137488.1	10248
CP181555.1	50370
CP006931.1	6725183
LR130534.1	6931425
CP013113.1	6504659
CP173023.1	7007249
CP004054.2	6498072
CP052759.1	6680465
CP083367.1	318215
CP114082.1	6375136
CP124631.1	6402
CP053922.1	6496756
CP159841.1	6913846
CM125435.1	6351666
CP171896.1	2027
CP054790.1	6886775
CP070471.1	6847382
CP199818.1	6528949
CP031659.1	6546467
CP096932.1	6743125
CP115285.1	6767776
CP163153.1	6846166
CP115276.1	6595088
CP115278.1	6765435
CM121137.1	7100829
CP061376.1	6388691
CP096934.1	6850748
CP125362.1	38558
CP115240.1	192539
CP192211.1	6541492
AP040353.1	6323343
CP163145.1	6948350
CP185402.1	6710147
CP171963.1	436442
AFXK00000000.1	74062
AFXK00000000.1	42710
AFXK00000000.1	20854
AFXK00000000.1	62236
AFXK00000000.1	67430
AFXK00000000.1	8336
AFXK00000000.1	37607
AFXK00000000.1	9340
AFXK00000000.1	91161
AFXK00000000.1	71256
AFXK00000000.1	57119
AFXK00000000.1	32542
AFXK00000000.1	59375
AFXK00000000.1	11680
AFXK00000000.1	108522
AFXK00000000.1	6456
AFXK00000000.1	4384
AFXK00000000.1	16262
CP008861.1	6836415
CP027176.1	1350
CP063393.1	6634606
CP150884.1	59345
CP077992.1	35358
CP037874.1	4817234
CP051323.1	4074
CP050775.1	4234
CP147900.1	91297
CP066852.1	37718
CP113536.1	4855728
CP053873.1	86908
CP157387.1	4659977
CP032387.1	4844293
CP148842.1	5873
CP033089.1	59373
CP016573.1	4751453
CP180713.1	4673668
CP045759.1	4726556
CP065116.1	3171
CP100703.1	149266
CP041006.1	93933
CP043510.1	4657
CP016577.1	2246
CP140742.2	4799886
CP171170.1	5320
CP149361.1	98952
CP033090.1	4676321
CP091575.1	65271
CP121066.1	4850920
CP197160.1	95631
CP129387.1	58960
CP007261.1	4678418
CP075115.1	4568154
CP014536.1	4912959
CP003417.1	37581
CP101382.1	4958087
CP091547.1	5021524
CM127799.1	4753985
CP029942.1	4786232
CP016563.1	4751227
CP025233.1	60586
CP130079.1	4267
CP149387.1	4593
CP171171.1	4707676
CP085816.1	4713759
CP050781.1	4234
CP051329.1	5033061
CP104480.1	44362
CP033349.2	33309
CP007286.2	4685848
CP044184.1	4856104
AP023290.1	4957303
CP061159.1	4725087
CP013097.1	4676329
CP029889.1	106706
CP007599.1	39599
CP034698.1	4768681
CP117328.1	114639
CP084533.1	59372
CP043402.1	4869252
CP039604.1	90972
CP077708.1	96045
CP007540.2	4488371
CP044201.1	11045
CP050733.1	4593
CP160187.1	3372
CP104488.1	4806677
CP019416.1	4691807
CP017729.1	93826
CP022454.1	17636
CP014661.1	4700848
CP160165.1	4869173
CP149158.1	1924
CP087559.1	4783876
CP039493.1	4726500
CP197137.1	98067
CP061045.1	4817809
CP149177.1	100887
CP103771.1	4952513
CP090143.1	53329
CP149316.1	9186
CP030001.1	4251
CP196403.1	109445
CP051322.1	278418
CP038596.1	27788
CP149320.1	4926557
CP097852.1	2097
CP045948.1	4251
CP038601.1	4804514
CP184869.1	4739519
CP149305.1	6863
CP168218.1	255759
CP131772.1	6115
CP173374.1	59370
CP185380.1	4679634
AP026682.1	2495
CP018638.1	95773
CP014965.1	4799398
CP115551.1	5023030
CP149246.1	4966707
CP149206.1	4981642
CP020494.1	54067
CP022064.2	109170
CP149432.1	4750116
CP180716.1	4673782
CP065080.1	4919676
CP087490.1	61547
CP149164.1	214434
CP120396.1	4833474
CP039558.1	4783087
CP131748.1	59372
CP087526.1	31706
CP007507.1	4678926
CP101374.1	33309
CP061127.1	254873
CP085703.1	4062
CP061124.1	4971941
CP012985.1	4958254
CP148802.1	325704
CP186702.1	2442
CP065093.1	3172
CP009093.1	4702741
CP025245.1	111814
CP116616.1	4624151
CP150501.1	4747093
CP063296.1	102507
CP040574.1	84498
CP184879.1	4679986
CP047553.1	4996725
CP014660.1	9323
CP030175.1	4822474
CP016568.1	98998
CP029939.1	215792
CP160166.1	93832
CP167160.1	5728
CP029910.1	217083
CP148825.1	4903
CP061050.1	4817841
CP100681.1	4072
CP167167.1	4617305
CP129386.1	94398
CP023438.1	51931
CP039571.1	4418
CP087479.1	4678693
CP030289.1	117908
CP117035.1	133901
CP015024.2	4798531
CP145805.1	7621
CP149234.1	245275
CP194844.1	4685138
CP133400.1	4657
CP133185.1	100887
CP087519.1	4877150
OU015323.1	5108534
CP039278.1	28751
CP149141.1	62540
CP019201.1	4756014
CP178918.1	4845571
CP197153.1	229371
CP077701.1	26022
OX442406.1	5087
CP012931.1	236176
CP023437.1	60923
CP039856.1	4980672
CP117347.1	178387
CP098835.1	241147
CP177305.1	4067
CP020101.1	4760321
CP004026.1	24012
CP087504.1	96461
CP087543.1	4753937
CP029924.1	217512
CP120392.1	4780113
CP117378.1	4831316
CP029853.1	4829489
CP067078.1	4714141
CP093445.1	4957438
CP148879.1	5555
CP045458.1	4641662
CP030189.1	5350
CP051417.1	10910
CP033346.1	109917
CP130126.1	4866971
CP159769.1	4966201
CP193950.1	4687002
CP117321.1	1316
CP149383.1	93844
CP071392.1	5284
CP019200.1	34175
CP156717.1	179898
CP030191.1	111887
CP016569.1	4751746
CP149302.1	4593
CP032392.1	74461
CP148831.1	4903
CP101369.1	4920434
CP002615.1	93277
CP034480.1	93832
CP029029.1	4634278
CP149313.1	120144
CP168964.1	76317
CP122301.1	4679690
CP104641.1	4719041
LT905064.1	4765638
CP044968.1	245071
CP001119.1	3373
CP101379.1	4999786
CP133285.1	49548
CP038594.1	33103
CP101689.1	4837568
CP039170.1	278377
CP014666.2	4635697
CP007258.1	4678618
CP196702.1	107357
CP006876.1	4762840
CP080094.1	33310
CP002487.1	4878013
CP149153.1	4473
CP050711.1	59372
CP067082.1	4664088
CP069167.1	217773
CP030207.1	4844554
CP022498.1	31173
CP091628.1	6432
CP176650.1	5320401
CP149211.1	93844
CP029933.1	4782854
CP101386.1	4973602
CP046430.1	83365
CP045752.1	81815
CP035549.1	88898
CP151083.1	185309
CP149198.1	4981718
LN649235.1	4710675
CP039492.1	81941
CP051376.1	3829
CP173294.1	76961
CP016505.1	2096
CP130075.1	2569
CP100692.1	11080
LT905063.1	4795199
CP068696.1	4905024
CP160182.1	93844
CP025239.1	96768
CP022019.1	4626699
CP117186.1	2525
CP067398.1	93938
CP032491.1	164229
CP051331.1	4018
CP117353.1	74850
CP117330.1	64283
CP008928.1	4678927
CP117313.1	6988
CP026714.1	59333
CP051367.1	49582
CP015923.1	4841916
CP047424.1	4828570
CP050766.1	3916
CP149381.1	93850
CP054827.1	4669238
CP093409.1	3373
CP065103.1	47397
CP092002.1	4820
CP069519.1	128163
CP015158.1	93829
CP191499.1	6477
CP085809.1	4790182
LN890523.1	82119
CP047525.1	5002876
AP026953.1	6115
CP050753.1	4995493
CP019403.1	4801658
CP117362.1	4844175
CP051326.1	2470
CP173292.1	4787034
CP010283.1	4858179
CP117337.1	150540
CP121075.1	4679202
CP100725.1	64326
CP117369.1	73152
CP007253.1	4683803
CP011288.1	4779347
CP102199.1	306822
CP176560.1	93997
CP173299.1	34207
AP019693.1	4096
CP100727.1	6080
CP005391.2	37679
CP016570.1	2246
CP102740.1	85309
CP194281.1	2121
CP051332.1	330859
CP030205.1	33467
CP014537.1	93844
CP033342.1	56636
LN890524.1	4966880
CP051400.1	183507
CP133423.1	101760
CP089795.1	4884180
CP087514.1	35639
CP045957.1	41464
CP131750.1	286967
CP029904.1	4807430
CP140405.1	4719085
CP018654.1	33784
CP048775.1	4813284
CP018641.1	59371
CP017972.1	4598213
CP029932.1	4783092
CP038611.1	2244
CP100736.1	4801266
CP117396.1	4805118
CP194322.1	1983
CP018636.1	59373
CP148789.1	4733505
CP182628.1	45040
CP014968.1	94016
CP033383.2	34764
CP006602.1	4822189
CP117399.1	54292
CP148832.1	4727134
CP077703.1	85811
CP160150.1	4781126
CP131749.1	4802414
CP136143.1	64327
CP060513.1	254662
CP117244.1	4870254
CP051346.1	4763422
CP160172.1	59371
CP065064.1	33309
CP117382.1	4804926
CP012397.1	116939
LT906491.1	215784
CP051364.1	107602
OU015330.1	69651
CP051396.1	4841659
CP074259.1	4710942
CP051333.1	4091
CP075131.1	26158
CP160181.1	4854233
CP160173.1	4677876
CP043216.1	37697
CP117324.1	5919
AP023302.1	7257
CP154886.1	5211
CP008925.1	4602439
CP025276.1	4622297
CP173312.1	4793236
CP129974.1	4691380
CP182622.1	8903
CP149470.1	85925
CP098833.1	3372
CP194304.1	63589
CP117317.1	4826647
CP032306.1	22857
CP150372.1	58519
CP014051.2	4857490
CP014967.1	4906321
CP003786.1	4623089
CP029837.1	93657
CP193939.1	318536
CP022500.1	4782363
CP058808.1	3752
CP025455.1	96532
CP191517.1	299435
CP016010.1	4833991
CP160155.1	4674538
CP094333.1	109070
CP029930.1	4782608
CP029922.1	4782083
CP149342.1	5310
CP133487.1	4908742
CP022503.1	4940239
CP149301.1	6863
CP050728.1	4962482
CP100745.1	299493
CP039606.1	4697
CP193977.1	318006
CP063705.1	4736564
CP067084.1	2264
CP197163.1	4992217
CP103791.1	4632120
CP149220.1	9812
CP120838.1	64327
CP168929.1	5006913
CP045517.1	86794
CP050714.1	59372
AP023306.1	4916898
CP030794.1	4685707
CP195824.1	94857
CP173645.1	45220
CP025446.1	4794633
CP045757.1	4726556
CP140788.1	59138
CP051405.1	99003
CP022036.1	93727
CP133286.1	4911285
CP043667.1	4851336
CP033358.1	5431
CP044963.1	4072
CP117192.1	4018
CP120330.1	52319
CP149330.1	4197
CP116043.1	40085
CP027677.1	4887378
CP016838.1	341373
CP126181.1	4074
CP121297.1	4578573
CP045465.1	4813791
CP091567.1	33309
CP104819.1	2044
CP190249.1	5423
CP023167.1	254041
CP102756.1	4905153
CP149168.1	228305
CP160149.1	4806664
CP171169.1	4340
CP030209.1	4805225
CP147907.1	4729550
LT905140.1	4793405
CP044190.1	120390
CP149405.1	4593
CP173653.1	4809021
CP029916.1	106706
CP036166.1	4808491
CP197151.1	2419
CP001137.1	37978
CP141947.1	4963575
CP044204.1	60896
CP149294.1	4894637
CP091629.1	4267
CP195667.1	87928
CP087557.1	35751
CP075112.1	4796034
CP029594.1	94034
CP053048.1	4865042
CP121189.1	4998300
CP014356.1	4916170
CP104825.1	4677
CP029035.1	4694397
CP169345.1	111849
CP104809.1	6477
CP129389.1	4779
CP027680.1	10047
CP067339.1	4870262
CP065567.1	4972399
CP133287.1	42423
CP149180.1	4888079
CP129630.1	4770057
CP196754.1	4677442
CP131768.1	4783705
CP022453.1	38911
CP025449.1	4763925
CP129211.1	1939
OX442412.1	5014670
CP028151.1	4668875
CP149239.1	5016552
CP028156.1	56636
CP193972.1	69189
CP069166.1	4875539
CP077761.1	88418
CP039273.1	6237
OU943336.1	4796602
CP029838.1	93798
CP029870.1	4795465
CP037879.1	4984391
CP065086.1	3373
CP017974.1	4773383
CP060671.1	109445
CP065119.1	101018
CP149319.1	58440
CP100697.1	78306
CP100722.1	4750785
CP104816.1	5192560
OY754831.1	133900
CP035547.1	4863742
CP127343.1	5019577
CP014970.1	94014
CP130128.1	4054
CP051395.1	155923
CP140780.1	60200
CP016531.1	37697
CP149402.1	4593
AP023314.1	99131
CP029993.1	4593
CP075140.1	5084052
CP022495.1	236555
CP039496.1	4726555
CP133279.1	274597
CP101383.1	257067
CP039560.1	93838
CP009088.1	4677619
CP087483.1	4782444
CP075373.1	250232
CP007584.2	4844415
CP191516.1	5227724
CP016867.1	3223
CP148805.1	4903
CP050764.1	4858857
CP126142.1	29336
CP130274.1	4871054
CP040699.1	4709901
CP007333.2	4685848
CP149249.1	10926
CP169513.1	4727410
CP025275.1	125113
CP171168.1	4096
CP148880.1	4603387
CP195825.1	92900
CP172825.1	4636928
CP103772.1	85991
AP023304.1	4979412
CP100726.1	24484
CP074093.1	93933
CP117363.1	84245
CP133428.1	45040
CP194309.1	63589
CP140789.1	23819
CP039565.1	4815188
CP193959.1	307317
CP149277.1	3830
CP085799.1	4712297
CP063708.1	4685812
CP004088.1	35297
CP149469.1	85413
CP027412.1	4776422
CP102761.1	2058
CP091627.1	252013
CP060515.1	5017156
CP149265.1	19583
CP145804.1	4940590
CP149170.1	4473
CP104832.1	5055
CP149216.1	5072373
CP061046.1	81781
CP182130.1	39264
CP179912.1	3483
CP028171.1	4277
CP173637.1	59370
CP050782.1	3372
CP075136.1	26158
CP149367.1	94672
CP051362.1	3848
CP136401.1	93924
CP117334.1	62867
CP091620.1	172729
CP100691.1	4977701
CP045956.1	4642207
CP029036.1	4794849
CP011434.1	4248
CP133438.1	4717402
CP092911.1	4898114
CP168932.1	4700868
CP120328.1	285079
CP018633.1	4661885
CP117305.1	4845736
CP029037.1	319930
AP023303.1	5015241
CP007211.2	4667713
CP016504.1	4751442
CP014969.1	4936894
CP045949.1	4865665
CP064386.1	93933
CP133432.1	4685645
CP101372.1	5245093
CP029908.1	4778864
CP149203.1	4858902
CP020922.1	4882599
CP030795.1	33304
CP016866.1	4675
CP047537.1	4917130
CP029869.1	91891
CP117185.1	65644
CP022501.1	1857
CP005389.2	110363
CP173655.1	59382
CP090139.1	53329
CP029890.1	4791587
CP100693.1	4723189
CP012833.1	4651400
OZ261658.1	176501
CP060672.1	4681475
CP036168.1	4930312
CP039470.1	81940
CP017970.1	4593026
CP087520.1	31706
CP006048.1	4859931
CP130275.1	146167
CP029989.1	5361355
CP182125.1	41244
CP009089.1	4710936
CP029877.1	217083
CP047540.1	4972293
CP149327.1	5010717
CP100672.1	48530
CP117343.1	4843892
CP007283.2	4685848
CP092001.1	5649
CP117695.1	1888
CP173297.1	106607
CP104830.1	232591
CP117344.1	86282
CP041183.1	4752859
CP117184.1	5021895
CP085792.1	4713627
CP149233.1	4975829
CP019199.1	59062
OZ261657.1	4939870
CP022068.1	19849
CP162123.1	82081
CP051379.1	224721
CP065082.1	4919588
CP029879.1	214596
CP117385.1	100527
CP160177.1	12656
CP012922.1	37697
CP149279.1	225790
LN868943.1	3746274
CP029931.1	216915
CP074098.1	4858033
CP016526.1	261310
CP157389.1	2331
CP018658.1	94039
CP178588.1	4784476
CP040563.1	3609
CP040649.1	7180
CP029926.1	217120
CP140782.1	74492
CP126140.1	4679297
CP040644.1	4680325
CP029865.1	106706
CP194321.1	2121
CP016525.1	4751375
CP053870.1	4881794
CP160062.1	185943
CP045831.1	4744949
CP136144.1	24484
CP014997.1	81966
CP034719.1	4766197
CP147904.1	4696517
CP194288.1	4841095
CP039609.1	2699
CP044181.1	4751364
CP107011.1	97817
AE014613.1	4791961
CP149297.1	4593
CP027678.1	284485
CP045063.1	4930420
CP043907.1	4870224
CP147899.1	4690379
CP149285.1	4994589
CP104482.1	4796592
CP148882.1	31251
CP051410.1	4744872
CP133283.1	3188
CM132593.1	4679995
CP133182.1	310238
OU015344.1	2089
CP160184.1	4800048
CP133214.1	111419
CP025218.1	4774550
CP051267.1	4815388
CP044961.1	5004306
CP016517.1	4751335
CP148823.1	309708
CP189855.1	74564
CP104829.1	4918080
CP030229.1	3028
CP071390.1	94574
CP184881.1	29336
JBRZML000000000.1	63096
JBRZML000000000.1	36276
JBRZML000000000.1	21820
JBRZML000000000.1	48479
JBRZML000000000.1	1226
JBRZML000000000.1	39326
JBRZML000000000.1	62065
JBRZML000000000.1	43502
JBRZML000000000.1	9593
JBRZML000000000.1	13345
JBRZML000000000.1	4651
JBRZML000000000.1	53856
JBRZML000000000.1	84652
JBRZML000000000.1	25901
JBRZML000000000.1	17695
JBRZML000000000.1	3402
JBRZML000000000.1	9444
JBRZML000000000.1	56991
JBRZML000000000.1	15291
JBRZML000000000.1	33107
JBRZML000000000.1	68630
JBRZML000000000.1	89554
CP148799.1	5871
CP117037.1	4066
CP032444.1	4732430
CP117333.1	66452
CP012346.1	4555576
CP065071.1	4649975
CP169514.1	295501
CP182128.1	4846004
CP023166.1	4792385
CP124524.1	4633
CP126184.1	1858
CP129385.1	108036
CP148792.1	5873
CP193956.1	4726432
CP133212.1	4942113
CP077706.1	4728023
CP064912.1	5234
CP037958.1	3373
CP149418.1	4858855
AP026681.1	3428
CP051397.1	191208
CP007246.1	4654156
CP011430.1	88949
CP087499.1	4670318
CP140751.2	4882716
CP091634.1	4682466
CP032493.1	4315
CP160152.1	4742157
CP039579.1	4903154
OU015331.1	2640
LN999997.1	5037238
CP128263.1	37697
CP148877.1	41528
CP085822.1	4713642
CP117303.1	6046
CP120319.1	59372
CP014621.2	4883499
CP017719.1	4765719
CP129110.1	4807678
CP058673.1	51521
CP162904.1	2097
CP065572.1	4887211
CP169350.1	4702218
CP160168.1	59866
CP029925.1	4786711
CP149205.1	93832
CP100704.1	93173
CP039860.1	4997600
CP091561.1	215225
CP104823.1	6762
CP161840.1	4840291
CP051353.1	4974390
CP040652.1	84296
CP038607.1	2244
CP121074.1	195026
CP177302.1	4710758
CP018643.1	118824
CP047547.1	250477
CP050763.1	190597
CP100710.1	4890321
CP060835.1	248180
CP149409.1	4858608
CP184882.1	4073
CP130106.1	4859311
CP011292.1	4779347
CP065108.1	4749987
CP119984.1	4727145
CP193961.1	307319
CP033360.1	4636747
CP185384.1	2096
CP063300.1	1718
CP016413.1	316160
CP129208.1	1939
CP101940.1	4837940
CP091613.1	4267
CP136646.1	59372
CP067085.1	1240
CP169319.1	1888
CP133204.1	570
CP075138.1	4881088
CP065099.1	3172
CP085797.1	4713617
CP030029.1	4855239
CP160186.1	4018
AP019692.1	4980580
CP082339.1	48502
AP024348.1	92251
CP085699.1	5004066
CP149140.1	4991154
CP149325.1	88961
CP050723.1	4679573
CP025453.1	4841410
CP117400.1	4913836
JBQUNO000000000.1	74328
JBQUNO000000000.1	22130
JBQUNO000000000.1	19869
JBQUNO000000000.1	1423
JBQUNO000000000.1	7629
JBQUNO000000000.1	6568
JBQUNO000000000.1	127113
JBQUNO000000000.1	30812
JBQUNO000000000.1	14666
JBQUNO000000000.1	28604
JBQUNO000000000.1	48592
JBQUNO000000000.1	35365
JBQUNO000000000.1	37229
JBQUNO000000000.1	46493
JBQUNO000000000.1	8503
JBQUNO000000000.1	3810
JBQUNO000000000.1	11768
JBQUNO000000000.1	45137
JBQUNO000000000.1	52205
JBQUNO000000000.1	309
JBQUNO000000000.1	22095
JBQUNO000000000.1	78224
JBQUNO000000000.1	75039
CP136645.1	4685819
CP017232.1	4679637
CP006056.1	166668
CP045463.1	48530
CP060853.1	251455
CP036165.1	4851542
CP149201.1	121863
CP019404.1	4849139
CP031360.1	2096
CP085796.1	4679287
CP087552.1	59372
CP030200.1	2174
CP012682.1	161461
CP120336.1	285072
CP061126.1	4937766
CP133200.1	2985
CP104493.1	3924
CP149364.1	18264
CP149396.1	4593
CP090136.1	4593
CP017971.1	4587202
CP149275.1	4995845
CP051392.1	282550
CP016409.1	322518
CP169510.1	310289
JBRXZJ000000000.1	99557
JBRXZJ000000000.1	34824
JBRXZJ000000000.1	22840
JBRXZJ000000000.1	3839
JBRXZJ000000000.1	73845
JBRXZJ000000000.1	8549
JBRXZJ000000000.1	115467
JBRXZJ000000000.1	5021
JBRXZJ000000000.1	54079
JBRXZJ000000000.1	181115
JBRXZJ000000000.1	52501
JBRXZJ000000000.1	18563
JBRXZJ000000000.1	28321
JBRXZJ000000000.1	15814
JBRXZJ000000000.1	78925
CP002489.1	86908
CP013223.1	3371
CP182119.1	41244
CP149410.1	93844
CP075122.1	4679656
CP041974.1	113858
CP149169.1	100887
CP012347.1	4694842
CP039446.1	321890
CP146847.1	4793104
CP009083.1	4678914
CP039475.1	95348
CP169340.1	98766
CP149156.1	100887
CP149399.1	4593
CP030220.1	159279
CP193974.1	317548
CP126328.1	48318
CP075132.1	4974631
CP148797.1	4727010
CP063294.1	4790379
CP168931.1	4825106
CP194290.1	5728
CP040458.1	4982919
CP168962.1	4787033
CP117339.1	146580
CP030004.1	4593
CP027679.1	177190
CP016516.1	98998
CP154881.1	4670535
CP037893.1	4768632
CP100733.1	161012
CP117306.1	3727
CP025451.1	4763929
CP138307.1	4861942
CP045511.1	54907
CP100711.1	77896
CP077711.1	4896516
CP149161.1	100887
CP016576.1	4751454
CP033352.2	4999270
CP092492.1	222126
CP091624.1	4690363
CP117393.1	3370
CP065127.1	10047
CP131758.1	104384
CP087551.1	4779850
LN890518.1	5062936
CP149296.1	5055
CP074092.1	4857450
CP019173.1	81409
CP051317.1	4862977
AP031399.1	4738978
CP018644.1	4686089
CP149328.1	88961
CP032395.1	164900
OU015343.1	4251
CP133566.1	59363
OU015341.1	133718
CP051415.1	3319
CP102829.1	50798
CP001363.1	4870265
CP051343.1	101468
CP098837.1	3554
CP133431.1	45040
CP070222.1	4859543
CP197159.1	4895007
CP051426.1	188725
CP193952.1	4726527
CP029919.1	4774558
CP043662.1	4903781
CP051335.1	159544
CP026660.1	4698699
CP038433.1	94009
CP014665.1	4751034
CP193981.1	317548
CP117314.1	6047
CP149146.1	4988414
CP173313.1	90362
CP063291.1	59372
CP149149.1	4473
CP100713.1	4657
CP037875.1	247701
CP149468.1	4759972
CP091622.1	4659429
CP194265.1	5728
CP097850.1	4018
CP104492.1	8873
CP039515.1	2450
CP133433.1	59372
CP075107.1	4484627
CP065114.1	9007
CP145440.1	44512
CP100684.1	3172
CP148818.1	4727122
CP033387.2	4760689
CP101647.1	4809621
CP085702.1	4081
CP044179.1	35315
CP073717.1	3904
CP091573.1	86718
OY754832.1	6659
CP091607.1	4690407
CP149372.1	93850
CP193980.1	4727133
CP007271.2	4685848
CP043214.1	4751368
CP075133.1	124149
CP044958.1	247576
CP041179.1	4775876
CP104638.1	4825930
CP060525.1	2096
CP194847.1	110273
CP051372.1	4644025
CP125221.1	64327
CP040686.1	5031277
CP012091.1	4793553
CP123662.1	46121
CP159173.1	6477
CP160160.1	3373
CP060674.1	4681460
CP054465.1	3829
CP149228.1	5031138
CP127344.1	167813
AP023310.1	229829
CP149351.1	115680
CP194285.1	5728
CP173304.1	7877
CP047538.1	329730
CP131756.1	4060
CP085802.1	4713643
CP120324.1	37699
CP131753.1	4871581
CP087482.1	59372
CP087502.1	35750
CP149289.1	100887
AP026957.1	3793
CP009102.1	4793299
CP087522.1	31706
CP032381.1	74562
CP149411.1	3372
CP149406.1	4904245
CP016579.1	4750330
CP194315.1	5728
CP194318.1	4841872
CP089788.1	4838525
CP091551.1	301285
CP149188.1	74162
CP061117.1	6079
CP173654.1	45232
CP091555.1	249973
CP192515.1	4760751
CP160174.1	59369
CP025247.1	2579
CP149398.1	93844
CP023512.1	4838098
CP045447.1	4630202
CP025246.1	4810141
CP149336.1	248114
CP077694.1	137153
CP039598.1	1968
CP080092.1	59372
CP025242.1	98400
CP030192.1	4096
CP197708.1	4868138
CP117352.1	103508
CP148798.1	331945
CP066009.1	4878004
CP005995.1	4783867
CP149413.1	93844
CP039588.1	4969530
CP148796.1	5873
CP156169.1	4783423
CP092261.1	5632
CP162124.1	3237
CP029849.1	106706
CP100750.1	2965
CP159771.1	4075
CP063292.1	5633
CP032815.1	4985867
CP173380.1	4809004
CP029858.1	4800928
CP023468.1	4639823
CP101385.1	4677
CP148833.1	318535
CP169334.1	3830
CP035916.1	287007
CP104362.1	4685980
LN890521.1	98776
CP020923.1	116677
CP029901.1	106706
CP075141.1	4855022
CP148836.1	4727133
CP093411.1	4884952
CP100702.1	4764385
CP016387.1	93202
CP044185.1	49153
CP011944.1	3372
CP081858.1	4811709
CP065097.1	4644744
CP037873.1	93844
CP194268.1	4840189
CP117319.1	6988
CP028316.1	187594
CP149273.1	2137
CP136141.1	4745289
CP082959.1	52879
CP149196.1	4981734
CP029912.1	91848
CP065104.1	42680
CP050832.1	152940
CP047544.1	5028175
CP017233.1	96999
CP053051.1	4884266
AP023305.1	128709
CP130115.1	4852253
CP172410.1	4708812
CP194302.1	1983
CP039572.1	4980665
CP133427.1	59372
CP160061.1	4783470
CP082935.1	1718
CP102742.1	4197
CP029852.1	4782235
CP022136.1	85657
CP089313.1	4740896
CP029863.1	4807245
CP144268.1	4872919
CP101378.1	116686
CP130277.1	2569
CP033343.1	4709669
CP149136.1	4990955
CP161841.1	149626
CP022035.1	136771
CP149186.1	4473
CP032450.1	114923
CP046278.1	5136727
CP011791.1	4677830
CP167161.1	2121
CP058674.1	3371
CP182615.1	280984
AP023318.1	151734
CP136147.1	111466
CP047527.1	4997397
CP029891.1	106706
OU015333.1	2137
CP092263.1	3272
CP120317.1	37698
CP019186.1	4482117
CP148800.1	4903
CP117327.1	4729938
CP101391.1	249573
CP195668.1	5423
CP029915.1	4799269
CP033386.2	52902
CP149229.1	241503
OU015340.1	5103951
CP089799.1	4837105
CP027416.1	7927
CP030231.1	4603878
CP197165.1	100887
CP035302.1	93876
CP029888.1	4809171
CP117308.1	6988
CP012396.1	4680751
CP148829.1	310264
CP149221.1	4916937
CP085793.1	4713645
CP012933.1	3319
CP104821.1	164832
CP050722.1	59372
CP030005.1	4725468
CP129108.1	4806952
CP173658.1	4808999
CP051334.1	48514
CP051406.1	95919
CP038608.1	5120648
CP043906.1	41389
CP050756.1	4929169
CP050762.1	4783488
CP007262.1	4682805
CP101373.1	4950959
CP030227.1	4096
CP100700.1	3830
CP120395.1	4777908
CP186710.1	4687013
CP194269.1	63589
CP027413.1	93832
CP071389.1	295499
CP063703.1	115352
CP077698.1	26030
CP131751.1	10047
CP140409.1	4719088
CP034233.1	4818442
CP019418.1	4640929
CP007260.1	4678687
CP029899.1	4775702
CP014659.2	4945392
CP101907.1	4803791
CP169333.1	4973482
CP025232.1	4774216
CP030218.1	97234
CP169353.1	4657
LT855376.1	4811399
CP161839.1	6477
CP015924.1	4883715
CP047530.1	197840
CP031361.1	37697
CP019414.1	4532753
CP074261.1	4821039
HE654724.1	93842
AP023308.1	7257
CP064264.1	93946
CP160151.1	4672299
CP065092.1	4804278
CP131762.1	97648
CP025238.1	3605
CP101909.1	3071
CP182122.1	4844157
CP022491.1	4775303
CP149244.1	8433
CP050769.1	4925928
CP169348.1	4930408
CP051348.1	48581
CP051378.1	3188
CP194307.1	1983
CP100670.1	4760001
CP022139.1	4859044
CP102828.1	237848
CP120332.1	285074
CP019196.1	4710704
CP082930.1	165260
CP060670.1	4683147
CP148809.1	4903
CP100751.1	2109
CP080515.1	129660
CP192518.1	190390
CP039575.1	3003
CP030224.1	247246
CP194289.1	63589
CP093402.1	4975247
CP129886.1	109611
CP120348.1	285075
CP064910.1	90388
CP182123.1	39264
CP051313.1	4682076
CP133211.1	184313
CP193938.1	4726824
CP162902.1	5014882
CP149282.1	1888
CP149222.1	119064
CP160060.1	185945
CP190248.1	308757
CP085696.1	4862752
CP015574.1	4938076
CP059887.1	277539
CP155803.1	6477
CP194258.1	4841093
CP030006.1	67730
CP068386.1	4729208
CP025445.1	4763928
CP149276.1	297813
CP039568.1	93837
CP080517.1	3383
CP149339.1	4925856
CP030199.1	2729
CP180717.1	6098
CP039581.1	3208
CP047532.1	212793
CP145533.1	5015061
CP149365.1	4857875
CP091568.1	7942
CP039467.1	4726542
CP160159.1	4788449
CP121298.1	4777899
CP047542.1	4998888
CP194262.1	1983
CP022452.1	60860
CP029567.1	4900176
CP149261.1	1888
CP149354.1	296637
CP039487.1	4726557
CP130127.1	144840
CP051338.1	4915330
CP099974.1	29336
CP091631.1	252013
CP149380.1	4857521
CP087472.1	97003
CP147903.1	4793975
CP092003.1	4018
CP100747.1	4652052
CP197150.1	5758
CP133422.1	4963846
CP098438.1	4784174
CP040567.1	105670
CP117694.1	2620
CP016527.1	3046
CP039602.1	3374
CP065077.1	227458
CP018637.1	4690881
CP039610.1	4995830
CP043223.1	257405
CP033350.2	4834516
CP051370.1	4832735
CP173373.1	4808945
CP087562.1	59359
CP094335.1	3592
CP029961.1	106705
CP148811.1	316755
CP117346.1	4846852
LT571437.1	4756780
CP094337.1	3001
CP090530.1	241424
CP063297.1	34894
CP101941.1	152311
CP194294.1	63589
CP193958.1	4727110
CP148807.1	316546
CP014975.1	4933707
CP131755.1	4074
CP065565.1	1982
CP187559.1	4741909
CP016512.1	37697
CP077692.1	137180
CP039591.1	4942800
CP149290.1	4473
CP039440.1	276733
CP197152.1	4991153
CP030211.1	4719399
CP129210.1	94026
CP103967.1	216988
CP136149.1	4679799
CP039275.1	3270
CP043774.1	55361
CP047531.1	4892507
CP149173.1	100887
CP194287.1	1983
CP039478.1	4726552
CP001112.1	3605
CP149378.1	4904286
CP133419.1	4782988
CP029866.1	4790593
CP119983.1	312171
CP016407.1	323122
CP149165.1	100887
CP169335.1	1888
CP062224.1	270696
CP092260.1	38906
CP186711.1	318579
CP079838.1	4970704
AP026949.1	256294
CP039477.1	4726558
CP041973.1	4690706
CP039595.1	4856638
CP007559.2	4790388
CP194261.1	2121
CP018639.1	59335
CP149200.1	4860409
CP029941.1	217175
CP013720.1	4889706
CP030203.1	5062813
CP101692.1	7769
CP007288.2	4685848
CP012513.1	4708710
CP050754.1	260432
CP033338.1	4689440
CP120329.1	4697043
CP043773.1	4835467
CP110867.1	47394
CP061121.1	2208
CP182117.1	4845548
CP117034.1	232119
CP160183.1	2541
CP117390.1	4765591
CP029940.1	4786487
CP033254.2	60381
CP040379.1	4619529
CP091540.1	5012779
CP091543.1	185529
CP009568.1	3605
CP043027.1	4740022
CP087493.1	41561
CP187231.1	3071
CP100668.1	29336
CP136146.1	4761094
CP117384.1	4805327
CP121262.1	4884036
CP032499.1	5836
CP046429.1	4812688
CP007329.2	4679418
CP094334.1	70455
CP032497.1	74729
CP091570.1	247705
CP029948.1	217284
CP060511.1	2978
CP117338.1	4866486
CP120839.1	4852
CP038609.1	26170
CP039279.1	5120962
CP007530.1	4694375
CP082956.1	152282
CP051330.1	16747
JBRAXY000000000.1	26918
JBRAXY000000000.1	19688
JBRAXY000000000.1	46714
JBRAXY000000000.1	180635
JBRAXY000000000.1	94603
JBRAXY000000000.1	113832
JBRAXY000000000.1	6916
JBRAXY000000000.1	91768
JBRAXY000000000.1	46484
JBRAXY000000000.1	196369
AM933173.1	4658697
CP064919.1	4862477
CP061130.1	2442
CP102719.1	4948090
CP039439.1	4831443
CP009563.1	80098
CP100708.1	278879
CP194286.1	2121
CP161842.1	68810
CP178589.1	73895
CP046284.1	87018
CP090538.1	90380
CP117403.1	3370
CP051359.1	234536
CP129975.1	47531
CP023975.1	4791341
CP041007.1	3360
CP075130.1	137164
CP174480.1	5874
CP029923.1	4782756
CP148794.1	4728345
CP077663.1	33308
CP149202.1	13721
CP047534.1	4074
CP068697.1	93874
CP022004.1	59371
CP045953.1	144821
CP169322.1	4657
CP051413.1	5002914
CP159177.1	68815
CP029999.1	4724618
CP060134.1	4747268
CP149312.1	4808256
CP029952.1	4782252
CP069298.1	17017
AP023316.1	229829
CP039483.1	81939
CP014995.1	109917
CP149184.1	820
CP124522.1	4685979
CP047550.1	4996934
CP030219.1	5431908
CP089792.1	4834370
CP087545.1	3982
CP117340.1	4841684
CP051360.1	167068
CP100731.1	4593
CP137713.1	93910
CP087498.1	97005
CP093400.1	4851135
CP117977.1	60499
CP091553.1	2900
CP193970.1	4727136
CP100746.1	8138
CP014979.2	4884395
CP045459.1	89619
CP063298.1	4234
CP029894.1	4806999
CP029884.1	106706
CP026053.1	47793
CP094270.1	211429
CP191545.1	4898209
CP077707.1	137180
CP029946.1	4785705
CP009090.1	4667283
CP100680.1	4697
CP090930.1	5020666
CP087507.1	96467
CP173650.1	4808984
CP039499.1	4727570
CP010282.1	4795842
CP061044.1	4899433
CP110931.1	4749611
CP169339.1	1714735
CP028199.2	4856225
CP022499.1	38945
CP173371.1	4809006
CP016587.1	37696
CP148849.1	4903
CP025240.1	146581
CP160178.1	4872153
CP018660.1	59370
CP120335.1	4856898
CP101365.1	4883448
CP029949.1	4783337
CP149392.1	93844
CP157394.1	4727133
HE654726.1	8688
LT905062.1	4676595
CP007529.1	59369
CP100734.1	87844
CP016561.1	4751226
CP159775.1	4780514
CP019409.1	4668861
CP140407.1	2096
CP051344.1	5698
CP197164.1	228300
CP030003.1	119613
CP061047.1	4899622
CP051325.1	3319
CP194300.1	5728
CP146620.1	2699
CP077695.1	26031
CP149159.1	4988414
CP050725.1	64336
CP159175.1	1888
CP039714.1	98012
CP038592.1	33119
CP149359.1	4963622
OZ261666.1	108635
CP149419.1	98952
CP124523.1	59372
CP149194.1	4981534
CP045516.1	4641555
CP029868.1	4785665
CP039436.1	4949832
CP040565.1	93869
CP100712.1	48530
CP101648.1	4809636
OU015332.1	2230
CP012834.1	53952
CP175690.1	2442
CP149353.1	4727096
CP193949.1	318540
CP093387.1	93849
CP060834.1	4683638
CP040701.1	4994320
CP023469.1	94044
CP126323.1	4694955
CP043668.1	4593
CP149191.1	78203
CP006631.1	4915960
CP058807.1	4865373
CP027410.1	4972718
CP019175.1	94727
CP051342.1	4833900
CP085818.1	4711668
CP104828.1	2317
CP169343.1	1312
CP060730.2	5024703
CP126327.1	85700
CP149182.1	4386
CP159776.1	216886
CP117316.1	1316
CP149192.1	4981740
CP004087.1	117929
CP093408.1	302777
CP092012.1	4867746
CP097855.1	2257
CP051398.1	4841666
CP093388.1	3910
CP038610.1	4018
CP117365.1	4830628
CP093404.1	215451
CP085700.1	88502
CP051269.1	4819669
CP015526.1	4679791
CP062004.2	5024881
CP180528.1	4772278
CP019415.1	4690402
CP148881.1	4647173
CP104485.1	82631
CP050721.1	4738616
CP091571.1	4967188
CP180715.1	162410
CP014662.1	103851
CP093386.1	4856455
CP091878.1	4825110
CP051388.1	120420
CP028314.1	4808419
CP053874.1	8688
CP007534.1	4737447
CP160176.1	59372
CP126167.1	59372
CP160162.1	59371
CP065062.1	4974396
CP117389.1	100526
CP149235.1	107354
CP191546.1	226190
CP005390.2	4783943
CP104806.1	81266
CP091548.1	271705
CP000858.1	55414
CP025279.1	92439
CP045058.1	270878
CP029876.1	106706
CP117852.1	4861942
AP026951.1	52891
JBREBK000000000.1	1615
JBREBK000000000.1	961
JBREBK000000000.1	113543
JBREBK000000000.1	68128
JBREBK000000000.1	58248
JBREBK000000000.1	109414
JBREBK000000000.1	27512
JBREBK000000000.1	60603
JBREBK000000000.1	14065
JBREBK000000000.1	20193
JBREBK000000000.1	62881
JBREBK000000000.1	42271
JBREBK000000000.1	32711
JBREBK000000000.1	119089
CP180718.1	162415
CP097851.1	2257
CP014707.1	101118
CP139747.1	93924
CP120323.1	59372
CP100675.1	4018
CP145807.1	7621
CP126179.1	189237
CP051402.1	4891101
CP040569.1	94033
LS483465.1	5029670
CP069382.1	259529
CP014982.2	4927145
CP149417.1	11069
CM127805.1	5026575
CP035917.1	4979135
CP092627.1	4822555
CP140415.1	2018
CP045059.1	4930422
CP033224.2	181747
CP014358.1	4933574
CP039569.1	4929627
CP088134.1	4758930
CP012921.1	4751447
CP149250.1	6030
CP067083.1	295452
CP029886.1	4783528
CP149373.1	90028
CP110932.1	118995
CP120340.1	285079
CP085823.1	4688408
CP030206.1	27709
AP026960.1	1718
CP092628.1	92361
CP196703.1	2037
CP026327.1	4900326
CP197148.1	100886
CP077696.1	4803137
CP133284.1	4758936
AP026952.1	9869
CP100674.1	5177
CP173638.1	4808980
CP148819.1	290815
CP173307.1	2595
CP045765.1	4773
CP029964.1	4782707
CP060852.1	4715179
CP160102.1	4795235
CP117359.1	4843935
CP041180.1	236217
CP091615.1	4690396
CP127218.1	4568
CP117290.1	4777665
CP050732.1	181971
CP117342.1	75130
CP051316.1	170832
CP051371.1	101673
CP130129.1	2000
CP130103.1	4853146
CP065110.1	3609
CP149360.1	4846108
CP013222.1	4879815
CP090539.1	4982119
CP017720.1	4716739
CP149226.1	3237
CP019411.1	4651794
CP032379.1	4844213
CP117356.1	75391
CP039564.1	4996602
CP087473.1	4680669
CP126139.1	93855
CP149334.1	6863
CP051363.1	4884345
CP167168.1	33688
CP033356.2	4733813
CP077705.1	67728
CP017976.1	4693862
CP046282.1	94642
OU943338.1	4793333
CP077700.1	136494
CP039567.1	4815492
CP131754.1	138951
CP022168.1	4991167
CP131757.1	4759117
CP065133.1	4593
CP194296.1	2121
CP133186.1	4473
CP051327.1	58790
CP040566.1	4857789
CP030749.1	5052222
CP104826.1	4074
CP038599.1	3223
CP000026.1	4585229
CP149263.1	109841
CP091999.1	4800346
CP194260.1	5728
CP149237.1	4981718
CP051384.1	4900070
CP193957.1	311300
CP074662.1	58711
CP193948.1	4727130
CP043433.1	4685587
CP066851.1	4751137
CP124237.1	49599
CP085985.1	53154
CP039855.1	93897
CP131747.1	103469
CP003278.1	4768352
OX442404.1	277357
CP030235.1	4522338
CP100748.1	84323
CP037894.1	4820913
CP040651.1	4925949
CP117191.1	49855
CP016754.1	4686254
CP123660.1	4765911
CP018649.1	54541
CP140414.1	67700
CP080960.1	4774014
CP004086.1	4793479
CP039482.1	4726558
CP090531.1	3373
CP029875.1	4800199
CP145439.1	4699161
CP085815.1	4713725
CP060514.1	41605
CP016583.1	37697
CP168965.1	34184
OZ261662.1	2301
CP100740.1	199721
CP193963.1	318538
CP025447.1	4762730
CP013721.1	93925
CP100729.1	83642
CP051351.1	109942
CP173375.1	4809027
CP098832.1	229976
CP194320.1	5728
CP085819.1	4874281
CP161838.1	178452
CP060508.1	4654369
CP040645.1	59372
CP149415.1	5023622
CM130085.1	4913518
CP060666.1	4681459
JBSORM000000000.1	12517
JBSORM000000000.1	89543
JBSORM000000000.1	154051
JBSORM000000000.1	1860
JBSORM000000000.1	28072
JBSORM000000000.1	28721
JBSORM000000000.1	44392
JBSORM000000000.1	4378
JBSORM000000000.1	91566
JBSORM000000000.1	22478
JBSORM000000000.1	75538
JBSORM000000000.1	29051
JBSORM000000000.1	23507
JBSORM000000000.1	55672
JBSORM000000000.1	42770
CP088139.1	125931
CP149299.1	4858330
CP194267.1	1983
CP060136.1	57187
CP149303.1	4858143
CP022018.1	8798
CP149401.1	93844
CP093405.1	4929834
OY754829.1	4990774
CP133199.1	2749
CP012934.1	3372
CP140787.1	64327
CP126325.1	4823717
CP029963.1	93445
CP041972.1	83299
CP100742.1	5892
CP074257.1	4713725
CP021910.1	6863
CP098439.1	109442
CP173369.1	45222
CP044969.1	93724
CP093407.1	4880022
CP192517.1	4784875
CP069299.1	10124
CP148814.1	4727121
CP025736.1	4867164
CP038605.1	26170
CP006052.1	3609
CP028157.1	4668881
CP169323.1	4018
CP029857.1	106706
CP006050.1	221009
CP149347.1	4858024
AP023313.1	4908965
CP098829.1	4990287
CP029994.1	3904
CP194303.1	4841093
CP030202.1	4763586
CP065570.1	5570
CP050752.1	4074
CP173301.1	15543
CP013098.1	59373
CP091866.1	5039354
CP103774.1	4715
CP102743.1	3428
CP075114.1	74688
CP091879.1	3967
CP075137.1	4879725
CP149286.1	297813
CP029249.1	152940
CP051387.1	131331
CP091642.1	3172
CP173306.1	3032
CP022451.1	222470
CP014664.1	4783492
CP040562.1	4902004
CP025241.1	4859678
CP011395.1	59336
CP062795.1	4847913
CP016566.1	2246
CP033339.1	104123
CP175688.1	111842
CP149232.1	1888
CP029882.1	4773823
CP032492.1	90686
CP007259.1	4711474
CP064709.1	4638880
CP085981.1	4689375
CP085814.1	4713690
CP093389.1	3176
CP104834.1	3236
CP040575.1	4813117
CP032391.1	146176
CP039713.1	4815118
CP162122.1	5062194
CP087510.1	61028
CP104810.1	2894
CP173639.1	45233
CP047523.1	195873
CP194275.1	5728
CP039490.1	131067
CP169518.1	286902
LT882487.1	79940
CP194301.1	2121
LN868946.1	141119
CP104363.1	59372
CP197154.1	4473
CP020824.1	59372
CP039442.1	321887
CP126180.1	6522
CP012926.1	37697
CP007523.1	4769471
CP087471.1	4679466
CP149366.1	98952
CP182127.1	30336
CP015525.1	59372
CP012684.1	4512
CP182173.1	30209
CP133322.1	60310
CP168928.1	4916122
OY754839.1	4678847
CP193944.1	4726528
CP117376.1	4831315
CP169327.1	4657
CP169509.1	4727083
CP149304.1	89475
CP117299.2	4839259
CP077760.1	4624135
LT795114.1	4985374
CP104817.1	6477
CP119137.1	4677190
CP071388.1	4856956
CP075108.1	4660570
CP034706.1	4577367
CP007273.2	4685848
CP051391.1	4796193
CP160167.1	4739942
CP039573.1	4593
CP173298.1	76161
CP133489.1	33858
CP149420.1	93850
CP022169.1	151609
CP194305.1	5728
CP025234.1	4830646
CP119980.1	4727145
CP029913.1	4783891
CP045510.1	90966
CP050783.1	4817294
CP077671.1	238101
CP011289.1	4779348
CP046279.1	4556079
CP087542.1	48780
CP133282.1	4074
CP020826.1	59363
CP045951.1	93769
CP051414.1	3371
CP194259.1	63589
CP091569.1	4979324
CP036173.1	4418
CP193967.1	311416
CP087480.1	118029
CP149207.1	4687371
CP019647.1	275801
CP027409.1	220137
CP100738.1	3263
CP148874.1	4726044
CP100717.1	3988
CP007267.2	4679291
CP039608.1	3351
CP107012.1	35442
AP023297.1	4869
CP178252.1	234479
CP194276.1	2121
CP028200.2	95983
CP077704.1	4846369
CP014658.1	160227
CP019405.1	4801835
AP026958.1	2864
CP082916.1	4679998
CP035550.1	4593
CP029909.1	4842715
CP100715.1	4955572
CP117304.1	1316
CP126143.1	28942
CP030234.1	94810
CP173296.1	4756304
CP016524.1	37697
CP050709.1	4679799
CP068019.1	208610
CP129209.1	4894501
CP065101.1	112193
CP090535.1	4955735
CP032817.1	4985874
CP149352.1	10734
CP098742.1	109442
CP082917.1	59361
CP140419.1	4633
CP090545.1	5019931
AP031400.1	93820
CP117372.1	99201
CP090536.1	170071
CP110866.1	14386
CP085984.1	280239
CP149369.1	83362
CP149343.1	4925656
CP022003.1	4679123
CP149254.1	7665
CP032393.1	4858438
CP087505.1	35751
CP010281.1	4830769
CP162906.1	3648
CP030186.1	298919
CP071391.1	50931
CP130074.1	144836
CP194293.1	4841094
CP128262.1	101492
CP091565.1	70486
CP047115.1	5013113
CP191547.1	3830
CP047554.1	213570
CP065089.1	4072
CP117360.1	101652
CP007245.1	4711924
CP016520.1	92323
CP038435.1	94009
CP117397.1	100527
CP149166.1	4473
AL513383.1	218160
CP029936.1	4783243
CP030232.1	87319
CP157388.1	87506
CP117354.1	4843403
CP007505.1	4864410
CP002488.1	93842
CP100721.1	4245
CP169318.1	5632
CP140778.1	4679872
CP029953.1	217395
CP140748.2	4882754
CP087497.1	4680380
CP130112.1	4852220
CP045518.1	4641736
CP104831.1	92110
CP011435.1	2677
CP037994.1	84511
CP145534.1	20220
CP044182.1	37696
CP028318.1	4884375
CP087524.1	31706
CP032397.1	329264
CP184880.1	64327
CP149258.1	241503
CP169324.1	4981300
CP091556.1	4909510
CP017721.1	280421
CP040901.1	93930
CP090137.1	4647582
CP149242.1	6029
CP034699.1	193615
CP092004.1	4870154
CP133789.1	4741713
CP090543.1	3136
CP091612.1	5661
CP029938.1	4784615
CP182614.1	4680564
CP149142.1	4988414
CP130564.1	4761312
CP043509.1	4930938
CP032448.1	77171
CP172411.1	249436
CP034720.1	93964
CP030225.1	4739617
CP087534.1	4878409
CP029950.1	4821321
CP104358.1	4685980
CP110934.1	4749670
CP024168.1	4813545
CP043434.1	59372
CP013226.1	4830607
CP149268.1	820
CP133181.1	4726490
CP014980.1	94034
CP122302.1	64327
CP141256.1	4708192
CP131767.1	3003
CP051355.1	10454
CP040669.1	107560
CP104370.1	93862
CP041178.1	59372
CP192516.1	119713
CP028198.1	92366
CP014357.1	93837
LR590082.1	4837118
CP039270.1	4905224
CP065091.1	3172
CP017977.1	4726140
CP050724.1	115154
CP050717.1	90315
CP012925.1	2096
CP130117.1	2569
CP018642.1	4698044
CP133425.1	1749
CP117336.1	4843959
CP047539.1	88993
CP019185.1	4580689
CP045464.1	4773013
CP119136.1	237330
CP019443.1	233802
CP100739.1	4790069
CP025237.1	4830765
CP149403.1	4841961
CP085811.1	4749489
CP019178.1	4660922
CP040323.1	5491
CP169331.1	4657
CP086118.1	4983099
CP039474.1	81900
CP065100.1	4797015
CP117190.1	69007
CP148815.1	316724
CP178251.1	4969989
CP051380.1	4870722
CP129390.1	3205
CP139746.1	4857968
CP186700.1	280713
CP030233.1	4729786
CP066011.1	93851
CP149391.1	4857664
CP097262.1	4679859
CP037959.1	278374
CP130105.1	2569
CP173641.1	4809016
CP149397.1	4855339
CP022497.1	4732484
CP182616.1	4679924
CP121073.1	4851438
CP069381.1	4785442
CP051311.1	239428
CP101855.1	286802
CP050730.1	2708
CP065113.1	47085
AP023298.1	4060
CP177304.1	87365
CP092076.1	62386
CP016519.1	6647
CP038434.1	4890338
CP120320.1	37698
CP194310.1	5728
CP113364.1	4756748
CP149315.1	13294
CP149144.1	100887
CP173290.1	34206
CP075128.1	5173570
CP019444.1	84565
CP018220.1	197365
CP033257.2	4991162
CP087515.1	4547043
CP130084.1	144833
CP162099.2	93292
CP018645.1	4684909
CP025280.1	4662027
CP100671.1	99204
CP090529.1	4976978
CP030181.1	4772343
CP117398.1	4913836
CP030176.1	148530
CP149213.1	93844
CP181480.1	315450
CP016514.1	4751447
CP019206.1	4777591
CP090542.1	144387
CP067091.1	4796355
CP136148.1	40394
CP149332.1	4857810
CP133430.1	59372
CP087541.1	4809470
CP060679.1	110273
CP149172.1	229371
CP016509.1	37697
CP040650.1	3095
CP063295.1	159330
CP064263.1	4817454
CP085810.1	4750314
CP030201.1	1814
CP039481.1	81938
CP149344.1	98066
AP023319.1	4957296
CP085982.1	272840
CP029896.1	4781801
CP100698.1	4801264
CP060522.1	4679617
CP113541.1	4844220
CP075139.1	123781
LT795116.1	4239
CP060677.1	110273
CP149341.1	58440
CP117358.1	93864
CP113538.1	4850957
CP101380.1	147496
CP029905.1	106706
CP050771.1	4740209
CP074256.1	4705145
CP173293.1	106607
CP029929.1	106706
CP178834.1	75390
CP140418.1	111473
CP019183.1	4905181
CP149306.1	4593
CP016389.1	68117
CP051318.1	105973
CP126138.1	4894693
CP130616.1	4779500
CP104491.1	4964371
CP149323.1	5310
CP007528.1	4679662
CP173316.1	5794
CP018662.1	51980
CP019202.1	4537888
CP050706.1	4679542
CP088136.1	4652858
CP030212.1	4081
CP065639.1	4857477
CP029935.1	216699
CP197145.1	4920319
CP118537.1	4812716
CP162905.1	6477
CP094271.1	54608
CP087475.1	32950
CP009562.1	120346
CP007425.2	4685659
CP023436.1	4682412
CP051357.1	161620
CP117368.1	107978
CP187229.1	4661507
CP066010.1	86768
CP100677.1	1304
CP012345.2	49584
CP149151.1	205448
CP016515.1	37697
CP028152.1	56636
CP022015.1	5395280
CP110659.1	46161
CP117355.1	82559
CP091626.1	4651635
CP148816.1	5873
CP193978.1	4726922
CP028131.1	4690295
CP045954.1	4731476
CP022066.2	3304
CP045760.1	81815
CP104812.1	5070653
CP162126.1	88525
CP028315.1	98989
CP090142.1	294023
CP082931.1	64841
CP149331.1	2101
CP013221.1	112176
CP156715.1	74562
CP182627.1	257499
CP034230.1	4869644
CP060133.1	176767
CP194264.1	63589
CP025737.1	99333
CP090541.1	4963388
CP117700.1	2620
CP120339.1	4857070
CP117698.1	4684039
CP178919.1	146646
CP120393.1	4777800
CP011291.1	58005
CP022965.1	86369
CP043666.1	4593
CP045946.1	3691
CP133324.1	6230
CP025559.1	4685973
CP194273.1	4841094
CP127219.1	6747
CP066293.1	4782168
CP043224.1	42407
CP051314.1	102373
CP173646.1	59372
CP100728.1	4922910
CP038595.1	4633429
CP085798.1	4715683
CP193965.1	312246
CP050716.1	4679429
CP174479.1	310431
CP133426.1	4685645
CP161846.1	1888
CP110657.1	4940513
CP019187.1	100629
CP053866.1	93842
CP140402.1	4719913
CP032193.1	87450
CP026570.1	96994
CP050784.1	255307
CP032498.1	6841
CP029900.1	4800621
CP001118.1	91374
CP012928.1	62920
CP075126.1	136500
CP090533.1	5019610
CP039441.1	4727127
CP130618.1	4785195
CP022492.1	131583
CP173647.1	4808992
CP016523.1	2096
CP061122.1	4944769
CP028174.1	33310
CP149252.1	4910828
CP085697.1	237710
CP034705.1	4582521
CP091638.1	59036
CP030796.1	59371
CP050735.1	150326
CP173222.1	4677117
CP039491.1	4726555
CP092914.1	4628
CP020565.1	4698556
CP193942.1	4726524
CP009559.1	4612373
CP117392.1	4647824
CP130113.1	144841
CP067397.1	4796208
AE006471.2	93933
CP149259.1	90690
CP160170.1	81821
CP039597.1	3208
CP193941.1	317297
CP015725.1	210106
CP091605.1	255566
CP107010.1	4685754
CP029956.1	4799946
CP161843.1	6477
CP197142.1	108996
CP045509.1	4641638
CP019180.1	74560
CP140749.1	4638
CP063290.1	113786
CP050750.1	4994712
LR881463.1	4899267
CP040322.1	93911
CP167159.1	63589
CP149356.1	4693492
CP016522.1	101723
CP172413.1	2742
CP061051.1	81781
CP013685.1	4846742
CP032194.1	4916886
CP040668.1	4904134
CP034232.1	4759051
CP149384.1	4593
CP100730.1	48530
CP033385.2	181814
CP197136.1	4927906
CP136151.1	24484
CP060837.1	4695756
CP149157.1	4473
CP032447.1	74560
CP058809.1	93853
CP110200.1	6714
CP087501.1	2091
CP184984.1	4860071
CP149253.1	20688
CP159174.1	5632
CP002490.1	8688
CP032305.1	33799
CP060673.1	110273
CP136142.1	127061
CP038597.1	32512
OZ261659.1	87450
CP129388.1	50239
CP089790.1	4836593
CP149272.1	4676
CP019116.1	4648086
CP039570.1	4593
CP039596.1	93838
CP088901.1	4856858
CP173651.1	45232
CP065638.1	93933
CP026661.1	310921
CP161837.1	5117867
CP065074.1	4766801
CP061049.1	4899618
CP172412.1	6477
CP147898.1	4690401
CP023345.1	5087369
CP065121.1	4686363
CP039599.1	4917230
CP149335.1	4756927
CP060846.1	4683338
CP148875.1	4168300
CP007250.1	4681839
CP051389.1	4744876
JBRYQW000000000.1	21977
JBRYQW000000000.1	85987
JBRYQW000000000.1	93808
JBRYQW000000000.1	33149
JBRYQW000000000.1	61825
JBRYQW000000000.1	60287
JBRYQW000000000.1	41633
JBRYQW000000000.1	54592
JBRYQW000000000.1	32400
JBRYQW000000000.1	81182
JBRYQW000000000.1	105105
CP029874.1	91892
CP097856.1	2097
OU943337.1	4797669
CP149150.1	4988414
CP089314.1	3374
CP092005.1	4593
CP149340.1	98067
CP001113.1	4827641
CP025553.1	59331
CP063706.1	95694
CP053055.1	4736183
CP045446.1	276821
CP065125.1	4758415
CP117329.1	4745725
CP027415.1	113066
CP065126.1	104115
CP012681.1	4809574
CP016506.1	37697
CP065719.1	93933
CP039580.1	125502
CP019181.1	4865682
CP189877.1	190695
CP065566.1	4885341
CP099973.1	4680001
CP025454.1	4762732
CP090135.1	53329
CP140790.1	4679962
CP051347.1	146811
CP131779.1	3793
CP160179.1	93853
CP039593.1	4980483
CP100737.1	258626
CP092259.1	214299
CP169329.1	4657
CP149400.1	4855155
CP029859.1	106706
CP082932.1	7462
CP030198.1	134274
CP087494.1	116939
CP117402.1	4647778
CP124525.1	4585
CP101690.1	10047
CP149271.1	93982
CP121072.1	6477
LS483457.1	4626672
CP101370.1	33309
CP025248.1	4884276
CP102741.1	4234
CP038849.1	4930644
CP045763.1	117406
CP160068.1	93924
CP032622.2	4727462
CP046283.1	4884738
CP148790.1	4727125
CP085986.1	79333
CP065124.1	47133
CP063289.1	4713149
CP029992.1	4807680
CP091630.1	4687750
CP018656.1	244210
CP167170.1	33685
CP032396.1	4868095
CP113537.1	4677491
CP039169.1	4645545
CP064913.1	4700
CP060520.1	4073
CP091867.1	180872
CP019172.1	4777591
CP181481.1	42559
CP016578.1	37697
CP068020.1	3988
CP147895.1	4744590
CP129976.1	54257
CP100673.1	9316
CP007216.2	4695514
CP033355.2	61841
JBREBI000000000.1	3187
JBREBI000000000.1	62418
JBREBI000000000.1	31069
JBREBI000000000.1	37185
JBREBI000000000.1	48824
JBREBI000000000.1	22298
JBREBI000000000.1	134218
JBREBI000000000.1	52304
JBREBI000000000.1	93
JBREBI000000000.1	1744
JBREBI000000000.1	17708
JBREBI000000000.1	98154
JBREBI000000000.1	35302
JBREBI000000000.1	100750
JBREBI000000000.1	35046
CP016565.1	4751462
CP140411.1	93183
CP088138.1	4896004
CP154885.1	4754345
CP149337.1	4805431
CP149412.1	4858376
CP051324.1	2496
CP045467.1	195486
CP160154.1	4654081
CP098834.1	4963890
AP026948.1	4720010
CP041182.1	240209
CP087484.1	59370
CP132950.1	4860453
CP065087.1	4725619
CP117978.1	5636
CP189857.1	2876
CP040648.1	4905849
CM127803.1	4969506
CP160169.1	4751603
CP037881.1	5036850
CP178833.1	4888369
CP082929.1	4666130
CP045448.1	2989
CP160067.1	4857969
CP022016.1	473456
LS483455.1	4563000
CP045444.1	4631209
CP032192.1	159356
CP007312.2	4685849
CP087546.1	2652
CP132951.1	114295
CM130066.1	4982234
CP029646.1	4782348
CP130110.1	144840
CP051213.1	4928262
CP013224.1	112176
CP065102.1	105084
CP019412.1	4566169
CP117187.1	2317
CP121076.1	4851036
CP060848.1	4267
CP091576.1	3554
CP039281.1	4018
CP045958.1	4692229
CP100719.1	81966
CP149333.1	125247
CP051319.1	170814
LN999012.1	93844
CP065120.1	6817
CP038593.1	4830242
CP117693.1	4793053
CP037878.1	6760
CP088144.1	4634
CP051423.1	2444
CP131744.1	4641827
CP047522.1	4941012
CP149395.1	93844
CP193946.1	4727129
CP051349.1	4794742
CP041176.1	4679991
CP149167.1	4990971
CP149414.1	3372
CP092861.1	5066993
CP168660.1	59372
CP016408.1	4728107
CP016390.1	93855
CP140408.1	4192
CP022067.2	4301
CP004027.1	4634161
CP085795.1	4679376
CP117371.1	4831068
CP039506.1	5900
CP100709.1	97209
CP100682.1	4645547
CP149274.1	1888
CP036167.1	4924354
CP194272.1	1983
CP045460.1	33309
CP133210.1	4984842
CP038591.1	4830203
CP039463.1	4726559
CP091558.1	5008464
CP169515.1	4727115
CP025244.1	4593
CP115836.1	103536
CP033347.2	297348
CP041005.1	4857490
CP050737.1	6062
CP087539.1	48739
CP075118.1	4679535
CP045513.1	4773053
CP149264.1	104770
CP087536.1	4843579
CP016388.1	60496
CP149404.1	6863
CP093373.1	4723573
CP029934.1	217083
CP120338.1	285085
CP120318.1	4720112
CP051310.1	4856293
CP121068.1	4857909
CP194292.1	1983
CP117380.1	4837969
CP104487.1	4234
CP149231.1	2137
CP017722.1	7665
CP089794.1	4837091
CP149298.1	4920310
CP007434.2	4685848
CP022070.2	4884508
CP148813.1	4903
CP050710.1	90315
CP132010.1	4781817
CP029903.1	88544
CP051373.1	122954
CP148826.1	4727117
AY509004.1	138742
CP159179.1	5632
CP022141.1	82715
CP039507.1	2495
CP121295.1	4578586
CP197158.1	4473
CP147905.1	4720693
CP117386.1	4804652
CP012144.1	4799793
CP053871.1	95180
CP029595.1	4933522
CP065112.1	117668
CP032496.1	90607
CP077702.1	4666651
CP041028.1	4236
FN424405.1	4879400
OZ261660.1	5251
CP173288.1	4796740
CP062227.1	3172
CP014050.2	93933
CP098831.1	4808467
CP088137.1	86811
CP091868.1	4929877
CP047529.1	4976742
CP045764.1	35297
CP016507.1	4751442
CP077662.1	4834280
CP092040.1	4680845
CP050712.1	4679142
CP130104.1	144846
CP182172.1	131015
CP065078.1	4641849
CP039471.1	4726554
CP039583.1	94000
CP146621.1	2495
CP088135.1	49556
CM129993.1	4889727
CP149309.1	102748
CP011290.1	32098
CP149362.1	91750
CP051268.1	93798
CP193500.1	44338
CP100720.1	71243
CP051315.1	4797860
CP050760.1	4813873
CP066047.1	4677108
CP028172.1	4636770
CP130092.1	143790
CP160063.1	4783462
CP091300.1	4670990
CP029998.1	61198
CP169330.1	4918904
CP014981.1	4815208
CP063707.1	8688
CP026054.1	59363
CP191498.1	4886064
CP130097.1	144840
CP073715.1	4667486
CP007360.2	4685849
CP050772.1	199036
CP039438.1	255725
CP050833.1	4744578
CP028319.1	94045
CP162127.1	82081
CP173302.1	13274
CP064911.1	6079
CP053050.1	54008
CP039513.2	81615
CP051358.1	4856212
CP045952.1	5022086
CP100676.1	2562
CP016529.1	42652
CP040646.1	4679507
CP169346.1	4799099
CP064914.1	3171
CP051374.1	194325
CP016411.1	316814
CP087489.1	59370
CP181479.1	4727143
CP149281.1	2137
CP117318.1	87713
CP014974.1	35954
CP149224.1	3566
AP026680.1	4686981
CP011790.1	4678365
CP168659.1	4771958
CP117375.1	75389
CP148841.1	319375
CP175997.1	3830
CP117387.1	100517
CP104360.1	4633
CP193953.1	318535
CP062225.1	4646755
CP149375.1	4858020
CP113534.1	4709424
CP062223.1	4645545
CP098741.1	4823435
CP029885.1	4808675
OX442405.1	93619
CP030183.1	94179
CP117976.1	4758000
CP187363.1	110272
CP022502.1	66760
CP063140.1	4691273
CP025230.1	4863437
CP045061.1	270863
CP195826.1	4634
CP028317.1	2096
LT882486.1	4733003
CP039603.1	4819943
CP100688.1	3172
CP193971.1	316733
CP117332.1	4695492
CP149138.1	100887
CP148824.1	5873
CP080093.1	56813
CP027414.1	4822237
CP043215.1	165649
CP065070.1	279751
CP087555.1	96467
CP117391.1	100521
CP140403.1	2096
CP009091.1	4671261
CP030184.1	2318
AP019694.1	2345
HG326213.1	4814801
CP149248.1	20688
CP100706.1	15860
CP197162.1	4593
CP022662.1	132606
CP126182.1	4066
CP189824.1	5880
CP149148.1	100887
CP032495.1	118265
CP136400.1	4891794
CP051403.1	102040
CP120337.1	4857056
CP030185.1	4854398
CP016013.1	130039
CP039479.1	81940
CP130095.1	2569
CP154884.1	3338
CP051418.1	4593
CP065115.1	6115
CP051381.1	4792518
CP022065.2	11366
CP100732.1	4790068
CP117364.1	75466
CP138305.1	4848834
CP120344.1	285070
CP194299.1	63589
CP039719.1	4976023
CP019198.1	4879583
CP178836.1	41244
CP044960.1	91139
CP173291.1	1290
CP009767.1	101428
CP060668.1	4678918
CP053049.1	224991
CP126183.1	2097
CP060838.1	252011
CP017728.1	4819807
CP060849.1	4727987
CP087521.1	4877928
CP087513.1	2111
CP156716.1	4845105
CP041172.1	153516
CP039276.1	2318
CP039464.1	81940
CP050130.1	5022825
CP162128.1	3242
CP022450.1	4779514
CP019203.1	178238
CP068388.1	86412
CP007291.2	4685849
CP007282.2	4685847
CP149199.1	78203
CP007247.1	4709033
OU015329.1	262389
CP130081.1	3321
CP050780.1	239058
CP058672.1	242694
CP093391.1	4714721
CP085824.1	4679279
CP194311.1	2121
CP169342.1	40225
CP051366.1	4744179
CP087491.1	4680192
CP091564.1	295985
CP029951.1	106706
CP065067.1	5080
CP014620.1	4676958
CP175687.1	4886585
AP023309.1	4889480
CP025273.1	4899128
CP020825.1	4679401
CP044959.1	93838
CP162097.2	237376
CP133198.1	4818219
CP169078.1	4787046
CP088143.1	92906
CP180527.1	4772289
JBQWED000000000.1	28689
JBQWED000000000.1	19982
JBQWED000000000.1	12168
JBQWED000000000.1	187307
JBQWED000000000.1	176651
JBQWED000000000.1	66075
JBQWED000000000.1	196426
JBQWED000000000.1	52290
CP173311.1	1297
CP146618.1	4750410
CP029892.1	4808285
CP182620.1	251454
CP140743.2	41582
CP039443.1	4727131
CP063704.1	4888
CP029995.1	4920300
CP120345.1	4857043
CP039592.1	93998
CP149278.1	5059628
CP060512.1	4686427
CP039590.1	1978
CP050774.1	4677
CP051350.1	4654533
CP171352.1	75042
CP194271.1	2121
CP149193.1	78203
CP044183.1	101684
CP065128.1	4769694
CP041210.1	3605
CP149382.1	4855148
CP082954.1	4916406
CP038606.1	4018
CP117699.1	102202
CP185809.1	112188
CP022117.1	4822139
CP011396.1	4690430
CP120673.1	5754
CP149267.1	10303
CP029883.1	4807681
CP169511.1	4728609
CP085980.1	53986
CP075110.1	4800918
CP065571.1	4073
CP037877.1	4786287
CP141257.1	114617
CP177306.1	3372
CP141258.1	6257
CP075109.1	4753965
CP131752.1	4234
CP039607.1	4999790
CP126178.1	4861581
CP065069.1	4647664
CP149214.1	4975908
CP030290.1	3587
CP064909.1	4754793
CP044203.1	4803391
CP159172.1	68815
CP075372.1	5032348
CP051307.1	4881835
CP194314.1	63499
CP007248.1	4680996
CP093390.1	4713600
CP178835.1	85437
CP029897.1	4897593
CP034178.1	81814
CP022467.1	4719375
CP025094.1	4828397
CP045055.1	40386
CP058811.1	90483
CP092008.1	4774
CP139457.1	4837757
AY509003.1	49558
CP074095.1	93933
CP149385.1	4857896
CP102759.1	4657
CP162903.1	246818
CP058810.1	205772
CP029902.1	4804086
CP039468.1	81934
CP085801.1	4713682
CP060170.1	93813
CP133201.1	34827
CP116042.1	4998532
CP130622.1	139222
CP149358.1	37782
CP149145.1	4473
CP051336.1	5852
CP117696.1	4793690
CP094332.1	4959696
CP140737.2	4883883
CP091641.1	276543
CP110933.1	49544
CP033348.2	4696663
CP009103.1	38457
CP065122.1	97648
CP009560.1	158195
CP033344.1	4651134
LN890520.1	5129845
CP041174.1	248746
CP182629.1	4681711
CP011365.1	4759372
CP045466.1	4671091
CP085808.1	4790278
CP030222.1	54448
CP130109.1	4818423
CP003416.1	4750465
CP022494.1	4850334
CP038604.1	5121080
CP089209.1	4972723
CP131766.1	3045
CP117404.1	4851366
CP160157.1	4580324
CP175996.1	242725
CP065105.1	5907
CP029914.1	4775784
CP010284.2	4860892
CP092013.1	4593
CP131746.1	4686171
CP075113.1	4843563
CP140413.1	117393
CP197710.1	60661
CP039857.1	249601
CP051421.1	8496
CP161946.1	4739554
CP053867.1	86908
CP182129.1	6383
CP140781.1	4686594
CP066008.1	8688
CP120837.1	4679684
CP029800.1	4674190
CP131774.1	4794889
CP029856.1	4797628
CP131773.1	3171
CP173649.1	59372
CP044964.1	3353
CP091554.1	4974477
CP121296.1	4578607
CP167158.1	4841872
CP060521.1	3830
CP065109.1	118737
CP140404.1	4759743
CP060519.1	64443
CP065076.1	4922659
CP082955.1	250265
CP007249.2	4712309
CP156170.1	106706
CP028196.1	4740838
CP018647.1	4699764
CP028155.1	60014
CP169320.1	4973024
CP047543.1	216197
AE006468.2	4857450
AL513382.1	4809037
CP129206.1	4894979
CP016406.1	4727126
CP039508.1	2579
CP090141.1	4647696
CP193976.1	4727041
CP040457.1	254752
CP051321.1	9588
CP133565.1	4679222
CP029996.1	87775
CP110220.1	4679367
CP047116.1	190174
CP148812.1	5873
CP050707.1	108447
CP140746.2	4691518
CP007235.2	4856438
CP148803.1	7119
CP016412.1	4727085
CP022071.2	93862
CP092075.1	4714072
CP193969.1	309622
CP130276.1	4020
CP030288.1	4834965
CP120350.1	285080
CP091562.1	5430
CP029864.1	4807408
CP075129.1	4863823
CP011394.1	4685993
CP194279.1	63589
CP130621.1	4738191
CP149181.1	18622
CP193945.1	311413
CP087509.1	2089
CP119982.1	4727145
CP091550.1	4854608
CP102827.1	4821996
CP091572.1	180977
CP104367.1	93844
CP117331.1	2699
CP050776.1	2677
CP074606.1	4893756
CP169332.1	3830
CP045945.1	4705038
CP133321.1	4668877
CP193975.1	60885
CP087518.1	31706
CP149187.1	4981480
CP030193.1	2264
CP040380.1	4615193
CP101388.1	5002315
CP077697.1	94857
CP194280.1	5728
CP077682.1	3877
CP029965.1	91848
CP187560.1	250469
CP173315.1	7534
CP149280.1	93081
CP149322.1	58440
CP041175.1	29337
CP074664.1	93960
CP173640.1	59369
CP029945.1	4786194
CP022663.1	4991140
CP019383.1	4673894
CP148830.1	5873
CP019204.1	4777591
CP149243.1	4985992
CP160156.1	4709758
CP104811.1	2261
CP051339.1	4251
CP045959.1	329074
CP115835.1	329489
CP019648.1	4083
CP073716.1	4712
CP194277.1	1983
CP030223.1	4688830
CP102198.1	4918995
CP011259.2	4797172
CP018219.1	4901979
CP001362.1	93832
CP099705.1	4913592
CP030291.1	1526
CP043663.1	4018
CP029850.1	4801819
CP130091.1	4861538
CP039480.1	4726543
LN868944.1	727905
CP169338.1	3216946
CP016864.1	104649
CP015527.1	59371
CP149208.1	318523
CP032390.1	4846886
CP065106.1	3830
CP018657.1	4934513
CP040318.1	4908183
CP148838.1	4727128
CP118633.1	4856016
CP148810.1	4727126
CP087474.1	6114
CP016528.1	4096
CP011943.1	59372
CP117341.1	86676
OW704627.1	4775892
OU015324.1	123084
CP130151.1	4853274
CP193943.1	311411
AL513384.1	106516
CP148847.1	319638
CP148822.1	4727122
CP087477.1	4680741
CP015724.1	4791723
CP025557.1	59373
CP028153.1	60294
CP090546.1	250700
CP082960.1	4018
CP064385.1	4857492
CP007292.2	4685847
CP040653.1	3372
CP182120.1	4845567
LN890526.1	47244
CP043399.1	4870694
CP149370.1	37782
CP025555.1	4870262
CP060842.1	6432
CP017975.1	4700953
CP085821.1	4713711
CP148834.1	5872
CP039502.1	4724790
CP033340.1	4668874
CP100707.1	4962789
CP065065.1	11078
CP039563.1	4148
CP087538.1	4809485
CP009570.2	85837
CP129207.1	94032
CM127137.1	5023947
CP169321.1	5218
CP156713.1	4844814
CP148821.1	4903
CP148872.1	4693460
CP018648.1	4688972
CP014978.1	147296
CP075120.1	4679257
CP046277.1	4611029
CP104486.1	69202
CP038432.1	4890368
CP054466.1	3188
CP167162.1	1983
CP075124.1	33067
CP075119.1	61453
CP074099.1	93933
CP001126.1	4585
CP037882.1	4996832
CP063331.1	2097
CP029860.1	91891
CP030196.1	4869528
CP121070.1	4851681
CP065107.1	2442
CP101384.1	6647
CP182624.1	278566
CP087517.1	4878418
OW707734.1	4790262
FM200053.1	4581797
CP149240.1	4986166
CP117377.1	99205
CP120331.1	4857058
CP193499.1	4781033
CP085812.1	4749459
CP020924.1	65419
CP060510.1	3372
CP100699.1	181948
CP018651.1	4698445
CP063293.1	3610
CP029893.1	106706
CP149329.1	11069
CP126324.1	86649
CP130077.1	144828
AP024347.1	4867732
CP026700.1	4870262
CP110868.1	37269
CP117350.1	86233
CP169347.1	33715
CP149160.1	228542
CP149283.1	5030067
CP034717.1	4860626
CP035918.1	247705
CP047524.1	87292
CP032446.1	4844133
CP091609.1	6431
CP130114.1	2569
CP133421.1	4593
CP133184.1	228305
CP022137.1	66457
CP065118.1	176705
CP081187.1	4972233
CP101366.1	62098
CP120327.1	4857068
CP117292.1	4776296
CP051412.1	232583
CP039720.1	4418
LR861808.1	4916754
CP051320.1	4794180
CP160163.1	4656078
CP133280.1	44109
CP085817.1	4711503
CP149388.1	4857662
CP029959.1	4795890
OY754830.1	232110
CP029645.1	216963
CP090532.1	93407
CP030213.1	2519
CP080091.1	4680320
CP117325.1	1035
CP061929.2	5024881
CP194284.1	63589
CP030002.1	4677648
CP060171.1	1975
CP148848.1	5873
CP014359.1	94075
CP014996.1	5047093
CP029839.1	4865212
CP189821.1	4792180
CP015524.1	4679990
CP025745.1	4742945
CP051399.1	4198
CP063701.1	59372
CP017973.1	4547966
CP045062.1	40385
CP175995.1	4862639
OU015328.1	4893806
CP160161.1	4716699
CP149363.1	37074
CP165611.1	4909518
CP149225.1	3373
CP149346.1	5310
CP149435.1	4809002
CP001143.1	74551
CP050713.1	106652
CP169505.1	4731576
WUQC00000000.1	61056
WUQC00000000.1	99220
WUQC00000000.1	60084
WUQC00000000.1	32954
WUQC00000000.1	50697
WUQC00000000.1	25312
WUQC00000000.1	6758
WUQC00000000.1	5711
WUQC00000000.1	42952
WUQC00000000.1	3587
WUQC00000000.1	100284
WUQC00000000.1	4378
WUQC00000000.1	42103
WUQC00000000.1	18201
WUQC00000000.1	9614
CP029958.1	4783542
CP025243.1	4928771
CP045056.1	4930424
CP120334.1	285078
CP060586.1	256017
CP019407.1	4777558
CP060169.1	4877978
CP040568.1	4965236
CP149507.1	4752118
CP149154.1	4988096
CP130094.1	2839
CP065063.1	99057
CP075134.1	4795558
CP032816.1	4588222
CP007533.1	4603849
CP065564.1	4944501
CP130096.1	4864549
CP017178.1	59371
AE017220.1	4755700
CP171354.1	147396
CP029878.1	4782665
CP032445.1	89737
CP197144.1	4593
OW704291.1	4783830
CP169080.1	76959
CP169325.1	39501
CP009564.1	120340
CP077699.1	4875120
CP089210.1	266098
CP045053.1	26060
CP130107.1	144840
CP051404.1	4820130
CP117373.1	4851116
CP117366.1	146584
CP019177.1	4805448
CP019188.1	95279
CP091545.1	188626
CP092000.1	19682
CP149345.1	58440
CP028197.1	444417
CP029846.1	4801146
CP103792.1	278481
CP136150.1	64327
CP104644.1	59329
CP091633.1	4267
CP117395.1	100527
CP093403.1	4880447
CP097854.1	4018
CP085805.1	4713493
CP180714.1	11748
CP051390.1	11037
CP131771.1	9007
CP117307.1	4833020
CP060676.1	4681486
CP104364.1	4633
CP149318.1	98062
CP091619.1	4647432
CP087511.1	96210
CP006051.1	4675
CP087549.1	119163
CP033351.2	210674
CP117357.1	4863964
CP050767.1	3373
CP018652.1	200045
CP051361.1	95358
CP149241.1	8433
CP025274.1	6761
CP077693.1	5070267
CP176561.1	4933608
CP009561.1	4755838
CP026609.1	4846817
CP022142.1	5076950
CP159180.1	1888
CP104479.1	4919686
CP091614.1	4052
CP034231.1	95924
CP185808.1	4967444
AP023311.1	4915174
CP053052.1	25682
CP082934.1	5631
CP125222.1	29336
CP047552.1	4074
CP133398.1	4911285
CP001120.1	4888768
CP151082.1	4987713
CP100667.1	64325
CP033359.1	50864
CP193973.1	4729887
CP051341.1	5417
CP121067.1	195329
CP039594.1	6760
CP041976.1	4957978
CP039862.1	91904
CP039566.1	93838
CP117345.1	74562
CP029921.1	106706
CP193954.1	4687297
CP022964.1	67685
CP009768.1	4680477
CP039589.1	2617
CP018634.1	92831
CP101854.1	4786683
CP126141.1	64327
CP159772.1	4784320
CP007582.1	91739
CP087560.1	59372
CP033225.2	6758
CP160069.1	5770
CP149155.1	205448
CP149215.1	107357
CP012932.1	2096
CP029944.1	4784815
CP128261.1	4753260
CP100723.1	328074
CP101390.1	4978290
CP117850.2	4931346
CP011433.1	4800
CP040319.1	47477
CP003387.1	93877
CP159178.1	6477
CP092258.1	4740845
CP087537.1	31831
CP051411.1	125574
CP098830.1	3373
CP194266.1	2121
CP048777.1	27511
CP014577.1	93930
CP060667.1	110273
CP045756.1	99458
CP174478.1	4726886
CP023476.1	34661
CP029040.1	4807052
CP149185.1	4988025
JBRUUC000000000.1	828
JBRUUC000000000.1	45089
JBRUUC000000000.1	146364
JBRUUC000000000.1	38898
JBRUUC000000000.1	25074
JBRUUC000000000.1	54148
JBRUUC000000000.1	17578
JBRUUC000000000.1	20850
JBRUUC000000000.1	49920
JBRUUC000000000.1	20955
JBRUUC000000000.1	109388
JBRUUC000000000.1	26098
JBRUUC000000000.1	4819
JBRUUC000000000.1	66033
JBRUUC000000000.1	16128
JBRUUC000000000.1	34861
JBRUUC000000000.1	51640
JBRUUC000000000.1	10829
JBRUUC000000000.1	195706
JBRUUC000000000.1	57917
JBRUUC000000000.1	103421
JBRUUC000000000.1	22899
JBRUUC000000000.1	11291
CP140412.1	4861050
CP030190.1	4813547
CP173643.1	59377
CP028900.1	4833791
CP194308.1	4840188
CP039485.1	81929
CP156168.1	4554125
CP173308.1	1671
CP035551.1	3045
CP050757.1	4721555
CP014994.1	4834050
CP051308.1	154276
CP197166.1	4473
CP019207.1	81410
CP121005.1	24483
CP082340.1	4915
CP051385.1	111658
CP150500.1	4744059
CP197155.1	4988593
CP047551.1	240317
CP010280.1	4864348
CP091639.1	3172
CP018655.1	4699800
CP148846.1	4728438
CP075135.1	4866315
CP044180.1	106569
CP016586.1	4750331
CP149270.1	5061017
CP197156.1	212479
CP069518.1	4675929
CP075127.1	4754349
CP053585.1	4888815
CP169352.1	5026429
CP162096.2	4847759
CP037876.1	96545
CP117388.1	4805135
CP186701.1	10351
CP091640.1	4645539
CP041181.1	4776397
CP060851.1	4267
CP074663.1	4868432
CP104481.1	2442
CP016581.1	4747526
CP140750.2	4881897
CP117374.1	106220
CP047425.1	17726
CP148843.1	4903
CP017620.1	93595
CP012683.1	112639
CP039503.1	4882218
CP029802.1	90137
CP194283.1	4840742
CP039486.1	4726556
CP149175.1	4990971
CP060836.1	4267
CP041699.1	4941329
CP104677.1	4774206
CP088141.1	6645
CP029848.1	4799748
CP045057.1	26057
CP034968.1	4913154
CP133281.1	21790
CP104827.1	3988
CP045754.1	4726556
CP182617.1	251478
CP051422.1	2096
CP039465.1	4726540
CP039498.1	4774876
CP171351.1	4768471
CP148808.1	5873
CP197143.1	6647
AP023301.1	131843
CP039469.1	4726545
CP130080.1	4085
CP100741.1	88662
AP023294.1	4915346
AM933172.1	4685848
CP131778.1	100517
CP120397.1	4832976
CP064265.1	88171
CP088142.1	4664130
CP150497.1	217909
CP041027.1	190723
CP025278.1	4985589
CP060850.1	251692
CP022062.2	4863143
CP131777.1	4831851
CP061119.1	5038289
CP149379.1	93856
CP101371.1	90508
CP110201.1	4975504
CP021909.1	4855001
CP104815.1	4593
CP040320.1	3372
CP130073.1	4850917
AP023295.1	60222
CP149195.1	78203
CP089789.1	4837844
CP149321.1	98067
CP120315.1	4720107
CP100689.1	4745939
CP087492.1	6115
CP029920.1	4799956
CP046292.1	2231
CP032394.1	55415
CM132300.1	4793452
CP030188.1	93719
CP160175.1	4684508
CP100714.1	4593
CP092262.1	3897
CP030024.1	4755436
CP033353.2	255327
CP173310.1	1416
CP088902.1	285167
CP149314.1	108995
CP117394.1	4805034
CP117379.1	99205
CP169512.1	319153
CP029855.1	4800586
CP053868.1	86908
CP022118.1	416444
CP014663.2	4836393
CP016533.1	91980
CP032386.1	75390
CP039584.1	3208
CP133435.1	4717634
CP149227.1	713
CP100701.1	3263
CP091610.1	4267
CP140747.1	67705
CP080514.1	352141
CP185811.1	4263
CP110660.1	6477
CP039466.1	81938
CP060507.1	4857466
CP085820.1	4874189
CP016571.1	37697
CP032385.1	103514
CP149190.1	4981734
CP100695.1	4948276
CP050758.1	87883
CP018650.1	59372
CP065085.1	159165
CP101381.1	3136
CP065073.1	86025
CM128333.1	4858016
CP131759.1	10047
CP060523.1	59372
CP035548.1	153015
CP074096.1	4858114
CP087476.1	294842
CP030204.1	138648
CP148873.1	4658533
CP029041.1	4914635
CP148827.1	310238
CP091559.1	287681
CP160185.1	5569
CP104365.1	4585
CP130111.1	2569
CP038602.1	30148
CP169502.1	304831
CP030230.1	2699
CP029336.1	4694373
CP017177.1	4686230
CP030936.1	4780894
CP029847.1	106705
CP193964.1	4727121
CP169506.1	319112
CP022034.1	4774926
CP014977.1	4856440
CP149508.1	49586
CP149324.1	5011039
CP149143.1	228542
CP051393.1	51490
CP019176.1	4751206
CP039484.1	4726550
CP030187.1	106569
CP065111.1	4783704
CP029801.1	34063
CP193940.1	4728306
CP028154.1	6230
CP063299.1	3257
CP041209.1	158212
CP034718.1	4582522
CP016357.1	4712541
CP029039.1	4694399
CP101375.1	5247576
CP022489.1	4796292
CP029873.1	4782825
CP145806.1	4835480
CP182625.1	46386
WUPX00000000.1	60994
WUPX00000000.1	72358
WUPX00000000.1	45587
WUPX00000000.1	17488
WUPX00000000.1	151435
WUPX00000000.1	183884
WUPX00000000.1	86430
WUPX00000000.1	15633
WUPX00000000.1	15578
WUPX00000000.1	129456
WUPX00000000.1	95748
WUPX00000000.1	31158
WUPX00000000.1	78973
WUPX00000000.1	50073
WUPX00000000.1	64826
CP044178.1	44544
CP074260.1	4806998
CP179911.1	274179
CP012924.1	4790331
CP087523.1	4843581
CP043222.1	4766173
CP120346.1	285070
CP016564.1	37697
CP022017.1	9815
CP077762.1	56404
CP149256.1	2966
CP102758.1	6912
CP016532.1	4245
CP040670.1	3208
CP129632.2	98748
CP044966.1	1541
CP053054.1	94046
CP168963.1	106607
CP039574.1	4418
CP104368.1	4821578
CP051394.1	4704366
CP149288.1	214671
CP087533.1	4844485
CP039472.1	81911
CP092691.1	92357
CP025277.1	266480
CP148820.1	5872
CP091997.1	4828508
CP130619.1	33657
CP169503.1	4736541
CP060847.1	253764
CP087525.1	4843592
CP117036.1	6659
CP100694.1	113134
CP163542.1	4858820
CP149217.1	93365
CP082933.1	5716
CP100686.1	279202
CP117181.2	4839261
CP029881.1	4791108
CP022138.1	4812886
CP173305.1	3318
CP007581.1	4933618
CP001138.1	4798660
CP041208.1	4795996
CP117361.1	74851
CP131760.1	4733972
CP196701.1	4971940
CP045950.1	93865
CP065132.1	148549
CP130083.1	4854947
CP148840.1	4727117
CP025556.1	93832
CP077681.1	3895
CP149163.1	4990771
CP061116.1	284303
CP016562.1	37697
OW706648.1	4789758
CP033357.1	33334
CP046281.1	58747
CP169344.1	4652689
CP014973.1	93960
CP094336.1	4059
CP173309.1	1453
CP193962.1	4727134
CP133399.1	48921
CP050729.1	230228
CP039505.1	2733
CP117401.1	54292
CP047541.1	232064
CP148793.1	4903
CP012514.1	4701355
CP101389.1	256591
CP030197.1	141502
CP060840.1	4651619
CP033226.2	4990577
CP090544.1	3042
CP029872.1	4783204
CP016014.1	4746969
CP003386.1	4876219
CP039500.1	4727567
OY754833.1	4066
CP148804.1	5873
CP039494.1	81941
CP140785.1	74492
CP007272.2	4685848
CP029851.1	106705
CP117320.1	6045
LR862421.1	4881179
CP009049.1	4599018
CP146848.1	92749
CP149238.1	30221
CP117188.1	4976875
CP039600.1	38266
CP195669.1	4583
CP104820.1	4938304
CP133439.1	59372
CP060669.1	110273
CP039716.1	4789195
CP130116.1	144840
CP147897.1	4719199
CP075106.1	4806207
CP186699.1	5015197
CP050773.1	34285
CP194278.1	4841094
CP169519.1	33657
CP007639.1	4751585
CP036174.1	4981102
CP193968.1	4726865
CP173644.1	4808980
CP043664.1	4889798
CP194312.1	1983
CP173378.1	4809099
CP085983.1	4689704
LN890525.1	84987
CP104483.1	3282
CP087481.1	4783583
CP028311.1	4793457
CP016865.1	104250
CP063710.1	3272
CP120399.1	4782091
CP090537.1	4074
CP045054.1	270881
CP025554.1	4678516
CP160180.1	92841
CP022963.1	4728875
CP194291.1	2121
CP149218.1	4975508
CP039718.1	93838
CP149260.1	2137
CP026569.1	4679649
CP104824.1	4901
CP193951.1	318553
CP093401.1	195315
CP091541.1	149407
CP194263.1	4841093
CP169326.1	4916686
CP047528.1	249152
CP117301.1	4825435
CP097849.1	4870588
CP194319.1	63589
CP061128.1	60870
CP030226.1	5410
CP007263.1	4682911
CP149374.1	58545
CP082338.1	4803884
CP090304.1	4857450
CP140783.1	4682650
CP110935.1	49544
CP013225.1	3371
CP087478.1	296361
CP060517.1	4715485
CP124236.1	4741987
CP044965.1	1888
CP101856.1	4614036
CP047882.1	285081
CP033354.2	41696
CP044957.1	4787290
CP022072.2	42327
CP022135.1	4913978
CP051312.1	101468
JBSKFX000000000.1	30262
JBSKFX000000000.1	34355
JBSKFX000000000.1	26721
JBSKFX000000000.1	209572
JBSKFX000000000.1	33576
JBSKFX000000000.1	180784
JBSKFX000000000.1	38777
JBSKFX000000000.1	282
JBSKFX000000000.1	3918
JBSKFX000000000.1	37338
CP184870.1	93787
CP160153.1	4867884
CP173376.1	45227
CP148876.1	499069
CP019410.1	4618056
CP173300.1	22954
CP031362.1	190543
CP031359.1	4718794
CP163543.1	93945
CP050736.1	110163
CP022061.2	44561
CP019205.1	81408
AP023296.1	6835
CP091632.1	6432
CP022063.2	173817
CP102670.1	93832
CP147896.1	4804355
CP074262.1	4762862
CP092690.1	4822696
CP039717.1	248353
CP149355.1	4903
CP149152.1	100886
CP182630.1	270104
CP039854.1	4817004
CP019681.1	4685718
CP060678.1	4680702
CP092913.1	80314
CP173314.1	9428
CP110198.1	4975120
CP102757.1	84242
CP119987.1	312164
CP050726.1	4974417
CP044257.1	4757321
CP028169.1	4941290
CP058671.1	4826040
CP053056.1	269824
CP121077.1	195315
CP117315.1	5919
CP082957.1	99702
CP061125.1	253817
CP117851.1	4848834
CP189878.1	92256
CP029917.1	4800376
CP149139.1	4473
CP065066.1	5280279
CP085807.1	4791720
CP101908.1	152311
CP159773.1	232926
CP161844.1	5632
CP193947.1	318532
CP039510.1	5900
CP039863.1	6306
CP100705.1	35226
CP104643.1	4719009
CP091604.1	4685132
CP149394.1	4857896
CP140786.1	4679994
CP065568.1	247565
CP044967.1	4773032
CP148835.1	4903
CP148817.1	4903
CP173648.1	45227
CP104359.1	59372
CP149350.1	4960263
CP117309.1	6047
CP016572.1	98999
CP133288.1	4657
CP110658.1	271960
CP092912.1	88258
CP014971.2	4784385
CP039282.1	2244
CP060135.1	112916
CP155801.1	5116874
CP147901.1	4721223
CP045519.1	106855
CP120341.1	4697034
CP160164.1	1983
CP014972.2	95780
CP047324.1	93832
CP065123.1	59372
CP129109.1	4807710
CP091563.1	5023327
CP039861.1	245375
CP009087.1	4678571
CP182133.1	74563
CP050708.1	59371
CP045060.1	26056
CP120671.1	5035375
CP196402.1	4680731
CP150844.1	4836735
CP090133.1	4647585
CP133488.1	249152
OZ261664.1	4972906
CP149386.1	93844
CP045461.1	4670959
CP005994.1	37692
CP032494.1	4764173
CP195827.1	2597
CP100679.1	88397
CP014976.1	94019
CP117335.1	2699
CP047533.1	96002
CP045038.1	5000356
CP194274.1	63589
CP087496.1	54998
CP085803.1	4711483
CP120326.1	285076
CP019417.1	4916040
CP149179.1	4919935
CP156900.1	74566
CP074097.1	93933
CP028313.1	43609
CP065083.1	227199
CP030228.1	3428
CP130082.1	2569
CP130093.1	4694
CP087527.1	4844531
CP033256.1	147918
CP038598.1	4448
CP079839.1	5081513
CP182171.1	4845548
CP117189.1	205161
CP197149.1	12090
CP045947.1	4964749
CP091606.1	4267
CP087512.1	4681359
CP087503.1	59371
CP050751.1	260225
CP150644.1	4654781
LT905060.2	4795368
CP149251.1	2101
CP117349.1	180389
CP019192.1	4572929
CP025231.1	158213
CP016410.1	4727114
CP051377.1	94046
CP007252.1	4679808
CP050785.1	4993824
CP093392.1	4704408
CP161947.1	93802
CP026052.1	4679420
CP149245.1	6029
CP011945.1	2096
CP016521.1	4750474
CP115834.1	4883017
CP197146.1	4989763
CP061115.1	5024322
CP104361.1	4585
CP011432.1	5093
CP067079.1	271919
CP050738.1	4715
CP061118.1	5059260
CP104637.1	158207
CP039437.1	4680581
CP117312.1	4828384
CP050719.1	7264
CP029906.1	4775386
CP026713.1	4686022
CP029928.1	4799426
CP117383.1	100649
CP039562.1	178506
CP060509.1	209422
CP149230.1	90690
CP169317.1	5034812
CP150499.1	4691542
LR881464.1	93927
CP050779.1	4744651
CP045521.1	63762
CP018661.1	4679622
CP040700.1	4767334
CP117370.1	4998883
CP122457.1	4772725
CP100683.1	262557
CP085806.1	4713509
CP149317.1	4919846
CP020493.1	264914
CP100744.1	4730593
CP091998.1	4838258
CP039512.1	1240
JBREBJ000000000.1	1618
JBREBJ000000000.1	961
JBREBJ000000000.1	23399
JBREBJ000000000.1	91580
JBREBJ000000000.1	13927
JBREBJ000000000.1	11635
JBREBJ000000000.1	33177
JBREBJ000000000.1	85292
JBREBJ000000000.1	63012
JBREBJ000000000.1	70141
JBREBJ000000000.1	4343
JBREBJ000000000.1	31964
JBREBJ000000000.1	85124
JBREBJ000000000.1	67778
JBREBJ000000000.1	76893
JBREBJ000000000.1	31044
JBREBJ000000000.1	1334
JBREBJ000000000.1	7501
CP182132.1	92556
CP029862.1	4814028
CP149171.1	4990771
CP011431.1	42199
CP045762.1	4794364
CP149204.1	99050
CP091625.1	4267
CP149407.1	93856
CP161845.1	5031
CP061048.1	93278
CP060856.1	220699
CP028173.1	50905
CP039864.1	5310
CP147906.1	4800775
CP029907.1	4774500
CP120322.1	4720159
CP029038.1	4766139
CP029927.1	4778473
CP087506.1	59357
CP045515.1	4673793
CP051420.1	83778
CP160059.1	4782639
CP016518.1	37698
CP050731.1	5038546
CP039509.1	4882236
CP149223.1	77367
CP039715.1	93838
CP039274.1	4096
CP091637.1	279202
CP149311.1	4593
CP182623.1	4677799
CP029918.1	4778368
CP085987.1	5052615
CP065095.1	278374
CP102760.1	3373
CP006717.1	4707648
CP145808.1	4936
CP033345.1	4834056
CP090540.1	242063
CP171353.1	4817391
CP121069.1	195307
CP169337.1	34452
CP045753.1	4726706
CP155802.1	178795
CP120343.1	4857048
CP194316.1	2121
CP149376.1	98952
LN890522.1	4875411
CP051401.1	3372
CP012930.1	4809628
CP075111.1	101510
CP051345.1	277441
CP149266.1	4962583
CP104813.1	243984
CP024166.1	135915
CP173652.1	59372
CP148878.1	27875
CP182626.1	4676846
CP100669.1	6080
CP177303.1	138951
CP012929.1	96042
CP117367.1	4963124
CP053872.1	86908
AP023300.1	4916896
CP087558.1	4673348
CP043401.1	4869261
CP091635.1	4267
CP024165.1	4801841
CP077680.1	4980943
CP100735.1	5423
CP133434.1	45040
CP173295.1	34206
CP007269.2	4679953
CP016510.1	4747525
CP011942.1	4679487
CP007532.1	4547600
CP041184.1	4718314
AP023288.1	4995025
CP050777.1	4782837
CP189854.1	4784562
CP012927.1	3372
CP061123.1	260707
CP093410.1	2228
CP051352.1	9569
CP030000.1	102921
CP107013.1	4072
CP091617.1	6431
CP018653.1	59334
CP077710.1	5212792
CP019035.1	4609911
CP029880.1	4783762
CP087550.1	4593
CP044189.1	90935
CP050770.1	145548
AP023289.1	4998784
CP118536.1	4780792
CP089798.1	4837742
CP149326.1	11069
CP065081.1	226935
CP149162.1	4473
CP089208.1	308491
CP091611.1	4682504
CP087488.1	4680091
CP060843.1	4267
CP087561.1	4783705
CP039489.1	4726556
CP117323.1	11944
CP149377.1	93844
CP085813.1	4713683
CP091623.1	4267
CP038848.1	93862
CP045512.1	48530
CP029955.1	217339
CP028312.1	117928
CP026976.1	4751278
CP059886.1	4918860
CP102669.1	4961176
CP044202.1	10046
CP060585.1	4688541
CP194306.1	2121
AP023299.1	4916924
CP060839.1	4267
CP068387.1	67734
CP104808.1	6760
CP016574.1	2246
CP126326.1	90249
CP045520.1	90138
CP197709.1	89313
CP020913.1	119867
CP162098.2	6477
CP028175.1	5572
CP193960.1	4727111
CP089207.1	4746494
CP146619.1	89439
CP032304.1	4704113
CP110199.1	77789
CP133278.1	4578166
CP148791.1	338878
CP113540.1	4714057
CP088140.1	8274
CP068018.1	5022311
CP047323.1	4870266
CP120321.1	17355
CP091636.1	4645566
CP117701.1	1888
CP169081.1	34206
CP019174.1	4805333
CP018663.1	59356
CP051416.1	4834032
CP009086.1	4678377
CP129631.2	321025
CP016386.1	3904
CP169341.1	47200
CP019413.1	4942273
CP119981.1	294021
CP091621.1	3135
CP159774.1	93960
CP154882.1	47421
CP162125.1	5062193
CP065129.1	101992
CP189823.1	37697
CP194270.1	5728
CP182618.1	45040
CP077691.1	5049049
CP050720.1	3005
CP197147.1	214496
CP075116.1	4688242
CP117322.1	4845631
CP050727.1	147578
CP173642.1	45228
HE654725.1	86908
CP029861.1	4783691
CP047526.1	249143
CP053869.1	8688
CP084532.1	4679414
CP117033.1	4998257
LT905143.1	4618754
CP047556.1	256080
CP067092.1	93939
CP023508.1	4588003
CP037995.1	48223
CP050734.1	4906732
CP025450.1	4763902
CP085698.1	3373
CP029596.1	94001
CP149300.1	89476
CP169517.1	4726701
AP023312.1	230500
AP023315.1	4916845
CP061120.1	253797
LT795115.1	246444
CP050778.1	190811
CP103773.1	5269
CP033384.2	4784845
CP032384.1	4877387
CP133429.1	4685645
CP063709.1	59372
CP062226.1	265014
CP182621.1	45040
CP173656.1	4808962
CP173370.1	59372
CP160158.1	5569
CP026701.1	93832
CP022490.1	4734880
CP001127.1	4709075
CP167169.1	4617521
CP087553.1	4779036
CP019408.1	4847468
CP065117.1	4662937
CP018640.1	4679538
CP148837.1	318536
CP131763.1	4737532
CP004028.1	17094
CP087500.1	4679611
CP087540.1	48715
CP148801.1	4727115
CP120325.1	4857057
CP045755.1	81815
CP000857.1	4833080
CP091566.1	4973782
CP133420.1	11043
CP030025.1	100335
CP149338.1	4805548
CP148795.1	307572
CP104822.1	7540
CP043400.1	4870263
CP041026.1	4968488
CP169516.1	327150
AP026950.1	74956
CP101942.1	3071
CP100678.1	4732812
CP133213.1	184553
CP032449.1	4913018
CP019182.1	124201
CP040900.1	4813658
CP147902.1	4687165
CP039445.1	4727130
CP140417.1	4764049
CP007222.1	4565462
CP065130.1	4593
CP039488.1	81815
CP029887.1	216908
AP023291.1	4968591
CP051419.1	3372
CP012923.1	99011
CP075123.1	61453
CP020912.1	4694308
CP017978.1	4655223
CP149255.1	6760
CP091557.1	221549
CP149471.1	4760137
CP011293.1	32098
CP087516.1	4673410
CP130076.1	4850894
CP030221.1	54912
CP017621.1	4806964
CP009567.1	158521
CP029854.1	43427
CP040647.1	59372
CP045445.1	2989
CP104814.1	5055
CP051375.1	3605
CP060854.1	4267
CP029593.1	4933577
CP089791.1	4822417
CP003279.1	181431
CP169079.1	106607
CP156899.1	4843189
CP149247.1	108185
CP149178.1	4473
CP194317.1	1983
CP113539.1	4722848
CP130617.1	60178
CP007483.2	4731596
CP063700.1	4685852
CP130620.1	139312
CP149371.1	4857908
CP029898.1	106705
CP018635.1	4678113
CP047545.1	238273
CP173303.1	10616
CP149147.1	214671
CP149349.1	94672
CP100690.1	258970
CP009084.2	4679126
CP102744.1	3374
CP137712.1	4857518
CP133203.1	5087
CP060132.1	4746179
CP039272.1	29873
CP182126.1	30166
CP041177.1	111764
CP090534.1	292358
CP090144.1	4593
CP016585.1	99473
CP018646.1	54796
CP197138.1	58440
LN890519.1	98756
CP060855.1	4682442
CP029937.1	216810
CP001125.1	110227
CP133424.1	4657
CP053865.1	4879234
CP182124.1	159851
CP120347.1	4857056
CP098836.1	33858
CP048776.1	311615
CP039601.1	3751
CP123661.1	146005
CP081859.1	11046
CP117311.1	1316
CP019442.1	4974856
CP039561.1	4976848
CP100716.1	294171
CP019197.1	4648879
CP065084.1	4723264
CP039582.1	4933557
AP026959.1	2348
CM127804.1	5036715
CP087547.1	2214
CP117351.1	4838495
CP016011.1	67730
CP044177.1	5139919
CP012344.2	4752095
CP028729.1	4754975
CP030180.1	5195044
CP013702.1	4856460
CP029957.1	216847
CP117310.1	5919
CP094269.1	4717205
CP087556.1	59372
CP037880.1	40085
CP029997.1	86128
CP169328.1	4999447
CP169508.1	303375
CP016513.1	6647
CP011294.1	57955
CP149357.1	83362
CP148828.1	4727107
CP016837.1	4920660
CP133436.1	59372
CP050761.1	214820
CP065573.1	84218
CP149295.1	95631
CP117302.1	6988
CP039277.1	4710675
CP032380.1	96567
CP009566.1	94725
CP189879.1	5019081
CP110865.1	4799609
CP081188.1	3838
CP085701.1	5430
CP068021.1	3830
CP091618.1	4267
CP120333.1	4857058
CP016567.1	37697
CP067081.1	4215
OZ261661.1	3608
CP014622.1	97041
CP051354.1	104600
CP045758.1	81815
CP060675.1	110273
CP117245.1	93832
CP016582.1	2094
CP178590.1	47497
CP169351.1	4773
CP041173.1	4679929
CP101387.1	218090
CP149368.1	4693353
CP173372.1	59372
CP044186.1	4963375
CP045449.1	276739
CP050131.1	298622
CP032490.1	4837346
CP074661.1	4668867
CP097853.1	4869812
CP149236.1	1284
CP039514.1	2498
CP131769.1	117774
CP100743.1	2119
CP019184.1	4592393
AP023317.1	4979828
CP039501.1	81815
CP046280.1	4575198
CP087548.1	4670331
CP039444.1	321889
CP120398.1	4777787
CP149197.1	78203
CP148806.1	4727119
OU015342.1	4997841
CP029867.1	106706
CP060841.1	252013
CP173657.1	59373
CP038847.1	4854979
CP092011.1	5728
CP039495.1	47543
CP039497.1	81942
CP080513.1	4826311
CP039504.1	1237
CP065079.1	106255
CP130078.1	8251
OZ261663.1	1780
CP006057.1	122863
CP067080.1	27718
CP103776.1	3751
CP043905.1	93830
CP030217.1	4716530
CP173379.1	59369
CP140410.1	7938
CP050759.1	29164
CP120342.1	58367
CP087508.1	4679600
CP019189.1	4876720
CP019191.1	28662
CP149408.1	4762615
CP050768.1	2986
CP065718.1	4874787
CP102424.1	4986395
CP035915.1	4923339
CP196755.1	24484
CP140779.1	67678
CP139456.1	4754462
CP032388.1	124532
CP087535.1	82437
CP103775.1	4657
CP117348.1	4775084
CP117697.1	1888
CP030210.1	92624
CP012349.1	4817791
CP149310.1	6647
CP185381.1	96467
CP149389.1	93844
CP185383.1	35751
CP007285.2	4685849
CP085794.1	4679172
CP022116.1	4874915
CP149307.1	4808909
AP023292.1	4918843
CP090134.1	294023
CP065098.1	253971
CP022661.1	143770
CP065072.1	266567
CP189856.1	46161
CP113535.1	4972313
CP121071.1	195305
CP034969.1	4791
CP022119.1	30030
CP065075.1	3172
CP092862.1	246756
CP119986.1	4727145
CP120394.1	4780244
CP029911.1	4784370
CP030208.1	74577
CP007280.2	4685848
CP093393.1	58608
CP033341.1	59261
CP062220.1	4799045
LR590081.1	4839011
CP029568.1	5070296
CP029943.1	217072
CP030182.1	224430
LT855377.1	93862
CP032814.1	4985863
CP025217.1	4840810
CP000886.1	4858887
OZ261665.1	257870
CP047548.1	4990411
CP089797.1	4823610
CP039605.1	38556
CP007175.1	4711160
CP149262.1	4983985
CP149137.1	212241
CP016575.1	37697
CP019406.1	4693979
CP033382.2	209798
CP131745.1	90138
CP025558.1	30098
CP126310.1	4919121
CP093406.1	265849
CP075038.1	147099
CP133183.1	4972243
CP117381.1	99202
CP149287.1	4988414
CP006055.1	4977480
CP122303.1	4852
CP148839.1	318536
CP060516.1	278034
CP046291.1	4668186
CP100687.1	62147
CP126166.1	4783907
CP128264.1	2096
CP169504.1	292757
CP041975.1	19388
CP065094.1	4644572
CP169501.1	4725739
CP012936.1	98999
CP117294.1	4780817
CP091560.1	4988055
CP020752.1	4597370
CP051337.1	2264
CP075037.1	4620577
CP140416.1	4841234
CP011428.1	4886081
JBSBGN000000000.1	70937
JBSBGN000000000.1	98232
JBSBGN000000000.1	7826
JBSBGN000000000.1	174676
JBSBGN000000000.1	24399
JBSBGN000000000.1	60937
JBSBGN000000000.1	150214
JBSBGN000000000.1	9413
JBSBGN000000000.1	8804
JBSBGN000000000.1	61530
JBSBGN000000000.1	81701
JBSBGN000000000.1	14447
JBSBGN000000000.1	16239
JBSBGN000000000.1	3067
JBSBGN000000000.1	28643
JBSBGN000000000.1	17711
JBSBGN000000000.1	87084
JBSBGN000000000.1	34949
CP020823.1	4679064
CP008927.1	59372
CP118538.1	84390
CP022069.2	4916780
CP193955.1	318535
CP187362.1	4681401
CP051340.1	3373
CP149210.1	4857712
OX442403.1	4790899
CP197139.1	5310
CP169507.1	4733548
CP194295.1	5728
CP197157.1	4757
CP185810.1	95578
AP026956.1	4806
CP131770.1	47091
CP025448.1	4762736
CP100666.1	4777143
CP047546.1	4994555
CP016508.1	2096
CP025452.1	4763930
CP051328.1	3375
CP082958.1	67319
CP131761.1	195861
CP091546.1	3885
CP029947.1	218627
CP197161.1	5055
CP149212.1	4857523
CP157395.1	318349
CP168930.1	4541070
CP030177.1	131435
CP194282.1	1983
CP138308.1	210622
CP194845.1	110273
CP130108.1	2569
CP069297.1	4876020
CP010279.1	4832938
CP044962.1	126750
CP104805.1	5000338
CP085804.1	4711493
CP149219.1	104103
AP026954.1	5444
CP039859.1	2883
CP101691.1	9208
CP173289.1	106705
CP065096.1	3172
CP154883.1	4778801
CP149257.1	5030928
CP196404.1	6114
CP196174.1	4840359
CP033253.2	149567
CP160171.1	4714964
CP051383.1	112349
CP015157.1	4846304
CP119985.1	315489
CP029895.1	217284
CP140791.1	59372
CP018659.1	4679309
CP091869.1	180031
CP104366.1	4863704
CP149183.1	1916
CP065088.1	187198
CP194297.1	1983
CP007254.1	4679953
CP100724.1	4752036
CP075125.1	4872383
CP130098.1	2569
CP129885.1	4691387
CP067340.1	93832
CP182619.1	4631958
CP037960.1	4645553
CP130085.1	2569
CP016530.1	4751449
CP039271.1	324175
CP045462.1	90138
CP025236.1	122896
CP002099.1	4791958
CP101377.1	5632
CP149308.1	120145
CP007531.1	4706101
CP033255.2	4957526
CP104818.1	2414
CP028170.1	177712
CP149174.1	4473
CP100749.1	3428
CP065068.1	2444
LN868945.1	147787
CP145535.1	353748
CP193966.1	4727178
CP014983.1	4823793
CP110221.1	59372
CP016511.1	2094
CP050755.1	4074
CP092009.1	4859922
CP133202.1	4467
CP101368.1	58878
CP092006.1	4813657
CP011429.1	156323
CP029990.1	121189
CP087495.1	4679825
CP104490.1	3373
CP051309.1	48529
CP001144.1	4842908
CP019649.1	4999862
CP117293.1	4779270
CP037891.1	4611179
CP047549.1	249152
CP000604.1	176473
CP197141.1	120119
CP012935.1	3905
CP121004.1	64327
AP023307.1	131843
CP024167.1	92392
CP019193.1	196866
CP087554.1	4679604
FQ312003.1	4878012
CP027411.1	232341
CP080516.1	3228
CP093412.1	278374
CP034177.1	4724806
CP194846.1	4685138
CP129384.1	4711862
CP040564.1	4883741
CP156714.1	103670
CP009085.2	4679127
CP053053.1	219745
CP035301.1	4905039
CP051425.1	4722156
CP149189.1	4041
CP023475.1	4707598
CP051382.1	235025
CP051386.1	4860673
CP038603.1	6237
CP060518.1	233305
CP100696.1	81966
CP019179.1	4842582
CP140406.1	93183
CP065131.1	4994885
CP063702.1	4749264
CP190247.1	4727598
CP173377.1	59372
CP100718.1	4987481
CP100685.1	4645547
CP047555.1	4997304
CP090140.1	6727
CP012348.1	86650
CP045514.1	77622
CP016584.1	6647
CP182131.1	30977
CP022140.1	109681
CP159171.1	5001042
CP117326.1	4770448
CP120672.1	48530
CP051365.1	8688
CP007598.1	4679081
CP077709.1	26031
CP104484.1	4969564
CP029962.1	4783156
CP091542.1	5012649
CP136145.1	4724939
CP193979.1	318019
CP092041.1	250171
CP182121.1	125691
CP022060.2	11782
CP138306.1	238640
CP004857.1	4773
CP194298.1	4841095
CP197140.1	4808272
CP075121.1	61453
CP131775.1	80072
CP044188.1	4925831
OW706512.1	4790681
CP149393.1	4593
CP101857.1	151740
CP125220.1	4679795
CP063330.1	4864685
CP131765.1	4013
CP075142.1	75400
CP104642.1	59573
CP045955.1	4703625
CP133567.1	47645
CP040702.1	104768
CP185382.1	59372
CP029954.1	4784767
CP037892.1	4819673
CP149269.1	4998796
CP077670.1	4690166
CP179910.1	4762766
CP175689.1	2552
CP065090.1	4925569
CP085800.1	4712346
CP140784.1	17635
CP117291.1	4780537
CP091616.1	252013
CP060524.1	33310
CP120349.1	4857056
CP016385.1	4852920
CP092491.1	4991640
CP040321.1	4923481
CP039476.1	4726558
CP104833.1	4593
CP050718.1	59371
CP120316.1	59373
CP034479.1	4870261
CP091299.1	104427
CP066048.1	59372
CP016580.1	37696
CP047881.1	4725957
CP104489.1	44362
CP051424.1	57420
CP019190.1	186451
CP149284.1	90901
LT905139.1	4783440
CP159770.1	181874
CP168217.1	4698954
CP038600.1	2097
CP102739.1	4882250
CP091552.1	2953
CP020492.1	4751926
CP050715.1	3374
CP131764.1	70701
CP014657.1	4704371
CP039511.1	2733
CP159176.1	5001042
CP091549.1	3988
CP007508.1	59372
CP093374.1	320713
CP133323.1	56636
CP149390.1	4593
CP150498.1	4737703
CP061129.1	7395
CP187230.1	287574
AP026955.1	5410
CP012835.1	62884
CP074094.1	4857880
CP029871.1	91848
CP092010.1	63499
CP149176.1	214434
CP029647.1	106706
CP029960.1	4799747
CP096118.1	4894296
CP039473.1	4726548
CP009092.1	4709890
CP149348.1	99057
CP039559.1	246505
CP002614.1	4817868
CP121003.1	4679678
CP039280.1	26170
CP025235.1	6761
CP195823.1	4676647
CP101376.1	4999651
CP034697.1	4861251
CP169336.1	4775343
CP016012.1	4898059
CP091574.1	78621
CP091544.1	4978171
CP149209.1	4694467
CP044200.1	4799356
CP104369.1	291810
CP096119.1	235522
CP043665.1	5631
CP032389.1	36009
CP044256.1	290830
CP131776.1	49559
CP090929.1	5023197
CM129935.1	4978368
AP023293.1	7618
CP189822.1	98976
CP091608.1	225457
CP050765.1	30641
CP041171.1	4755719
CP149416.1	88961
CP039858.1	4073
CP104807.1	36957
CP087544.1	4188
CP182118.1	132005
CP090138.1	300750
CP092007.1	340763
CP103966.1	4783748
CP051356.1	4933457
OY754840.1	288977
CP194313.1	4841095
CP044187.1	62424
CP169349.1	4657
CP109827.1	5699
CP085862.1	57983
CP071210.1	5117320
OW849155.1	5429141
CP163497.1	5058501
CP124752.1	9297
CP091124.1	4747
CP012685.1	5207023
OX291528.1	5432976
CP053926.1	139857
OW967878.1	5186011
CP121772.1	5210534
OW849496.1	3223
CP084418.1	5068351
CP100764.1	5442880
CP042513.1	186249
CP065699.1	5441775
CP018918.1	100699
CP184286.1	5138241
CP031315.1	11089
CP061082.1	5395544
CP029447.1	73100
OX291529.1	12879
CP041130.1	5325027
PEHA00000000.1	102765
PEHA00000000.1	37873
PEHA00000000.1	29615
PEHA00000000.1	12459
PEHA00000000.1	247461
PEHA00000000.1	88055
PEHA00000000.1	9693
PEHA00000000.1	88353
PEHA00000000.1	86211
PEHA00000000.1	84106
PEHA00000000.1	37161
PEHA00000000.1	19162
PEHA00000000.1	16147
PEHA00000000.1	4386
PEHA00000000.1	31662
PEHA00000000.1	22266
CP185736.1	44929
CP055161.1	4925622
OX291746.1	5479295
CP012096.1	5546041
CP166424.1	43492
CP018921.1	47264
OX291774.1	3223
CP071238.1	5117297
CP196505.1	5230376
OY970412.1	105264
CP018915.1	5056149
OW967830.1	5187671
CP183291.1	113732
CP193988.1	5082903
CP072744.1	75602
OY970408.1	105264
CP115014.1	4947
OW967954.1	63589
CP058353.1	5009741
CP065688.1	5349167
JBRTPZ000000000.1	25952
JBRTPZ000000000.1	30821
JBRTPZ000000000.1	52224
JBRTPZ000000000.1	37460
JBRTPZ000000000.1	76159
JBRTPZ000000000.1	138685
JBRTPZ000000000.1	3753
JBRTPZ000000000.1	69522
JBRTPZ000000000.1	115894
JBRTPZ000000000.1	15712
JBRTPZ000000000.1	25077
JBRTPZ000000000.1	17371
JBRTPZ000000000.1	28313
JBRTPZ000000000.1	30671
JBRTPZ000000000.1	40208
JBRTPZ000000000.1	146749
JBRTPZ000000000.1	51465
CP060440.1	5005897
CP021164.1	5059456
CP053379.1	100934
CP068149.1	187192
CP090908.1	5432657
CP040350.1	5117289
OX291535.1	12879
OW968017.1	63570
CP142091.1	5792
OX291474.1	5479768
CP098030.1	5228717
CP011640.1	73100
CP147621.1	5098655
CP197183.1	5244812
CP053927.1	5352713
CP100753.1	5199519
AP013064.1	41517
OW849493.1	79391
OX291480.1	2495
CP071220.1	5117320
CP109826.1	39600
CP071207.1	43189
CP068148.1	5329293
CP196545.1	5158367
CP183243.1	229580
CP018920.1	111810
CP192733.1	5483021
LR890659.1	147079
CP143342.1	76286
CP020507.1	5289724
CP038662.1	5256558
CP196506.1	83784
CP183242.1	5720060
CP063354.1	4994354
CP147540.1	5332495
CP071204.1	5117320
CP071223.1	43189
CP191461.1	5214053
CP071231.1	43189
CP071234.1	5118600
CP047686.1	103167
CP068097.1	5519
OW849156.1	68707
CP109825.1	93837
CP191462.1	113856
CP115019.1	52830
CP071230.1	5117300
CP171401.1	5148
CP147521.1	5032904
CP048786.1	8823
CP196517.1	4997647
AP021873.1	5148533
CP091121.1	5172927
CP109829.1	5421483
OX291534.1	18319
CP185735.1	5434710
CP117886.1	5094661
OX291475.1	96714
CP093323.1	5582777
OX291796.1	5433114
CP047692.1	103167
CP071189.1	43189
CP115010.1	109998
CP063230.1	87710
CP124753.1	5792
CP166422.1	21982
OX291536.1	5432891
OW849161.1	3223
OX291476.1	12869
CP041124.1	5236473
OX291538.1	3696
CP020503.1	5356402
CP092461.1	5136041
CP011254.1	6000511
CP029444.1	3223
HG738868.1	5123091
CP196511.1	113515
CP018926.1	5192910
CP018925.1	5300955
CP166426.1	50734
CP050172.1	122261
CP071196.1	5117320
CP147991.1	5126071
CP118932.1	5041121
CP109740.1	133721
CP183218.1	5520955
CP053572.1	5088187
OW849139.1	5154103
CP011639.1	69158
CM008894.1	5276151
OX291725.1	96714
CP143341.1	5257801
OW849160.1	3696
CP063355.1	69591
OX291724.1	5479642
OX291473.1	3223
CP076651.1	5142018
CP183244.1	5482452
CP071235.1	43189
CP196542.1	90665
CP139425.1	5451396
CP028947.1	5138817
CP042516.1	2694
CP091122.1	5052709
CP047683.1	103175
CP123597.1	5220866
CP053398.1	5695428
ARWD01000001.1	59081
ARWD01000001.1	107294
ARWD01000001.1	39257
ARWD01000001.1	97421
ARWD01000001.1	37526
ARWD01000001.1	68046
ARWD01000001.1	57486
ARWD01000001.1	5901
ARWD01000001.1	34000
ARWD01000001.1	243673
ARWD01000001.1	31432
CP085861.1	63589
CP047679.1	5331789
OX291748.1	3696
OX291589.1	3223
CP013047.2	123171
CP191463.1	55235
CP011303.1	5326657
OX291705.1	5433688
OY970410.1	5201097
CP109824.1	5232281
OX291479.1	3223
CP132198.1	8255
CP047681.1	2953
OW849141.1	5193
CP028946.1	5180277
CP047392.1	42724
JBRTQB000000000.1	10411
JBRTQB000000000.1	158513
JBRTQB000000000.1	5770
JBRTQB000000000.1	8684
JBRTQB000000000.1	75328
JBRTQB000000000.1	26236
JBRTQB000000000.1	40092
JBRTQB000000000.1	20889
JBRTQB000000000.1	39743
JBRTQB000000000.1	17205
JBRTQB000000000.1	136325
JBRTQB000000000.1	6837
JBRTQB000000000.1	7858
JBRTQB000000000.1	223758
JBRTQB000000000.1	61118
JBRTQB000000000.1	91980
CP047690.1	2953
CP163407.1	5241778
AP013063.1	5225577
CP071214.1	5117300
CP018929.1	5221717
CP196546.1	83791
CP071212.1	5117259
CP071233.1	43189
CP163149.1	5181779
CP124751.1	83787
CP063239.1	83750
JBRTQA000000000.1	204940
JBRTQA000000000.1	38374
JBRTQA000000000.1	145900
JBRTQA000000000.1	28684
JBRTQA000000000.1	45634
JBRTQA000000000.1	82234
JBRTQA000000000.1	20082
CP071224.1	5117320
PEHA01000002.1	102765
PEHA01000002.1	37873
PEHA01000002.1	29615
PEHA01000002.1	12459
PEHA01000002.1	247461
PEHA01000002.1	88055
PEHA01000002.1	9693
PEHA01000002.1	88353
PEHA01000002.1	86211
PEHA01000002.1	84106
PEHA01000002.1	37161
PEHA01000002.1	19162
PEHA01000002.1	16147
PEHA01000002.1	4386
PEHA01000002.1	31662
PEHA01000002.1	22266
CP011642.1	5477084
CP183288.1	5264612
CP127881.1	5031539
OW849114.1	2912
CP171402.1	2746
CP071195.1	43189
CP142090.1	83778
CP071216.1	5118577
OX291726.1	12879
CP050447.1	5217372
JBFQYL000000000.1	86861
JBFQYL000000000.1	115337
JBFQYL000000000.1	3927
JBFQYL000000000.1	116057
JBFQYL000000000.1	52171
JBFQYL000000000.1	59702
JBFQYL000000000.1	97254
JBFQYL000000000.1	276803
JBFQYL000000000.1	28972
JBFQYL000000000.1	27839
JBFQYL000000000.1	12148
CP029746.1	5140912
CP020502.1	74726
CP041123.1	5307415
CP061078.1	5287356
CP071201.1	43189
CP006253.1	44107
OX291749.1	3223
CP142097.1	5122992
OX291728.1	3696
OW967880.1	4831
OW967831.1	63570
CP071221.1	43190
CP115012.1	84227
CP071208.1	5117321
CP050171.1	5488891
CP196513.1	74346
CP139426.1	147265
CP070510.1	6891
CP006252.1	5238612
CP023956.1	5725385
CP068100.1	2783
CP014017.2	5284740
CP110102.1	5199519
CP147525.1	14621
CP109742.1	59632
CP041132.1	5309876
CP027301.1	76484
CP020508.1	224208
OX291729.1	2495
CP053286.1	5407775
CP026703.1	22569
CP166423.1	4747529
CP132290.1	4962287
CP142092.1	5248656
CP184876.1	2669
OX291533.1	96714
CP184875.1	5321486
CP184878.1	2669
CP115020.1	4947
CP053919.1	143701
CP071320.1	5102941
OW967953.1	5034972
CP196531.1	5127082
CP042514.1	87731
CP133586.1	5880490
CP047688.1	5429004
CP195229.1	4947975
JBRTQC000000000.1	4135
JBRTQC000000000.1	47629
JBRTQC000000000.1	29375
JBRTQC000000000.1	38846
JBRTQC000000000.1	6632
JBRTQC000000000.1	40345
JBRTQC000000000.1	70391
JBRTQC000000000.1	39291
JBRTQC000000000.1	45844
JBRTQC000000000.1	107384
JBRTQC000000000.1	31425
JBRTQC000000000.1	156591
JBRTQC000000000.1	10243
JBRTQC000000000.1	83838
JBRTQC000000000.1	41163
JBRTQC000000000.1	81281
JBRTQC000000000.1	29161
JBRTQC000000000.1	146216
JBRTQC000000000.1	3648
CP047693.1	2953
CP132197.1	5303026
CP196534.1	5185513
OX291537.1	12879
LR890657.1	5541541
CP006566.1	5467306
CP047391.1	5122776
CP041125.1	5307451
CP139427.1	180774
CP042363.1	5534595
CP048785.1	23411
CP029449.1	5540160
CP132301.1	5464431
OX291587.1	12879
CP132300.1	46403
OW849495.1	3696
CP071237.1	43190
CP068771.1	5455815
CP020501.1	5072681
CP071202.1	5117341
CP110103.1	38938
CP068101.1	2581
CP171400.1	5079283
CP091123.1	5228298
CP147523.1	35177
CP068214.1	5200450
OX291586.1	5433196
CP196529.1	5088864
OX291773.1	3696
CP033895.1	125113
CP139958.1	5117320
CP026050.1	5248423
OX291531.1	3223
CP091120.1	5099636
CP068098.1	1549
CP124750.1	5086741
CP115015.1	5457127
CP183417.1	5330521
CP029715.1	5140937
CP047682.1	5428813
CP020506.1	219979
CP074169.1	106702
OX291747.1	12879
CP196519.1	5207856
CP183290.1	86578
CP115016.1	109998
OW849492.1	194555
CP071200.1	5117320
OZ345263.1	5306217
CP006250.1	5328010
CP071219.1	43189
CP196533.1	2883
OW849113.1	3223
CP196543.1	5134650
CP090028.1	5070448
CP071217.1	43187
CP061075.1	5089571
CP054277.1	5158598
CP193987.1	5083758
OY970409.1	100281
CP115009.1	5412560
OY970411.1	105712
CP070509.1	38329
CP033623.1	5276341
CP196503.1	5128341
CP072742.1	5483177
CP029448.1	204825
CP166428.1	43492
CP012686.1	26346
CP071199.1	43189
PEHA01000003.1	102765
PEHA01000003.1	37873
PEHA01000003.1	29615
PEHA01000003.1	12459
PEHA01000003.1	247461
PEHA01000003.1	88055
PEHA01000003.1	9693
PEHA01000003.1	88353
PEHA01000003.1	86211
PEHA01000003.1	84106
PEHA01000003.1	37161
PEHA01000003.1	19162
PEHA01000003.1	16147
PEHA01000003.1	4386
PEHA01000003.1	31662
PEHA01000003.1	22266
CP061077.1	5153818
CP163502.1	5058410
AP024848.1	23921
CP186930.1	153935
CP053378.1	5074453
CP071209.1	43189
CP013046.2	5471721
CP113902.3	4989359
OX291532.1	5476370
CP018924.1	5308626
CP047680.1	94056
CP018928.1	5221713
CP012097.1	5439574
CP123607.1	5021061
OX291478.1	3696
OX291708.1	3223
CP042512.1	5419694
OW967879.1	65499
CP166421.1	46823
OX291477.1	4095
CP028948.1	5140937
CP071222.1	5117320
CP196538.1	5198846
CP090244.1	5144137
OX291472.1	3696
CP018930.1	5196805
CP169392.1	5185668
JBRTQD000000000.1	90684
JBRTQD000000000.1	43826
JBRTQD000000000.1	61782
JBRTQD000000000.1	37484
JBRTQD000000000.1	24764
JBRTQD000000000.1	47683
JBRTQD000000000.1	30186
JBRTQD000000000.1	13575
JBRTQD000000000.1	64452
JBRTQD000000000.1	4595
JBRTQD000000000.1	61704
JBRTQD000000000.1	78822
JBRTQD000000000.1	137654
JBRTQD000000000.1	3720
JBRTQD000000000.1	38858
OW849494.1	12879
CP150016.1	5167763
CP071232.1	5117320
PEHA01000001.1	102765
PEHA01000001.1	37873
PEHA01000001.1	29615
PEHA01000001.1	12459
PEHA01000001.1	247461
PEHA01000001.1	88055
PEHA01000001.1	9693
PEHA01000001.1	88353
PEHA01000001.1	86211
PEHA01000001.1	84106
PEHA01000001.1	37161
PEHA01000001.1	19162
PEHA01000001.1	16147
PEHA01000001.1	4386
PEHA01000001.1	31662
PEHA01000001.1	22266
OX291539.1	3223
CP047691.1	5427741
OX291706.1	12879
CP070508.1	5215760
CP071198.1	5117319
CP020505.1	47999
OX291530.1	3696
CP184877.1	5315323
CP020504.1	13878
CP063238.1	5315598
LR890658.1	184703
OX291707.1	3696
CP166420.1	4734359
CP127882.1	129237
OX291588.1	3696
CP180287.1	5192298
CP053380.1	87789
OX291771.1	5433069
OX291471.1	12879
AP019010.1	104121
CP071241.1	43189
AP024847.1	5442193
CP042515.1	67074
CP186928.1	5292046
CP012639.1	5127030
CP071243.1	43189
CP193986.1	5083761
CP118723.1	4965686
CP048784.1	5317713
CP139959.1	43189
CP171403.1	6155
CP119436.1	86503
CP018922.1	21738
CP071203.1	43189
OW849491.1	5480730
OW849111.1	5186317
CP072743.1	180139
CM008895.1	119046
CP047684.1	2953
CP092184.1	5304622
CP060276.1	5091032
CP065673.1	5468961
HG326223.1	5113802
CP011637.1	3223
CP053918.1	5171649
CP147620.1	5098650
CP050013.1	5088390
CP033894.1	159042
CP166427.1	4861793
CP028949.1	5140918
CP002773.1	5442880
CP132377.1	5075014
CP139428.1	70139
CP072199.1	5140264
CP071242.1	5118577
CP060277.1	122584
CP109830.1	107807
CP196510.1	5372813
CP047689.1	103167
CP041134.1	5324996
OW849157.1	19482
CP186929.1	121445
CP143343.1	46161
CP026702.1	5472946
CP171404.1	2528
CP194225.1	5339485
CP071192.1	5118599
CP115011.1	99795
CP196520.1	83787
OY970407.1	148680
OX291727.1	4095
CP115018.1	84227
OW968016.1	5186895
CP147524.1	5032890
CP147522.1	14621
LR890660.1	1934
CP157869.1	4981899
CP027533.1	5309542
CP054160.3	5842465
CP071218.1	5117319
CP011641.1	199444
CP047685.1	5416416
CP011638.1	6393
CP071206.1	5117340
CP118724.1	72947
CP053925.1	5642069
CP196541.1	5228548
CP063229.1	5440698
CP041133.1	77267
CP071240.1	5117318
CP196532.1	83775
CP029446.1	69158
CP031316.1	5074473
CP003959.1	5241455
CP003960.1	3248
CP041122.1	5236919
CP192508.2	5339471
CP085860.1	5188985
OX291772.1	12879
CP068099.1	4111
CP006251.1	75721
CP197184.1	74131
CP071225.1	43190
CP068096.1	5467831
CP018919.1	5182841
CP027300.1	5142714
CP132199.1	9292
CP109739.1	5603828
CP142098.1	83783
CP196940.1	5074029
CP071228.1	5117303
CP196504.1	83784
CP196512.1	5216793
CP027539.1	5284831
CP147538.1	5334910
AP013065.1	58929
OX291798.1	3696
ARWD00000000.1	59081
ARWD00000000.1	107294
ARWD00000000.1	39257
ARWD00000000.1	97421
ARWD00000000.1	37526
ARWD00000000.1	68046
ARWD00000000.1	57486
ARWD00000000.1	5901
ARWD00000000.1	34000
ARWD00000000.1	243673
ARWD00000000.1	31432
CP109743.1	39814
OW849140.1	84132
CP100765.1	5256558
CP071191.1	43189
JBRTPY000000000.1	25967
JBRTPY000000000.1	178994
JBRTPY000000000.1	4006
JBRTPY000000000.1	184779
JBRTPY000000000.1	43357
JBRTPY000000000.1	8105
JBRTPY000000000.1	75539
JBRTPY000000000.1	6879
JBRTPY000000000.1	46121
CP018927.1	5155137
CP071229.1	43191
CP166418.1	4686155
OW849159.1	4783
CP071197.1	43188
CP149940.1	5345069
CP071190.1	5118556
CP047687.1	2953
CP142089.1	5086712
CP018923.1	5024591
CP041129.1	5233072
CP166419.1	52875
CP061076.1	5256044
OX291797.1	12879
OX291470.1	5433491
CP018916.1	73532
CP071244.1	5117309
CP071245.1	43189
CP071213.1	43189
CP142093.1	76520
CP071194.1	5117319
CP071227.1	43189
AP019009.1	5071908
CP194226.1	5339637
CP029445.1	6393
CP149941.1	119377
CP147539.1	5332462
CP183425.1	5040215
CP065747.1	5526854
CP166425.1	4551681
CP109741.1	53976
CM008896.1	80890
OW849158.1	12879
CP071239.1	43189
CP033893.1	5706987
OX291654.1	5048080
CP183221.1	5335811
CP074168.1	5085146
CP071236.1	5118579
CP115017.1	99795
CP071215.1	43189
CP071205.1	43189
CP071188.1	5117328
CP071193.1	43189
CP119435.1	5264063
CP183219.1	50315
CP071211.1	43189
CP097900.1	5110189
CP183220.1	159781
CP190751.1	4971147
OY970406.1	5201383
CP109828.1	2883
CP115013.1	52830
CP192734.1	144772
OW849112.1	70086
CP040182.1	5747416
CP018917.1	5357156
CP183289.1	75921
OX291799.1	3223
CP071226.1	5117340
CP123746.1	2798464
CP160098.1	2752649
CP123125.1	20731
CP120144.1	33934
CP138866.1	2819449
CP192213.1	2819584
CP029030.1	2829743
CP102977.1	2734532
CP047817.1	2741466
CP092545.1	78567
JBSDWP000000000.1	78075
JBSDWP000000000.1	82186
JBSDWP000000000.1	10134
JBSDWP000000000.1	97324
JBSDWP000000000.1	41355
JBSDWP000000000.1	105911
JBSDWP000000000.1	101345
CP120152.1	2783698
CP042107.1	2807514
HE579063.1	2759883
CP171210.1	2803421
CP043391.1	3123
CP094762.1	4711
CP120154.1	3149
CP022905.1	2911773
CP170425.1	2872536
CP167767.1	2881194
CP026965.1	5153
CP130509.1	2883240
CP094766.1	29951
CP047792.1	2760735
CP047862.1	27267
CP010402.1	2792802
CP138665.1	20446
CP115472.1	2833374
CP101123.1	2912407
CP007658.1	43396
CP076660.1	2739564
CP091526.1	36202
CP026955.1	4341
HE579073.1	2759328
CP168642.1	2750982
AP024743.1	23724
CP132496.1	2511
CP192821.1	2923939
CP157304.1	2805849
CP168089.1	2789600
CP194230.1	2902592
LR027878.1	3051056
CP039160.1	2782298
CP113043.1	54230
CP184730.1	2793724
CP162455.1	21327
CP194234.1	6250
CP120128.1	2745352
CP120039.1	33371
CP146213.1	3116088
CP157308.1	2964297
CP064390.1	32188
CP094748.1	29795
CP077098.1	2904556
CP014439.1	3125
CP159430.1	2746117
CP132488.1	2802260
CP117239.1	15773
CP132361.1	2863416
CP022901.1	2813964
CP162456.1	2868875
CP150779.1	2825867
CP160101.1	34419
CP181102.1	2922532
CP007499.1	2955646
CP120072.1	3126
CP088158.1	2797342
CP184559.1	2833324
CP022290.1	2848525
CP181140.1	2839594
CP120053.1	2783709
CP014401.1	4397
CP123748.1	2754179
CP192828.1	2832177
CP199008.1	2737465
CP120127.1	3090
CP085322.1	1475
CP047805.1	2860390
CP002388.1	2756919
CP038183.1	2784836
CP130544.1	2861340
CP120121.1	2783699
CP138863.1	31818
CP047826.1	2744945
CP077742.1	1373
CP062369.1	27268
CP053184.1	25960
CP017091.1	2833430
CP042043.1	2806828
CP042159.1	1686
CP178887.1	4439
CP162438.1	2922491
CP083260.1	3011
HE579071.1	2759263
CP166855.1	2973327
CP119711.1	42746
CP040999.1	27489
CP117237.1	27269
CP077756.1	2920
CP022608.1	17939
CP151143.1	27099
CP169951.1	27098
CP138888.1	2395
CP154861.1	2791198
CP113046.1	6279
CP077867.1	2786390
CP170423.1	25575
LT992470.1	2854964
CP162116.1	27268
CP156039.1	27069
CP165776.1	2923304
OZ261715.1	4884
CP014064.2	2801196
CP150894.1	24313
CP115887.1	2834886
CP058312.1	2969706
CP034007.1	4525
CP069565.1	2856112
CP092053.1	13162
CP096274.1	2809462
CP099504.1	2866122
CP089477.1	2893243
AP024730.1	2850020
CP077919.1	2732781
CP150762.1	55542
CP170707.1	2820779
CP026964.1	2800003
CP015817.1	2798022
CP047793.1	2819041
CP077921.1	2730804
CP080550.1	2904018
CP080222.1	2849687
AP019752.1	51624
CP092054.1	3125
CP116909.1	2732027
CP120136.1	3135
CP151254.1	2748576
CP120071.1	33427
CP080566.1	2913324
CP062384.1	2725155
CP154497.1	2919419
CP034012.1	3011
CP047022.1	19760
CP047816.1	2473
CP095117.1	40957
CP120094.1	33700
CP095112.1	2843350
CP120182.1	2783708
CP170391.1	2710770
CP014404.1	25980
CP021906.1	27490
CP038461.1	2764228
CP113052.1	2877165
CP017679.1	2758960
CP168094.1	2401
CP010298.1	2872779
CP120070.1	2783397
CP150745.1	13580
CP104559.1	2830479
LR027875.1	23576
CP168085.1	3042470
CP062394.1	27439
CP168012.1	2807155
CP069800.1	2539
CP003166.2	2795015
CP160003.1	2878881
CP151814.1	27252
CP130514.1	20641
CP167941.1	27068
CP076844.1	4397
CP040560.1	2820086
CP132370.1	22815
CP062348.1	2888373
CP170610.1	2849004
CP077743.1	11899
CP095323.1	2473
CP119713.1	2822410
CP019565.1	2473
CP095321.1	2797226
CP089160.1	21089
FR714929.1	27271
CP118860.1	2740087
CP138874.1	44200
CP031673.1	2846583
CP018767.1	26856
JBROPT000000000.1	185070
JBROPT000000000.1	106089
JBROPT000000000.1	68222
JBROPT000000000.1	542
JBROPT000000000.1	11621
JBROPT000000000.1	1183
JBROPT000000000.1	2585
JBROPT000000000.1	1983
JBROPT000000000.1	88600
JBROPT000000000.1	1115
JBROPT000000000.1	26249
CP070991.1	2766936
CP181112.1	3124
AP025693.1	2879025
CP182514.1	2891242
CP071104.1	2665983
CP066492.1	2793849
CP151139.1	27269
CP062388.1	2738397
CP094923.1	2871168
CP031669.1	2241
CP077912.1	32682
CP131666.1	24655
CM130724.1	2918388
CP019563.1	2809136
CP194233.1	27068
CP014386.1	26135
CP062398.1	2709761
CP127022.1	27322
CP104021.1	27068
CP094925.1	2856558
AP024511.1	2906855
CP192819.1	2825742
CP018629.1	3095697
CP014414.1	27068
CP089496.1	28815
CP016862.2	27067
CP089504.1	2883354
CP184545.1	2808979
CP043387.1	4439
CP062323.1	20691
CP033983.1	1491
CP113026.1	22927
CP035003.1	2756431
CP047837.1	2765656
CP129557.1	2766926
CP013619.1	2769573
AP025683.1	2794309
CP014363.1	3125
CP006045.1	24653
CP170773.1	2841022
CP016857.2	37941
CP015645.1	2796894
CP029081.1	27246
CP062338.1	2737213
CP138576.1	2735468
CP150782.1	21326
CP060279.1	46979
CP168717.1	2774338
CP134531.1	36292
OZ059816.1	2927893
CP181137.1	32737
CP014430.1	3125
CP151255.1	2776145
CP066491.1	2044
CP101314.1	2856680
CP062383.1	43339
CP113048.1	35294
CP029676.1	3127
CP123105.1	19758
CP155062.1	2737998
CP062358.1	2734925
CP047836.1	17328
CP029169.1	4213
CP102974.1	2761509
CP090001.1	2740225
CP167942.1	3125
CP077936.1	2890321
CP022719.1	20730
CP181108.1	27176
CP033986.1	25519
CP178868.1	2879034
CP012593.1	2798705
CP170772.1	29105
CP062420.1	2743582
CP120125.1	2783698
CP096523.1	37279
CP123114.1	2473
CP021105.1	2745711
CP062316.1	3111
CP029168.1	4203
CP099495.1	2716010
CP094785.1	2917187
CP132025.1	34901
CP091875.2	2915008
CP165634.1	2742615
CP102953.1	2772452
CP162426.1	30215
CP029664.1	2880689
CP089495.1	2983264
CP021171.1	2773467
CP096534.1	2361
CP123079.1	11774
CP152122.1	27079
CP170399.1	2837347
CP130549.1	2976881
CP117205.1	27080
AP017377.1	2897106
CP181126.1	2880828
CP123095.1	2858659
CP127345.1	2847214
CP013959.1	3089367
CP013616.1	2777077
CP040998.1	2755072
CP156038.1	2918960
CP066493.1	32742
CP160634.1	2800217
CP077933.1	2599728
CP064772.1	2832381
CP131672.1	3011
CP014448.1	32098
CP162471.1	2818671
CP095114.1	4468
CP117980.1	5925
CP123084.1	2746087
CP071106.1	2921
CP031886.1	2749000
CP120174.1	2783642
CP102969.1	6154
CP010998.1	2815416
CP014429.1	2919828
CP151144.1	2743556
CP043303.1	40628
HE579069.1	2759473
AP028991.1	2852436
CP123112.1	2821096
CP127024.1	3048293
CP014441.1	2915433
CP120198.1	33700
CP098730.1	2473
CM129895.1	2785768
CP138867.1	32916
CP091414.1	4430
CP053078.1	2992
CP138455.2	2821845
CP029649.1	2834439
AP025249.1	3096213
CP117981.1	4748
CP132032.1	34981
CP120032.1	3126
CP132031.1	2722483
AP024203.1	2820875
CP123073.1	17907
CP010299.1	2872781
CP018766.1	2900381
CP094854.1	2402
LT671859.1	2794437
CP029475.1	27086
CP017681.1	20653
CP031891.1	27068
CP120117.1	3126
CP033998.1	4525
CP085318.1	2799475
CP138668.1	20721
AP024314.1	3785
CP029663.1	2867357
CP113023.1	34956
CP094800.1	2812046
CP017683.1	39249
CP031665.1	16944
CP080562.1	2947630
CP062380.1	2833222
CP047810.1	27353
CP062341.1	20721
CP058614.1	2473
CP002110.1	2802675
LR027871.1	25922
CP034259.1	2818171
CP025489.1	3269
CP083671.1	2788843
CP123151.1	2870279
CP047839.1	2798472
CP120183.1	33647
CP000703.1	2906700
CP138873.1	2800452
CP041009.1	32188
CP125900.1	31359
CP138568.1	2761652
CP019591.2	2722374
CP062408.1	2824979
CP170611.1	4397
LS483302.1	2751084
CP170694.1	30462
CP018768.1	2835307
CP117979.1	2718711
CP026069.1	2878504
CP094771.1	3783
CP170405.1	4429
CP123127.1	20730
CP123116.1	35194
AP019543.1	2963149
CP134617.1	2749807
CP042154.1	14156
OZ282467.1	2819759
CP170796.1	35539
CP094763.1	2809177
CP047811.1	2758612
CP077853.1	2766976
CP077937.1	18473
CP012118.2	27043
CP011527.1	27490
CP039161.1	2424
OZ197081.1	2930443
CP178880.1	2879035
CP014385.1	3125
CP047848.1	17906
CP181120.1	2919697
CP125895.1	2739823
CP151148.1	60647
CP099498.1	2360
CP102957.1	2719797
CP077938.1	43569
CP147690.1	3125
CP162469.1	2818651
CP047827.1	20731
CP150784.1	2294
CP009681.1	3046210
CP047857.1	34909
CP168444.1	27068
CP089497.1	2891143
CP033865.1	2894587
CP117231.1	27490
CP081355.1	27068
CP070992.1	36441
CP130528.1	2815806
CP047791.1	2896381
CP123155.1	27267
CP186027.1	3019621
CP046476.1	2730873
CP080559.1	3125
CP034349.1	2714208
CP007675.1	25025
CP123101.1	3593
LT992434.1	2730154
CP047782.1	2948281
CP062467.1	2934806
CP015646.1	2742807
CP119111.1	4301
CP138567.1	34997
CP094664.1	27265
CP089478.1	31560
CP062392.1	24655
CP062335.1	20691
CP150766.1	2812079
CP170794.1	2473
CP123166.1	2812492
OZ197082.1	2818766
CP025496.1	3269
CP012970.1	2726196
OX344719.1	2918353
CP184552.1	29326
OZ261714.1	2936196
AP019305.1	2963259
CP131662.1	34746
CP014374.1	2473
CP062315.1	27035
CP118835.1	2797779
CP091523.1	2833771
CP118832.1	2797782
LR130517.1	3011
CP168158.1	2893290
CP134535.1	25109
CP062406.1	2717651
LT992465.1	2843512
CP081356.1	3126
CP047777.1	2806864
CP130512.1	2824934
CP155817.1	2857816
CP022721.1	20730
CP181119.1	3125
CP176713.1	2488
CP047847.1	2781568
CP062386.1	2747630
CP066490.1	2282
CP062416.1	2746529
CP060491.1	2882893
CP119112.1	2271
CP143801.1	20403
CP019945.1	2885865
CP070984.1	20730
CP151257.1	2913182
CP077897.1	2764234
CP042005.1	16596
CP020960.1	2955000
CP026954.1	6318
CP120162.1	2783779
LN831037.1	6578
AP017891.1	2809401
CP006840.1	3011
CP047822.1	2816598
LR134271.1	2859840
CP178877.1	2879034
CP162432.1	5991
CP035369.1	2875046
CP029031.1	2872769
AP024732.1	2803577
CP094853.1	2963184
CP162441.1	24666
CP126631.1	2742607
CP077894.1	2795787
CP012756.1	2846866
CP039450.1	3011
CP068683.1	17697
CP015818.1	35415
AJ938182.1	2742531
CP120079.1	2783770
CP016860.2	61505
CP192214.1	2843205
CP060278.1	2762291
CP094782.1	2777142
CP162479.1	3515
CP130517.1	2802475
CP015175.1	3085
CP113105.1	2833462
CP170605.1	2888163
CP167768.1	27068
CP131656.1	4397
CP089493.1	2937421
CP123129.1	39466
CP065200.1	1475
CP026961.1	2873867
CP139160.1	25960
CP055225.1	2874400
CP014438.1	2915433
CP003979.1	2751266
CP170394.1	4438
CP130510.1	2777936
CP168092.1	41864
CP053185.1	2840643
CP167763.1	27267
CP007676.1	2842022
CP007176.1	2921008
CP170438.1	8080
CP168014.1	2744052
CP000045.2	4440
CP022907.1	27573
LR130511.1	2733460
CP170421.1	4232
CP165630.1	2967495
CP157310.1	2925870
CP012976.1	2749822
CP170419.1	2800517
CP047778.1	2858867
CP029653.1	2963657
CP165636.1	2727069
CP026070.1	2740361
CP006044.1	2850503
CP047819.1	2477
CP131669.1	33066
CP123103.1	25060
CP093933.1	2840551
CP014405.1	2473
CP014447.1	3567
CP150888.1	2895282
CP132368.1	2740487
CP062465.1	2833283
CP123169.1	20638
OZ059820.1	2927810
CP170413.1	4131
CP168096.1	2779737
CP026063.1	2764708
CP132505.1	3153
CP077892.1	24233
CP007672.1	2840312
CP104476.1	2755075
CP120120.1	3174
CP045469.1	15916
CP120001.1	2738126
LR133917.1	2749900
CP012016.1	2903
CP047820.1	2763968
CP119345.1	27498
CP002643.1	2913900
CP118862.1	37714
CP113033.1	20267
CP130539.1	40034
CP014388.1	3125
AP020325.1	30220
CP077880.1	2855358
CP152421.1	39709
CP043394.1	3123
CP170695.1	20653
CP122484.1	2724116
CP103860.1	2891173
CP170699.1	20730
CP034005.1	2818363
CP095116.1	2853773
CP029650.1	40931
CP150743.1	2784767
CP138667.1	2755264
CP158667.1	2856082
CP162425.1	2825658
CP104561.1	8033
CP095115.1	29795
LS483317.1	2818899
CP162449.1	2860856
CP176564.1	2876497
CP119708.1	42746
CP151126.1	13364
CP170767.1	2770467
CP026971.1	1641
CP047868.1	2348
CP123133.1	7890
CP149494.1	3011
CP070988.1	2473
CP000730.1	2872915
CP019594.2	2793232
CP059180.1	2697590
CP014415.1	2919910
CP029087.1	2909586
CP062372.1	2696877
CP047849.1	2752646
CP077898.1	2764236
CP192815.1	8878
CP060492.1	10854
CP162420.1	2858037
CP030323.1	2790267
CP170428.1	4437
CP099497.1	2806809
CP029681.1	2834434
CP170786.1	40663
CP011147.1	2849811
CP047842.1	17906
CP181123.1	2399
CP040229.2	2758447
CP198996.1	2745024
CP029085.1	27267
CP062382.1	2895508
CP125865.1	3567
CP171381.1	2276
CP155060.1	2827026
CP022682.1	2814270
CP014424.1	3125
CP080554.1	23058
CP122490.1	2740176
CP118861.1	35890
CP062321.1	27068
CP042046.1	2780737
CP184546.1	20731
CP038612.1	2841948
CP047814.1	3785
CP123744.1	2749051
CP156986.1	2724920
CP142839.1	2910322
CP150893.1	2775823
CP170782.1	32186
CP192827.1	2866523
CP169266.1	2868882
CP138360.1	2827946
CP127019.1	3093943
CP170675.1	2965840
CP029648.1	2473
CP150776.1	55542
CP053641.1	27268
CP194910.1	2471
CP113031.1	5187
CP041010.1	2964112
CP077908.1	2764234
LT671860.1	27437
CP092540.1	2898679
CP192818.1	35202
CP006630.1	2833899
CP022898.1	2824814
CP077884.1	16616
AP024170.1	2838668
CP181099.1	2775504
CP191238.1	2741119
OZ261680.1	2747394
CP130505.1	2789870
CP087593.1	2884045
CP047799.1	2821898
CP029674.1	25109
AP024728.1	2810065
CP150788.1	2861767
CP150757.1	42585
LT598688.1	2878896
CP077890.1	30433
CP094790.1	22235
CP156984.1	2903815
CP192808.1	2876948
CP192816.1	2793540
CP170687.1	2724348
CP132039.1	29106
CP168223.1	3332
CP011874.1	2869563
CP062329.1	2720516
CP138881.1	2787772
LT996891.1	2730986
CP150752.1	2922628
OZ197093.1	2927762
CP178536.1	2825309
CP125868.1	20966
CP136527.1	3125
CP062378.1	2774090
CP020619.1	2874399
CP023500.1	2769588
CP120175.1	33701
CP119710.1	2802477
CP089506.1	3010529
CP065194.1	2839435
CP077852.1	2766978
CP123168.1	2752786
CP184720.1	27068
CP077858.1	2766990
CP120016.1	4439
CP167934.1	2880504
AP024312.1	3785
CP029082.1	2911287
CP138885.1	25761
CP062418.1	2743409
CP157004.1	2473
CP094750.1	2786100
CP077755.1	2846304
CP083729.1	27440
CP094802.1	31585
CP123089.1	4170
CP170790.1	2849009
CP092581.1	2872486
CP120014.1	2738126
CP139868.1	2806346
CP094444.1	48552
CP113037.1	2855101
HE579059.1	2759510
CP120036.1	2734931
CP070983.1	2768386
CP184544.1	20731
CP033997.1	3011
CP132367.1	2718855
LR822060.1	2971047
CP083730.1	2473
CP047923.1	39227
CP089158.1	30818
CP099577.1	16683
LN626917.1	2874302
CP077870.1	2855872
CP077916.1	2748821
CP011870.1	2909049
CP123738.1	2760030
CP170700.1	4440
CP012757.1	42747
CP104560.1	30064
CP014375.1	4397
CP077740.1	3048
CP018205.1	2819767
CP042348.1	2832989
CP184660.1	3125
CP134068.1	2683381
AP024723.1	2849402
CP047863.1	2819688
CP166865.1	2756616
LR027877.1	2936184
CP014427.1	3125
CP133662.1	3330
CP031667.1	2875880
CP162436.1	2925101
CP065197.1	2990
CP123111.1	4068
CP149809.1	27004
CP014418.1	3567
CP093931.1	36923
CP132364.1	2230
CP170411.1	2765621
CP047802.1	2871741
CP026967.1	3319
CP094786.1	22235
CP165639.1	24654
CP077888.1	2745573
CP123106.1	2829304
CP033978.1	1491
CP176568.1	2920348
AP020318.1	2822409
CP123162.1	2729099
CP094774.1	42055
CP184714.1	2712954
CP146210.1	3118776
CP080771.1	20724
CP120021.1	20730
CP029661.1	28166
CP123740.1	2766188
CP162444.1	2779306
LR130520.1	3125
CP132040.1	7199
CP178869.1	4439
CP184555.1	2832555
CP062439.1	2822484
CP103849.1	3126
CP092544.1	2818951
LT992475.1	2904888
CP170673.1	2844216
CP013132.1	2719261
CP077928.1	2754404
CP001783.1	4440
CP120055.1	3225
CP138865.1	2473
CP026959.1	10825
CP120203.1	3128
CP168497.1	2764733
CP030324.1	27168
CP026968.1	2840018
CP033984.1	3011
CP168161.1	20403
CP092447.1	2732224
CP077868.1	2757281
CP026958.1	2878505
CP192837.1	20721
CP092541.1	24653
CP033995.1	4525
CP019566.1	2622
CP170715.1	2473
CP151124.1	27068
CP040232.1	2876350
CP062337.1	20730
CP072116.1	2873962
CP089494.1	33111
CP041000.1	4496
AP027135.1	2802260
CP069472.1	3125
CP165642.1	2848375
CP120113.1	3121
CP130501.1	2843039
CP119339.1	4908
CP199996.1	2740068
CP184661.1	27037
CP066494.1	2372
CP167945.1	3125
LT992460.1	2906460
CP073065.1	2783931
CP053638.1	27018
CP027788.1	3044721
CP120132.1	2783848
CP083261.1	2465
CP157774.1	20653
FN433597.1	29585
CP133660.1	2866072
CP162423.1	41460
CP080551.1	2796963
CP120012.1	20730
CP047798.1	2752372
CP096529.1	35612
CP170434.1	2768242
JBROPS000000000.1	26806
JBROPS000000000.1	135038
JBROPS000000000.1	124829
JBROPS000000000.1	29381
JBROPS000000000.1	35869
JBROPS000000000.1	129782
JBROPS000000000.1	77649
CP123069.1	20721
LR027870.1	2885009
CP029657.1	2911284
CP162430.1	2955727
LT992468.1	2910878
CP007454.1	2764699
LT992466.1	2789928
CP077934.1	28425
CP062356.1	2722643
CP062343.1	20691
CP089487.1	2893500
CP029629.1	2808798
CP170403.1	8071
CP132365.1	2755141
CP080558.1	19845
CP031661.1	2823570
CP151141.1	2383
CP022720.1	2730989
CP119344.1	2798125
CP123144.1	2792995
CP035791.1	2820177
CP077929.1	30537
JBROPQ000000000.1	80727
JBROPQ000000000.1	128570
JBROPQ000000000.1	40907
JBROPQ000000000.1	864
JBROPQ000000000.1	38981
JBROPQ000000000.1	10025
CP157302.1	2901695
CP017094.2	2856605
CP170777.1	2473
CP123163.1	24885
CP097114.1	2732583
CP123094.1	2400
CP026075.1	23690
CP062374.1	3566
CP130529.1	2801904
CP102955.1	2749407
CP089505.1	32188
CP134620.1	2708529
CP062325.1	27068
CP170392.1	2796418
CP012011.1	3046545
CP090877.1	2807449
CP123140.1	35636
CP123749.1	2798460
CP120119.1	33647
CP181131.1	2881757
CP077739.1	1373
CP178884.1	4439
CM129893.1	2785768
CP059155.1	2877266
CP034098.1	2732619
CP192435.1	2799120
HE579068.1	37285
CP123110.1	2841165
CP150655.1	39287
CP077738.1	2871141
CP170431.1	4440
CP077875.1	14542
CP094755.1	2813489
CP168438.1	2473
CP094855.1	3011345
CP150742.1	2791788
LT992477.1	2875548
CP099500.1	37964
CP031838.1	2855865
CP123128.1	2762438
LS483350.1	2827594
CP014365.1	2904958
CP154863.1	2791376
CP123082.1	2905888
CP168222.1	2473
JBREYD000000000.1	11376
JBREYD000000000.1	7033
JBREYD000000000.1	90208
JBREYD000000000.1	54915
JBREYD000000000.1	110268
JBREYD000000000.1	119235
JBREYD000000000.1	2585
JBREYD000000000.1	108139
HE579066.1	30853
CP130511.1	42533
CP125899.1	2727404
AP017321.1	55980
CP138869.1	2796316
CP089154.1	2737790
CP138663.1	2770550
CP192822.1	26997
CP120034.1	33647
CP157312.1	3125
CP094773.1	2809587
CP178921.1	20756
CP184549.1	2756482
LR134085.1	2846632
CP120201.1	2783698
CP170680.1	1552
CP026957.1	2820631
CP053354.1	54059
CP170395.1	2510
CP050690.1	2741492
CM130722.1	2920352
CP077882.1	15415
CP038229.1	2746673
CP120026.1	20730
CP178839.1	2678638
CP123072.1	2712507
CP014399.1	25980
CP029084.1	2793317
CP000731.1	27041
OZ197101.1	2927772
CP062403.1	2735271
CP130550.1	2800181
CP194909.1	2860533
CP151256.1	19758
CP022906.1	2892914
CP031664.1	2823570
CP131661.1	2739148
CP062390.1	2791691
CP003194.1	2846546
CP007674.1	2839253
CP151151.1	2473
CP133443.1	2276
CM129843.1	2716953
CP168643.1	17697
AP019545.1	2961166
CP109934.1	28243
CP002114.3	2818670
CP149938.1	25925
CP123113.1	7910
CP178886.1	2879034
LT615218.1	2771577
CP083728.1	2837586
CP035370.1	3125
CP166018.1	2791438
CP007678.1	20291
CP162443.1	21326
CP120652.1	2840424
CP033977.1	2864392
CP150741.1	7032
CP148079.1	2896459
CP077887.1	28358
CP169947.1	2920694
CP120015.1	20724
CP062345.1	17329
CP022903.1	2913163
CP031663.1	1266
CP012596.1	23351
CP029667.1	2897877
CP150750.1	7876
CP062336.1	2728104
CP077876.1	28395
AP024739.1	40197
CP168442.1	2870493
CP014432.1	2915434
CP090876.1	2731384
CP176716.1	39305
CP059156.1	2853017
CM129894.1	2777234
LT009691.1	25689
CP123098.1	55496
CP184550.1	38093
CM130720.1	2924676
CP184568.1	20731
CP199540.1	2736947
CP090408.1	52881
CP094764.1	26231
AP024744.1	21326
CP053101.1	2843534
CP026067.1	2881244
CP077869.1	2757494
CP033974.1	3011
CP170775.1	2994
CP181111.1	2919215
CP014370.1	27068
CP199006.1	2737451
CP053640.1	2843306
CP035005.1	2796411
CP165778.1	3125
CP047858.1	27268
CP192812.1	20735
CP019564.1	20658
CP029670.1	27276
CP130536.1	2786813
CP151147.1	9570
CP094781.1	36926
CP120037.1	20730
CP160635.1	2849472
CP007178.1	3125
CP138879.1	30765
CP066489.1	27524
CP157309.1	36446
CP192216.1	35429
LR134091.1	2750707
CP113027.1	2921835
CP147688.1	2923424
CP123071.1	4209
CP129563.1	26759
CP170763.1	2775243
CP165631.1	1657
CP170684.1	27268
CP120135.1	33777
CP167935.1	3125
AP017922.1	2729352
CP138892.1	2794012
CP149808.1	3125
CP130503.1	2824559
CP170436.1	2743525
CP120111.1	2783696
CP139025.1	2869959
CP199009.1	36202
LR130510.1	24885
AP023035.1	25058
CP184658.1	2864641
CP120116.1	33706
CP010404.1	2473
CP092547.1	2820042
CP178881.1	4439
CP098255.1	2778850
CP184556.1	20729
CP047830.1	2730743
CP014368.1	2919706
CP162448.1	111090
CP047812.1	20730
CP013620.1	1442
CP123150.1	3125
CP113050.1	22943
CP077920.1	2749120
HE579072.1	23759
CP151146.1	2857735
AP014921.1	2808921
CP010295.1	2872768
CP098729.1	3011
CP149461.1	2783708
CP047021.1	2791940
CP123138.1	27265
CP123149.1	2872783
CP166861.1	2770716
CP129361.1	1442
CP053076.1	25664
CP102952.1	2762112
CP138877.1	2473
CP102970.1	2810912
CP170439.1	2900830
CP077854.1	2766976
CP070986.1	2779154
CP167988.1	27068
LR027876.1	2930439
CP077917.1	2748827
CP170422.1	2785802
CP162462.1	42654
CP167938.1	26805
CP169946.1	27067
CP113010.1	37869
CP014381.1	2919719
CP029080.1	2786146
CP134803.1	2798171
CP080560.1	2931169
CP120067.1	2783770
CP123085.1	20730
CP120168.1	43859
CP017678.1	27264
CP062340.1	2771054
CP147693.1	3923
CP181104.1	2876431
CP047835.1	2774422
CP040624.1	27267
CP077900.1	69790
CP012594.1	55713
CP168443.1	41710
CP138670.1	2776253
CP094791.1	2917190
CP094751.1	31460
CP014390.1	2473
CP130516.1	2808217
CP019593.2	2790096
CP183426.1	2731268
CP168975.1	2935017
CP191241.1	69491
CP170674.1	2720667
CP183318.1	3125
CP131651.1	3125
AP014943.1	27490
CP092564.1	24653
CP094798.1	37066
CP139867.1	19762
CP042160.1	1435
CP170713.1	2830881
CP170683.1	2823214
CP150737.1	2796594
CP119114.1	2391
CP156175.1	2772504
CP142600.1	2819758
CP038021.1	2860082
CP102967.1	2748600
CP170579.1	2887641
CP077918.1	52934
CP169267.1	2868940
CP168157.1	27267
CP134802.1	24654
CP168016.1	37994
CP120022.1	2395
CP165633.1	41213
CP135966.1	2723132
CP171212.1	4439
CP113013.1	6869
CP120122.1	33911
CP045471.1	15877
CP150654.1	11451
CP080561.1	25109
CP099505.1	20723
CP119340.1	2835978
CP091066.1	2741379
CP077935.1	256180
CP152315.1	27268
CP138456.2	2473
CP042155.1	2880
CP194231.1	2820460
CP151140.1	2918888
OZ059823.1	2927838
CP132371.1	2777921
CP184566.1	20730
CP150739.1	2825857
CP094793.1	2785555
CP123852.1	2772443
CP022607.1	2731682
CP123853.1	2772454
CP014416.1	27098
CP096526.1	2817149
CP138891.1	2473
CP092475.1	2838421
CP113231.1	2755118
CP120095.1	3121
CP120006.1	4441
CP061349.1	2792190
CP039163.1	23118
CP167936.1	4439
CP085312.1	2555
CP062409.1	2736151
CP094780.1	2785549
LT992457.1	37176
CM130025.1	2762250
CP168010.1	2783117
AP024740.1	21326
CP162442.1	2818903
CP080552.1	2903929
CP150772.1	60430
CP165779.1	27067
CP123160.1	2733218
LR134139.1	2759837
CP062320.1	2816537
CP181153.1	2900300
AP024315.1	2788471
CP085315.1	10473
CP092557.1	24653
CP094746.1	29794
CP012978.1	2678881
FR714928.1	2241
CP077905.1	33201
CP013137.1	2803594
CP033980.1	3785
AM990992.1	2872582
CP125897.1	2807494
CP181107.1	2877682
CP077909.1	46752
CP102975.1	2769676
CP025481.1	3459
CP079715.1	2835652
CP166859.1	2907509
CP120004.1	2738126
LR130512.1	27204
CP150756.1	2819047
CP025490.1	3269
CP096524.1	4397
CP168155.1	27268
LT992458.1	2879411
CP170765.1	2820838
CP170415.1	29320
CP136525.1	37136
CP019117.1	2804759
CP158131.1	2816631
CP113007.1	3019690
CP053070.1	2860303
CP077889.1	2745576
CP119715.1	2807167
CP043390.1	4439
CP014791.1	2664662
CP013953.1	2955147
CP012595.1	15957
CP006706.1	2736560
CP192825.1	27068
CP151259.1	26375
CP014425.1	27068
CP113045.1	36673
CP150734.1	21326
CP026953.1	2834575
CP060584.1	2842754
CP157421.1	2473
CP006839.1	27326
AP014922.1	32580
CP031672.1	2241
CP028470.1	2774523
FR821779.1	2750834
CP062404.1	2798569
CP047833.1	2777431
CP022582.1	2905353
CP015447.2	3038845
CP150735.1	2762932
CP094799.1	2812044
CP094787.1	2764529
CP086215.1	2866462
CP094770.1	2800218
CP168088.1	30078
CP132486.1	2836219
CP130531.1	2732961
CP146216.1	27332
CP168437.1	2724631
CP011879.1	6374
OZ197083.1	2927769
CP011872.1	65525
CP113042.1	2921468
CP026074.1	2877716
CP045468.1	2784709
CP170407.1	36913
CP094745.1	2838188
CP157775.1	3567
CP169950.1	3125
CP195250.1	35293
CP082813.1	2737085
AM990994.1	4381
CP149462.1	28985
CP080549.1	24653
AP024171.1	24653
AP024317.1	3909
CP120108.1	2783699
CP169944.1	2919073
CP033990.1	2818171
CP062352.1	2722643
CP077903.1	53996
CP083259.1	2908126
CP077911.1	2919985
CP014394.1	25980
CP047841.1	2738812
FN433596.1	3043210
CP147695.1	27068
CP039448.1	2857169
AP028992.1	2862922
CP123068.1	2780160
CP026077.1	2697122
CP102966.1	2771147
CP102956.1	2791680
CP176569.1	35372
CP123139.1	2828203
CP073064.1	4397
CP094765.1	2904299
CP048646.1	24637
AP019751.1	2905582
CP162465.1	2860848
CP138862.1	2836284
AP018349.1	2809565
CP132036.1	2749271
CP123090.1	3125
CP131660.1	28311
CM130721.1	2816715
CP012977.1	17307
CP113017.1	29813
CP077924.1	2719166
CP191242.1	2832902
CP170417.1	4097
CP120110.1	3152
CP094767.1	4740
CP016854.2	53799
CP184731.1	2366
CP020957.1	2795888
CP077926.1	2754402
CP152314.1	2749557
CP172401.1	2833167
CP102965.1	5529
CP150740.1	30215
CP014395.1	2473
CM129896.1	2777233
CP080556.1	2922932
CP011529.1	17905
CP043844.1	20729
LR130513.1	2823292
CP170397.1	2782307
CP131670.1	2841671
CP055226.1	3125
CP011871.1	65517
CP192817.1	2855930
CP077902.1	59144
CP156695.1	2903814
CP122485.1	2923989
AP027134.1	2801090
CP165635.1	20403
CP053637.1	25430
CP022911.1	23160
CP148077.1	27068
AP024733.1	21326
CP077915.1	2732780
CP014366.1	3125
CP062344.1	2792814
CP123122.1	7880
CP033985.1	3785
CP017682.1	2786129
CP014392.1	2918010
CP129559.1	35724
CP000046.1	2809422
CP011878.1	65507
CP166858.1	2910987
CP130504.1	53138
CP121206.1	2461
CP089157.1	2740465
CP134047.1	2869088
CP085319.1	35294
CP089498.1	2933324
CP113021.1	29941
CP123141.1	8049
CP023561.1	2772690
CP062376.1	2735674
CP199011.1	36202
CP166857.1	2956814
CP031668.1	18320
CP134534.1	2903623
CP014444.1	2919910
CP129358.1	42033
JBRKZO000000000.1	130577
JBRKZO000000000.1	54931
JBRKZO000000000.1	76704
JBRKZO000000000.1	78759
JBRKZO000000000.1	37045
JBRKZO000000000.1	58235
JBRKZO000000000.1	19109
JBRKZO000000000.1	42344
CP007673.1	25054
CP047321.1	2899307
AP020323.1	20547
JBRKZP000000000.1	13174
JBRKZP000000000.1	612
JBRKZP000000000.1	129280
JBRKZP000000000.1	49871
JBRKZP000000000.1	32488
JBRKZP000000000.1	23216
JBRKZP000000000.1	38289
JBRKZP000000000.1	4757
OZ197080.1	2818789
CP010297.1	2872764
CP029680.1	2910130
CP017677.1	2730395
CP172434.1	2992
LR134086.1	2844405
CP012973.1	20633
CP094777.1	3587
CP138878.1	2803045
CP125861.1	2823702
CP029652.1	2785050
LR027874.1	2999728
CP192820.1	41382
CP023391.1	2878897
CP178922.1	4432
CP156176.1	27268
CP089482.1	34305
CP166863.1	2859759
CP167764.1	2816922
CP123130.1	2701216
CP168091.1	2961621
CP047796.1	2848793
CP157003.1	3011
CP130537.1	2795768
CP149974.1	2913135
CP016398.1	2760844
CP094778.1	2861704
CP170440.1	20732
CP123115.1	2830847
CP051191.2	2879954
CP012974.1	2749890
CP192806.1	27701
CP113047.1	2752982
CP062370.1	2735115
LT009690.1	2831681
CP047844.1	20730
CP143800.1	2753159
CP168718.1	28974
CP132029.1	2764740
CP069470.1	2856112
CP102964.1	8268
CP166856.1	2885390
CP077855.1	2766978
CP077877.1	2855353
AP024734.1	2862025
CP034011.1	2818364
CP123152.1	27438
CP120177.1	2783770
CP184551.1	2755432
CP080557.1	42253
CP092538.1	2898241
CP150755.1	24665
CP003033.1	2692570
CP128387.1	2806604
AP020321.1	30217
CP167933.1	23059
CP089587.1	26732
CP151117.1	27257
BX571858.1	20652
CP102959.1	2744047
CP097115.1	2732260
AP025176.1	2832400
CP062471.1	2846786
CP047866.1	27266
CP062347.1	45230
CP169949.1	2876334
CP157773.1	2766693
LR130509.1	2725220
CP039996.1	21682
CP132495.1	2992
CP162113.1	2703747
CP047861.1	2853973
CP089159.1	2917327
CP094769.1	39402
CP092549.1	24653
CP170681.1	2986075
CP123146.1	4439
CP042156.1	1435
CP089492.1	35564
CP094757.1	36939
CP123109.1	7890
LT992473.1	2868774
CP162117.1	2462
CP181164.1	2874912
CP038819.1	2761328
CP043843.1	2796040
CP019595.2	2790204
CP096525.1	3971
CP157772.1	2537
CP181118.1	27069
CP066495.1	2282
CP096538.1	2407
CP181144.1	27266
CP047821.1	27406
CP070987.1	19830
CP068144.1	19758
HE579061.1	2759512
CP151150.1	24818
CP102971.1	2753055
CP091524.1	2483
CP162439.1	24664
CP131649.1	2879075
CP062440.1	3126
CP158285.1	27490
CP171211.1	23983
CP077893.1	2745575
CP152410.1	3125
CP014431.1	27068
CP093936.1	33507
CP077931.1	2754414
CP120046.1	3126
CP120030.1	2783708
CP104478.1	2755077
CP192836.1	2781320
CP029032.1	2872769
CP162463.1	2855838
CP014377.1	3125
CP014379.1	2473
CP160636.1	27267
CP181151.1	2771363
CP120126.1	45948
CP013955.1	2910941
CP011875.1	3711
CP132372.1	2754694
AP009351.1	2878897
CP169945.1	3125
CP120019.1	3131
LR130519.1	27037
CP120003.1	4451
CP083434.1	2794578
CP169293.1	2839107
CP098256.1	27490
CP053183.1	2795946
CP029678.1	2921067
CP120143.1	2741006
CP077891.1	39879
CP092825.1	2788282
CP132491.1	2755663
CP132033.1	2722329
CP029627.1	2844513
CP092582.1	24653
CP147694.1	2840162
CP062407.1	2810033
CP031888.1	2866342
CP132363.1	27270
CP092554.1	2897962
CP014419.1	32098
CP120169.1	3139
CP181147.1	27266
CP022909.1	26240
CP132038.1	2797560
CP167765.1	2872145
CP062353.1	29018
CP062417.1	2735946
CP075563.1	2732997
AP024727.1	21326
CP003603.1	2789538
LT992469.1	2871094
CP155059.1	2742745
CP043386.1	2879031
CP034009.1	3011
CP178888.1	3125
CP181117.1	2877705
CP080564.1	2757377
CP013218.1	2831848
CP062421.1	2731025
CP115046.1	2762290
CP150764.1	21326
CP116910.1	41081
CP022717.1	2814328
CP125866.1	1373
CP096541.1	13757
CP162454.1	2819128
CP022895.1	2806113
CP134804.1	84098
CP183316.1	27066
CP065199.1	2752938
CP065857.1	2827195
CP092562.1	24653
CP034102.1	2864632
LS483308.1	2761079
CP053186.1	20736
CP091525.1	2874007
CP094795.1	2746361
CP184562.1	20758
CP157306.1	2842199
CP192834.1	41457
CP168436.1	2884808
CP011880.1	2992
CP123119.1	2760049
CP084878.1	2673223
CP019567.1	4817
CP062364.1	2726923
CP042157.1	2840146
AP019546.1	21014
CP170401.1	2772060
CP093932.1	34990
CP178883.1	2879034
CP092548.1	78566
CP014434.1	27079
CP102963.1	2818897
CP014446.1	2415
CP000258.1	37136
CP014437.1	27068
CP119343.1	2920
CP130532.1	88714
CP042153.1	2781709
CP123136.1	2400
LR027872.1	25552
CP042003.1	2819586
AM990993.1	5246
CP047855.1	27159
CP181148.1	2822180
CP150774.1	42652
CP007177.1	27068
CP150775.1	2855884
CP131673.1	2366
CP012120.2	2864345
CP034008.1	2818364
CP048431.1	2752113
CP077904.1	50626
CP011685.1	2848095
JBSDWS000000000.1	104362
JBSDWS000000000.1	57575
JBSDWS000000000.1	39360
JBSDWS000000000.1	102085
JBSDWS000000000.1	188921
JBSDWS000000000.1	69710
JBSDWS000000000.1	44345
AP018924.1	21326
CP062366.1	2923504
CP120080.1	33701
CP029166.1	2915384
CP148992.1	2795256
LT992461.1	2891536
CP191243.1	35412
CP191239.1	30582
CP168011.1	27268
CP146211.1	20879
CP094752.1	2813486
CP062326.1	2725874
CP026956.1	2117
CP136526.1	4439
CP131655.1	2857030
CP031779.1	2782740
CP090879.1	2828753
CP021907.1	2792213
CP102961.1	2799824
CP011881.1	3463
CP062393.1	2794450
CP184541.1	2794568
CP170800.1	2792191
CP134533.1	2753467
CP150758.1	2779331
CP181101.1	27266
CP013182.1	2771849
CP094926.1	2856550
CP152420.1	2727332
CP155818.1	27267
CP120011.1	2738126
CP010526.1	2860508
CP162431.1	21013
CP029675.1	2878431
CP159799.1	27035
CP113025.1	20414
CP181122.1	27068
CP030136.1	2850509
CP089486.1	34305
CP147831.1	2699050
CP130526.1	2800715
CP149937.1	2889032
CP165777.1	2473
CP192809.1	3332
CP120041.1	2783002
CP069471.1	32634
CP120038.1	2783708
AP003139.1	24653
CP014382.1	3125
CP058613.1	2877083
AP025177.1	2789638
CP120017.1	2783709
CP150771.1	2824973
CP096531.1	37004
CP102962.1	2822037
OZ197087.1	2942029
CP093062.1	2731700
LR027873.1	2930188
CP168441.1	28952
CP151142.1	3122
CP123739.1	2765401
CP192811.1	2780703
CP014378.1	25980
CP132499.1	3153
CP132024.1	2722453
CP029651.1	8012
CP162450.1	42346
CP080548.1	2893276
CP092826.1	25884
CP047859.1	2860128
CP102960.1	2774349
CP014422.1	27068
CP029167.1	27887
CP017680.1	2748822
CP191240.1	2727324
CP132366.1	81560
CP119338.1	2826243
CP184751.1	2851696
CP130548.1	20637
CP165637.1	32592
CP150780.1	7096
CP014436.1	3125
CP162453.1	2811910
CP155063.1	2784721
CP150732.1	21326
CP123131.1	24653
CP077862.1	41855
CP184656.1	14837
CP113022.1	5226
CP089484.1	34305
CP094857.1	2762291
HE681097.1	2832299
CP012692.1	2903376
AP020312.1	32574
CP094928.1	2750784
AP019712.1	2766239
CP026066.1	2818312
CP062349.1	20653
AM990995.1	3158
LS483316.1	2869819
AP025695.1	17851
CP150881.1	2813540
CP094749.1	4443
CP192434.1	2834564
CP077864.1	36509
CP156987.1	17859
LT992472.1	2811691
CP083672.1	20732
CP062333.1	3111
BA000033.2	2820462
CP094788.1	30381
CP123750.1	2792931
OZ197094.1	2942023
CP157769.1	2748216
CP043302.1	2940576
CP119571.1	2889782
CP077886.1	28979
CP047825.1	2473
CP138870.1	4989
CP054876.1	2789663
CP123157.1	20728
CP070985.1	2393
CP007539.3	2810186
CP113008.1	41657
CP014402.1	2918010
CP178879.1	3125
CP080565.1	3332
CP150767.1	2819365
CP042047.1	75938
CP138662.1	2737844
JBSDWR000000000.1	162248
JBSDWR000000000.1	128260
JBSDWR000000000.1	16389
JBSDWR000000000.1	194660
JBSDWR000000000.1	194994
JBSDWR000000000.1	36402
CP152311.1	27265
CP131653.1	33996
CP077923.1	2719235
CP092553.1	24653
AP020317.1	2987
CP089488.1	31560
CP170678.1	2994
CP030326.1	2906506
CP075562.1	2817804
CP120081.1	3167
CP151129.1	2863857
CP017115.1	2807171
CP062350.1	2729778
CP162419.1	42652
CP176565.1	2785524
CP168154.1	2908045
CP123158.1	2788042
LT992436.1	2730181
LT996890.1	2730984
CP162468.1	7032
CP062469.1	2888890
CP017685.1	2676924
CP031131.1	2785564
CP150751.1	2925191
CP165775.1	27069
CP092558.1	2815072
CP170711.1	2366
CP016856.2	2748803
CP071100.1	2753746
CP130535.1	42914
CP038185.1	4512
CP178878.1	4439
CP160409.1	2916209
CP020959.1	2757748
CP109935.1	24652
OZ282468.1	54220
CP094792.1	22235
CP092559.1	78566
CP026064.1	2834014
CP062354.1	2735369
CP092546.1	24653
CM129846.1	2750950
CP094927.1	2872257
CP113011.1	11358
CP168439.1	3332
CP038460.1	2768115
CP120023.1	2738109
CP123165.1	20730
CP120109.1	38825
CP150783.1	2825765
CP042349.1	35655
CP084491.1	2922212
CP113030.1	17850
CP017684.1	2857060
CP138457.2	34952
CP125896.1	31309
CP117241.1	4326
LR130518.1	2889594
CP096536.1	38430
CP014435.1	2919720
CP089474.1	38117
CP129561.1	11323
CP120133.1	33701
CP029656.1	27245
CP170676.1	2796279
CP113024.1	20181
CP172432.1	2810778
CP007671.1	20409
CP104020.1	2879272
CP032481.1	2778005
CP170410.1	29235
CP095113.1	14042
CP170416.1	2835711
CP132037.1	8656
CP132362.1	2853376
CP102954.1	2787288
CP138860.1	28386
CP007659.1	2846320
CP009554.1	2886017
CP120163.1	37595
CP082814.1	33923
CP170607.1	2808105
CP173176.1	2993466
CP120050.1	2783723
CP115888.1	2473
CP092550.1	2899492
CP025486.1	3269
CP040802.1	25946
CP129354.1	3123
CP078521.1	2762077
CP065201.1	1435
CP192835.1	2793364
CP162435.1	5992
AP025178.1	30078
CP120172.1	3123
CP062385.1	20730
CP181113.1	2914162
CP123083.1	30843
CP167931.1	2922933
CP022902.1	2892907
CP157001.1	2778331
CP132503.1	1308
CP168015.1	40111
CP042346.1	2832989
CP012979.1	2679642
CP166864.1	2842491
CP194553.1	2756490
CP199010.1	2737533
CP151122.1	25430
CP123077.1	2920519
CP029079.1	24653
CP034013.1	4525
CP094779.1	27809
OZ059818.1	2922701
CP181150.1	2795277
CP167944.1	27068
CP014403.1	3125
CP132492.1	2858179
CP181130.1	3125
CP167991.1	27067
CP062339.1	2564
CP046477.1	16100
CP003980.1	3332
CP042158.1	17383
CP012975.1	17307
CP181138.1	2855844
CP058615.1	2918239
CP039156.1	2909934
CP138887.1	38197
CP144270.1	2803319
CP152411.1	27068
CP062362.1	2734462
CP113009.1	2978718
CP170776.1	2777
CP170677.1	3018614
CP010296.1	2872779
CP150658.1	13163
LS483300.1	2702202
CP113039.1	2905474
CP115475.1	25430
CP026970.1	1219
CP171451.1	2836062
CP093063.1	24654
OZ059817.1	2859901
CP150789.1	7030
CP065516.1	39212
CP118831.1	19761
CP130519.1	25958
CP092542.1	2871977
CP047845.1	2720524
CP149806.1	20653
CP029751.1	2870155
CP170621.1	2849137
CP178873.1	3125
CP186029.1	15700
CP131668.1	2799358
CP168086.1	37662
CP181143.1	2473
CP125863.1	2760795
CP028164.1	45885
CP123097.1	2891089
CP120170.1	2783683
CP040622.1	2936830
CP160100.1	2739873
CP092448.1	20754
CP062397.1	39353
CP062389.1	27269
CP184713.1	2727740
CP016399.1	4114
CP029669.1	2872210
CP026079.1	2814696
CP113016.1	2858186
CP035671.1	2841049
CP160024.1	2792123
CP047790.1	2747791
AP019306.1	3066291
CP047831.1	25209
CP033112.1	2895361
CP151115.1	2816517
CP178870.1	3125
CP014373.1	25980
CP051483.2	2801855
CP094796.1	21646
CP186028.1	24126
CP093527.1	2797399
CP023562.1	31340
CP138861.1	2473
CP014364.1	27068
CP147692.1	27068
CP029659.1	27244
CP045866.1	2727720
CP014393.1	3125
CP150727.1	2819071
CP062334.1	2776622
CP170389.1	2730673
CP089166.1	28953
CP156696.1	24451
CP090873.1	2782265
CP089481.1	2966016
AP003367.1	25107
CP125902.1	31301
CP089500.1	3000177
CP123091.1	2876633
CP003981.1	2472
CP123167.1	7611
CP094761.1	25701
AP017923.1	37965
CP170412.1	42207
CP181124.1	2817277
AP020324.1	2914567
CP134069.1	27826
CP123741.1	2765409
CP047807.1	2697945
CP007670.1	2896143
CP123153.1	7872
CP062346.1	2823053
CP002120.1	2924344
CP034001.1	4525
JBSDWQ000000000.1	21419
JBSDWQ000000000.1	44398
JBSDWQ000000000.1	44495
JBSDWQ000000000.1	47086
JBSDWQ000000000.1	5487
JBSDWQ000000000.1	167720
JBSDWQ000000000.1	110331
CP062395.1	2746478
CP014398.1	3125
CP006838.1	2987966
CP136524.1	2878871
CP184557.1	2834429
CP014433.1	3125
CP085313.1	2815894
CP029677.1	27067
CP128388.1	2806618
CP023390.1	2878897
CP160483.1	2739913
CP089155.1	20730
CP115473.1	2860673
CP047854.1	2863573
CP113044.1	2877726
CP009423.1	2904778
CP045472.1	2822516
CP150773.1	2862481
CP120171.1	40206
CP173178.1	2908
CP170813.1	2763247
CP032822.1	24655
CP098254.1	27490
CP123117.1	4068
CP062414.1	2747195
CP047788.1	2847876
CP138859.1	2799886
CP000256.1	3125
CP077925.1	2754401
CP007657.1	2830976
CP026065.1	45039
CP085314.1	56206
CP094443.1	2908415
CP162457.1	21328
LS483324.1	2835275
CP150733.1	2858218
CP167943.1	2821858
CP170390.1	23801
CP172435.1	1263
CP044105.1	22780
CP077910.1	20670
CP122486.1	2803269
CP198952.1	2754655
CP089499.1	31779
CP183317.1	2874399
CP096539.1	2806671
CP138883.1	2473
CP178874.1	2879033
CP077874.1	13235
CP089161.1	2780115
CP094924.1	2870995
CP120044.1	2783698
CP123142.1	2772116
CP168755.1	27267
CP071594.1	2914236
CP120043.1	3126
CP062318.1	2743526
CP089164.1	20721
CP195882.1	26953
CP033973.1	1491
CP146215.1	3064103
CP029083.1	20730
CP025395.1	2791410
CP132504.1	2785590
CP092560.1	24653
CP077741.1	2911340
CP077866.1	81385
CP150738.1	41460
CP127020.1	27322
CP170689.1	2737920
CP162115.1	2848141
CP062410.1	2782685
CP044106.1	2848032
CP062324.1	2869905
CP151930.1	2820462
CP062413.1	2779091
CP093934.1	34990
CP123135.1	7905
OZ059821.1	2859908
CP150748.1	41979
CP021905.1	2778859
CP166872.1	2767774
CP170580.1	36347
CP092563.1	2820129
CP120024.1	20729
CP191234.1	2868275
CP120184.1	3152
CP162458.1	2824633
CP047784.1	2690371
CP170420.1	41081
CP184564.1	49301
CP130545.1	2735892
CP181129.1	27068
CP062359.1	27268
CP003604.1	2728308
CP096530.1	2890216
CP162472.1	42653
CP129556.1	2791835
CP013956.1	24657
CP134801.1	2750304
CP014367.1	27068
CP166860.1	2834442
CP150778.1	42165
CP014384.1	2919670
CP042347.1	35655
CP122491.1	2813105
AP024738.1	2850449
CP113004.1	39684
CP170696.1	2831099
CP120164.1	3245
CP028165.1	2790673
CP154385.1	2919719
CP089490.1	28150
CP130518.1	2817160
AP024742.1	2859551
CP040620.1	41710
CP126629.1	2742763
AP024741.1	14770
OZ197086.1	2874913
CP129558.1	2855719
OY725974.1	2756015
CP047828.1	2747891
CP078522.1	46979
CP020354.1	2707649
LR027869.1	2980212
CP129352.1	2783448
CP014396.1	4397
CP130542.1	2785424
CP184659.1	1272
LT992456.1	2858690
CP123096.1	4440
CP029685.1	2958212
CP047797.1	2842294
CP047865.1	2870548
CP192810.1	2856519
CP011873.1	2855597
CP113029.1	2907812
CP029750.1	41874
CP123107.1	29139
CP117203.1	2780286
CP120098.1	3128
CP192814.1	2926560
CP120176.1	3177
CP043392.1	2879031
CP162434.1	21013
CP047787.1	2672314
CP016859.2	21841
CP062313.1	17329
CP150769.1	2865381
CP033996.1	2818171
CP014376.1	2918010
CP026972.1	3466
CP048645.1	28040
CP168160.1	2845099
CP076839.1	2809746
CP123118.1	2473
CP123075.1	32184
CP047806.1	32200
AP014653.1	2770164
CP094743.1	2785956
CP123081.1	30843
OZ197088.1	2930433
CP047818.1	27265
CP123747.1	2754480
CP150787.1	30217
CP005289.1	2908
CP002111.1	24491
CP170784.1	27267
CP022908.1	2935463
CP080250.1	17257
CP053077.1	17257
CP157422.1	34344
CP136531.1	3125
CP089485.1	2917578
CP120009.1	2738109
CP113051.1	2878679
CP088157.1	2844011
CP020713.1	2729453
CP089479.1	3070202
CP136528.1	2878871
LS483365.1	2830002
CP085317.1	2366
CM130723.1	2832600
FR714927.1	2729540
CP094858.1	46979
CP001781.1	2824404
CP101124.1	2697642
CP033988.1	3011
CP031537.1	2914635
CP033976.1	25519
CP113018.1	3043269
CP123143.1	27268
AP019542.1	2945245
CP077895.1	32384
CP045473.1	25960
CP138880.1	2806252
CP039992.1	2747225
CP171384.1	23477
CP127017.1	2781376
CP123099.1	2762306
CP011528.1	2725654
CP029658.1	2910633
CP130534.1	2845903
CP030137.1	2786527
CP082815.1	2889511
CP047815.1	2709643
CP047853.1	17297
CP033981.1	25519
CP032821.1	2748925
CP020656.1	2718638
CP034000.1	3011
CP013618.1	3048
CP119712.1	1364
CP119113.1	2908596
CP168224.1	2884808
CP120153.1	33676
CP150736.1	40446
HE579065.1	2759835
CP040561.1	37585
CP096528.1	2795636
CP118045.1	17909
CP120134.1	2783847
CP184567.1	2837887
CP003808.1	2782313
CP062405.1	2839488
CP120058.1	36291
CP095118.1	26967
CP162464.1	55543
CP077873.1	14117
CP120048.1	33677
CP184563.1	2715851
CP118833.1	19760
CP178872.1	4439
CP181135.1	3125
CP181136.1	2699015
CP168440.1	2774338
CP146212.1	19784
CP047783.1	2734199
CP123145.1	27270
CP151120.1	25430
CP170770.1	4440
CP170429.1	2743191
CP031890.1	2866354
CP094756.1	4729
CP047864.1	27268
CP192823.1	2806719
LR130515.1	3049602
CP092543.1	24653
CP150731.1	2862501
CP184548.1	33154
CP062317.1	2473
CP014063.1	37980
CP090407.1	2910323
CP170393.1	27296
CP150760.1	21326
CP132373.1	28895
CP170797.1	2794712
CP166854.1	2898540
CP130507.1	2795110
CP031889.1	27068
CP130524.1	2806099
CP071105.1	4265
CP034014.1	2818364
CP192824.1	41458
CP150765.1	2856571
CP138875.1	2782335
CP132497.1	2793153
CP123132.1	2748234
CP124854.1	2951802
CP167989.1	3125
CP162433.1	2959317
CP029665.1	26984
CP120020.1	2734931
CP162447.1	2855782
CP115478.1	2870383
CP076845.1	3410
CP167766.1	27068
CP014411.1	27068
CP129357.1	2783700
CP130541.1	2847665
BX571856.1	2902619
CP089162.1	2863942
CP144269.1	8794
CP022718.1	2730989
CP132034.1	35037
CP129554.1	36066
CP123137.1	2778155
CP123154.1	2716437
CP034002.1	2818358
CP085321.1	29583
CP150761.1	2855828
CP120091.1	45238
CP005288.1	2980548
CP151123.1	2920103
CP113049.1	2923858
CP049977.1	38126
CP133661.1	42831
CP012017.1	2895
CP131665.1	2945474
CP012980.1	20720
CP026078.1	31954
CP014387.1	2918010
CP102972.1	2822959
CP157307.1	30083
CP047823.1	3085
CP025495.1	2865166
CP150127.1	2697647
CP077899.1	2816989
CP125867.1	2847192
CP045435.1	2896902
CP096522.1	2796375
CP022893.1	2911744
CP035006.1	19188
OZ282465.1	2783198
CP170791.1	41390
CP035792.1	27267
CP094772.1	2808124
CP098258.1	27490
CP040801.1	2796973
CP034010.1	4525
OZ197092.1	2818851
CP123121.1	2768265
CP098257.1	2780774
CP162440.1	2922490
CP091877.2	16592
CP014391.1	4397
CP168087.1	2921731
AP024318.1	2756402
CP162429.1	2784704
CP120096.1	2784917
CP127346.1	26571
CP048432.1	25797
CP020355.1	35269
CP170691.1	2701764
CP028468.1	2774523
CP094753.1	36939
CP168498.1	2837727
CP040666.1	27267
CP029172.1	2902681
CP120909.1	2821101
CP119346.1	2991
LN831036.1	2797452
LT992471.1	2922778
CP168156.1	2862981
CP013621.1	2894543
CP118810.1	2870460
CP062468.1	6782
CP170774.1	27449
CP062387.1	2416
CP125869.1	3125
CP170792.1	4498
HE579070.1	32700
CP157301.1	2725840
CP170712.1	2714322
CP047801.1	2933430
CP123102.1	2724902
CP051479.2	2793600
CP123120.1	8037
HE579067.1	2759457
CP157300.1	2821181
CP047834.1	8034
CP010891.1	27273
CP138864.1	2837426
CP022892.1	2768276
CP029672.1	27269
CP096532.1	2893482
CP115474.1	2902762
CP014428.1	27068
CP050691.1	2744920
CP031671.1	18320
CP028191.1	4397
CP063745.1	2722082
CP131654.1	3011
CP047824.1	2961
CP150744.1	2955722
CP026071.1	2861652
CP170426.1	2836049
CP081354.1	2876693
CP131650.1	13166
CP014423.1	2919826
CP062360.1	2734702
CP181109.1	2902856
CP014412.1	2919827
CP022899.1	2813908
LT992463.1	2857311
CP170690.1	23477
CP184657.1	3125
CP167932.1	3125
HE579074.1	23758
CP150747.1	2958459
CP032051.1	2772340
CP170402.1	41864
CP181128.1	2876742
CP098727.1	2800107
CP045867.1	27265
CP099501.1	2360
CP071102.1	2719347
CP120197.1	2783683
CP007679.1	33093
CP130502.1	2840755
BA000018.3	2814816
CP120090.1	2743362
CP167992.1	3125
CP113028.1	27068
CP162475.1	2824635
CP000255.1	2872769
CP099509.1	22489
CP102945.1	2781669
CP094789.1	2917188
CP170788.1	38081
CP130538.1	2869199
CP170398.1	27595
CP178885.1	3125
CP165643.1	27268
CP065355.1	2726471
CP150730.1	21326
CP042044.1	1435
CP029666.1	27063
CP026073.1	2819334
CP171380.1	2959936
CP170608.1	4381
CP170698.1	2725233
CP131667.1	3011
CP130527.1	43336
CP176715.1	2786192
LR134093.1	2838411
CP151127.1	2697425
CP138876.1	33471
CP013954.1	24729
CP150753.1	24665
CP120051.1	33649
CP120002.1	20730
CP131664.1	32304
CP148080.1	27068
CP170435.1	33187
CP119714.1	40256
CP120124.1	3217
CP138666.1	2827302
CP162427.1	7032
CP170766.1	25795
CP062412.1	2747013
CP093935.1	2843362
CP133444.1	2908
CP151258.1	1918
CP029474.1	2761011
CP136529.1	37136
CP047322.1	2473
CP160002.1	2880375
AP020316.1	2751401
CP094794.1	36926
CP047924.1	2799441
AP020320.1	2939465
CP151138.1	2747260
CP158489.1	27269
AP024736.1	2845025
CP150785.1	1222
CP082789.1	2888791
CP026963.1	61643
CP091413.1	24653
CP099508.1	2716742
OZ197090.1	2927777
CP113035.1	26336
CP062322.1	2779850
CP100428.1	2811052
CM129845.1	2865052
CP080553.1	2917999
CP157305.1	21150
CP001844.2	2821452
CP092551.1	24653
CP120202.1	39930
CP144271.1	2825966
CP170427.1	20724
CP121205.1	3011
OZ282466.1	3710
CP062327.1	28841
CP195881.1	2920106
CP094775.1	2783822
CP184560.1	20715
CP011877.1	2837548
CP192805.1	2865131
CP138868.1	2473
CP020956.1	2832897
CP033994.1	3011
CP065198.1	2362
CP123092.1	25109
CP120035.1	3126
CP031662.1	15396
CP038230.1	19758
CP031840.1	2689
CP089480.1	27322
CP138871.1	2791
CP119109.1	2882260
CP047779.1	2883314
CP076823.1	2789576
CP022910.1	2807646
LS483301.1	2935845
CP085310.1	2894842
CP102973.1	16155
CP131671.1	21144
CP020020.1	2772993
AP014652.1	2770164
OZ197089.1	2943095
CP138882.1	28947
CP184543.1	2837967
CP047838.1	20654
CP129359.1	3262
CP000253.1	2821361
CP034258.1	4525
CP062363.1	34972
CP170714.1	27437
CP020019.1	2802697
CP026068.1	2697471
CP157771.1	2746111
JBSDWT000000000.1	18456
JBSDWT000000000.1	39423
JBSDWT000000000.1	56988
JBSDWT000000000.1	7803
JBSDWT000000000.1	39320
JBSDWT000000000.1	20166
JBSDWT000000000.1	15532
JBSDWT000000000.1	21182
CP094744.1	25008
CP047852.1	2768425
CP028190.1	2913744
CP127021.1	3046963
LR134193.1	2832348
CP020021.1	27617
CP062400.1	2744744
LT992435.1	2730180
CP077861.1	2757024
CP181105.1	27268
CP089473.1	2870528
CP029679.1	27267
CP113006.1	7618
CP181149.1	2794402
CP014421.1	3125
CP157313.1	27069
CP152409.1	2907091
CP094663.1	2762338
CP181152.1	2822192
CP191237.1	2877
CP120005.1	20727
CP130546.1	42533
CP181142.1	2775505
CP090375.1	2864441
AP024725.1	20465
CP012971.1	20633
CP064389.1	2964115
CP062399.1	2789606
CP099506.1	2830374
CP115477.1	2867331
CP047922.1	2890366
CP123134.1	2826349
CP062402.1	2704175
AP024735.1	18532
CP062396.1	43414
CP119709.1	1295
CP085320.1	2927067
CP179215.1	2797167
CP028163.1	2882275
CP132493.1	2758055
CP122487.1	2782224
CP002389.1	20449
CP167937.1	2872192
CP029170.1	3050
CP125864.1	46432
CP095322.1	20653
CP040619.1	2870494
CP020741.1	2831958
CP076105.1	2697195
CP062330.1	3332
CP170679.1	2539
CP092055.1	2700946
CP139159.1	2818215
CP162445.1	2818904
CP091412.1	2764272
CP089491.1	2788395
CP077932.1	2754399
CP170437.1	20731
CP162470.1	21326
CP170789.1	20653
CP118809.1	35890
CP178920.1	2787603
AP018923.1	2864283
CP125898.1	20460
CP123123.1	2701586
CP170710.1	2908015
CP098253.1	2778859
CP168499.1	2732303
CP090002.1	1822
CP022683.1	39353
CP162461.1	2862363
CP113012.1	4949
CP016863.2	2877915
CP199007.1	36202
CP123156.1	2778767
CP003193.1	22317
HE579064.1	32184
CP029673.1	2828139
CP151119.1	3125
CP170709.1	2473
CP123147.1	3897
AP025684.1	24495
CP084892.1	2868485
CP062411.1	2766319
OZ059822.1	2863422
CP030138.1	3050015
CP062379.1	27265
CP123161.1	20739
CP062331.1	2823979
CP077901.1	39719
CP162467.1	2825700
CP077881.1	28395
CP147507.1	14517
CP162446.1	21326
CP011526.1	2755072
CP120013.1	4485
CP151118.1	2889298
CP062357.1	29018
CP132498.1	2789647
CP062470.1	28703
CP047808.1	22726
CM129921.1	2719558
CP120097.1	43010
LS483311.1	2849927
CP047800.1	2819269
CP013958.1	28723
HE579060.1	30854
CP123093.1	2820953
CP076843.1	2796421
CP062361.1	42244
CP171383.1	2766597
CP115476.1	2845501
CP125903.1	2907971
CP014413.1	3125
CP150749.1	2925199
CP120018.1	44067
CP089501.1	34546
CP096540.1	2933086
CP184547.1	2735826
CP077871.1	46257
CP040623.1	2820181
CP170708.1	4502
CP123743.1	2754200
CP047781.1	2949972
CP170787.1	2734376
CP085311.1	4565
CP012013.1	2998480
AP019544.1	23184
CP162114.1	24654
CP170795.1	2750744
CP119716.1	41469
CP096273.1	32359
CP014372.1	3125
CP094776.1	4670
CP132501.1	2801515
CP028469.1	34104
CP151130.1	24256
CP010300.1	2872771
CP045437.1	4500
CP125862.1	2877647
CP089586.1	2782853
CP181110.1	27268
CP045470.1	15908
CP162476.1	30216
CP009425.1	27068
CP062472.1	6486
LT996889.1	2730983
CP120025.1	2738109
CP096533.1	39628
AP024313.1	2849656
CP047843.1	2779486
CP123108.1	2751226
CP147506.1	2860695
CP097571.1	2795779
CP038268.1	2794042
CP035101.1	2755072
CP170609.1	2457
CP123088.1	2860231
CP123104.1	2791453
CP129553.1	2795468
CP159797.1	2816775
CP184565.1	2843574
CP080567.1	24653
CP120054.1	38657
CP176714.1	27346
CP047856.1	2870100
CP130551.1	2833694
CP181133.1	3125
CP167940.1	2921151
CP042007.1	2232
CP170408.1	20730
CP077860.1	2766976
OZ197085.1	2927787
CP167939.1	3125
CP035102.1	27489
CP029662.1	27238
LR130516.1	27319
AP020322.1	2876735
CP076841.1	4397
CP102968.1	2738840
CP034004.1	4525
CP120142.1	3130
CP002115.1	20730
CP048643.1	2848798
CP149493.1	27319
CP130533.1	2729861
CP181098.1	24653
CP151815.2	2780516
CP170692.1	20730
CP166852.1	2896386
CP181114.1	27267
CP181145.1	2773985
CP026072.1	2955890
LR130514.1	2473
CP089156.1	2854518
CP013957.1	3085555
CP099499.1	2802127
CP123745.1	2798217
CP096272.1	2809462
CP085316.1	2992
CP138893.1	2473
CP192829.1	20721
CP131652.1	2888060
CP113036.1	34598
CP157303.1	2818489
CP178871.1	2879034
CP127023.1	34996
CP192813.1	34821
CP015173.1	2786116
CP035004.1	19185
CP132487.1	16610
CP026966.1	1518
CM129844.1	2704732
CP062419.1	2741087
LS483484.1	2902610
CP170697.1	20731
CP157311.1	2505
CP170396.1	2161
CP147832.1	23062
CP042004.1	46487
LT992476.1	2897874
CP191236.1	2868276
CP033982.1	2865912
CP170433.1	2481
CP170769.1	2768550
CP014440.1	27079
CP062381.1	39353
LT992467.1	2866864
CP157420.1	2932403
CP165632.1	3125
CP133442.1	2921117
CP038269.1	2695389
CP123078.1	30843
CP120047.1	2785364
LN831038.1	5141
CP132494.1	2873533
CP014417.1	2415
CP118812.1	31724
CP089489.1	2935181
AP017320.1	2860370
CP138664.1	2729011
AP020314.1	34268
CP062368.1	2734925
CP014383.1	27068
CP168159.1	27068
CP122488.1	2783146
CP062367.1	27068
CP042045.1	17035
CP149807.1	2911884
CP026076.1	2811767
CP038184.1	34949
CP151128.1	20730
CP026080.1	2697640
CP134532.1	2862921
CP170406.1	2783939
CP120059.1	3169
CP120057.1	2783842
AP009324.1	2880168
CP033987.1	2865917
CP173177.1	4439
CP113005.1	3009874
CP113019.1	35675
CP051482.2	2842756
CP138669.1	2745423
CP123124.1	43502
AP024311.1	2853652
CP033989.1	4525
CP042109.1	1562
OZ261681.1	29061
CP022896.1	2805047
CP090870.1	2782272
CP130530.1	39448
CP077883.1	14543
CP125901.1	2775587
CP062312.1	2799207
CP047850.1	25704
AP023034.1	2852412
CP071101.1	2762
CP181115.1	2898625
CP064366.1	27489
CP184561.1	2832071
CP053075.1	2883539
CP129560.1	2905939
CP150759.1	2819126
CP029086.1	2749935
CP017090.1	2861508
CP053356.1	2877709
CP029171.1	2627
CP014410.1	3125
CP162424.1	4950
CP099502.1	2690509
CP014371.1	2918010
CP073012.1	2859879
LR134087.1	2835265
CP130520.1	2791620
CP047832.1	2476
CP162473.1	2825687
CP136530.1	4439
CP123080.1	2911238
CP138886.1	2798104
CP181116.1	27258
CP094747.1	2851921
CP129353.1	36291
AP018922.1	2733771
CP132030.1	35038
CP014397.1	2918010
CP150651.1	2917912
CP062332.1	13162
CP162460.1	18033
CP025487.1	3269
CP014362.1	2904958
CP134618.1	2781582
CP012015.1	2987124
CP001782.1	1442
CP047851.1	2814235
CP157770.1	24653
CP047846.1	20651
CP130547.1	2853493
CP028189.1	2719423
CP007455.1	22990
CP077744.1	17455
CP120145.1	3128
CP001784.1	17256
CP030325.1	30429
CP162422.1	2796548
CP065353.1	2731537
CP138890.1	32187
CP168090.1	24653
CP062377.1	19781
CP181106.1	2701
CP045438.1	2411
CP047867.1	2823088
CP167987.1	2878154
CP062319.1	24654
CP043389.1	2879031
CP170798.1	20652
CP020714.1	2731897
CP170404.1	2847113
CP094797.1	2791520
CP001544.1	3125
CP170682.1	32187
CP062375.1	2366
CP034257.1	3011
CP064365.1	2755072
CP122483.1	2721416
OZ197099.1	2942021
CP014442.1	3125
CP014380.1	4397
CP038270.1	2778443
CP120049.1	3126
CP062415.1	2904568
CP151125.1	2786821
CP033979.1	3011
CP120093.1	2783002
CP117240.1	30891
CP150890.1	3567
CP132490.1	2818400
CP120045.1	41456
JBROPR000000000.1	52052
JBROPR000000000.1	217763
JBROPR000000000.1	143146
JBROPR000000000.1	110249
JBROPR000000000.1	37155
JBROPR000000000.1	74564
LS483309.1	2951503
CP092539.1	24653
CP092556.1	2898133
CP166853.1	2849634
CP092552.1	2895422
CP176712.1	2730481
CP160482.1	20403
CP170693.1	2827593
CP177129.1	2746234
CP007677.1	20185
CP130508.1	2795082
CP117242.1	2866622
CP194232.1	2874394
CP181103.1	27268
CP123100.1	36308
CP014694.1	2361
CP113034.1	17606
CP099576.1	2878495
CP120040.1	3126
CP053639.1	2880561
CP120069.1	2968
CP130515.1	2810818
CP150781.1	2818858
CP080555.1	6118
CP159798.1	3125
CP138363.1	2829216
CP165640.1	2805288
QWKQ00000000.2	3315
QWKQ00000000.2	161582
QWKQ00000000.2	574
QWKQ00000000.2	3473
QWKQ00000000.2	12858
QWKQ00000000.2	191445
CP051165.2	2772766
CP021908.1	27490
CP089475.1	20279
CP084107.1	2776617
CP167990.1	2859552
CP058313.1	2979
CP170783.1	2783486
CP031666.1	1266
CP181132.1	27068
CP089476.1	2949700
LS483319.1	2949084
CP031670.1	2875880
CP158488.1	2829403
LT992474.1	2862001
CP024998.1	2763876
CP014369.1	3125
CP096535.1	2844988
CP150777.1	2861093
CP131663.1	2844648
CP168754.1	2820179
CP118830.1	2797783
CP077930.1	43105
AP024319.1	20722
LR822061.1	2972382
CP039162.1	2769144
CP014407.1	2876325
CP156697.1	2813984
CP016861.2	2864344
CP062342.1	2781066
OZ197097.1	2927776
CP089502.1	2951095
CP031130.1	2768346
CP151113.1	2749865
CM129842.1	2823191
CP119342.1	41208
CP156985.1	24403
CP022904.1	2913334
CP077922.1	2719233
CP154862.1	27269
CP138889.1	2874425
CP068682.1	2751179
BA000017.4	2878529
CP147689.1	2469
CP009362.1	27491
CP151116.1	2462
CP007690.1	2872916
CP148078.1	3314
CP014420.1	2919827
CP092568.1	24652
CP130525.1	2921768
CP014443.1	27079
CP131658.1	1491
CP014389.1	25980
CP181125.1	27266
CP155816.1	2877074
CP042006.1	4979
LR134090.1	2843795
CP077863.1	2757339
CP094856.1	2402
CP065515.1	2840154
CP120115.1	2783643
CP083435.1	22961
CP040621.1	27068
CP124853.1	2801287
CP128389.1	2793534
CP025488.1	3266
OZ197084.1	2927775
CP047780.1	2746804
OZ059824.1	2927898
CP162421.1	21327
CP134619.1	23740
CP076842.1	3113
CP045436.1	32212
CP012119.2	2917985
CP154498.1	37655
CP093937.1	34986
CP058616.1	2473
CP014406.1	4397
AP024204.1	24496
CP041037.1	2752396
CP118808.1	2740083
CP119341.1	2855262
CP150754.1	2922679
CP184655.1	2776580
CP113020.1	39805
CP123070.1	2742291
CP047789.1	2803947
CP016855.2	2873063
CP170688.1	20732
CP181121.1	3125
CP080251.1	2786875
CP132489.1	2731135
CP062351.1	16691
CP013617.1	2362
CP184719.1	2807930
CP113032.1	3022586
OZ197102.1	2927773
CP031265.1	2737143
CP014426.1	2919827
CP120042.1	39161
CP170768.1	24519
CP162437.1	2925504
CP033113.1	2405
CP014695.1	7190
CP195249.1	2751557
CP068143.1	2756709
CP094760.1	2719250
CP113014.1	6859
OZ059819.1	2859893
CP170430.1	41141
CP013960.1	43115
CP077859.1	2766976
CP080563.1	25109
CP131657.1	2920
CP150768.1	21326
CP077757.1	2810296
CP127018.1	27438
AP020319.1	34268
CP147691.1	2840121
CP012121.2	61539
CP120118.1	2783696
CP130506.1	42526
CP138661.1	2801154
CP132369.1	36305
CP103850.1	2842929
CP119707.1	2802837
CP092052.1	2817030
CP150763.1	2861064
CP040233.2	2801264
CP077857.1	2766975
CP080770.1	2839281
CP192826.1	3574
CP165650.1	2921834
CP120033.1	2783708
CP123126.1	2728221
CP152121.1	3125
CP168221.1	2724631
CP129562.1	2775139
CP170793.1	2853394
CP091876.2	2778629
CP029671.1	2692211
CP178875.1	4439
CP062391.1	37087
CP130522.1	2791382
BX571857.1	2799802
CP181100.1	2473
CP089163.1	21807
CP033975.1	3785
LR027879.1	28654
CP158481.1	2902684
CP123164.1	2692770
CP167769.1	3125
CP150770.1	42652
CP129360.1	2944165
HE579062.1	30854
CP033114.1	2853520
CP017095.2	32660
CP047925.1	39227
CP152120.1	2925081
AP024737.1	21326
CP113015.1	3048932
AP020311.1	2804820
CP047646.1	2744548
CP077885.1	2855354
CP014408.1	27098
CP176566.1	2824921
CP170418.1	2326
CP165638.1	2790658
CP053355.1	27057
CP029655.1	2857253
CP080249.1	2939569
CP150656.1	14477
CP129555.1	2919938
AP024731.1	21326
CP026960.1	2799899
CP047809.1	2876963
CP147872.1	2795386
CP199541.1	36202
CP132035.1	17695
CP117204.1	43879
CP157002.1	35402
CP171382.1	2195
CP135967.1	3044
CP181146.1	2473
CP170785.1	2791232
CP077872.1	2855863
OZ197091.1	2927778
CP168093.1	16685
CP120068.1	36030
CP151114.1	24652
CP012012.1	2976370
CP130521.1	25959
CP168095.1	27268
CP014445.1	27098
CP076840.1	15048
CP051484.2	2788788
LS483314.1	2774360
CP150786.1	2825013
CP150746.1	7432
CP033115.1	2684
CP150653.1	2188
CP034003.1	3011
CP170581.1	3048
AP024316.1	20731
CP181097.1	2704756
CP010890.1	2783537
CP120010.1	20707
CP120178.1	3132
CP000704.1	30429
AP024512.1	20501
CP009424.1	3125
CP120092.1	3142
FR821780.1	2993
CP151145.1	23061
CP168013.1	2727015
CP150659.1	3125
CP062466.1	59392
CP184558.1	20722
CP147696.1	3923
CP062371.1	27267
CP042108.1	17383
CP147873.1	33648
CP092565.1	2819747
CP077878.1	14538
AP024729.1	21326
CP077879.1	28395
CP047804.1	2824060
CP117238.1	2720522
CP136585.1	2772341
CP069799.1	2814946
CP062314.1	2863885
CP159431.1	20642
CP148076.1	2896387
CP117243.1	4439
CP047794.1	2840057
CP047860.1	27268
CP170400.1	4435
CP123087.1	46979
CP176567.1	42633
CP040665.2	2820179
CP192807.1	42405
CP062365.1	27473
CP192215.1	2838016
CP026969.1	9124
CP149492.1	3049603
CP170781.1	2912474
CP122489.1	2970038
AP024726.1	2835705
CP077856.1	2766975
CP066488.1	2820908
LT992464.1	2891669
CP062328.1	20730
CP065354.1	2738766
CP119115.1	4971
CP172433.1	4397
CP170432.1	2865878
CP047840.1	25502
CP155815.1	2877074
CP047795.1	2706366
CP089483.1	2966015
LR134305.1	2836670
CP099510.1	1931
CP162478.1	2861554
CP026081.1	28102
CP123076.1	30843
CP099503.1	24655
CP040230.2	2783012
CP170606.1	23759
CP047785.1	2776423
CP149805.1	2760105
CP109933.1	2891364
CP118836.1	19760
CP156698.1	27267
CP117230.1	2773563
CP092566.1	24653
CP024999.1	20730
CP065195.1	37510
CP162459.1	60432
AP028993.1	2791224
CP020467.1	2855675
CP138362.1	2792515
CP150657.1	2919216
CP022894.1	2911744
CP093930.1	2840066
CP025482.1	3269
CP099496.1	24654
CP170414.1	2784810
CP025497.1	61505
CP138872.1	2473
CP170409.1	2766710
CP098728.1	42928
LR134351.1	2955381
CP146214.1	21414
CP082790.1	38056
CP120167.1	2783582
CP173179.1	2366
CP016858.2	2873208
CP113038.1	25943
CP130513.1	2836631
CP012014.1	2757
CP031839.1	2839540
CP138566.1	2895690
CP022897.1	2824816
CP120031.1	41716
CP069566.1	32653
CP119110.1	45608
CP039449.1	29324
CP170424.1	4063
CP077927.1	33926
CP150889.1	27268
JBRKZN000000000.1	8795
JBRKZN000000000.1	53055
JBRKZN000000000.1	4712
JBRKZN000000000.1	86098
JBRKZN000000000.1	22277
JBRKZN000000000.1	20227
JBRKZN000000000.1	102289
JBRKZN000000000.1	19685
JBRKZN000000000.1	20350
CP099578.1	3125
CP077865.1	2756732
CP150652.1	4350
CP131659.1	2986689
CP040625.1	2938218
CP053636.1	2832231
CP048644.1	39500
CP191235.1	35252
AP014942.1	2775733
CP015174.1	4264
CP047813.1	2733044
CM129841.1	2801194
CP162474.1	7032
CP178840.1	259816
CP092567.1	2860420
CP031887.1	59051
CP029654.1	27267
CP094801.1	2857636
CP150728.1	21326
CP012018.1	2988028
CP029165.1	2495
CP047803.1	2804489
CP120112.1	33770
JBROPU000000000.1	41225
JBROPU000000000.1	987
JBROPU000000000.1	224427
JBROPU000000000.1	27815
JBROPU000000000.1	87391
JBROPU000000000.1	11428
JBROPU000000000.1	90215
CP099507.1	2360
CP012972.1	2726242
CP010403.1	28895
CP170764.1	2937817
CP018769.1	27270
CP118811.1	30836
CP062373.1	28956
CP154864.1	27269
CP151121.1	2889292
CP089165.1	2785272
CP181127.1	27068
CP134882.1	2930406
CP115047.1	46979
CP071103.1	1533
CP007500.1	32406
CP000257.1	4439
CP118044.1	2698209
CP162466.1	42651
CP184542.1	41141
CP029628.1	31625
CP123086.1	2761111
CP123148.1	2473
LN854556.1	2778079
CP169265.1	2868882
JBRUTI000000000.1	36109
JBRUTI000000000.1	28980
JBRUTI000000000.1	3777
JBRUTI000000000.1	137592
JBRUTI000000000.1	5961
JBRUTI000000000.1	10901
JBRUTI000000000.1	2629
JBRUTI000000000.1	2123
CP170771.1	2804273
JBRKZM000000000.1	269976
JBRKZM000000000.1	217963
JBRKZM000000000.1	111232
CP121204.1	2981436
CP152310.1	2784385
CP014400.1	2473
CP001996.1	2832478
CP165774.1	2854022
CP165641.1	3300
CP178876.1	3125
CP094768.1	2757383
CP178882.1	3125
CP181134.1	2882733
CP062401.1	2791157
CP138569.1	3332
CP097113.1	2688968
CP077896.1	48854
CP181139.1	27268
CP089503.1	40560
CP021178.1	2715600
CP080252.1	20729
CP009361.1	2778854
AP025694.1	40253
CP019592.1	2784749
CP162477.1	13507
CP043388.1	3123
CP022291.1	2762859
CP062355.1	20680
CP092555.1	24653
CP181141.1	27269
CP033999.1	2818364
CP047786.1	2790390
CP158668.1	30084
CP058314.1	2348
CP169948.1	34343
CP170799.1	2823218
CP047829.1	20730
CP019590.1	2878854
CP022900.1	2813963
CP034441.1	2876590
CP151149.1	18969
CP103861.1	27068
CP130540.1	2845161
CP049976.1	2895988
CP138884.1	2797869
CP028471.1	34104
CP026962.1	2697644
CP150729.1	2856796
CP096527.1	34523
CP011876.1	1494
CP034006.1	3011
AP024724.1	29077
CP120141.1	2782558
LT992462.1	2959092
CP092561.1	2818121
CP094754.1	4504
CP102958.1	2715650
CP053353.1	2868068
CP130523.1	2831351
CP123159.1	19758
CP162418.1	2818908
CP096537.1	2997
AP020313.1	2825163
CP065196.1	3400
CP014409.1	2919720
FN433598.1	3011
CP130543.1	2895398
CP043393.1	4439
CP132502.1	1364
CP123074.1	2909299
CP120052.1	3141
CP162428.1	2785792
CP168017.1	2854745
CP166862.1	2714335
CP113232.1	20673
CP029668.1	3125
CP123742.1	2798280
CP134071.1	2790390
CP021869.1	2106018
CP049938.1	2064943
OX460907.1	3617
CP101994.1	2059593
CP138369.1	2090970
CP101991.1	2190065
CP191197.1	2226609
CP169988.1	5846
OX465025.1	2153677
OX461090.1	2292794
LS483342.1	2063270
CP053891.1	2097492
CP030845.1	2059915
CP169989.1	2112183
CP007571.1	2214297
CP116706.1	2126496
OX460934.1	2178803
OX460932.1	3041
CP021769.1	2060637
HG939456.1	2065074
CP101995.1	2059213
AL766853.1	122050
CP157724.1	2088996
OX461092.1	3973
CP063198.2	2093987
HF952105.1	2109759
CP135103.1	2130023
CP147733.1	2126101
CP135104.1	2148820
CP107524.1	2278514
CP042001.1	2137402
LS483387.1	2052456
CP116708.1	2013837
CP000114.1	2127839
CP051004.1	2032743
CP135102.1	2071976
CP042002.1	2075620
CP138370.1	2150256
CP191195.1	2300611
OX460968.1	2216886
CP168323.1	2035108
CP053886.1	2136182
CP191196.1	2202577
CP008813.1	2121372
AL766846.1	224050
JBSDES000000000.1	31326
JBSDES000000000.1	182938
JBSDES000000000.1	41107
JBSDES000000000.1	10693
CP021772.1	2150631
CP044091.1	2065678
CP101992.1	2221477
OX460985.1	2135861
CP010867.1	2092071
CP011329.1	2147416
CP021867.1	2208337
CP116707.1	2126497
CP012503.1	2172875
CP010319.1	1996151
CP059383.1	2149566
CP025029.1	2054713
CP191198.1	2288101
CP104750.1	2013725
CP116710.1	2089154
CM129918.1	2326082
OX461088.1	2028586
CP012419.2	2116811
CP134689.1	2166988
CP118079.1	2201662
CP054055.1	2056769
CP104748.1	2013792
OX460942.1	2088496
OX460931.1	2012541
CP019978.1	2198785
OX595791.1	2064205
CP138367.1	2191428
CP038809.1	2041494
CP147731.1	2101091
CP157726.1	2088996
CP116705.1	2013411
CP029749.1	2095031
CP007632.1	2061426
CP021865.1	2116810
CP021870.1	2072007
CP026082.1	2281602
OX460962.1	2423
CP012480.1	2074179
CP041998.1	2090429
AL732656.1	2211485
CP143101.1	2278057
CP021863.1	2116810
CP116709.1	2013841
CP180684.1	2274576
CP053888.1	2117704
CP011325.1	2064722
CP007570.1	2243708
AL766852.1	174050
LT714196.1	2170276
CP129875.1	2065074
CP143102.1	2144311
CP026083.1	8445
AL766845.1	178050
OX460984.1	2181100
CP034315.1	2080936
CP157725.1	2088996
CP191194.1	2343668
AE009948.1	2160267
CP121160.1	2311495
CP128605.1	2101232
CP163561.1	2277992
CP118043.1	2090147
CP129876.1	2211485
OX461103.1	2160706
CP116714.1	2122393
CP134688.1	2055223
OX460941.1	2177290
CP007631.2	2221207
OX461091.1	19091
CP003810.1	2063112
OX460906.1	2085871
CP142853.1	2230443
CP033822.1	2134138
AL766856.1	103485
LR134512.1	2032876
CP058666.1	2201113
AL766848.1	233050
CP104749.1	2013640
CP053027.1	2105299
CP012742.1	4944
CP021866.1	2116773
CM130719.1	2075873
CP116711.1	2013825
CP135101.1	2098259
CP016391.1	2090292
AP020310.1	2253291
CP054054.1	2136182
CP025028.1	2116769
CP116712.1	2009706
AL766855.1	89050
CP010874.1	2084511
AL766844.1	240050
CP086130.1	2057026
CP187263.1	1951859
CP042000.1	2100561
CP021864.1	2116811
OX460938.1	2166122
CP123969.1	2189951
CP191199.1	2273584
AL766854.1	98050
CP013908.1	2092570
CP086129.1	2071716
CP021868.1	2167120
CP191191.1	2227447
CP026084.1	2136438
CP187264.1	1964990
CP031556.1	2205229
CP180685.1	2231713
AL766849.1	128050
AL766851.1	113050
AL766847.1	167050
CP134202.1	2165605
JBRRGL000000000.1	45959
JBRRGL000000000.1	129433
JBRRGL000000000.1	28661
JBRRGL000000000.1	12908
JBRRGL000000000.1	97444
JBRRGL000000000.1	625
JBRRGL000000000.1	84358
OX460960.1	2328908
CP138371.1	2141210
CP022537.1	2153937
CP021862.1	2227680
AL766843.1	143050
CP191192.1	2300077
OX460961.1	3617
CP020449.2	2218698
CP013202.1	2165968
AP018935.1	2231314
LT545678.1	2275139
LR134265.1	2265974
CP006910.1	2013842
CP142854.1	2147143
CP157727.1	2088996
CP019979.1	2096882
CP120654.1	2206504
CP053889.1	2101534
CP101996.1	2225031
CP036376.1	2174504
CP029561.1	2148904
OX460943.1	2117492
CP053887.1	2099536
HF952104.1	2138694
CP116713.1	2126500
CP101993.1	2222638
OX460935.1	2144298
CP021770.1	2199578
CP021773.1	2273717
CP191190.1	2202210
LR134520.1	2095190
CP044090.1	2210718
CP123970.1	4440
CP007572.1	2231475
CP120953.1	2136302
CP025027.1	2016805
CP118080.1	2201661
CP191193.1	2183887
CP053890.1	2114033
CP157728.1	2088996
CP138368.1	2094898
CP119576.1	2265243
OX460940.1	2121781
CP121159.1	2378065
OX460911.1	2061801
CP010875.1	2029669
CP041999.1	2140995
CP025026.1	2043851
AL766850.1	199050
CP199919.1	2034123
CP021771.1	2082479
CP139862.1	2051693
CP038808.1	2038617
AP028610.1	2066045
CP035239.1	2153840
CP199502.1	2161092
CP000410.2	2046116
CP046356.1	2141347
CP035236.1	2103577
AP028603.1	2194831
AP026931.1	2106979
AKVY00000000.1	7765
AKVY00000000.1	18377
AKVY00000000.1	96334
AKVY00000000.1	135466
AKVY00000000.1	244665
AKVY00000000.1	26606
AKVY00000000.1	10759
CP083627.1	2116633
CP035261.1	2086667
CP137109.1	2149160
CP035245.1	2038521
AE005672.3	2160842
CP025076.1	2125517
AP018938.1	2096423
AP017971.1	2148476
CP139863.1	2099956
CP137111.1	2110175
LR216050.1	2074861
OV904788.1	2112955
AP026917.1	2079937
AP031395.1	2145671
AP018391.1	2045062
CP090884.1	2003818
CP076436.1	2062753
CP079922.1	2039955
CP050175.1	2143685
CP089949.1	2151943
CP154595.1	2075787
CP091450.1	2069241
AP026919.1	2148358
CP001993.1	2088772
CP089948.1	2153849
CP035247.1	2052119
CP076417.1	2060728
CP035252.1	2165373
CP137102.1	2108184
AP028607.1	2143010
AP018937.1	2058492
LR595849.1	5247
AP026921.1	2156586
LS483390.1	2039982
CP096809.1	2088456
CP155531.1	2088681
CP019299.1	2038121
CP155539.1	2153837
LR134294.1	2115408
CP035256.1	2223053
LS483523.1	2145551
CP076420.1	2059840
CP131712.1	2207415
CP137106.1	2138920
CP076426.1	2063314
AP026926.1	2190915
LR129841.1	2109624
AP028609.1	2118406
AP025939.1	2033516
CP131706.1	2109177
CP169564.1	2069030
CP038252.1	2139846
CP076428.1	2036020
AP028605.1	2066045
CP071918.1	2195807
CP090883.1	2003723
AP026916.1	2227883
CP076430.1	2027617
LR536843.1	2074160
CP113267.1	2150349
CP137115.1	2069036
FQ312027.1	2036867
LS483417.1	2093242
CP000921.1	2112148
AP026932.1	2138339
CP137107.1	2187550
CP137110.1	2076043
LR216065.1	2120740
LS483450.1	2157682
CP076425.1	2036667
CP131710.1	2140064
CP155532.1	2185927
CP018838.1	2079194
CP002176.1	2240045
CP076427.1	2063269
CP076419.1	2037048
AP026928.1	2098820
FQ312044.2	2026505
CP046358.1	2124184
CP035262.1	2116769
FQ312041.2	2026239
CP137101.1	2148214
LS483449.1	2104636
CP178339.1	2104556
CP027540.1	2046572
LN847353.1	1983415
AP026927.1	2088360
AP018936.1	2180605
CP147644.1	2100204
FQ312039.1	2131190
LS483451.1	2200529
FQ312045.1	2024476
CP131709.1	2090920
AP026930.1	2035403
CP035237.1	2112180
CP148099.1	2046614
CP076434.1	2044003
CP046359.1	2114775
AP026918.1	2090609
AP026914.1	2091587
CP035251.1	2098476
CP071917.1	2196665
FQ312043.1	2037254
CP035265.1	2084495
CP136899.1	2027961
CP076437.1	2037897
CP053210.1	2219840
CP018136.1	2206644
CP139860.1	2100423
CP076431.1	2028581
CP152418.1	2030588
CP199503.1	2161091
AP025938.1	2079663
AP028877.1	2107654
CP035246.1	2050463
OX244288.1	2147252
CP050176.1	2149
CP113114.1	2310574
CP137100.1	2200466
CP199504.1	13118
CP038253.1	2155943
CP035244.1	2098679
CP071871.1	2134668
CP156625.1	2156500
CP145437.1	2117212
LR595848.1	2150981
CP035249.1	2141530
CP137113.1	2179100
CP035257.1	2159294
CP045931.1	2090792
CP046354.1	2121469
CP113266.1	2136743
CP035235.1	2150845
LS483374.1	2046573
CP035243.1	2141210
CP154876.1	2000745
CP035234.1	2108520
CP038251.1	2071654
AP028601.1	2054748
CP076429.1	2057733
LS483448.1	2131442
AP025936.1	2033114
CP090887.1	2062504
CP155537.1	2095224
CP090888.1	2046177
AP019192.2	2156271
CP131707.1	2128646
CP091451.1	2103144
AP026922.1	2170541
CP148101.1	2075560
AP028604.1	2194794
CP046360.1	2089999
CP131708.1	2175793
CP031246.1	2109726
CP035263.1	2145531
CP082820.1	2098200
CP137108.1	2136646
CP185285.1	1992147
CP155536.1	2037678
CP035260.1	2000117
CP090881.1	2003561
CP035264.1	2120990
CP076423.1	2029844
LR129843.1	2038006
AP026920.1	2210263
AP026923.1	2099632
CP076424.1	2036667
CP090885.1	2061648
AP028606.1	2105501
CP137103.1	2109372
CP018137.1	2071812
CP076435.1	2035983
AP026929.1	2083428
AP028608.1	2039063
CP139861.1	2081720
CP076422.1	2056659
LN831051.1	2110968
CP090886.1	2057101
CP046357.1	2141694
LR129840.1	2169270
CP102583.1	2009151
CP168299.1	2220570
FQ312029.1	2093317
CP018347.1	2092148
CP026670.1	2221315
CP076418.1	2036378
CP125291.1	2036779
CP173225.1	2096290
CP071916.1	2159119
CP076432.1	2034166
CP046379.1	2140016
CP018138.1	2073113
AP026924.1	2218836
AKVY01000001.1	7765
AKVY01000001.1	18377
AKVY01000001.1	96334
AKVY01000001.1	135466
AKVY01000001.1	244665
AKVY01000001.1	26606
AKVY01000001.1	10759
CP025256.1	2168552
CP155535.1	2150823
CP137099.1	2124888
CP155533.1	2206681
CP001845.1	2064154
FM211187.1	2221315
CP035241.1	2001615
CP031248.1	2169584
CP131714.1	2146355
AP028602.1	2050376
LR216064.1	2066251
AP025940.1	2075857
CP000920.1	2111882
CP079923.1	2030186
CP090882.1	2062088
AP031394.1	2144693
CP060156.1	2210224
CP046355.1	2180123
CP155534.1	2157375
CP035242.1	2126529
CP000918.1	2184682
CP137114.1	2072679
CP154877.1	1999917
CP061208.1	2046551
CP107038.1	2293748
CP031247.1	2114141
CP001033.1	2209198
CP031245.1	2096231
CP131713.1	2145516
CP035238.1	2046574
CP137112.1	2163419
CP113115.1	2292804
CP063829.1	2089994
LR216060.1	2202359
CP035258.1	2118571
LR129844.1	2037269
CP035259.1	2079593
AP025937.1	2046836
AP028611.1	2243694
AP026925.1	2091173
AP028612.1	3133
AE007317.1	2038615
CP137105.1	2121940
CP035248.1	2075570
CP076433.1	2078429
CP137104.1	2136646
CP003357.2	2150813
CP090889.1	2003571
FQ312030.1	2142122
CP131711.1	2093106
CP076421.1	2035949
CP148100.1	3161
AP026915.1	2057685
CP131715.1	2138456
CP000919.1	2120234
CP099641.1	2116814
CP035254.1	2118426
CP000936.1	2245615
CP168260.1	2131566
CP013838.1	1786874
LN831034.1	1914862
LS483329.1	1768863
CP151463.1	1838576
CP035451.1	1826832
CP151852.1	1838578
CP035440.1	1790668
CP142355.1	1821159
CP010449.1	1950469
CP142353.1	1749382
LS483407.1	1808803
CP151477.1	1838577
LS483336.1	1875632
CP167020.1	1741038
CP155740.1	1924471
CP003901.1	1837281
CP155737.1	2067793
CP060268.1	1872024
LS483326.1	1756406
CP031738.1	1878827
CP035442.1	1835714
CP003068.1	1827308
CP035426.1	1756622
AP012491.2	1831128
CP167012.1	1894463
CP032666.1	1851471
CP118307.1	1925891
AP017629.1	1741982
CP151845.1	1838599
CP060641.1	1841971
CP151458.1	1842386
CP136950.1	1835741
CP167022.1	1792465
CP118308.1	1925871
CP035427.1	1861037
LS483442.1	1796907
LS483315.1	1808384
LS483430.1	1756874
BA000034.2	1894275
CP151853.1	1835595
CP167123.1	1835976
CP136952.1	4967
CP011415.1	1811968
LS483359.1	1751353
CP003116.1	1750832
CP151855.1	1838575
AP023390.1	1747400
LS483399.1	1822334
LS483337.1	1805495
CP035452.1	1768816
CP067090.1	1863912
CP033336.1	1812036
CP151448.1	1838576
CP142354.1	1842075
CP031633.1	1851403
CP033908.1	1903972
LS483321.1	1862643
CP049695.1	1887256
CP061131.1	1909430
LS483386.1	1934623
CP151859.1	1835529
CP031618.1	1940684
CP007537.1	1908294
CP031630.1	1842830
CP049799.1	1832686
CP049187.1	1866140
CP035431.1	1800116
CP151468.1	1844577
CP142357.1	1793445
CP155739.1	2003379
CP012045.1	1943415
CP060269.1	1883075
CP049689.1	1931322
CP049687.1	1866277
CP000056.2	1897578
CP000017.2	1838562
LR130238.1	1943295
CP035441.1	1834762
CP060267.1	1837335
CP035429.1	1788166
CP003121.1	1781029
CP060639.1	1970284
CP060646.1	1890384
LS483360.1	1906305
LS483340.1	1827653
CP029694.1	1866513
CP051138.1	1890399
CP118310.1	1955972
CP060638.1	1878218
CP031624.1	1851876
CP136951.1	1833938
CP167004.1	1903662
CP119599.1	1916409
LS483414.1	1913208
CP116457.1	1854315
LS483345.1	1796043
CP151447.1	1838598
CP151464.1	1838577
CP167124.1	1835976
CP044095.1	1229
CP060643.1	1791351
CP151476.1	1838577
CP140114.1	1862268
CP031632.1	1880780
CP061134.1	1865571
CP142352.1	1846043
CP151846.1	1838572
CP151451.1	1838579
CP151456.1	1838600
AE014074.1	1900521
CP151849.1	1838576
CP031619.1	1946265
LS483307.1	1921448
AP023387.1	1900555
CP142349.1	1841219
CP031637.1	1937069
CP155741.1	1972692
CP035432.1	1809631
CP035443.1	1888806
CP014027.2	1839644
CP167011.1	1888396
CP167001.1	1837281
AE009949.1	1895017
LS483522.1	1811249
CP151436.1	1838637
CP151475.1	1838577
CP167025.1	1721829
CP167021.1	1922845
CP160045.1	1853025
LS483382.1	1847336
CP032701.1	4968
CP151453.1	1838578
CP014542.1	1890465
CP035437.1	1806521
CP035439.1	1806314
CP008695.1	1846477
CP140113.1	1833607
CP035449.1	1825427
CP023769.1	1852980
CP151461.1	1838573
CP151851.1	1838576
CP031623.1	1905059
AP018337.1	1900008
CP066541.1	1800518
CP072112.1	1852911
CP031639.1	1885126
CP009612.1	1944537
CP028140.1	1790938
CP151442.1	1838573
CP035444.1	1764969
CP035445.1	1758778
CP149486.1	1793507
CP011069.1	1862487
CP013672.1	1860554
CP031770.1	1903997
CP067010.1	1897124
CP011535.2	1896976
LS483355.1	1752074
CP035453.1	1839531
CP155734.1	2066953
CP151466.1	1838576
LS483432.1	1834863
CP067008.1	1897111
CP119598.1	1853582
CP007041.1	1892124
LR130237.1	1823047
CP036530.1	1741943
CP000003.1	1899877
CP035434.1	1887700
CP007241.1	1796152
CP035438.1	1950616
CP155735.1	1926430
CP022354.1	1890204
CP035435.1	1779766
CP167014.1	1742521
CP049690.1	1866583
CP035447.1	1812090
CP167015.1	1931613
CP151444.1	1842088
CP151455.1	1838791
CP060647.1	1780403
LS483353.1	1766320
CP010450.1	1791401
CP031628.1	1851619
CP031626.1	1837594
CP031634.1	1853812
CP167008.1	1906997
CP167013.1	1721843
CP151470.1	1838576
AP019548.2	1778005
CP043530.1	1835779
CP166998.1	1792154
LR031521.1	1877450
CP167005.1	1888397
CP032700.1	1828132
CP140116.1	1834709
CP044096.1	1029
LS483347.1	1915789
CP041408.1	1918725
CP031629.1	1893446
CP032665.1	1853912
LS483320.1	1921169
CP060644.1	1781254
CP060270.1	1837261
CP031635.1	1907750
CP118309.1	1886178
LS483521.1	1786462
LS483420.1	1785880
CP027771.1	1869673
LS483437.1	1891258
CP049693.1	1887828
CP049691.1	1823813
CP060265.1	1902947
CP151478.1	1838577
CP033767.1	1837737
CP151457.1	1838490
CP118481.1	1884952
CP035450.1	1701466
CP167024.1	1851413
CP167009.1	1929508
CP049688.1	1885850
LS483379.1	1764453
CP167023.1	1900838
LS483384.1	1846983
CP167019.1	1837873
CP060266.1	1831250
CP007562.1	1702054
CP031620.1	1839848
AFRY01000001.1	3331
AFRY01000001.1	35488
AFRY01000001.1	30352
AFRY01000001.1	104545
AFRY01000001.1	6183
AFRY01000001.1	8422
LS483323.1	1797476
AP023388.1	1853362
CP136949.1	4967
CP040997.1	1914862
CP035430.1	1899479
CP007560.1	1915554
LS483425.1	1819726
CP022206.1	1893171
CP151465.1	1838576
HG316453.2	1726248
LS483415.1	1790372
CP060642.1	1845647
CP031631.1	1892473
CP060645.1	1902845
CP033335.1	1801696
CP028841.1	1914862
CP049694.1	1866269
CP136948.1	1829882
CP031636.1	1852263
CP151443.1	1838577
LS483333.1	1793034
CP151856.1	1838576
AP023389.1	1854597
CP035428.1	1816007
CP031621.1	1853620
LR590466.1	1858171
CP167067.1	1837895
CP035454.1	1742565
LR134284.1	1900813
CP119597.1	1856557
CP000259.1	1836467
CP167003.1	1835951
CP142356.1	1741389
AE004092.2	1852433
CP151439.1	1838512
CP167007.1	1798747
LS483421.1	1789295
LS483331.1	1848740
CP151857.1	1838599
CP151848.1	1838598
CP011068.1	1950454
CP167000.1	1835659
CP118312.1	2004039
CP154892.1	3421
CP035446.1	1747924
CP035455.1	1797172
CP151479.1	1838577
CP028148.1	1939844
CP151462.1	1838574
LS483389.1	1908146
CP151449.1	1838599
CP155736.1	1963238
CP147909.1	1836143
CP151467.1	1838580
CP035436.1	1806344
LS483330.1	1864452
CP156075.1	1897626
CP007561.1	1791306
CP031627.1	1893041
CP045930.1	1746807
CP142351.1	1788060
LR134314.1	1834173
CP155738.1	2002007
CP061132.1	1932413
CP047120.1	2010300
CP070994.1	1831274
AM295007.1	1841271
CP011414.1	1811968
CP167018.1	1860985
CP060640.1	1758170
CP067009.1	1897129
LS483322.1	1744145
CP049696.1	1890992
CP151460.1	1838577
CP044094.1	1330
CP031625.1	1893263
CP097251.1	1910967
CP033815.1	1899746
CP049686.1	1823857
CP033907.1	1903852
CP049685.1	1866006
LS483298.1	1906873
LS483332.1	1845052
CP151452.1	1838599
AP012335.1	1811124
CP020027.1	1846347
CP166999.1	1824088
CP151446.1	1838577
CP147908.1	1795127
CP006366.1	1818351
CP031638.1	1833822
CP008926.1	1844804
CP142350.1	1805137
CP151854.1	1838853
CP035448.1	1826467
LR130239.1	1909563
LS483356.1	1931144
CP151469.1	1837250
LS483401.1	1795272
CP021640.1	1810283
CP031622.1	1894087
LS483338.1	1746380
CP033621.1	1852894
CP060648.1	1827693
CP044093.1	1837758
CP167010.1	1792746
CP033337.1	1976011
CP055246.1	1860158
CP049697.1	1890273
CP151437.1	1838510
LR130240.1	1854706
LS483351.1	1898595
CP065927.1	1862424
CP118482.1	1831885
LS483334.1	1851237
CP015238.2	1765123
CP035433.1	1789855
AFRY00000000.1	3331
AFRY00000000.1	35488
AFRY00000000.1	30352
AFRY00000000.1	104545
AFRY00000000.1	6183
AFRY00000000.1	8422
CP007240.1	1709790
LR130236.1	1829838
LR590483.1	1819777
CP013840.1	1741348
CP151441.1	1838577
CP032699.1	1882327
CP031617.1	1894040
CP151459.1	1838576
CP151450.1	1838608
LS483357.1	1891095
CP151850.1	1838591
CP151445.1	1838577
CP167017.1	1837312
LS483394.1	1785401
CP020082.1	1890354
CP167016.1	1760536
CP077685.1	1762765
CP151847.1	1832431
CP167002.1	1968420
CP118311.1	1921124
CP154891.1	1788670
CP151438.1	1838801
LS483352.1	1857727
CP049692.1	1890316
CP072523.1	1819973
CP064364.1	1914863
CP060649.1	1852565
CP151440.1	1831240
CP061133.1	1859391
CP147910.1	1779058
CP031640.1	1962429
AP014596.1	1893821
CP118306.1	1825662
CP036531.1	1742165
CP013839.1	1709394
LS483327.1	1808407
CP167006.1	1814188
CP121250.1	2008188
CP008776.1	1829516
CP151454.1	1838576
LS483335.1	1921449
CP142358.1	1814755
CP140117.2	1835839
CP119678.1	1842099
CP033816.1	2366
CP151858.1	1838585
LS483391.1	1863040
CP196624.1	1104261
LT897798.1	1217808
AP024554.1	1060715
CM129944.1	1201151
LT992488.1	3041946
CP173267.1	148732
JBRUSS000000000.1	40962
JBRUSS000000000.1	74514
JBRUSS000000000.1	4427
JBRUSS000000000.1	11531
JBRUSS000000000.1	13746
JBRUSS000000000.1	2452
JBRUSS000000000.1	45661
JBRUSS000000000.1	81883
JBRUSS000000000.1	227249
JBRUSS000000000.1	4759
JBRUSS000000000.1	8395
JBRUSS000000000.1	43018
JBRUSS000000000.1	16808
JBRUSS000000000.1	81746
JBRUSS000000000.1	9610
JBRUSS000000000.1	12286
JBRUSS000000000.1	55041
JBRUSS000000000.1	13586
JBRUSS000000000.1	53095
OW443151.1	1026127
CP171661.1	1069518
OW443147.1	3046494
CP184804.1	1180271
CP047303.1	3011453
JBRUSV000000000.1	231148
JBRUSV000000000.1	164122
JBRUSV000000000.1	2453
JBRUSV000000000.1	79840
JBRUSV000000000.1	121442
JBRUSV000000000.1	2791
JBRUSV000000000.1	324848
JBRUSV000000000.1	31414
JBRUSV000000000.1	34739
JBRUSV000000000.1	16210
JBRUSV000000000.1	60671
LT897797.1	2976768
CP047305.1	2945491
CP171678.1	3008609
CP016325.1	1101931
CM129941.1	2954215
CP053796.1	2954462
CP171671.1	1070879
CP001236.1	1111222
CM129958.1	1060995
CP090387.1	3079090
CP047060.1	1059674
CP053804.1	2900064
CP053823.1	1199805
CP053795.1	1028867
CM129960.1	1144298
CP171674.1	3001785
CP020407.2	1072312
CP045719.1	3026110
CP077061.1	1044173
CP137091.1	2879665
CP171673.1	1094540
CP013014.1	2925021
LT992490.1	3029538
CP184810.1	3053587
CP161856.1	13092
CM129937.1	2949764
CP040171.1	140291
CP053800.1	2947270
CP171664.1	3012135
CP184805.1	2888801
AP018677.1	4057041
CP046844.1	3019938
CP046838.1	1007705
LT906615.1	1072319
CP046736.1	3101042
JBRUSX000000000.1	39743
JBRUSX000000000.1	40586
JBRUSX000000000.1	28278
JBRUSX000000000.1	140390
JBRUSX000000000.1	30739
JBRUSX000000000.1	29552
JBRUSX000000000.1	92683
JBRUSX000000000.1	33975
JBRUSX000000000.1	69588
JBRUSX000000000.1	62055
JBRUSX000000000.1	11562
JBRUSX000000000.1	10588
JBRUSX000000000.1	12009
JBRUSX000000000.1	114206
JBRUSX000000000.1	11039
JBRUSX000000000.1	71377
JBRUSX000000000.1	65383
JBRUSX000000000.1	9494
JBRUSX000000000.1	7926
CP171672.1	3009811
CP132180.1	3058770
CP077060.1	2962973
CP171665.1	1059715
CP196621.1	3025452
CM129938.1	1118967
CP080465.1	3007795
CP025936.1	3015092
CP104354.1	2956142
CP033514.1	171829
CP046749.1	2927934
CP171685.1	1100007
AKGH01000002.1	37555
AKGH01000002.1	121057
AKGH01000002.1	10232
AKGH01000002.1	152606
AKGH01000002.1	89333
AKGH01000002.1	95430
AKGH01000002.1	30169
AKGH01000002.1	4300
AKGH01000002.1	4608
AKGH01000002.1	19183
AKGH01000002.1	58218
AKGH01000002.1	175736
AKGH01000002.1	31382
AKGH01000002.1	78041
CP196625.1	3024962
CP046748.1	1063121
CP013305.1	2999012
CM129947.1	3024562
CP047295.1	3015077
CP173266.1	1046402
CM129950.1	1020714
CP161855.1	1011937
CP046738.1	1137386
CP013302.1	1105843
JBRUTE000000000.1	83429
JBRUTE000000000.1	40090
JBRUTE000000000.1	118871
JBRUTE000000000.1	93228
JBRUTE000000000.1	138575
JBRUTE000000000.1	8883
JBRUTE000000000.1	53998
JBRUTE000000000.1	65836
JBRUTE000000000.1	6129
JBRUTE000000000.1	7861
JBRUTE000000000.1	11288
JBRUTE000000000.1	105943
JBRUTE000000000.1	65775
JBRUTE000000000.1	4986
JBRUTE000000000.1	44395
JBRUTE000000000.1	6527
JBRUTE000000000.1	33473
JBRUTE000000000.1	30508
JBRUTE000000000.1	9521
JBRUTE000000000.1	3368
JBRUTE000000000.1	52817
CP102927.1	3046907
CP013312.1	1158995
CP157385.1	1070364
CP172325.1	2975162
CM129948.1	1282395
CP064351.1	1070346
CP025937.1	1070371
CP047301.1	3058772
CP191367.1	3087488
CP173268.1	3027731
CP171687.1	1105780
CP171688.1	2935389
CP171668.1	2993588
CP013318.1	1188831
CP132187.1	3063607
LT992486.1	3041944
CP047304.1	1071008
CP196623.1	3023199
CP137136.1	1070870
CP158974.1	3036098
CP013303.1	2993255
CP090386.1	1154802
CP033513.1	1046445
CP013304.1	1064265
CP028894.1	3015094
CP134057.1	1048335
CP172326.1	1070869
CP053801.1	1049608
CP016324.1	2987030
CP175806.1	3064030
CP104355.1	1148544
CP178388.1	946706
CP053812.1	306484
CP172323.1	2983338
CP132189.1	1107495
CP013319.1	3008486
CP053806.1	2947818
CP137135.1	2975778
CM129945.1	3016690
CP184807.1	1042949
LT992492.1	3041945
CM129959.1	3034168
CP053811.1	1202132
CM129939.1	3138647
CP053816.1	3004584
CP090399.1	2994890
CP158976.1	139375
JBRUSW000000000.1	36610
JBRUSW000000000.1	27575
JBRUSW000000000.1	26184
JBRUSW000000000.1	47482
JBRUSW000000000.1	95322
JBRUSW000000000.1	43475
JBRUSW000000000.1	41884
JBRUSW000000000.1	111519
JBRUSW000000000.1	82454
JBRUSW000000000.1	87667
JBRUSW000000000.1	15517
JBRUSW000000000.1	71223
JBRUSW000000000.1	6136
JBRUSW000000000.1	64441
JBRUSW000000000.1	4575
CP043555.1	49113
CM127144.1	2870474
CP159791.1	1086699
CP013314.1	1105026
CP157384.1	3019923
CP171662.1	3006488
CP063422.1	6617
CP184808.1	3090993
CP053819.1	80721
CP171666.1	2962634
JBRUTD000000000.1	35647
JBRUTD000000000.1	256146
JBRUTD000000000.1	80668
JBRUTD000000000.1	12730
JBRUTD000000000.1	9047
JBRUTD000000000.1	29222
JBRUTD000000000.1	16387
JBRUTD000000000.1	7781
JBRUTD000000000.1	18124
JBQWLZ000000000.1	18097
JBQWLZ000000000.1	51091
JBQWLZ000000000.1	151526
JBQWLZ000000000.1	35490
JBQWLZ000000000.1	51897
JBQWLZ000000000.1	1871
JBQWLZ000000000.1	49661
JBQWLZ000000000.1	18788
JBQWLZ000000000.1	8407
JBQWLZ000000000.1	11009
JBQWLZ000000000.1	201585
JBQWLZ000000000.1	81393
JBQWLZ000000000.1	6284
JBQWLZ000000000.1	24507
JBQWLZ000000000.1	29250
JBQWLZ000000000.1	11808
CP012997.1	1124711
CP012998.1	2937102
CM127143.1	1172163
CP053821.1	1166701
CP133105.1	1070058
CP013310.1	1114337
AKGH01000001.1	37555
AKGH01000001.1	121057
AKGH01000001.1	10232
AKGH01000001.1	152606
AKGH01000001.1	89333
AKGH01000001.1	95430
AKGH01000001.1	30169
AKGH01000001.1	4300
AKGH01000001.1	4608
AKGH01000001.1	19183
AKGH01000001.1	58218
AKGH01000001.1	175736
AKGH01000001.1	31382
AKGH01000001.1	78041
CP080464.1	33998
CP178387.1	2916887
AP024553.1	3047641
CP026647.1	3015116
CP110189.1	1062812
CP046744.1	2969890
LT992493.1	1050699
JBRUTC000000000.1	238404
JBRUTC000000000.1	13377
JBRUTC000000000.1	3948
JBRUTC000000000.1	39338
JBRUTC000000000.1	70745
JBRUTC000000000.1	26842
JBRUTC000000000.1	249976
JBRUTC000000000.1	18110
JBRUTC000000000.1	39230
JBRUTC000000000.1	13957
JBRUTC000000000.1	123635
CP053822.1	3000460
CP047300.1	1073557
JBRTTN000000000.1	76823
JBRTTN000000000.1	40857
JBRTTN000000000.1	48117
JBRTTN000000000.1	1015
JBRTTN000000000.1	31094
JBRTTN000000000.1	1373
JBRTTN000000000.1	4604
JBRTTN000000000.1	46751
JBRTTN000000000.1	85916
JBRTTN000000000.1	10418
JBRTTN000000000.1	68140
JBRUSU000000000.1	235686
JBRUSU000000000.1	26067
JBRUSU000000000.1	155180
JBRUSU000000000.1	2418
JBRUSU000000000.1	88990
OW443149.1	139375
CP171658.1	3007913
CP137092.1	1259910
CP172328.1	1124336
CP053798.1	2947299
CP171676.1	3004576
CP171683.1	1104498
CP142014.1	2895335
CP013311.1	2951445
JBRUSY000000000.1	73766
JBRUSY000000000.1	38840
JBRUSY000000000.1	98525
JBRUSY000000000.1	86953
JBRUSY000000000.1	41541
JBRUSY000000000.1	80048
JBRUSY000000000.1	40888
JBRUSY000000000.1	36212
JBRUSY000000000.1	40871
JBRUSY000000000.1	3832
JBRUSY000000000.1	52771
JBRUSY000000000.1	119241
JBRUSY000000000.1	40015
CM129961.1	3043055
LT992487.1	1050697
CP171686.1	3007343
LT992491.1	1093987
CP104357.1	1148544
CP072848.1	1070371
CM129949.1	3074294
CP013313.1	2961701
CP040172.1	3039067
CP132188.1	1059659
CP159790.1	2908252
LT906614.1	2961182
CP046735.1	1025499
CP173270.1	170522
CM129942.1	1105165
CP042300.1	1124701
CP053794.1	3033188
CP046740.1	3057992
CP134059.1	139375
CP194676.1	139375
CP053745.1	1159698
AP014524.1	2936971
CP095331.1	2927405
CP171663.1	1070891
CP013316.1	1075375
CP090388.1	48351
CP010811.1	3928357
CP040173.1	1057006
CP184806.1	1046104
CP095332.1	1213598
CP191368.1	1081707
CP053818.1	79397
CP013309.1	2996535
CP046737.1	2883085
CP053810.1	2967360
CP047298.1	1070357
CP045718.1	1106423
CP028895.1	1070374
CP047297.1	3020257
CP046739.1	1051323
CP053805.1	1143503
CP013308.1	1092607
CP046845.1	1070359
CP194675.1	1048346
CP046742.1	2924072
CP171679.1	1105746
CP046747.1	3065919
CP063420.1	3040054
AKGH00000000.1	37555
AKGH00000000.1	121057
AKGH00000000.1	10232
AKGH00000000.1	152606
AKGH00000000.1	89333
AKGH00000000.1	95430
AKGH00000000.1	30169
AKGH00000000.1	4300
AKGH00000000.1	4608
AKGH00000000.1	19183
AKGH00000000.1	58218
AKGH00000000.1	175736
AKGH00000000.1	31382
AKGH00000000.1	78041
CP080462.1	3145023
CP173026.1	2894403
CM129940.1	1081122
CP134058.1	3049826
CP196626.1	1108250
CP013307.1	2969901
CP132183.1	1059647
CP161854.1	3058981
CP184803.1	2985379
CP024868.1	1070367
CP053803.1	1195206
CP072849.1	3035563
LT907989.1	2961182
CP171657.1	1041690
CP171659.1	1070834
CM129946.1	1276511
JBRUTB000000000.1	83130
JBRUTB000000000.1	3313
JBRUTB000000000.1	22120
JBRUTB000000000.1	63277
JBRUTB000000000.1	196979
JBRUTB000000000.1	59877
JBRUTB000000000.1	117032
JBRUTB000000000.1	1010
JBRUTB000000000.1	107369
JBRUTB000000000.1	89494
JBRUTB000000000.1	13981
JBRUTB000000000.1	15363
JBRUTB000000000.1	12375
JBRUTB000000000.1	31967
JBRUTB000000000.1	25053
JBRUTB000000000.1	25275
JBRUTB000000000.1	13182
JBRUTB000000000.1	46915
CP173265.1	3027755
CP001485.1	3149584
CP142015.1	1175190
CP171669.1	1070908
CP053813.1	2967793
CP152070.1	1049147
CP013301.1	2996195
CP016987.1	3028272
CP171677.1	1100078
CP007634.1	3043139
CP024162.1	2992571
CP133104.1	3081059
CP028828.1	1072331
CP173269.1	1046321
CP171680.1	3004542
CP028893.1	1095478
CP046750.1	1102732
CP053820.1	3010605
CP036499.1	2942340
CP194674.1	3041299
CP152071.1	3023903
CP080463.1	1097465
CP090400.1	1045928
CP047059.1	2983109
CP172324.1	1083036
CP134061.1	1048937
CP053797.1	1173143
CP053814.1	1202155
CP147726.1	2954495
CP172327.1	2949659
CP043556.1	1140710
CP046840.1	3082401
CP013013.1	1125906
CM129943.1	2914553
CP046841.1	1050728
CP171681.1	1064140
CP171660.1	2973790
OW443148.1	1049164
CP171682.1	3011537
CP072850.1	1036449
CP047296.1	1070354
CP196622.1	1104928
CP046741.1	1193880
CP158975.1	1043768
CP028892.1	2955400
CP063423.1	4268
CP053799.1	1086276
CP053802.1	2829740
CP013320.1	1068097
CM129925.1	2970293
CP053817.1	1182929
CP171656.1	2998471
CP024867.1	3015093
CP033515.1	3075249
CP046743.1	1086570
CP053809.1	1217051
CP102928.1	1048941
CP047299.1	2962956
AP024555.1	3026055
CM129926.1	1266687
CP010812.1	4077462
CP132190.1	2959192
CP173027.1	1172046
CP171684.1	2974820
CP024083.1	995003
CP171670.1	3001805
CP007636.1	167267
CP072847.1	3016351
CP147727.1	1123164
CP013315.1	2939488
CP053807.1	1229641
CP110188.1	2971001
CP171689.1	1070779
CP171675.1	1105794
CP132181.1	1045384
CP063421.1	1110251
CP134060.1	3041262
CP047306.1	1072958
CP020408.2	2969957
CP053808.1	2868038
CP042299.1	2961008
LT992489.1	1050699
CP053824.1	80726
AE003852.1	2961149
CM129951.1	2930126
CP047302.1	1045383
JBRUTA000000000.1	56975
JBRUTA000000000.1	42811
JBRUTA000000000.1	27635
JBRUTA000000000.1	94361
JBRUTA000000000.1	194509
JBRUTA000000000.1	114950
JBRUTA000000000.1	32344
JBRUTA000000000.1	3738
JBRUTA000000000.1	122869
JBRUTA000000000.1	158390
JBRUTA000000000.1	57059
CP053815.1	306481
CP053744.1	3020084
CP013317.1	2981414
CP024163.1	1070502
CP013306.1	1100107
CP026648.1	1046303
CP046839.1	3073750
CP171667.1	1095022
AE003853.1	1072315
CP184809.1	1065997
CP175807.1	1085149
CP043554.1	2948589
JBRUSZ000000000.1	88761
JBRUSZ000000000.1	25058
JBRUSZ000000000.1	97711
JBRUSZ000000000.1	16590
JBRUSZ000000000.1	11725
JBRUSZ000000000.1	49241
JBRUSZ000000000.1	10536
JBRUSZ000000000.1	1717
JBRUSZ000000000.1	9955
JBRUSZ000000000.1	31113
JBRUSZ000000000.1	16480
LT907990.1	1072319
OW443150.1	3095527
JBRUST000000000.1	123193
JBRUST000000000.1	72208
JBRUST000000000.1	10032
JBRUST000000000.1	84882
JBRUST000000000.1	137578
JBRUST000000000.1	114644
JBRUST000000000.1	38333
JBRUST000000000.1	52259
CP080466.1	1049053
CP036500.1	1110356
CP104356.1	2956142
CP132182.1	3060728
CP064350.1	3015051
CP028827.1	2975504
AP014525.1	1093973
CP016988.1	1067461
CP024082.1	3031091
