Biosample,Accession,Species,Prophage count
SAMN02603997,AE002098.2,Neisseria spp,1
SAMN02603969,AE003852.1,Vibrio cholerae,0
SAMN02603969,AE003853.1,Vibrio cholerae,0
SAMN02604088,AE004969.1,Neisseria spp,1
SAMN02604002,AE005672.3,Streptococcus pneumoniae,0
SAMN02603218,AE007317.1,Streptococcus pneumoniae,0
SAMN02604013,AE009948.1,Streptococcus agalactiae,1
SAMN02603495,AE009949.1,Streptococcus pyogenes,4
SAMN02603978,AE016830.1,Enterococcus faecalis,2
SAMN02603978,AE016831.1,Enterococcus faecalis,0
SAMN02603978,AE016832.1,Enterococcus faecalis,0
SAMN02603978,AE016833.1,Enterococcus faecalis,0
SAMEA1705949,AL157959.1,Neisseria spp,1
SAMEA3138289,AM889136.1,Neisseria spp,2
SAMEA1705945,AM942759.1,Proteus spp,3
SAMEA1705945,AM942760.1,Proteus spp,0
SAMEA2272644,AM990992.1,Staphylococcus aureus,2
SAMEA2272644,AM990993.1,Staphylococcus aureus,0
SAMEA2272644,AM990994.1,Staphylococcus aureus,0
SAMEA2272644,AM990995.1,Staphylococcus aureus,0
SAMD00060934,AP006725.1,Klebsiella pneumoniae,0
SAMD00060934,AP006726.1,Klebsiella pneumoniae,0
SAMD00060913,AP009351.1,Staphylococcus aureus,4
SAMD00060971,AP011940.1,Helicobacter pylori,0
SAMD00060972,AP011941.1,Helicobacter pylori,0
SAMD00060972,AP011942.1,Helicobacter pylori,0
SAMD00060973,AP011943.1,Helicobacter pylori,0
SAMD00060973,AP011944.1,Helicobacter pylori,0
SAMD00061013,AP012491.2,Streptococcus pyogenes,1
SAMD00061007,AP012496.1,Bacillus subtilis,2
SAMD00061056,AP012600.1,Helicobacter pylori,0
SAMD00061057,AP012601.1,Helicobacter pylori,0
SAMD00061057,AP012602.1,Helicobacter pylori,0
SAMD00061009,AP013063.1,Serratia spp,4
SAMD00061009,AP013064.1,Serratia spp,0
SAMD00061009,AP013065.1,Serratia spp,0
SAMD00061026,AP014523.1,Helicobacter pylori,0
SAMD00061025,AP014524.1,Vibrio cholerae,0
SAMD00061025,AP014525.1,Vibrio cholerae,0
SAMD00000355,AP014596.1,Streptococcus pyogenes,3
SAMD00018700,AP014622.1,Pseudomonas aeruginosa,7
SAMD00020223,AP014649.1,Acinetobacter baumannii,4
SAMD00020223,AP014650.1,Acinetobacter baumannii,0
SAMD00056130,AP017610.1,Escherichia coli,5
SAMD00056130,AP017611.1,Escherichia coli,0
SAMD00056130,AP017612.1,Escherichia coli,0
SAMD00056130,AP017613.1,Escherichia coli,0
SAMD00056130,AP017614.1,Escherichia coli,0
SAMD00056130,AP017615.1,Escherichia coli,0
SAMD00056130,AP017616.1,Escherichia coli,0
SAMD00056606,AP017623.1,Enterococcus faecalis,0
SAMD00057778,AP017629.1,Streptococcus pyogenes,0
SAMD00051588,AP017632.1,Helicobacter pylori,0
SAMD00051589,AP017633.1,Helicobacter pylori,0
SAMD00051589,AP017634.1,Helicobacter pylori,0
SAMD00064326,AP017922.1,Staphylococcus aureus,1
SAMD00064326,AP017923.1,Staphylococcus aureus,0
SAMD00092841,AP018385.1,Neisseria spp,1
SAMD00092841,AP018386.1,Neisseria spp,0
SAMD00092841,AP018387.1,Neisseria spp,0
SAMD00096762,AP018391.1,Streptococcus pneumoniae,0
SAMD00118470,AP018677.1,Vibrio cholerae,0
SAMD00119525,AP018764.1,Haemophilus influenzae,5
SAMD00119526,AP018765.1,Haemophilus influenzae,5
SAMD00119527,AP018766.1,Haemophilus influenzae,1
SAMD00119529,AP018768.1,Haemophilus influenzae,1
SAMD00119530,AP018769.1,Haemophilus influenzae,1
SAMD00119532,AP018771.1,Haemophilus influenzae,3
SAMD00119533,AP018772.1,Haemophilus influenzae,0
SAMD00119535,AP018774.1,Haemophilus influenzae,0
SAMD00119536,AP018775.1,Haemophilus influenzae,0
SAMD00119537,AP018776.1,Haemophilus influenzae,0
SAMD00119538,AP018777.1,Haemophilus influenzae,2
SAMD00119539,AP018778.1,Haemophilus influenzae,4
SAMD00119540,AP018779.1,Haemophilus influenzae,0
SAMD00119541,AP018780.1,Haemophilus influenzae,2
SAMD00119542,AP018781.1,Haemophilus influenzae,3
SAMD00137662,AP018935.1,Streptococcus agalactiae,1
SAMD00137664,AP018937.1,Streptococcus pneumoniae,0
SAMD00137665,AP018938.1,Streptococcus pneumoniae,1
SAMD00143521,AP019009.1,Serratia spp,2
SAMD00143521,AP019010.1,Serratia spp,0
SAMD00110695,AP019192.2,Streptococcus pneumoniae,0
SAMD00112300,AP019394.1,Enterococcus faecium,1
SAMD00112300,AP019395.1,Enterococcus faecium,0
SAMD00112300,AP019396.1,Enterococcus faecium,0
SAMD00034931,AP019548.2,Streptococcus pyogenes,1
SAMD00169822,AP019714.1,Bacillus subtilis,2
SAMD00169822,AP019715.1,Bacillus subtilis,0
SAMD00179457,AP019856.1,Escherichia coli,4
SAMD00179457,AP019857.1,Escherichia coli,0
SAMD00179457,AP019859.1,Escherichia coli,0
SAMD00173301,AP020310.1,Streptococcus agalactiae,1
SAMD00180477,AP020322.1,Staphylococcus aureus,3
SAMD00180477,AP020323.1,Staphylococcus aureus,0
SAMD00191436,AP021873.1,Serratia spp,2
SAMD00194355,AP021929.1,Klebsiella pneumoniae,2
SAMD00194355,AP021930.1,Klebsiella pneumoniae,0
SAMD00194355,AP021931.1,Klebsiella pneumoniae,0
SAMD00194355,AP021932.1,Klebsiella pneumoniae,0
SAMD00194470,AP022077.1,Acinetobacter baumannii,2
SAMD00199041,AP022326.1,Escherichia coli,6
SAMD00199041,AP022327.1,Escherichia coli,0
SAMD00199041,AP022328.1,Escherichia coli,0
SAMD00199041,AP022329.1,Escherichia coli,0
SAMD00199041,AP022330.1,Escherichia coli,0
SAMD00199041,AP022331.1,Escherichia coli,0
SAMD00202474,AP022341.1,Enterococcus faecium,0
SAMD00202474,AP022342.1,Enterococcus faecium,0
SAMD00202474,AP022343.1,Enterococcus faecium,0
SAMD00202474,AP022344.1,Enterococcus faecium,0
SAMD00195982,AP022510.1,Enterobacter spp,4
SAMD00195982,AP022511.1,Enterobacter spp,0
SAMD00195982,AP022512.1,Enterobacter spp,0
SAMD00204789,AP022846.1,Haemophilus influenzae,0
SAMD00210359,AP022867.1,Haemophilus influenzae,4
SAMD00217347,AP023067.1,Neisseria spp,1
SAMD00217347,AP023068.1,Neisseria spp,0
SAMD00217348,AP023069.1,Neisseria spp,1
SAMD00217348,AP023070.1,Neisseria spp,0
SAMD00220608,AP023071.1,Neisseria spp,2
SAMD00220608,AP023072.1,Neisseria spp,0
SAMD00220610,AP023075.1,Neisseria spp,1
SAMD00220610,AP023076.1,Neisseria spp,0
SAMD00097500,AP023292.1,Salmonella enterica,4
SAMD00097500,AP023293.1,Salmonella enterica,0
SAMD00234655,AP023309.1,Salmonella enterica,4
SAMD00234655,AP023310.1,Salmonella enterica,0
SAMD00238717,AP023387.1,Streptococcus pyogenes,3
SAMD00257605,AP024155.1,Neisseria spp,1
SAMD00257605,AP024156.1,Neisseria spp,0
SAMD00269943,AP024313.1,Staphylococcus aureus,3
SAMD00269943,AP024314.1,Staphylococcus aureus,0
SAMD00269945,AP024318.1,Staphylococcus aureus,2
SAMD00269945,AP024319.1,Staphylococcus aureus,0
SAMD00233110,AP024414.1,Haemophilus influenzae,2
SAMD00276649,AP024511.1,Staphylococcus aureus,2
SAMD00276649,AP024512.1,Staphylococcus aureus,0
SAMD00283124,AP024518.1,Escherichia coli,5
SAMD00283124,AP024519.1,Escherichia coli,0
SAMD00283124,AP024520.1,Escherichia coli,0
SAMD00290839,AP024553.1,Vibrio cholerae,0
SAMD00290839,AP024554.1,Vibrio cholerae,0
SAMD00290840,AP024555.1,Vibrio cholerae,0
SAMD00163109,AP024621.1,Bacillus subtilis,2
SAMD00163116,AP024628.1,Bacillus subtilis,2
SAMD00291285,AP024730.1,Staphylococcus aureus,3
SAMD00291285,AP024731.1,Staphylococcus aureus,0
SAMD00324535,AP024831.1,Enterococcus faecium,0
SAMD00324535,AP024832.1,Enterococcus faecium,0
SAMD00324535,AP024833.1,Enterococcus faecium,0
SAMD00324535,AP024834.1,Enterococcus faecium,0
SAMD00324535,AP024835.1,Enterococcus faecium,0
SAMD00324535,AP024836.1,Enterococcus faecium,0
SAMD00324536,AP024837.1,Enterococcus faecium,0
SAMD00324536,AP024838.1,Enterococcus faecium,0
SAMD00324536,AP024839.1,Enterococcus faecium,0
SAMD00324536,AP024840.1,Enterococcus faecium,0
SAMD00324536,AP024841.1,Enterococcus faecium,0
SAMD00324536,AP024842.1,Enterococcus faecium,0
SAMD00324536,AP024843.1,Enterococcus faecium,0
SAMD00391659,AP024847.1,Serratia spp,7
SAMD00391659,AP024848.1,Serratia spp,0
SAMD00392800,AP024963.1,Helicobacter pylori,0
SAMD00392802,AP024965.1,Helicobacter pylori,0
SAMD00411243,AP025682.1,Escherichia coli,3
SAMD00490829,AP025764.1,Enterobacter spp,3
SAMD00490829,AP025765.1,Enterobacter spp,0
SAMD00490829,AP025766.1,Enterobacter spp,0
SAMD00490835,AP025777.1,Enterobacter spp,2
SAMD00490835,AP025778.1,Enterobacter spp,0
SAMD00490835,AP025779.1,Enterobacter spp,0
SAMD00490838,AP025784.1,Enterobacter spp,4
SAMD00490838,AP025785.1,Enterobacter spp,0
SAMD00490838,AP025786.1,Enterobacter spp,0
SAMD00490842,AP025792.1,Enterobacter spp,4
SAMD00490842,AP025793.1,Enterobacter spp,0
SAMD00490842,AP025794.1,Enterobacter spp,0
SAMD00490845,AP025799.1,Enterobacter spp,4
SAMD00490845,AP025800.1,Enterobacter spp,0
SAMD00490846,AP025801.1,Enterobacter spp,4
SAMD00490846,AP025802.1,Enterobacter spp,0
SAMD00490846,AP025803.1,Enterobacter spp,0
SAMD00490850,AP025807.1,Enterobacter spp,4
SAMD00490850,AP025808.1,Enterobacter spp,0
SAMD00490850,AP025809.1,Enterobacter spp,0
SAMD00490855,AP025815.1,Enterobacter spp,4
SAMD00490855,AP025816.1,Enterobacter spp,0
SAMD00490855,AP025817.1,Enterobacter spp,0
SAMD00490862,AP025830.1,Enterobacter spp,2
SAMD00490862,AP025831.1,Enterobacter spp,0
SAMD00490862,AP025832.1,Enterobacter spp,0
SAMD00490873,AP025855.1,Enterobacter spp,6
SAMD00490873,AP025856.1,Enterobacter spp,0
SAMD00490873,AP025858.1,Enterobacter spp,0
SAMD00490875,AP025863.1,Enterobacter spp,6
SAMD00490875,AP025864.1,Enterobacter spp,0
SAMD00490875,AP025865.1,Enterobacter spp,0
SAMD00490875,AP025866.1,Enterobacter spp,0
SAMD00490878,AP025871.1,Enterobacter spp,6
SAMD00490878,AP025872.1,Enterobacter spp,0
SAMD00490878,AP025873.1,Enterobacter spp,0
SAMD00490878,AP025874.1,Enterobacter spp,0
SAMD00490879,AP025875.1,Enterobacter spp,6
SAMD00490879,AP025876.1,Enterobacter spp,0
SAMD00490879,AP025877.1,Enterobacter spp,0
SAMD00490879,AP025878.1,Enterobacter spp,0
SAMD00490880,AP025879.1,Enterobacter spp,5
SAMD00490880,AP025880.1,Enterobacter spp,0
SAMD00490880,AP025881.1,Enterobacter spp,0
SAMD00490880,AP025882.1,Enterobacter spp,0
SAMD00490884,AP025895.1,Enterobacter spp,5
SAMD00490884,AP025896.1,Enterobacter spp,0
SAMD00490884,AP025897.1,Enterobacter spp,0
SAMD00490884,AP025898.1,Enterobacter spp,0
SAMD00490886,AP025903.1,Enterobacter spp,6
SAMD00490886,AP025904.1,Enterobacter spp,0
SAMD00490886,AP025905.1,Enterobacter spp,0
SAMD00490886,AP025906.1,Enterobacter spp,0
SAMD00490890,AP025919.1,Enterobacter spp,5
SAMD00490890,AP025920.1,Enterobacter spp,0
SAMD00490890,AP025921.1,Enterobacter spp,0
SAMD00490890,AP025922.1,Enterobacter spp,0
SAMD00453553,AP025936.1,Streptococcus pneumoniae,0
SAMD00453554,AP025937.1,Streptococcus pneumoniae,0
SAMD00453556,AP025938.1,Streptococcus pneumoniae,0
SAMD00453552,AP025940.1,Streptococcus pneumoniae,0
SAMD00495999,AP026106.1,Escherichia coli,8
SAMD00495999,AP026107.1,Escherichia coli,0
SAMD00496009,AP026114.1,Escherichia coli,9
SAMD00496009,AP026115.1,Escherichia coli,0
SAMD00496012,AP026116.1,Escherichia coli,10
SAMD00496012,AP026117.1,Escherichia coli,0
SAMD00466807,AP026601.1,Enterococcus faecium,5
SAMD00466807,AP026602.1,Enterococcus faecium,0
SAMD00466807,AP026603.1,Enterococcus faecium,0
SAMD00466815,AP026655.1,Enterococcus faecium,2
SAMD00466815,AP026656.1,Enterococcus faecium,0
SAMD00466815,AP026657.1,Enterococcus faecium,0
SAMD00466815,AP026658.1,Enterococcus faecium,0
SAMD00466815,AP026659.1,Enterococcus faecium,0
SAMD00466816,AP026660.1,Enterococcus faecium,2
SAMD00466816,AP026661.1,Enterococcus faecium,0
SAMD00466816,AP026662.1,Enterococcus faecium,0
SAMD00466816,AP026664.1,Enterococcus faecium,0
SAMD00466816,AP026665.1,Enterococcus faecium,0
SAMD00466817,AP026666.1,Enterococcus faecium,2
SAMD00466817,AP026667.1,Enterococcus faecium,0
SAMD00466817,AP026668.1,Enterococcus faecium,0
SAMD00466817,AP026669.1,Enterococcus faecium,0
SAMD00466817,AP026670.1,Enterococcus faecium,0
SAMD00520112,AP026721.1,Enterococcus faecalis,5
SAMD00520112,AP026723.1,Enterococcus faecalis,0
SAMD00520112,AP026725.1,Enterococcus faecalis,0
SAMD00533729,AP026772.1,Enterococcus faecium,1
SAMD00533729,AP026773.1,Enterococcus faecium,0
SAMD00533729,AP026774.1,Enterococcus faecium,0
SAMD00533729,AP026775.1,Enterococcus faecium,0
SAMD00533729,AP026776.1,Enterococcus faecium,0
SAMD00533729,AP026777.1,Enterococcus faecium,0
SAMD00533729,AP026778.1,Enterococcus faecium,0
SAMD00533729,AP026779.1,Enterococcus faecium,0
SAMD00396921,AP026827.1,Proteus spp,4
SAMD00396921,AP026828.1,Proteus spp,0
SAMD00396921,AP026829.1,Proteus spp,0
SAMD00536217,AP026913.1,Klebsiella pneumoniae,3
SAMD00547689,AP026915.1,Streptococcus pneumoniae,1
SAMD00547691,AP026917.1,Streptococcus pneumoniae,0
SAMD00547692,AP026918.1,Streptococcus pneumoniae,0
SAMD00547693,AP026919.1,Streptococcus pneumoniae,0
SAMD00547695,AP026921.1,Streptococcus pneumoniae,1
SAMD00547696,AP026922.1,Streptococcus pneumoniae,0
SAMD00547697,AP026923.1,Streptococcus pneumoniae,0
SAMD00547698,AP026924.1,Streptococcus pneumoniae,1
SAMD00547700,AP026926.1,Streptococcus pneumoniae,1
SAMD00547701,AP026927.1,Streptococcus pneumoniae,0
SAMD00547702,AP026928.1,Streptococcus pneumoniae,0
SAMD00547703,AP026929.1,Streptococcus pneumoniae,0
SAMD00547704,AP026930.1,Streptococcus pneumoniae,0
SAMD00547706,AP026932.1,Streptococcus pneumoniae,0
SAMD00515064,AP026940.1,Citrobacter spp,4
SAMD00515064,AP026941.1,Citrobacter spp,0
SAMD00515064,AP026942.1,Citrobacter spp,0
SAMD00515064,AP026943.1,Citrobacter spp,0
SAMD00515064,AP026944.1,Citrobacter spp,0
SAMD00260231,AP027134.1,Staphylococcus aureus,1
SAMD00260312,AP027135.1,Staphylococcus aureus,2
SAMD00521555,AP027136.1,Enterococcus faecalis,2
SAMD00521555,AP027137.1,Enterococcus faecalis,0
SAMD00521555,AP027138.1,Enterococcus faecalis,0
SAMD00562887,AP027185.1,Escherichia coli,12
SAMD00562887,AP027186.1,Escherichia coli,0
SAMD00562887,AP027187.1,Escherichia coli,0
SAMD00565567,AP027221.1,Enterococcus faecium,0
SAMD00565567,AP027222.1,Enterococcus faecium,0
SAMD00565567,AP027223.1,Enterococcus faecium,0
SAMD00565567,AP027224.1,Enterococcus faecium,0
SAMD00565567,AP027225.1,Enterococcus faecium,0
SAMD00565567,AP027226.1,Enterococcus faecium,0
SAMD00565591,AP027227.1,Enterococcus faecium,0
SAMD00565591,AP027228.1,Enterococcus faecium,0
SAMD00565591,AP027229.1,Enterococcus faecium,0
SAMD00565591,AP027230.1,Enterococcus faecium,0
SAMD00565591,AP027231.1,Enterococcus faecium,0
SAMD00565591,AP027232.1,Enterococcus faecium,0
SAMD00565616,AP027233.1,Enterococcus faecium,0
SAMD00565616,AP027234.1,Enterococcus faecium,0
SAMD00565616,AP027235.1,Enterococcus faecium,0
SAMD00565616,AP027236.1,Enterococcus faecium,0
SAMD00565616,AP027237.1,Enterococcus faecium,0
SAMD00565616,AP027238.1,Enterococcus faecium,0
SAMD00577372,AP027294.1,Enterococcus faecium,2
SAMD00577372,AP027295.1,Enterococcus faecium,0
SAMD00577372,AP027296.1,Enterococcus faecium,0
SAMD00585618,AP027418.1,Escherichia coli,0
SAMD00585618,AP027419.1,Escherichia coli,3
SAMD00585620,AP027424.1,Escherichia coli,5
SAMD00585620,AP027425.1,Escherichia coli,0
SAMD00585620,AP027426.1,Escherichia coli,0
SAMD00585620,AP027427.1,Escherichia coli,0
SAMD00562517,AP027479.1,Escherichia coli,4
SAMD00562517,AP027480.1,Escherichia coli,0
SAMD00562517,AP027481.1,Escherichia coli,0
SAMD00562517,AP027482.1,Escherichia coli,0
SAMD00562501,AP027487.1,Escherichia coli,6
SAMD00562501,AP027488.1,Escherichia coli,0
SAMD00562501,AP027489.1,Escherichia coli,0
SAMD00562501,AP027490.1,Escherichia coli,0
SAMD00562501,AP027492.1,Escherichia coli,0
SAMD00562501,AP027493.1,Escherichia coli,0
SAMD00562495,AP027500.1,Escherichia coli,6
SAMD00562495,AP027501.1,Escherichia coli,0
SAMD00562495,AP027502.1,Escherichia coli,0
SAMD00562495,AP027503.1,Escherichia coli,0
SAMD00562495,AP027504.1,Escherichia coli,0
SAMD00562495,AP027505.1,Escherichia coli,0
SAMD00562521,AP027666.1,Escherichia coli,1
SAMD00562521,AP027667.1,Escherichia coli,0
SAMD00562521,AP027668.1,Escherichia coli,0
SAMD00562521,AP027669.1,Escherichia coli,0
SAMD00562521,AP027670.1,Escherichia coli,0
SAMD00562521,AP027671.1,Escherichia coli,0
SAMD00562521,AP027672.1,Escherichia coli,0
SAMD00562615,AP027721.1,Escherichia coli,2
SAMD00562615,AP027722.1,Escherichia coli,0
SAMD00562619,AP027745.1,Escherichia coli,2
SAMD00562619,AP027746.1,Escherichia coli,0
SAMD00562619,AP027747.1,Escherichia coli,0
SAMD00587235,AP027960.1,Escherichia coli,0
SAMD00587235,AP027961.1,Escherichia coli,0
SAMD00587235,AP027962.1,Escherichia coli,0
SAMD00599739,AP028059.1,Bacillus subtilis,4
SAMD00622803,AP028314.1,Citrobacter spp,11
SAMD00622803,AP028315.1,Citrobacter spp,0
SAMD00622803,AP028316.1,Citrobacter spp,0
SAMD00622804,AP028317.1,Citrobacter spp,10
SAMD00622804,AP028318.1,Citrobacter spp,0
SAMD00622804,AP028319.1,Citrobacter spp,0
SAMD00620666,AP028335.1,Campylobacter spp,0
SAMD00620667,AP028336.1,Campylobacter spp,1
SAMD00620672,AP028340.1,Campylobacter spp,0
SAMD00620674,AP028342.1,Campylobacter spp,0
SAMD00620674,AP028343.1,Campylobacter spp,0
SAMD00620676,AP028346.1,Campylobacter spp,0
SAMD00620693,AP028361.1,Campylobacter spp,0
SAMD00620695,AP028363.1,Campylobacter spp,0
SAMD00620695,AP028364.1,Campylobacter spp,0
SAMD00620697,AP028365.1,Campylobacter spp,1
SAMD00620697,AP028366.1,Campylobacter spp,0
SAMD00620700,AP028369.1,Campylobacter spp,2
SAMD00620702,AP028370.1,Campylobacter spp,0
SAMD00620707,AP028371.1,Campylobacter spp,0
SAMD00620707,AP028372.1,Campylobacter spp,0
SAMD00620707,AP028373.1,Campylobacter spp,0
SAMD00620708,AP028374.1,Campylobacter spp,0
SAMD00620708,AP028375.1,Campylobacter spp,0
SAMD00620712,AP028376.1,Campylobacter spp,0
SAMD00620712,AP028377.1,Campylobacter spp,0
SAMD00620716,AP028380.1,Campylobacter spp,0
SAMD00620717,AP028381.1,Campylobacter spp,1
SAMD00620728,AP028387.1,Campylobacter spp,1
SAMD00620731,AP028390.1,Campylobacter spp,1
SAMD00620731,AP028391.1,Campylobacter spp,0
SAMD00620738,AP028396.1,Campylobacter spp,0
SAMD00620738,AP028397.1,Campylobacter spp,0
SAMD00620739,AP028398.1,Campylobacter spp,0
SAMD00620741,AP028401.1,Campylobacter spp,0
SAMD00620742,AP028402.1,Campylobacter spp,1
SAMD00620742,AP028403.1,Campylobacter spp,0
SAMD00620758,AP028408.1,Campylobacter spp,0
SAMD00620763,AP028412.1,Campylobacter spp,0
SAMD00623430,AP028415.1,Enterococcus faecium,0
SAMD00623430,AP028416.1,Enterococcus faecium,0
SAMD00623430,AP028417.1,Enterococcus faecium,0
SAMD00623430,AP028418.1,Enterococcus faecium,0
SAMD00623430,AP028419.1,Enterococcus faecium,0
SAMD00602882,AP028601.1,Streptococcus pneumoniae,1
SAMD00602883,AP028602.1,Streptococcus pneumoniae,0
SAMD00602884,AP028603.1,Streptococcus pneumoniae,1
SAMD00602885,AP028604.1,Streptococcus pneumoniae,1
SAMD00602886,AP028605.1,Streptococcus pneumoniae,0
SAMD00602887,AP028606.1,Streptococcus pneumoniae,0
SAMD00602888,AP028607.1,Streptococcus pneumoniae,1
SAMD00602889,AP028608.1,Streptococcus pneumoniae,0
SAMD00602890,AP028609.1,Streptococcus pneumoniae,0
SAMD00602891,AP028610.1,Streptococcus pneumoniae,0
SAMD00602892,AP028611.1,Streptococcus pneumoniae,0
SAMD00602892,AP028612.1,Streptococcus pneumoniae,0
SAMD00638583,AP028877.1,Streptococcus pneumoniae,0
SAMD00548390,AP028993.1,Staphylococcus aureus,2
SAMD00748008,AP031218.1,Enterococcus faecalis,2
SAMD00748008,AP031219.1,Enterococcus faecalis,0
SAMD00748008,AP031220.1,Enterococcus faecalis,0
SAMD00622273,AP031394.1,Streptococcus pneumoniae,1
SAMD00622274,AP031395.1,Streptococcus pneumoniae,1
SAMD00778461,AP031580.1,Acinetobacter baumannii,2
SAMD00778472,AP031582.1,Acinetobacter baumannii,0
SAMD00824839,AP038761.1,Enterobacter spp,4
SAMD00824839,AP038762.1,Enterobacter spp,0
SAMD00824839,AP038763.1,Enterobacter spp,0
SAMD00901440,AP040337.1,Pseudomonas aeruginosa,6
SAMD00901443,AP040340.1,Pseudomonas aeruginosa,3
SAMD00901447,AP040344.1,Pseudomonas aeruginosa,3
SAMD00901453,AP040350.1,Pseudomonas aeruginosa,2
SAMD00901455,AP040352.1,Pseudomonas aeruginosa,3
SAMD00901458,AP040355.1,Pseudomonas aeruginosa,5
SAMD00061102,BA000034.2,Streptococcus pyogenes,3
SAMEA1705935,BX571856.1,Staphylococcus aureus,2
SAMN50489731,CM125672.1,Escherichia coli,7
SAMN48463381,CM128546.1,Escherichia coli,3
SAMN51205869,CM128589.1,Escherichia coli,5
SAMN51205862,CM128596.1,Escherichia coli,4
SAMN50019103,CM128674.1,Escherichia coli,6
SAMN50019102,CM128675.1,Escherichia coli,0
SAMN51795712,CM129876.1,Escherichia coli,3
SAMN51335559,CM132277.1,Escherichia coli,2
SAMN53403215,CM132537.1,Bacillus subtilis,1
SAMN02604007,CP000025.1,Campylobacter spp,1
SAMN02603157,CP000057.2,Haemophilus influenzae,2
SAMN02604011,CP000114.1,Streptococcus agalactiae,1
SAMN02604311,CP000241.1,Helicobacter pylori,0
SAMN02604311,CP000242.1,Helicobacter pylori,0
SAMN02603605,CP000381.1,Neisseria spp,0
SAMN02604051,CP000410.2,Streptococcus pneumoniae,0
SAMN02603591,CP000438.1,Pseudomonas aeruginosa,1
SAMN02604044,CP000538.1,Campylobacter spp,0
SAMN02604044,CP000549.1,Campylobacter spp,0
SAMN02604044,CP000550.1,Campylobacter spp,0
SAMN02603008,CP000814.1,Campylobacter spp,0
SAMN02603444,CP000919.1,Streptococcus pneumoniae,0
SAMN02603445,CP000920.1,Streptococcus pneumoniae,1
SAMN02603443,CP000921.1,Streptococcus pneumoniae,0
SAMN02603475,CP001050.1,Neisseria spp,1
SAMN02603475,CP001051.1,Neisseria spp,0
SAMN02604319,CP001072.2,Helicobacter pylori,0
SAMN02603889,CP001172.2,Acinetobacter baumannii,1
SAMN02604237,CP001173.1,Helicobacter pylori,0
SAMN02603051,CP001182.2,Acinetobacter baumannii,2
SAMN02603051,CP001183.2,Acinetobacter baumannii,0
SAMN02603569,CP001485.1,Vibrio cholerae,1
SAMN02603357,CP001680.1,Helicobacter pylori,0
SAMN02603174,CP001900.1,Campylobacter spp,0
SAMN02603494,CP001921.1,Acinetobacter baumannii,3
SAMN02603494,CP001922.1,Acinetobacter baumannii,0
SAMN02603494,CP001923.1,Acinetobacter baumannii,0
SAMN02603777,CP002005.1,Moraxella catarrhalis,0
SAMN02603204,CP002076.1,Helicobacter pylori,0
SAMN02299423,CP002096.1,Helicobacter pylori,0
SAMN02603619,CP002120.1,Staphylococcus aureus,2
SAMN02604004,CP002176.1,Streptococcus pneumoniae,1
SAMN02604260,CP002276.1,Haemophilus influenzae,0
SAMN02604259,CP002277.1,Haemophilus influenzae,2
SAMN02603023,CP002334.1,Helicobacter pylori,0
SAMN02603023,CP002335.1,Helicobacter pylori,0
SAMN02603025,CP002336.1,Helicobacter pylori,0
SAMN02603025,CP002337.1,Helicobacter pylori,0
SAMN02604199,CP002423.1,Neisseria spp,1
SAMN02604197,CP002424.1,Neisseria spp,0
SAMN02603509,CP002491.1,Enterococcus faecalis,1
SAMN02603509,CP002492.1,Enterococcus faecalis,0
SAMN02603509,CP002493.1,Enterococcus faecalis,0
SAMN02603509,CP002494.1,Enterococcus faecalis,0
SAMN02603509,CP002495.1,Enterococcus faecalis,0
SAMN02603849,CP002496.1,Pseudomonas aeruginosa,0
SAMN02603712,CP002571.1,Helicobacter pylori,0
SAMN02603713,CP002572.1,Helicobacter pylori,0
SAMN00189522,CP002605.1,Helicobacter pylori,0
SAMN02603002,CP002621.1,Enterococcus faecalis,0
SAMN02603351,CP002906.1,Bacillus subtilis,1
SAMN02603944,CP003116.1,Streptococcus pyogenes,0
SAMN02603945,CP003121.1,Streptococcus pyogenes,1
SAMN02603101,CP003278.1,Salmonella enterica,4
SAMN02603101,CP003279.1,Salmonella enterica,0
SAMN02603273,CP003329.1,Bacillus subtilis,2
SAMN02604218,CP003351.2,Enterococcus faecium,2
SAMN02604218,CP003352.2,Enterococcus faecium,0
SAMN02604218,CP003353.1,Enterococcus faecium,0
SAMN02604218,CP003354.2,Enterococcus faecium,0
SAMN02604071,CP003357.2,Streptococcus pneumoniae,1
SAMN02603193,CP003472.1,Helicobacter pylori,0
SAMN02603195,CP003473.1,Helicobacter pylori,0
SAMN02603194,CP003474.1,Helicobacter pylori,0
SAMN02603196,CP003475.1,Helicobacter pylori,0
SAMN02604324,CP003476.1,Helicobacter pylori,0
SAMN02604324,CP003477.1,Helicobacter pylori,0
SAMN02604324,CP003478.1,Helicobacter pylori,0
SAMN02604323,CP003483.1,Helicobacter pylori,0
SAMN02604323,CP003484.1,Helicobacter pylori,0
SAMN02604323,CP003485.1,Helicobacter pylori,0
SAMN02603765,CP003726.1,Enterococcus faecalis,3
SAMN02603765,CP003727.1,Enterococcus faecalis,0
SAMN02603765,CP003728.1,Enterococcus faecalis,0
SAMN02603641,CP003785.1,Klebsiella pneumoniae,1
SAMN02603155,CP003810.1,Streptococcus agalactiae,1
SAMN02603761,CP003904.1,Helicobacter pylori,0
SAMN02603762,CP003905.1,Helicobacter pylori,0
SAMN02603763,CP003906.1,Helicobacter pylori,0
SAMN02596923,CP003909.1,Neisseria spp,1
SAMN02596923,CP003910.1,Neisseria spp,0
SAMN02603576,CP003967.2,Acinetobacter baumannii,0
SAMN02603576,CP003968.1,Acinetobacter baumannii,0
SAMN02602961,CP004019.1,Bacillus subtilis,2
SAMN02603303,CP004022.1,Proteus spp,3
SAMN02603192,CP004055.1,Pseudomonas aeruginosa,4
SAMN02603669,CP004061.1,Pseudomonas aeruginosa,1
SAMN02604149,CP004063.1,Enterococcus faecium,2
SAMN02604149,CP004064.1,Enterococcus faecium,0
SAMN02603234,CP004066.1,Campylobacter spp,0
SAMN02603234,CP004067.1,Campylobacter spp,0
SAMN02603234,CP004068.1,Campylobacter spp,0
SAMN03081447,CP004081.1,Enterococcus faecalis,2
SAMN02603113,CP004345.1,Morganella morganii,5
SAMN02603719,CP004405.1,Bacillus subtilis,1
SAMN02470701,CP005388.1,Campylobacter spp,0
SAMN02230257,CP005490.3,Helicobacter pylori,0
SAMN02230259,CP005491.3,Helicobacter pylori,0
SAMN02604194,CP005492.3,Helicobacter pylori,0
SAMN02230271,CP005493.3,Helicobacter pylori,0
SAMN02603575,CP005967.1,Haemophilus influenzae,1
SAMN02603909,CP006044.1,Staphylococcus aureus,3
SAMN02603909,CP006045.1,Staphylococcus aureus,0
SAMN01832087,CP006048.1,Salmonella enterica,4
SAMN01832087,CP006050.1,Salmonella enterica,0
SAMN01832087,CP006051.1,Salmonella enterica,0
SAMN01832087,CP006052.1,Salmonella enterica,0
SAMN02603771,CP006245.1,Pseudomonas aeruginosa,0
SAMN02603255,CP006250.1,Serratia spp,1
SAMN02603255,CP006251.1,Serratia spp,0
SAMN02604177,CP006252.1,Serratia spp,2
SAMN02604177,CP006253.1,Serratia spp,0
SAMN02641384,CP006262.1,Escherichia coli,11
SAMN02641384,CP006263.1,Escherichia coli,0
SAMN02641384,CP006264.1,Escherichia coli,0
SAMN02297856,CP006631.1,Salmonella enterica,7
SAMN02603668,CP006648.1,Klebsiella pneumoniae,1
SAMN02316405,CP006685.1,Campylobacter spp,0
SAMN02316408,CP006686.1,Campylobacter spp,0
SAMN02316409,CP006689.1,Campylobacter spp,0
SAMN02603726,CP006709.2,Campylobacter spp,1
SAMN02603726,CP006710.1,Campylobacter spp,0
SAMN02603723,CP006729.2,Campylobacter spp,1
SAMN02603887,CP006784.1,Escherichia coli,7
SAMN02603887,CP006785.1,Escherichia coli,0
SAMN02603887,CP006786.1,Escherichia coli,0
SAMN02603887,CP006787.1,Escherichia coli,0
SAMN02603887,CP006788.1,Escherichia coli,0
SAMN02603887,CP006789.1,Escherichia coli,0
SAMN03081488,CP006820.1,Helicobacter pylori,0
SAMN03081491,CP006823.1,Helicobacter pylori,0
SAMN03081494,CP006826.1,Helicobacter pylori,0
SAMN03081495,CP006827.1,Helicobacter pylori,0
SAMN02376799,CP006851.1,Campylobacter spp,1
SAMN02641385,CP006876.1,Salmonella enterica,2
SAMN02376623,CP006888.1,Helicobacter pylori,0
SAMN03178022,CP006910.1,Streptococcus agalactiae,1
SAMN03081524,CP007041.1,Streptococcus pyogenes,3
SAMN03081531,CP007176.1,Staphylococcus aureus,3
SAMN03081531,CP007177.1,Staphylococcus aureus,0
SAMN03081531,CP007178.1,Staphylococcus aureus,0
SAMN02743854,CP007179.1,Campylobacter spp,0
SAMN02743856,CP007183.1,Campylobacter spp,0
SAMN02630631,CP007189.1,Campylobacter spp,0
SAMN02630634,CP007192.1,Campylobacter spp,0
SAMN02630635,CP007193.1,Campylobacter spp,0
SAMN02712198,CP007235.2,Salmonella enterica,5
SAMN02644974,CP007240.1,Streptococcus pyogenes,0
SAMN02649402,CP007241.1,Streptococcus pyogenes,1
SAMN02384162,CP007261.1,Salmonella enterica,2
SAMN02384316,CP007271.2,Salmonella enterica,2
SAMN02666437,CP007275.1,Escherichia coli,8
SAMN02384193,CP007285.2,Salmonella enterica,2
SAMN02690781,CP007454.1,Staphylococcus aureus,2
SAMN02690781,CP007455.1,Staphylococcus aureus,0
SAMN02595602,CP007470.1,Haemophilus influenzae,2
SAMN02595604,CP007471.1,Haemophilus influenzae,1
SAMN04385793,CP007491.1,Escherichia coli,2
SAMN02709031,CP007524.1,Neisseria spp,2
SAMN02715744,CP007560.1,Streptococcus pyogenes,4
SAMN02715758,CP007561.1,Streptococcus pyogenes,0
SAMN02720890,CP007570.1,Streptococcus agalactiae,1
SAMN05771130,CP007571.1,Streptococcus agalactiae,1
SAMN05771129,CP007572.1,Streptococcus agalactiae,1
SAMN02736809,CP007604.1,Helicobacter pylori,0
SAMN02736818,CP007605.1,Helicobacter pylori,0
SAMN02736816,CP007606.1,Helicobacter pylori,0
SAMN02741687,CP007631.2,Streptococcus agalactiae,2
SAMN02741688,CP007632.1,Streptococcus agalactiae,1
SAMN02741837,CP007634.1,Vibrio cholerae,0
SAMN02741837,CP007636.1,Vibrio cholerae,0
SAMN02595591,CP007668.1,Neisseria spp,0
SAMN02595593,CP007669.1,Moraxella catarrhalis,0
SAMN02800743,CP008695.1,Streptococcus pyogenes,2
SAMN02841094,CP008698.1,Bacillus subtilis,2
SAMN03450976,CP008740.1,Haemophilus influenzae,4
SAMN02866032,CP008776.1,Streptococcus pyogenes,1
SAMN02870719,CP008804.1,Moraxella catarrhalis,0
SAMN02850626,CP008813.1,Streptococcus agalactiae,2
SAMN02894346,CP008869.2,Pseudomonas aeruginosa,4
SAMN02885365,CP008929.1,Klebsiella pneumoniae,1
SAMN02885365,CP008930.1,Klebsiella pneumoniae,0
SAMN02885365,CP008931.1,Klebsiella pneumoniae,0
SAMN02885365,CP008932.1,Klebsiella pneumoniae,0
SAMN02885365,CP008933.1,Klebsiella pneumoniae,0
SAMN02940901,CP009256.1,Acinetobacter baumannii,3
SAMN03020302,CP009418.1,Neisseria spp,1
SAMN03020254,CP009419.1,Neisseria spp,1
SAMN01765628,CP009563.1,Salmonella enterica,0
SAMN03093440,CP009610.1,Haemophilus influenzae,2
SAMN03145713,CP009796.1,Bacillus subtilis,2
SAMN03216762,CP010072.1,Campylobacter spp,2
SAMN03216762,CP010073.1,Campylobacter spp,0
SAMN03216762,CP010074.1,Campylobacter spp,0
SAMN03252419,CP010134.1,Escherichia coli,3
SAMN03252419,CP010135.1,Escherichia coli,1
SAMN03252419,CP010136.1,Escherichia coli,0
SAMN03252420,CP010137.1,Escherichia coli,1
SAMN03252420,CP010138.1,Escherichia coli,0
SAMN03252420,CP010139.1,Escherichia coli,0
SAMN03252434,CP010171.1,Escherichia coli,3
SAMN03252442,CP010191.1,Escherichia coli,5
SAMN03252442,CP010192.1,Escherichia coli,0
SAMN03252442,CP010193.1,Escherichia coli,0
SAMN03252442,CP010194.1,Escherichia coli,0
SAMN03252442,CP010195.1,Escherichia coli,0
SAMN03252448,CP010221.1,Escherichia coli,3
SAMN03252448,CP010222.1,Escherichia coli,0
SAMN03252448,CP010223.1,Escherichia coli,0
SAMN03252448,CP010224.1,Escherichia coli,0
SAMN03252448,CP010225.1,Escherichia coli,0
SAMN03252450,CP010228.1,Escherichia coli,1
SAMN03252454,CP010235.1,Escherichia coli,4
SAMN03252455,CP010236.1,Escherichia coli,5
SAMN01765628,CP010282.1,Salmonella enterica,5
SAMN03251896,CP010300.1,Staphylococcus aureus,2
SAMN03216759,CP010301.1,Campylobacter spp,2
SAMN03216759,CP010302.1,Campylobacter spp,0
SAMN03216759,CP010303.1,Campylobacter spp,0
SAMN03265456,CP010314.1,Bacillus subtilis,2
SAMN03108598,CP010319.1,Streptococcus agalactiae,0
SAMN03067414,CP010374.1,Enterobacter spp,0
SAMN03067414,CP010375.2,Enterobacter spp,0
SAMN03067414,CP010376.2,Enterobacter spp,3
SAMN03067416,CP010377.1,Enterobacter spp,1
SAMN03067416,CP010378.1,Enterobacter spp,0
SAMN03067416,CP010379.1,Enterobacter spp,0
SAMN03268365,CP010436.1,Helicobacter pylori,0
SAMN03274510,CP010450.1,Streptococcus pyogenes,1
SAMN03246048,CP010458.1,Campylobacter spp,1
SAMN03246021,CP010460.1,Campylobacter spp,1
SAMN03246056,CP010466.1,Campylobacter spp,1
SAMN03246025,CP010468.1,Campylobacter spp,0
SAMN03246040,CP010469.1,Campylobacter spp,0
SAMN03246011,CP010470.1,Campylobacter spp,1
SAMN03246049,CP010473.1,Campylobacter spp,1
SAMN03246041,CP010477.1,Campylobacter spp,1
SAMN03246039,CP010480.1,Campylobacter spp,0
SAMN03246009,CP010481.1,Campylobacter spp,1
SAMN03246018,CP010482.1,Campylobacter spp,1
SAMN03246006,CP010487.1,Campylobacter spp,1
SAMN03246046,CP010492.1,Campylobacter spp,1
SAMN03246024,CP010493.1,Campylobacter spp,0
SAMN03246022,CP010494.1,Campylobacter spp,1
SAMN03246012,CP010496.1,Campylobacter spp,1
SAMN03246013,CP010497.1,Campylobacter spp,1
SAMN03246016,CP010503.1,Campylobacter spp,1
SAMN03246020,CP010505.1,Campylobacter spp,1
SAMN03246038,CP010508.1,Campylobacter spp,1
SAMN03246023,CP010511.1,Campylobacter spp,1
SAMN03248305,CP010811.1,Vibrio cholerae,1
SAMN03248306,CP010812.1,Vibrio cholerae,1
SAMN03329971,CP010867.1,Streptococcus agalactiae,1
SAMN03331945,CP010874.1,Streptococcus agalactiae,0
SAMN03331944,CP010875.1,Streptococcus agalactiae,0
SAMN03344735,CP010906.1,Campylobacter spp,0
SAMN03381357,CP011015.1,Campylobacter spp,0
SAMN03381357,CP011016.1,Campylobacter spp,0
SAMN03381357,CP011017.1,Campylobacter spp,0
SAMN02580208,CP011061.1,Escherichia coli,3
SAMN02580208,CP011062.1,Escherichia coli,0
SAMN02580208,CP011063.1,Escherichia coli,0
SAMN02580208,CP011064.1,Escherichia coli,0
SAMN02580208,CP011065.1,Escherichia coli,0
SAMN02580208,CP011066.1,Escherichia coli,0
SAMN02580208,CP011067.1,Escherichia coli,0
SAMN03418290,CP011069.1,Streptococcus pyogenes,1
SAMN03371464,CP011289.1,Salmonella enterica,0
SAMN03371464,CP011290.1,Salmonella enterica,0
SAMN03371464,CP011291.1,Salmonella enterica,0
SAMN03371465,CP011292.1,Salmonella enterica,0
SAMN03371465,CP011293.1,Salmonella enterica,0
SAMN03371465,CP011294.1,Salmonella enterica,0
SAMN03481691,CP011303.1,Serratia spp,2
SAMN03389320,CP011317.1,Pseudomonas aeruginosa,8
SAMN02992126,CP011325.1,Streptococcus agalactiae,1
SAMN02991570,CP011329.1,Streptococcus agalactiae,1
SAMN03487572,CP011330.1,Helicobacter pylori,0
SAMN02404590,CP011343.2,Escherichia coli,0
SAMN03610013,CP011414.1,Streptococcus pyogenes,1
SAMN03610015,CP011415.1,Streptococcus pyogenes,1
SAMN02731779,CP011482.1,Helicobacter pylori,0
SAMN02731778,CP011483.1,Helicobacter pylori,0
SAMN02731784,CP011486.1,Helicobacter pylori,0
SAMN03699895,CP011528.1,Staphylococcus aureus,2
SAMN03699895,CP011529.1,Staphylococcus aureus,0
SAMN03701301,CP011534.1,Bacillus subtilis,1
SAMN03733748,CP011569.1,Enterobacter spp,0
SAMN03733748,CP011570.1,Enterobacter spp,0
SAMN03733748,CP011571.1,Enterobacter spp,0
SAMN03733748,CP011572.1,Enterobacter spp,4
SAMN03733769,CP011579.1,Enterobacter spp,0
SAMN03733769,CP011580.1,Enterobacter spp,0
SAMN03733769,CP011581.1,Enterobacter spp,4
SAMN03733741,CP011603.1,Citrobacter spp,0
SAMN03733741,CP011604.1,Citrobacter spp,0
SAMN03733741,CP011605.1,Citrobacter spp,0
SAMN03733741,CP011606.1,Citrobacter spp,0
SAMN03733741,CP011607.1,Citrobacter spp,0
SAMN03733741,CP011608.1,Citrobacter spp,0
SAMN03733741,CP011609.1,Citrobacter spp,0
SAMN03733741,CP011610.1,Citrobacter spp,0
SAMN03733741,CP011611.1,Citrobacter spp,0
SAMN03733741,CP011612.1,Citrobacter spp,3
SAMN03733805,CP011637.1,Serratia spp,0
SAMN03733805,CP011638.1,Serratia spp,0
SAMN03733805,CP011639.1,Serratia spp,0
SAMN03733805,CP011640.1,Serratia spp,0
SAMN03733805,CP011641.1,Serratia spp,0
SAMN03733805,CP011642.1,Serratia spp,4
SAMN03733754,CP011651.1,Citrobacter spp,0
SAMN03733754,CP011652.1,Citrobacter spp,0
SAMN03733754,CP011653.1,Citrobacter spp,0
SAMN03733754,CP011654.1,Citrobacter spp,0
SAMN03733754,CP011655.1,Citrobacter spp,0
SAMN03733754,CP011656.1,Citrobacter spp,0
SAMN03733754,CP011657.1,Citrobacter spp,4
SAMN03733727,CP011658.1,Enterobacter spp,0
SAMN03733727,CP011659.1,Enterobacter spp,0
SAMN03733727,CP011660.1,Enterobacter spp,0
SAMN03733727,CP011662.1,Enterobacter spp,4
SAMN03339922,CP011828.1,Enterococcus faecium,0
SAMN03339922,CP011829.1,Enterococcus faecium,0
SAMN03339922,CP011830.1,Enterococcus faecium,0
SAMN03339922,CP011831.1,Enterococcus faecium,0
SAMN03328998,CP011942.1,Salmonella enterica,2
SAMN03328998,CP011943.1,Salmonella enterica,0
SAMN03328998,CP011944.1,Salmonella enterica,0
SAMN03328998,CP011945.1,Salmonella enterica,0
SAMN03817043,CP012004.1,Acinetobacter baumannii,3
SAMN03817043,CP012005.1,Acinetobacter baumannii,0
SAMN03459415,CP012026.1,Neisseria spp,1
SAMN03459417,CP012028.1,Neisseria spp,1
SAMN03841798,CP012097.1,Serratia spp,2
SAMN03787340,CP012120.2,Staphylococcus aureus,2
SAMN03787340,CP012121.2,Staphylococcus aureus,0
SAMN03838469,CP012149.1,Campylobacter spp,0
SAMN03067414,CP012170.1,Enterobacter spp,0
SAMN05831973,CP012205.1,Campylobacter spp,0
SAMN05831983,CP012214.1,Campylobacter spp,0
SAMN05831981,CP012215.1,Campylobacter spp,1
SAMN05831990,CP012220.1,Campylobacter spp,0
SAMN05831991,CP012221.1,Campylobacter spp,1
SAMN05831965,CP012222.1,Campylobacter spp,0
SAMN05831967,CP012227.1,Campylobacter spp,0
SAMN05831980,CP012230.1,Campylobacter spp,0
SAMN05831986,CP012237.1,Campylobacter spp,0
SAMN05831982,CP012241.1,Campylobacter spp,0
SAMN05831993,CP012242.1,Campylobacter spp,0
SAMN05831975,CP012243.1,Campylobacter spp,1
SAMN05831979,CP012250.1,Campylobacter spp,1
SAMN03944749,CP012391.1,Neisseria spp,0
SAMN03944748,CP012392.1,Neisseria spp,1
SAMN03944751,CP012394.1,Neisseria spp,2
SAMN04002524,CP012419.2,Streptococcus agalactiae,0
SAMN03988632,CP012430.1,Enterococcus faecium,1
SAMN03988632,CP012431.1,Enterococcus faecium,0
SAMN03988632,CP012432.1,Enterococcus faecium,0
SAMN03988632,CP012433.1,Enterococcus faecium,0
SAMN03988632,CP012434.1,Enterococcus faecium,0
SAMN03988632,CP012435.1,Enterococcus faecium,0
SAMN03988624,CP012460.1,Enterococcus faecium,1
SAMN03988624,CP012461.1,Enterococcus faecium,0
SAMN03988624,CP012462.1,Enterococcus faecium,0
SAMN03988624,CP012463.1,Enterococcus faecium,0
SAMN03988624,CP012464.1,Enterococcus faecium,0
SAMN02808332,CP012497.1,Escherichia coli,0
SAMN02808332,CP012498.1,Escherichia coli,0
SAMN04007152,CP012503.1,Streptococcus agalactiae,2
SAMN04009964,CP012522.1,Enterococcus faecium,2
SAMN04910061,CP012579.1,Pseudomonas aeruginosa,5
SAMN04914386,CP012582.1,Pseudomonas aeruginosa,5
SAMN04018777,CP012587.1,Acinetobacter baumannii,0
SAMN04029108,CP012639.1,Serratia spp,2
SAMN03968924,CP012674.1,Proteus spp,0
SAMN03968923,CP012675.1,Proteus spp,0
SAMN03652743,CP012690.1,Campylobacter spp,1
SAMN04023208,CP012694.1,Neisseria spp,1
SAMN03203488,CP012869.1,Escherichia coli,0
SAMN04029125,CP012952.1,Acinetobacter baumannii,3
SAMN04029125,CP012953.1,Acinetobacter baumannii,0
SAMN04029125,CP012954.1,Acinetobacter baumannii,0
SAMN04029125,CP012955.1,Acinetobacter baumannii,0
SAMN04029125,CP012956.1,Acinetobacter baumannii,0
SAMN05831984,CP012957.1,Campylobacter spp,0
SAMN03104885,CP012997.1,Vibrio cholerae,1
SAMN03104885,CP012998.1,Vibrio cholerae,1
SAMN04201208,CP013009.1,Enterococcus faecium,2
SAMN04201208,CP013010.1,Enterococcus faecium,0
SAMN04168691,CP013013.1,Vibrio cholerae,1
SAMN04168691,CP013014.1,Vibrio cholerae,1
SAMN04111187,CP013202.1,Streptococcus agalactiae,1
SAMN04256432,CP013301.1,Vibrio cholerae,1
SAMN04256432,CP013302.1,Vibrio cholerae,0
SAMN04256434,CP013303.1,Vibrio cholerae,1
SAMN04256434,CP013304.1,Vibrio cholerae,0
SAMN04256433,CP013305.1,Vibrio cholerae,1
SAMN04256433,CP013306.1,Vibrio cholerae,0
SAMN04256436,CP013307.1,Vibrio cholerae,1
SAMN04256436,CP013308.1,Vibrio cholerae,0
SAMN04256439,CP013309.1,Vibrio cholerae,1
SAMN04256439,CP013310.1,Vibrio cholerae,0
SAMN04256440,CP013311.1,Vibrio cholerae,0
SAMN04256440,CP013312.1,Vibrio cholerae,1
SAMN04256431,CP013313.1,Vibrio cholerae,1
SAMN04256431,CP013314.1,Vibrio cholerae,0
SAMN04256435,CP013315.1,Vibrio cholerae,0
SAMN04256435,CP013316.1,Vibrio cholerae,0
SAMN04256437,CP013317.1,Vibrio cholerae,1
SAMN04256437,CP013318.1,Vibrio cholerae,1
SAMN04256438,CP013319.1,Vibrio cholerae,1
SAMN04256438,CP013320.1,Vibrio cholerae,0
SAMN03775331,CP013839.1,Streptococcus pyogenes,0
SAMN03161558,CP013840.1,Streptococcus pyogenes,0
SAMN04376007,CP013908.1,Streptococcus agalactiae,1
SAMN04219574,CP013953.1,Staphylococcus aureus,2
SAMN04219574,CP013954.1,Staphylococcus aureus,0
SAMN03955396,CP013955.1,Staphylococcus aureus,2
SAMN03955396,CP013956.1,Staphylococcus aureus,0
SAMN04418075,CP013994.1,Enterococcus faecium,3
SAMN04418075,CP013995.1,Enterococcus faecium,0
SAMN04418075,CP013996.1,Enterococcus faecium,0
SAMN03996271,CP014017.2,Serratia spp,1
SAMN03996316,CP014026.2,Morganella morganii,5
SAMN03996295,CP014027.2,Streptococcus pyogenes,1
SAMN04420251,CP014166.1,Bacillus subtilis,2
SAMN04455262,CP014344.1,Campylobacter spp,0
SAMN04455262,CP014345.1,Campylobacter spp,0
SAMN04497615,CP014435.1,Staphylococcus aureus,3
SAMN04497615,CP014436.1,Staphylococcus aureus,0
SAMN04497615,CP014437.1,Staphylococcus aureus,0
SAMN04497618,CP014444.1,Staphylococcus aureus,3
SAMN04497618,CP014445.1,Staphylococcus aureus,0
SAMN04497618,CP014446.1,Staphylococcus aureus,0
SAMN04497618,CP014447.1,Staphylococcus aureus,0
SAMN04497618,CP014448.1,Staphylococcus aureus,0
SAMN04437026,CP014471.1,Bacillus subtilis,4
SAMN04437026,CP014472.1,Bacillus subtilis,0
SAMN04437026,CP014473.1,Bacillus subtilis,0
SAMN04045274,CP014529.1,Enterococcus faecium,2
SAMN04045274,CP014530.1,Enterococcus faecium,0
SAMN04045274,CP014531.1,Enterococcus faecium,0
SAMN04045274,CP014532.1,Enterococcus faecium,0
SAMN04045274,CP014533.1,Enterococcus faecium,0
SAMN04045274,CP014534.1,Enterococcus faecium,0
SAMN04045274,CP014535.1,Enterococcus faecium,0
SAMN04500791,CP014542.1,Streptococcus pyogenes,4
SAMN02716860,CP014661.1,Salmonella enterica,3
SAMN02716860,CP014662.1,Salmonella enterica,0
SAMN02716849,CP014663.2,Salmonella enterica,5
SAMN04545451,CP014742.1,Campylobacter spp,1
SAMN04545451,CP014743.1,Campylobacter spp,0
SAMN04585513,CP014949.1,Enterococcus faecalis,0
SAMN02716863,CP014982.2,Salmonella enterica,7
SAMN04455104,CP015001.1,Pseudomonas aeruginosa,4
SAMN04455162,CP015003.1,Pseudomonas aeruginosa,9
SAMN04585399,CP015004.1,Bacillus subtilis,2
SAMN04202540,CP015020.1,Escherichia coli,11
SAMN04202540,CP015021.1,Escherichia coli,0
SAMN04590096,CP015069.1,Escherichia coli,1
SAMN04590096,CP015070.1,Escherichia coli,0
SAMN04590096,CP015071.1,Escherichia coli,0
SAMN04590096,CP015072.1,Escherichia coli,0
SAMN04590096,CP015073.1,Escherichia coli,0
SAMN03764478,CP015222.1,Bacillus subtilis,4
SAMN03764478,CP015223.1,Bacillus subtilis,0
SAMN02808332,CP015229.1,Escherichia coli,8
SAMN04849770,CP015347.1,Proteus spp,6
SAMN04621616,CP015410.2,Enterococcus faecalis,0
SAMN02470939,CP015877.1,Pseudomonas aeruginosa,0
SAMN04859054,CP015883.1,Enterococcus faecalis,0
SAMN04859054,CP015884.1,Enterococcus faecalis,0
SAMN04859054,CP015885.1,Enterococcus faecalis,0
SAMN04321475,CP015886.1,Neisseria spp,0
SAMN05150066,CP015975.1,Bacillus subtilis,0
SAMN04233132,CP016015.1,Neisseria spp,1
SAMN05210135,CP016016.1,Neisseria spp,1
SAMN03988630,CP016163.1,Enterococcus faecium,1
SAMN03988630,CP016164.1,Enterococcus faecium,0
SAMN03988630,CP016165.1,Enterococcus faecium,0
SAMN03988630,CP016166.1,Enterococcus faecium,0
SAMN03988630,CP016167.1,Enterococcus faecium,0
SAMN03988630,CP016168.1,Enterococcus faecium,0
SAMN03988630,CP016169.1,Enterococcus faecium,0
SAMN04096369,CP016298.1,Acinetobacter baumannii,2
SAMN04096369,CP016299.1,Acinetobacter baumannii,1
SAMN02943003,CP016324.1,Vibrio cholerae,1
SAMN02943003,CP016325.1,Vibrio cholerae,0
SAMN05187216,CP016391.1,Streptococcus agalactiae,0
SAMN04334633,CP016504.1,Salmonella enterica,3
SAMN04334633,CP016505.1,Salmonella enterica,0
SAMN04334633,CP016506.1,Salmonella enterica,0
SAMN05277890,CP016563.1,Salmonella enterica,3
SAMN05277890,CP016564.1,Salmonella enterica,0
SAMN04883365,CP016644.1,Neisseria spp,1
SAMN04883372,CP016645.1,Neisseria spp,1
SAMN04883393,CP016646.1,Neisseria spp,1
SAMN04883361,CP016650.1,Neisseria spp,1
SAMN04883450,CP016651.1,Neisseria spp,1
SAMN04883369,CP016652.1,Neisseria spp,1
SAMN04883381,CP016653.1,Neisseria spp,1
SAMN04883384,CP016656.1,Neisseria spp,1
SAMN04883379,CP016657.1,Neisseria spp,1
SAMN04883389,CP016659.1,Neisseria spp,1
SAMN04883377,CP016663.1,Neisseria spp,1
SAMN04883441,CP016666.1,Neisseria spp,1
SAMN04883452,CP016667.1,Neisseria spp,1
SAMN04883448,CP016668.1,Neisseria spp,1
SAMN04883421,CP016670.1,Neisseria spp,1
SAMN04883395,CP016672.1,Neisseria spp,1
SAMN04883373,CP016674.1,Neisseria spp,1
SAMN04883439,CP016677.1,Neisseria spp,1
SAMN04883430,CP016678.1,Neisseria spp,1
SAMN04883378,CP016679.1,Neisseria spp,1
SAMN04883375,CP016683.1,Neisseria spp,1
SAMN05464624,CP016762.1,Citrobacter spp,6
SAMN05464624,CP016763.1,Citrobacter spp,0
SAMN05464624,CP016764.1,Citrobacter spp,0
SAMN05464624,CP016765.1,Citrobacter spp,0
SAMN04966150,CP016854.2,Staphylococcus aureus,0
SAMN04966150,CP016855.2,Staphylococcus aureus,2
SAMN05570461,CP016952.1,Citrobacter spp,3
SAMN05567318,CP016987.1,Vibrio cholerae,0
SAMN05567318,CP016988.1,Vibrio cholerae,0
SAMN05544802,CP017029.1,Campylobacter spp,0
SAMN05544802,CP017030.1,Campylobacter spp,0
SAMN03380192,CP017032.1,Campylobacter spp,1
SAMN05570461,CP017058.1,Citrobacter spp,0
SAMN05570461,CP017059.1,Citrobacter spp,0
SAMN05715221,CP017082.1,Proteus spp,2
SAMN05715221,CP017083.1,Proteus spp,0
SAMN05715221,CP017084.1,Proteus spp,0
SAMN05715220,CP017085.1,Proteus spp,3
SAMN05715220,CP017086.1,Proteus spp,0
SAMN05520967,CP017115.1,Staphylococcus aureus,2
SAMN02470137,CP017152.1,Acinetobacter baumannii,5
SAMN05581751,CP017179.1,Enterobacter spp,4
SAMN05581746,CP017183.1,Enterobacter spp,1
SAMN05581748,CP017186.1,Enterobacter spp,3
SAMN05581748,CP017187.1,Enterobacter spp,0
SAMN05729956,CP017251.1,Escherichia coli,10
SAMN05729956,CP017252.1,Escherichia coli,0
SAMN05773092,CP017293.1,Pseudomonas aeruginosa,2
SAMN05773092,CP017294.1,Pseudomonas aeruginosa,0
SAMN05717668,CP017314.1,Bacillus subtilis,2
SAMN05729608,CP017353.1,Pseudomonas aeruginosa,4
SAMN05601667,CP017644.1,Acinetobacter baumannii,3
SAMN05601667,CP017645.1,Acinetobacter baumannii,0
SAMN05601672,CP017654.1,Acinetobacter baumannii,3
SAMN05601672,CP017655.1,Acinetobacter baumannii,0
SAMN05915708,CP017676.1,Bacillus subtilis,1
SAMN03763942,CP017684.1,Staphylococcus aureus,2
SAMN04992706,CP017719.1,Salmonella enterica,3
SAMN05920240,CP017763.1,Bacillus subtilis,4
SAMN05920240,CP017764.1,Bacillus subtilis,0
SAMN05920240,CP017765.1,Bacillus subtilis,0
SAMN05933398,CP017787.1,Enterococcus faecium,1
SAMN05933398,CP017788.1,Enterococcus faecium,0
SAMN05933398,CP017789.1,Enterococcus faecium,0
SAMN05933398,CP017790.1,Enterococcus faecium,0
SAMN05933398,CP017791.1,Enterococcus faecium,0
SAMN05933400,CP017797.1,Enterococcus faecium,1
SAMN05933400,CP017798.1,Enterococcus faecium,0
SAMN05933400,CP017799.1,Enterococcus faecium,0
SAMN05933400,CP017800.1,Enterococcus faecium,0
SAMN05933400,CP017801.1,Enterococcus faecium,0
SAMN05942184,CP017871.1,Campylobacter spp,0
SAMN05942184,CP017872.1,Campylobacter spp,0
SAMN05942178,CP017873.1,Campylobacter spp,0
SAMN05942178,CP017874.1,Campylobacter spp,0
SAMN05942181,CP017878.1,Campylobacter spp,1
SAMN05942181,CP017879.1,Campylobacter spp,0
SAMN05942181,CP017880.1,Campylobacter spp,0
SAMN02716875,CP017972.1,Salmonella enterica,2
SAMN05949222,CP018059.1,Moraxella catarrhalis,2
SAMN05949222,CP018060.1,Moraxella catarrhalis,0
SAMN06018903,CP018070.1,Enterococcus faecium,0
SAMN06018903,CP018071.1,Enterococcus faecium,1
SAMN06018903,CP018072.1,Enterococcus faecium,0
SAMN06029893,CP018103.1,Escherichia coli,3
SAMN06029893,CP018104.1,Escherichia coli,0
SAMN06029893,CP018105.1,Escherichia coli,0
SAMN06029893,CP018106.1,Escherichia coli,0
SAMN06029893,CP018107.1,Escherichia coli,0
SAMN06029893,CP018108.1,Escherichia coli,0
SAMN06029896,CP018121.1,Escherichia coli,3
SAMN06029896,CP018122.1,Escherichia coli,0
SAMN06029896,CP018123.1,Escherichia coli,0
SAMN06029896,CP018124.1,Escherichia coli,0
SAMN06029896,CP018125.1,Escherichia coli,0
SAMN06029896,CP018126.1,Escherichia coli,0
SAMN06006823,CP018128.1,Enterococcus faecium,2
SAMN06006823,CP018129.1,Enterococcus faecium,0
SAMN06006823,CP018130.1,Enterococcus faecium,0
SAMN06006823,CP018131.1,Enterococcus faecium,0
SAMN06006823,CP018132.1,Enterococcus faecium,0
SAMN05981365,CP018136.1,Streptococcus pneumoniae,1
SAMN06009945,CP018137.1,Streptococcus pneumoniae,0
SAMN06009955,CP018138.1,Streptococcus pneumoniae,0
SAMN05544765,CP018243.1,Escherichia coli,10
SAMN05544765,CP018244.1,Escherichia coli,0
SAMN05544761,CP018250.1,Escherichia coli,11
SAMN05544761,CP018251.1,Escherichia coli,0
SAMN06109026,CP018347.1,Streptococcus pneumoniae,0
SAMN05412456,CP018450.1,Klebsiella pneumoniae,5
SAMN05412456,CP018451.1,Klebsiella pneumoniae,0
SAMN05412456,CP018452.1,Klebsiella pneumoniae,0
SAMN05412456,CP018453.1,Klebsiella pneumoniae,0
SAMN06050725,CP018633.1,Salmonella enterica,2
SAMN06050725,CP018634.1,Salmonella enterica,0
SAMN06050726,CP018635.1,Salmonella enterica,2
SAMN06050726,CP018636.1,Salmonella enterica,0
SAMN06050728,CP018640.1,Salmonella enterica,2
SAMN06050728,CP018641.1,Salmonella enterica,0
SAMN06050730,CP018644.1,Salmonella enterica,2
SAMN06050734,CP018651.1,Salmonella enterica,3
SAMN06050734,CP018652.1,Salmonella enterica,0
SAMN06050734,CP018653.1,Salmonella enterica,0
SAMN06050734,CP018654.1,Salmonella enterica,0
SAMN03988627,CP018830.1,Enterococcus faecium,0
SAMN03988627,CP018832.1,Enterococcus faecium,0
SAMN03988627,CP018833.1,Enterococcus faecium,0
SAMN03988627,CP018834.1,Enterococcus faecium,0
SAMN06166933,CP018838.1,Streptococcus pneumoniae,0
SAMN06173549,CP018885.1,Klebsiella pneumoniae,5
SAMN06173549,CP018886.1,Klebsiella pneumoniae,0
SAMN06173549,CP018887.1,Klebsiella pneumoniae,0
SAMN06164056,CP018915.1,Serratia spp,0
SAMN06164056,CP018916.1,Serratia spp,0
SAMN06164059,CP018917.1,Serratia spp,4
SAMN06164059,CP018918.1,Serratia spp,0
SAMN06164061,CP018919.1,Serratia spp,4
SAMN06164061,CP018920.1,Serratia spp,0
SAMN06164061,CP018921.1,Serratia spp,0
SAMN06164061,CP018922.1,Serratia spp,0
SAMN06164063,CP018923.1,Serratia spp,0
SAMN06164058,CP018925.1,Serratia spp,5
SAMN06164060,CP018926.1,Serratia spp,5
SAMN06164062,CP018927.1,Serratia spp,3
SAMN06164064,CP018928.1,Serratia spp,0
SAMN06164066,CP018930.1,Serratia spp,2
SAMN05511184,CP018949.1,Escherichia coli,0
SAMN05511184,CP018950.1,Escherichia coli,0
SAMN05511184,CP018951.1,Escherichia coli,0
SAMN05511184,CP018952.1,Escherichia coli,0
SAMN05511184,CP018953.1,Escherichia coli,6
SAMN04273154,CP019034.1,Acinetobacter baumannii,3
SAMN01805328,CP019189.1,Salmonella enterica,7
SAMN01805328,CP019190.1,Salmonella enterica,0
SAMN01805328,CP019191.1,Salmonella enterica,0
SAMN03463818,CP019202.1,Salmonella enterica,3
SAMN03463818,CP019203.1,Salmonella enterica,1
SAMN06219552,CP019271.1,Escherichia coli,2
SAMN06219552,CP019272.1,Escherichia coli,0
SAMN06233407,CP019299.1,Streptococcus pneumoniae,0
SAMN04160821,CP019410.1,Salmonella enterica,1
SAMN04160815,CP019411.1,Salmonella enterica,5
SAMN04160824,CP019412.1,Salmonella enterica,1
SAMN06185755,CP019442.1,Salmonella enterica,6
SAMN06185755,CP019443.1,Salmonella enterica,0
SAMN06185755,CP019444.1,Salmonella enterica,0
SAMN06251593,CP019466.1,Neisseria spp,1
SAMN06270347,CP019512.1,Enterococcus faecalis,3
SAMN06270347,CP019513.1,Enterococcus faecalis,0
SAMN06270347,CP019514.1,Enterococcus faecalis,0
SAMN06166007,CP019560.1,Escherichia coli,3
SAMN06166007,CP019561.1,Escherichia coli,0
SAMN06216064,CP019700.1,Helicobacter pylori,0
SAMN06329441,CP019978.1,Streptococcus agalactiae,2
SAMN06445344,CP019979.1,Streptococcus agalactiae,2
SAMN06472829,CP019988.1,Enterococcus faecium,2
SAMN06472829,CP019989.1,Enterococcus faecium,0
SAMN06472829,CP019990.1,Enterococcus faecium,0
SAMN06472829,CP019991.1,Enterococcus faecium,0
SAMN06203603,CP020007.1,Haemophilus influenzae,0
SAMN06203638,CP020008.1,Haemophilus influenzae,2
SAMN06203650,CP020011.1,Haemophilus influenzae,0
SAMN06203656,CP020013.1,Haemophilus influenzae,1
SAMN06203483,CP020014.1,Haemophilus influenzae,0
SAMN06544785,CP020023.1,Bacillus subtilis,4
SAMN06544785,CP020024.1,Bacillus subtilis,0
SAMN04014900,CP020052.1,Proteus spp,5
SAMN04014902,CP020058.1,Escherichia coli,1
SAMN04014902,CP020059.1,Escherichia coli,0
SAMN04014902,CP020060.1,Escherichia coli,0
SAMN06554460,CP020082.1,Streptococcus pyogenes,4
SAMN06560104,CP020101.1,Salmonella enterica,3
SAMN04875550,CP020400.2,Moraxella catarrhalis,0
SAMN04875560,CP020407.2,Vibrio cholerae,0
SAMN04875560,CP020408.2,Vibrio cholerae,0
SAMN04875536,CP020411.2,Haemophilus influenzae,1
SAMN04875544,CP020419.2,Neisseria spp,0
SAMN04875546,CP020420.2,Neisseria spp,2
SAMN04875547,CP020421.2,Neisseria spp,0
SAMN04875549,CP020423.2,Neisseria spp,1
SAMN04875580,CP020449.2,Streptococcus agalactiae,0
SAMN04022954,CP020503.1,Serratia spp,1
SAMN04022954,CP020504.1,Serratia spp,0
SAMN04022954,CP020505.1,Serratia spp,0
SAMN04022954,CP020506.1,Serratia spp,0
SAMN04276915,CP020507.1,Serratia spp,1
SAMN04276915,CP020508.1,Serratia spp,0
SAMN05194389,CP020514.1,Escherichia coli,4
SAMN05194389,CP020515.1,Escherichia coli,0
SAMN06645125,CP020543.1,Escherichia coli,0
SAMN06650261,CP020580.1,Acinetobacter baumannii,0
SAMN06650261,CP020581.1,Acinetobacter baumannii,3
SAMN06650260,CP020582.1,Acinetobacter baumannii,0
SAMN06650260,CP020584.1,Acinetobacter baumannii,3
SAMN06650243,CP020589.1,Acinetobacter baumannii,0
SAMN06650243,CP020590.1,Acinetobacter baumannii,2
SAMN06650240,CP020594.1,Acinetobacter baumannii,0
SAMN06650240,CP020595.1,Acinetobacter baumannii,3
SAMN06689951,CP020656.1,Staphylococcus aureus,2
SAMN03702839,CP020825.1,Salmonella enterica,2
SAMN03702839,CP020826.1,Salmonella enterica,0
SAMN06437491,CP020853.1,Klebsiella pneumoniae,3
SAMN06437491,CP020854.1,Klebsiella pneumoniae,0
SAMN06437491,CP020855.1,Klebsiella pneumoniae,0
SAMN06437491,CP020856.1,Klebsiella pneumoniae,0
SAMN02716890,CP020912.1,Salmonella enterica,2
SAMN02716890,CP020913.1,Salmonella enterica,0
SAMN06830422,CP020957.1,Staphylococcus aureus,2
SAMN06219552,CP021087.1,Escherichia coli,0
SAMN06480776,CP021105.1,Staphylococcus aureus,1
SAMN06885112,CP021123.1,Bacillus subtilis,3
SAMN06311524,CP021164.1,Serratia spp,3
SAMN06887342,CP021167.1,Enterobacter spp,4
SAMN06887342,CP021168.1,Enterobacter spp,0
SAMN07135565,CP021326.1,Acinetobacter baumannii,3
SAMN07135565,CP021327.1,Acinetobacter baumannii,0
SAMN03771402,CP021347.1,Acinetobacter baumannii,2
SAMN03771402,CP021348.1,Acinetobacter baumannii,0
SAMN07125937,CP021498.1,Bacillus subtilis,1
SAMN07137416,CP021516.1,Neisseria spp,1
SAMN07137412,CP021518.1,Neisseria spp,1
SAMN07137411,CP021519.1,Neisseria spp,1
SAMN07137410,CP021520.1,Neisseria spp,1
SAMN07137409,CP021521.1,Neisseria spp,1
SAMN07137407,CP021523.1,Neisseria spp,1
SAMN04014990,CP021532.1,Escherichia coli,2
SAMN04014990,CP021533.1,Escherichia coli,0
SAMN04014990,CP021534.1,Escherichia coli,0
SAMN04015000,CP021550.1,Proteus spp,3
SAMN04015000,CP021551.1,Proteus spp,0
SAMN07174848,CP021640.1,Streptococcus pyogenes,1
SAMN04014996,CP021694.1,Proteus spp,6
SAMN04014996,CP021695.1,Proteus spp,0
SAMN04014999,CP021696.1,Klebsiella pneumoniae,3
SAMN04014999,CP021697.1,Klebsiella pneumoniae,0
SAMN04014999,CP021698.1,Klebsiella pneumoniae,0
SAMN04014999,CP021699.1,Klebsiella pneumoniae,0
SAMN04014999,CP021700.1,Klebsiella pneumoniae,0
SAMN07137414,CP021724.1,Neisseria spp,1
SAMN07137406,CP021725.1,Neisseria spp,1
SAMN07178061,CP021769.1,Streptococcus agalactiae,0
SAMN07178060,CP021770.1,Streptococcus agalactiae,1
SAMN07178059,CP021771.1,Streptococcus agalactiae,0
SAMN07178058,CP021772.1,Streptococcus agalactiae,1
SAMN07178057,CP021773.1,Streptococcus agalactiae,1
SAMN05020323,CP021774.1,Pseudomonas aeruginosa,4
SAMN04014997,CP021852.1,Proteus spp,8
SAMN04014997,CP021853.1,Proteus spp,0
SAMN04014997,CP021854.1,Proteus spp,0
SAMN04014997,CP021855.1,Proteus spp,0
SAMN04014966,CP021856.1,Klebsiella pneumoniae,0
SAMN04014966,CP021857.1,Klebsiella pneumoniae,0
SAMN04014966,CP021858.1,Klebsiella pneumoniae,0
SAMN04014966,CP021859.1,Klebsiella pneumoniae,4
SAMN04014966,CP021860.1,Klebsiella pneumoniae,0
SAMN04014966,CP021861.1,Klebsiella pneumoniae,0
SAMN05384056,CP021862.1,Streptococcus agalactiae,2
SAMN05384092,CP021863.1,Streptococcus agalactiae,0
SAMN05384089,CP021864.1,Streptococcus agalactiae,0
SAMN05384208,CP021865.1,Streptococcus agalactiae,0
SAMN05384163,CP021866.1,Streptococcus agalactiae,0
SAMN05384059,CP021867.1,Streptococcus agalactiae,3
SAMN05384054,CP021868.1,Streptococcus agalactiae,1
SAMN05384057,CP021869.1,Streptococcus agalactiae,2
SAMN05384060,CP021870.1,Streptococcus agalactiae,0
SAMN07211315,CP021885.1,Enterococcus faecium,0
SAMN06622672,CP021909.1,Salmonella enterica,5
SAMN06622672,CP021910.1,Salmonella enterica,0
SAMN05020325,CP022001.1,Pseudomonas aeruginosa,2
SAMN06173334,CP022070.2,Salmonella enterica,5
SAMN06173334,CP022071.2,Salmonella enterica,0
SAMN06173334,CP022072.2,Salmonella enterica,0
SAMN07260758,CP022151.1,Citrobacter spp,7
SAMN07260758,CP022152.1,Citrobacter spp,0
SAMN07260758,CP022153.1,Citrobacter spp,0
SAMN06435541,CP022206.1,Streptococcus pyogenes,4
SAMN07280739,CP022273.1,Citrobacter spp,7
SAMN07280739,CP022274.1,Citrobacter spp,0
SAMN07280739,CP022275.1,Citrobacter spp,0
SAMN07280739,CP022276.1,Citrobacter spp,0
SAMN07280739,CP022277.1,Citrobacter spp,0
SAMN07270555,CP022287.1,Bacillus subtilis,2
SAMN07270555,CP022288.1,Bacillus subtilis,0
SAMN06434935,CP022354.1,Streptococcus pyogenes,4
SAMN03470763,CP022503.1,Salmonella enterica,2
SAMN06765483,CP022532.1,Enterobacter spp,4
SAMN06765483,CP022533.1,Enterobacter spp,0
SAMN06765483,CP022534.1,Enterobacter spp,0
SAMN07374522,CP022537.1,Streptococcus agalactiae,1
SAMN07334225,CP022661.1,Salmonella enterica,0
SAMN07334225,CP022662.1,Salmonella enterica,0
SAMN07334225,CP022663.1,Salmonella enterica,8
SAMN07340892,CP022682.1,Staphylococcus aureus,3
SAMN07340892,CP022683.1,Staphylococcus aureus,0
SAMN07482639,CP022890.1,Bacillus subtilis,2
SAMN07482641,CP022891.1,Bacillus subtilis,4
SAMN07340901,CP022897.1,Staphylococcus aureus,3
SAMN07340902,CP022898.1,Staphylococcus aureus,3
SAMN07520236,CP023020.1,Acinetobacter baumannii,5
SAMN07520236,CP023021.1,Acinetobacter baumannii,0
SAMN07602569,CP023255.1,Pseudomonas aeruginosa,6
SAMN07618124,CP023371.1,Escherichia coli,2
SAMN07618124,CP023372.1,Escherichia coli,0
SAMN07618124,CP023373.1,Escherichia coli,0
SAMN07618124,CP023374.1,Escherichia coli,0
SAMN07618124,CP023375.1,Escherichia coli,0
SAMN07618124,CP023376.1,Escherichia coli,0
SAMN07618122,CP023383.1,Escherichia coli,1
SAMN07618122,CP023384.1,Escherichia coli,0
SAMN07618122,CP023385.1,Escherichia coli,0
SAMN07618121,CP023386.1,Escherichia coli,5
SAMN07618121,CP023387.1,Escherichia coli,0
SAMN07259745,CP023409.1,Bacillus subtilis,4
SAMN07638053,CP023423.1,Enterococcus faecium,2
SAMN07638053,CP023424.1,Enterococcus faecium,0
SAMN07638053,CP023425.1,Enterococcus faecium,0
SAMN07638053,CP023426.1,Enterococcus faecium,0
SAMN07638053,CP023427.1,Enterococcus faecium,0
SAMN07604329,CP023436.1,Salmonella enterica,2
SAMN07604329,CP023437.1,Salmonella enterica,0
SAMN07604329,CP023438.1,Salmonella enterica,0
SAMN07312409,CP023505.1,Morganella morganii,6
SAMN07312409,CP023506.1,Morganella morganii,0
SAMN07312447,CP023532.1,Escherichia coli,0
SAMN07312447,CP023533.1,Escherichia coli,0
SAMN07312447,CP023534.1,Escherichia coli,0
SAMN07312447,CP023535.1,Escherichia coli,6
SAMN07692716,CP023569.1,Enterobacter spp,2
SAMN07692716,CP023570.1,Enterobacter spp,0
SAMN07692716,CP023571.1,Enterobacter spp,0
SAMN07692716,CP023572.1,Enterobacter spp,0
SAMN07757765,CP023769.1,Streptococcus pyogenes,1
SAMN07679729,CP023784.1,Enterococcus faecium,1
SAMN07679729,CP023785.1,Enterococcus faecium,0
SAMN07679729,CP023786.1,Enterococcus faecium,0
SAMN07679729,CP023787.1,Enterococcus faecium,0
SAMN07679729,CP023788.1,Enterococcus faecium,0
SAMN07679730,CP023789.1,Enterococcus faecium,1
SAMN07679730,CP023790.1,Enterococcus faecium,0
SAMN07679730,CP023791.1,Enterococcus faecium,0
SAMN07679730,CP023792.1,Enterococcus faecium,0
SAMN07679730,CP023793.1,Enterococcus faecium,0
SAMN07679731,CP023794.1,Enterococcus faecium,1
SAMN07679731,CP023795.1,Enterococcus faecium,0
SAMN07679731,CP023796.1,Enterococcus faecium,0
SAMN07679731,CP023798.1,Enterococcus faecium,0
SAMN07679733,CP023799.1,Enterococcus faecium,1
SAMN07679733,CP023800.1,Enterococcus faecium,0
SAMN07679733,CP023801.1,Enterococcus faecium,0
SAMN07679733,CP023802.1,Enterococcus faecium,0
SAMN07679733,CP023803.1,Enterococcus faecium,0
SAMN07615714,CP023814.1,Neisseria spp,2
SAMN07760933,CP023834.1,Escherichia coli,2
SAMN07760933,CP023835.1,Escherichia coli,0
SAMN07760933,CP023836.1,Escherichia coli,0
SAMN07760933,CP023837.1,Escherichia coli,0
SAMN07760933,CP023838.1,Escherichia coli,0
SAMN07760931,CP023844.1,Escherichia coli,7
SAMN07760931,CP023845.1,Escherichia coli,0
SAMN07760931,CP023846.1,Escherichia coli,0
SAMN07760931,CP023847.1,Escherichia coli,0
SAMN07760931,CP023848.1,Escherichia coli,0
SAMN07312466,CP023867.1,Campylobacter spp,1
SAMN05383898,CP024024.1,Pseudomonas aeruginosa,2
SAMN06216070,CP024071.1,Helicobacter pylori,0
SAMN06216074,CP024075.1,Helicobacter pylori,0
SAMN06216076,CP024077.1,Helicobacter pylori,0
SAMN07684567,CP024082.1,Vibrio cholerae,0
SAMN07684567,CP024083.1,Vibrio cholerae,0
SAMN07821484,CP024162.1,Vibrio cholerae,1
SAMN07821484,CP024163.1,Vibrio cholerae,0
SAMN07656212,CP024275.1,Escherichia coli,2
SAMN07656212,CP024276.1,Escherichia coli,0
SAMN07656212,CP024277.1,Escherichia coli,0
SAMEA3357077,CP024528.1,Klebsiella pneumoniae,2
SAMEA3357077,CP024529.1,Klebsiella pneumoniae,0
SAMEA3357077,CP024530.1,Klebsiella pneumoniae,0
SAMEA3357077,CP024531.1,Klebsiella pneumoniae,0
SAMEA3357077,CP024532.1,Klebsiella pneumoniae,0
SAMEA3357077,CP024533.1,Klebsiella pneumoniae,0
SAMEA3357077,CP024534.1,Klebsiella pneumoniae,0
SAMN07943353,CP024613.1,Acinetobacter baumannii,2
SAMN07729552,CP024672.1,Citrobacter spp,4
SAMN07729551,CP024673.1,Citrobacter spp,3
SAMN07729551,CP024674.1,Citrobacter spp,0
SAMN07729548,CP024677.1,Citrobacter spp,6
SAMN07729548,CP024678.1,Citrobacter spp,0
SAMN07729547,CP024679.1,Citrobacter spp,6
SAMN07729545,CP024683.1,Citrobacter spp,2
SAMN07974340,CP024867.1,Vibrio cholerae,0
SAMN07974340,CP024868.1,Vibrio cholerae,0
SAMN04014863,CP024881.1,Citrobacter spp,3
SAMN04014863,CP024882.1,Citrobacter spp,0
SAMN07988874,CP024908.1,Enterobacter spp,7
SAMN07988874,CP024909.1,Enterobacter spp,0
SAMN07988874,CP024910.1,Enterobacter spp,0
SAMN08055037,CP024946.1,Helicobacter pylori,0
SAMN08055035,CP024948.1,Helicobacter pylori,0
SAMN08055034,CP024949.1,Helicobacter pylori,0
SAMN08055032,CP024951.1,Helicobacter pylori,0
SAMN08055031,CP024952.1,Helicobacter pylori,0
SAMN08055030,CP024953.1,Helicobacter pylori,0
SAMN08024196,CP024998.1,Staphylococcus aureus,2
SAMN08024196,CP024999.1,Staphylococcus aureus,0
SAMN08111303,CP025026.1,Streptococcus agalactiae,0
SAMN08111302,CP025027.1,Streptococcus agalactiae,0
SAMN08111301,CP025028.1,Streptococcus agalactiae,0
SAMN08111300,CP025029.1,Streptococcus agalactiae,0
SAMN08104834,CP025048.1,Escherichia coli,3
SAMN02716901,CP025248.1,Salmonella enterica,7
SAMN08155818,CP025256.1,Streptococcus pneumoniae,0
SAMN02716893,CP025273.1,Salmonella enterica,8
SAMN02716893,CP025274.1,Salmonella enterica,0
SAMN02716893,CP025275.1,Salmonella enterica,0
SAMN08160608,CP025281.1,Campylobacter spp,0
SAMN08160608,CP025282.1,Campylobacter spp,0
SAMN08174306,CP025425.1,Enterococcus faecium,1
SAMN08174306,CP025426.1,Enterococcus faecium,0
SAMN08174306,CP025427.1,Enterococcus faecium,0
SAMN08195713,CP025474.1,Helicobacter pylori,0
SAMN04966150,CP025482.1,Staphylococcus aureus,0
SAMN03787340,CP025489.1,Staphylococcus aureus,0
SAMN08289536,CP025685.1,Enterococcus faecium,2
SAMN08289536,CP025686.1,Enterococcus faecium,0
SAMN08289536,CP025687.1,Enterococcus faecium,0
SAMN08277293,CP025736.1,Salmonella enterica,5
SAMN08277293,CP025737.1,Salmonella enterica,0
SAMN06252387,CP025754.1,Enterococcus faecium,0
SAMN06252387,CP025755.1,Enterococcus faecium,0
SAMN06252387,CP025756.1,Enterococcus faecium,0
SAMN08161318,CP025847.1,Escherichia coli,7
SAMN08161318,CP025848.1,Escherichia coli,0
SAMN08161312,CP025865.1,Escherichia coli,4
SAMN08161312,CP025866.1,Escherichia coli,0
SAMN08161312,CP025867.1,Escherichia coli,0
SAMN08161312,CP025868.1,Escherichia coli,0
SAMN08335225,CP025933.1,Morganella morganii,3
SAMN08323859,CP025936.1,Vibrio cholerae,0
SAMN08323859,CP025937.1,Vibrio cholerae,0
SAMN08366847,CP026011.1,Klebsiella pneumoniae,0
SAMN08366847,CP026012.1,Klebsiella pneumoniae,0
SAMN08367768,CP026027.1,Escherichia coli,0
SAMN08367769,CP026028.1,Escherichia coli,0
SAMN08362830,CP026034.1,Bacillus subtilis,1
SAMN08362829,CP026035.1,Bacillus subtilis,3
SAMN08362828,CP026036.1,Bacillus subtilis,1
SAMN02934509,CP026044.1,Proteus spp,7
SAMN02934512,CP026046.1,Morganella morganii,4
SAMN02934514,CP026050.1,Serratia spp,2
SAMN02934516,CP026051.1,Proteus spp,2
SAMN02934525,CP026056.1,Citrobacter spp,5
SAMN02934525,CP026057.1,Citrobacter spp,0
SAMN02934525,CP026058.1,Citrobacter spp,0
SAMN02934535,CP026059.1,Proteus spp,3
SAMN02934535,CP026060.1,Proteus spp,0
SAMN02934535,CP026061.1,Proteus spp,0
SAMN02934536,CP026062.1,Proteus spp,5
SAMN03255453,CP026063.1,Staphylococcus aureus,2
SAMN08374174,CP026082.1,Streptococcus agalactiae,1
SAMN08374174,CP026083.1,Streptococcus agalactiae,0
SAMN08374240,CP026084.1,Streptococcus agalactiae,1
SAMN08380938,CP026159.1,Klebsiella pneumoniae,3
SAMN08388634,CP026325.1,Helicobacter pylori,0
SAMN07559626,CP026338.1,Acinetobacter baumannii,4
SAMN07559626,CP026339.1,Acinetobacter baumannii,0
SAMN07559626,CP026340.1,Acinetobacter baumannii,0
SAMN08380000,CP026361.1,Escherichia coli,0
SAMN08450188,CP026571.1,Proteus spp,5
SAMN08463802,CP026581.1,Proteus spp,3
SAMN08472240,CP026647.1,Vibrio cholerae,0
SAMN08472240,CP026648.1,Vibrio cholerae,0
SAMN08501023,CP026670.1,Streptococcus pneumoniae,1
SAMN04014904,CP026711.1,Acinetobacter baumannii,3
SAMN04014904,CP026712.1,Acinetobacter baumannii,0
SAMN08449845,CP026713.1,Salmonella enterica,2
SAMN08449845,CP026714.1,Salmonella enterica,0
SAMN08498861,CP026723.1,Escherichia coli,7
SAMN08498861,CP026724.1,Escherichia coli,0
SAMN08498861,CP026725.1,Escherichia coli,0
SAMN08498861,CP026726.1,Escherichia coli,0
SAMN08498861,CP026727.1,Escherichia coli,0
SAMN08498861,CP026728.1,Escherichia coli,0
SAMN04014918,CP026754.1,Escherichia coli,0
SAMN04014918,CP026755.1,Escherichia coli,5
SAMN04014919,CP026761.1,Acinetobacter baumannii,1
SAMN03255487,CP026953.1,Staphylococcus aureus,3
SAMN03255487,CP026954.1,Staphylococcus aureus,0
SAMN03255487,CP026955.1,Staphylococcus aureus,0
SAMN03255487,CP026956.1,Staphylococcus aureus,0
SAMN03255445,CP026962.1,Staphylococcus aureus,0
SAMN03255445,CP026963.1,Staphylococcus aureus,0
SAMN07291504,CP027157.1,Klebsiella pneumoniae,0
SAMN07291504,CP027158.1,Klebsiella pneumoniae,0
SAMN07291504,CP027159.1,Klebsiella pneumoniae,0
SAMN07291504,CP027160.1,Klebsiella pneumoniae,1
SAMN07291504,CP027161.1,Klebsiella pneumoniae,0
SAMN07291504,CP027162.1,Klebsiella pneumoniae,0
SAMN07291504,CP027163.1,Klebsiella pneumoniae,0
SAMN07291504,CP027164.1,Klebsiella pneumoniae,0
SAMN04014898,CP027177.1,Morganella morganii,7
SAMN08579574,CP027373.1,Escherichia coli,4
SAMN08579574,CP027374.1,Escherichia coli,0
SAMN08579574,CP027375.1,Escherichia coli,0
SAMN04482320,CP027390.1,Escherichia coli,14
SAMN04482320,CP027391.1,Escherichia coli,0
SAMN06173336,CP027401.1,Enterococcus faecium,0
SAMN06173336,CP027402.1,Enterococcus faecium,2
SAMN06173317,CP027405.1,Moraxella catarrhalis,0
SAMN02991246,CP027442.1,Escherichia coli,13
SAMN02991246,CP027443.1,Escherichia coli,0
SAMN02991246,CP027444.1,Escherichia coli,0
SAMN08579584,CP027454.1,Escherichia coli,9
SAMN08579584,CP027455.1,Escherichia coli,0
SAMN08579584,CP027456.1,Escherichia coli,0
SAMN08630964,CP027462.1,Escherichia coli,5
SAMN08630964,CP027463.1,Escherichia coli,0
SAMN08628413,CP027497.1,Enterococcus faecium,1
SAMN08628413,CP027498.1,Enterococcus faecium,0
SAMN08628413,CP027499.1,Enterococcus faecium,0
SAMN08628413,CP027500.1,Enterococcus faecium,0
SAMN08628412,CP027501.1,Enterococcus faecium,2
SAMN08628412,CP027502.1,Enterococcus faecium,0
SAMN08628412,CP027503.1,Enterococcus faecium,0
SAMN08628412,CP027504.1,Enterococcus faecium,0
SAMN08628412,CP027505.1,Enterococcus faecium,0
SAMN08628410,CP027512.1,Enterococcus faecium,1
SAMN08628410,CP027513.1,Enterococcus faecium,0
SAMN08628410,CP027514.1,Enterococcus faecium,0
SAMN08628410,CP027515.1,Enterococcus faecium,0
SAMN08628410,CP027516.1,Enterococcus faecium,0
SAMN08628409,CP027517.1,Enterococcus faecium,2
SAMN08628409,CP027518.1,Enterococcus faecium,0
SAMN08628409,CP027519.1,Enterococcus faecium,0
SAMN04014940,CP027539.1,Serratia spp,2
SAMN04093378,CP027540.1,Streptococcus pneumoniae,0
SAMN08579593,CP027550.1,Escherichia coli,6
SAMN08579593,CP027551.1,Escherichia coli,0
SAMN08579597,CP027579.1,Escherichia coli,3
SAMN08579597,CP027580.1,Escherichia coli,0
SAMN08579597,CP027581.1,Escherichia coli,0
SAMN08579598,CP027582.1,Escherichia coli,14
SAMN08579598,CP027583.1,Escherichia coli,0
SAMN08714459,CP027771.1,Streptococcus pyogenes,1
SAMN08165042,CP028120.1,Escherichia coli,0
SAMN08165042,CP028121.1,Escherichia coli,0
SAMN08165042,CP028122.1,Escherichia coli,6
SAMN08165042,CP028123.1,Escherichia coli,0
SAMN08724823,CP028131.1,Salmonella enterica,1
SAMN08513260,CP028138.1,Acinetobacter baumannii,1
SAMN08513260,CP028139.1,Acinetobacter baumannii,0
SAMN08663432,CP028187.1,Campylobacter spp,1
SAMN08663432,CP028188.1,Campylobacter spp,0
SAMN08668672,CP028190.1,Staphylococcus aureus,3
SAMN08668672,CP028191.1,Staphylococcus aureus,0
SAMN08707581,CP028201.1,Bacillus subtilis,1
SAMN08707592,CP028213.1,Bacillus subtilis,3
SAMN08707592,CP028214.1,Bacillus subtilis,0
SAMN08707594,CP028217.1,Bacillus subtilis,1
SAMN08707595,CP028218.1,Bacillus subtilis,2
SAMN06173337,CP028283.1,Enterococcus faecalis,0
SAMN06173337,CP028284.1,Enterococcus faecalis,0
SAMN06173337,CP028285.1,Enterococcus faecalis,1
SAMN06173337,CP028286.1,Enterococcus faecalis,0
SAMN08737532,CP028320.1,Escherichia coli,4
SAMN08737532,CP028321.1,Escherichia coli,0
SAMN08737532,CP028322.1,Escherichia coli,0
SAMN08737532,CP028323.1,Escherichia coli,0
SAMN06173311,CP028325.1,Helicobacter pylori,0
SAMN08580907,CP028470.1,Staphylococcus aureus,1
SAMN08580907,CP028471.1,Staphylococcus aureus,0
SAMN08382661,CP028483.1,Escherichia coli,5
SAMN08382661,CP028484.1,Escherichia coli,0
SAMN08382661,CP028485.1,Escherichia coli,0
SAMN08382661,CP028486.1,Escherichia coli,0
SAMN08773055,CP028592.1,Escherichia coli,12
SAMN08773055,CP028593.1,Escherichia coli,0
SAMN08773055,CP028594.1,Escherichia coli,0
SAMN08773055,CP028595.1,Escherichia coli,0
SAMN08773044,CP028626.1,Escherichia coli,11
SAMN08773044,CP028627.1,Escherichia coli,0
SAMN08773044,CP028628.1,Escherichia coli,0
SAMN08773037,CP028647.1,Escherichia coli,11
SAMN08773037,CP028648.1,Escherichia coli,0
SAMN08773037,CP028649.1,Escherichia coli,0
SAMN08773026,CP028677.1,Escherichia coli,11
SAMN08773026,CP028678.1,Escherichia coli,0
SAMN08773026,CP028679.1,Escherichia coli,0
SAMN08689723,CP028727.1,Enterococcus faecium,1
SAMN08689723,CP028728.1,Enterococcus faecium,0
SAMN04100065,CP028734.1,Escherichia coli,2
SAMN04100062,CP028737.1,Escherichia coli,3
SAMN04100058,CP028740.1,Escherichia coli,4
SAMN08822914,CP028827.1,Vibrio cholerae,0
SAMN08822914,CP028828.1,Vibrio cholerae,0
SAMN08915690,CP028841.1,Streptococcus pyogenes,4
SAMN08813238,CP028892.1,Vibrio cholerae,0
SAMN08813238,CP028893.1,Vibrio cholerae,0
SAMN08896638,CP028894.1,Vibrio cholerae,0
SAMN08896638,CP028895.1,Vibrio cholerae,0
SAMN08849636,CP028912.1,Campylobacter spp,0
SAMN04014965,CP028946.1,Serratia spp,2
SAMN04014971,CP028947.1,Serratia spp,3
SAMN04014974,CP028956.1,Morganella morganii,8
SAMN04014974,CP028957.1,Morganella morganii,0
SAMN04014974,CP028958.1,Morganella morganii,0
SAMN04014983,CP028990.1,Klebsiella pneumoniae,3
SAMN04014983,CP028991.1,Klebsiella pneumoniae,0
SAMN04014983,CP028992.1,Klebsiella pneumoniae,0
SAMN04014983,CP028993.1,Klebsiella pneumoniae,0
SAMN08944422,CP029029.1,Salmonella enterica,1
SAMN08924866,CP029054.1,Campylobacter spp,1
SAMN08924866,CP029055.1,Campylobacter spp,0
SAMN08924866,CP029056.1,Campylobacter spp,0
SAMN07291530,CP029103.1,Escherichia coli,0
SAMN07291530,CP029104.1,Escherichia coli,0
SAMN07291530,CP029105.1,Escherichia coli,0
SAMN07291530,CP029106.1,Escherichia coli,0
SAMN07291530,CP029107.1,Escherichia coli,0
SAMN07291530,CP029108.1,Escherichia coli,0
SAMN07291522,CP029129.1,Proteus spp,0
SAMN07291522,CP029130.1,Proteus spp,0
SAMN07291522,CP029131.1,Proteus spp,0
SAMN07291522,CP029132.1,Proteus spp,0
SAMN07291522,CP029133.1,Proteus spp,3
SAMN07291522,CP029134.1,Proteus spp,0
SAMN05181544,CP029336.1,Salmonella enterica,2
SAMN09205456,CP029444.1,Serratia spp,0
SAMN09205456,CP029445.1,Serratia spp,0
SAMN09205456,CP029446.1,Serratia spp,0
SAMN09205456,CP029447.1,Serratia spp,0
SAMN09205456,CP029448.1,Serratia spp,0
SAMN09205456,CP029449.1,Serratia spp,4
SAMN09212889,CP029461.2,Bacillus subtilis,1
SAMN09229090,CP029561.1,Streptococcus agalactiae,2
SAMN07958398,CP029605.1,Pseudomonas aeruginosa,8
SAMN09273200,CP029609.1,Bacillus subtilis,3
SAMN07291539,CP029660.1,Pseudomonas aeruginosa,3
SAMN04901615,CP029666.1,Staphylococcus aureus,0
SAMN04901615,CP029667.1,Staphylococcus aureus,2
SAMN07291566,CP029681.1,Staphylococcus aureus,2
SAMN09278797,CP029690.1,Escherichia coli,0
SAMN09278797,CP029691.1,Escherichia coli,0
SAMN09278797,CP029692.1,Escherichia coli,11
SAMN04014972,CP029715.1,Serratia spp,2
SAMN04014870,CP029725.1,Proteus spp,2
SAMN04014870,CP029726.1,Proteus spp,0
SAMN09267180,CP029749.1,Streptococcus agalactiae,1
SAMN09320578,CP029846.1,Salmonella enterica,4
SAMN09320578,CP029847.1,Salmonella enterica,0
SAMN09320571,CP029852.1,Salmonella enterica,4
SAMN09320562,CP029864.1,Salmonella enterica,4
SAMN09320562,CP029865.1,Salmonella enterica,0
SAMN09320556,CP029870.1,Salmonella enterica,5
SAMN09320548,CP029882.1,Salmonella enterica,4
SAMN09320565,CP029906.1,Salmonella enterica,4
SAMN09320540,CP029922.1,Salmonella enterica,4
SAMN09320523,CP029927.1,Salmonella enterica,4
SAMN09320520,CP029933.1,Salmonella enterica,4
SAMN09320520,CP029934.1,Salmonella enterica,0
SAMN09320517,CP029945.1,Salmonella enterica,4
SAMN09320507,CP029955.1,Salmonella enterica,0
SAMN09320507,CP029956.1,Salmonella enterica,5
SAMN09237644,CP029989.1,Salmonella enterica,3
SAMN09237644,CP029990.1,Salmonella enterica,0
SAMN09428130,CP030045.1,Enterococcus faecalis,1
SAMN09428130,CP030046.1,Enterococcus faecalis,0
SAMN09460321,CP030106.1,Acinetobacter baumannii,3
SAMN09460321,CP030107.1,Acinetobacter baumannii,0
SAMN09460321,CP030108.1,Acinetobacter baumannii,0
SAMN09460321,CP030109.1,Acinetobacter baumannii,0
SAMN09462202,CP030111.1,Escherichia coli,2
SAMN09462202,CP030112.1,Escherichia coli,0
SAMN09462202,CP030113.1,Escherichia coli,0
SAMN09462202,CP030114.1,Escherichia coli,0
SAMN09462202,CP030115.1,Escherichia coli,0
SAMN09462202,CP030116.1,Escherichia coli,0
SAMN07411885,CP030136.1,Staphylococcus aureus,1
SAMN07291553,CP030351.1,Pseudomonas aeruginosa,1
SAMN09534372,CP030768.1,Escherichia coli,7
SAMN09534372,CP030769.1,Escherichia coli,0
SAMN09534372,CP030770.1,Escherichia coli,0
SAMN09429014,CP030814.1,Neisseria spp,1
SAMN09429005,CP030823.1,Neisseria spp,1
SAMN09429003,CP030825.1,Neisseria spp,1
SAMN09606624,CP030845.1,Streptococcus agalactiae,1
SAMN09640605,CP031027.1,Enterococcus faecalis,4
SAMN09640605,CP031028.1,Enterococcus faecalis,0
SAMN09640605,CP031029.1,Enterococcus faecalis,0
SAMN09704927,CP031236.1,Haemophilus influenzae,2
SAMN09704892,CP031237.1,Haemophilus influenzae,0
SAMN09704896,CP031239.1,Haemophilus influenzae,1
SAMN09704911,CP031241.1,Haemophilus influenzae,0
SAMN09704917,CP031242.1,Haemophilus influenzae,2
SAMN09704646,CP031245.1,Streptococcus pneumoniae,1
SAMN09704658,CP031246.1,Streptococcus pneumoniae,0
SAMN09704656,CP031247.1,Streptococcus pneumoniae,1
SAMN09704905,CP031249.1,Haemophilus influenzae,2
SAMN09704916,CP031250.1,Haemophilus influenzae,1
SAMN09704928,CP031254.1,Haemophilus influenzae,2
SAMN09704974,CP031256.1,Escherichia coli,3
SAMN09469079,CP031315.1,Serratia spp,0
SAMN09469079,CP031316.1,Serratia spp,2
SAMN09729056,CP031321.1,Escherichia coli,3
SAMN09729056,CP031322.1,Escherichia coli,0
SAMN09729056,CP031323.1,Escherichia coli,0
SAMN09704702,CP031324.1,Neisseria spp,0
SAMN09704671,CP031328.1,Neisseria spp,1
SAMN09704694,CP031329.1,Neisseria spp,0
SAMN09704690,CP031330.1,Neisseria spp,1
SAMN09704670,CP031333.1,Neisseria spp,0
SAMN09704693,CP031334.1,Neisseria spp,0
SAMN09704705,CP031335.1,Neisseria spp,1
SAMN09704687,CP031336.1,Neisseria spp,1
SAMN07692776,CP031449.2,Pseudomonas aeruginosa,6
SAMN09789228,CP031556.1,Streptococcus agalactiae,2
SAMN04448498,CP031571.1,Enterobacter spp,4
SAMN04448498,CP031572.1,Enterobacter spp,0
SAMN04448498,CP031573.1,Enterobacter spp,0
SAMN04448505,CP031577.1,Klebsiella pneumoniae,4
SAMN04448505,CP031578.1,Klebsiella pneumoniae,0
SAMN04448505,CP031579.1,Klebsiella pneumoniae,0
SAMN04448505,CP031580.1,Klebsiella pneumoniae,0
SAMN04448505,CP031581.1,Klebsiella pneumoniae,0
SAMN04448505,CP031582.1,Klebsiella pneumoniae,0
SAMN04448505,CP031583.1,Klebsiella pneumoniae,0
SAMN04448505,CP031584.1,Klebsiella pneumoniae,0
SAMN08563018,CP031618.1,Streptococcus pyogenes,2
SAMN08562467,CP031623.1,Streptococcus pyogenes,1
SAMN08556433,CP031625.1,Streptococcus pyogenes,2
SAMN08556272,CP031627.1,Streptococcus pyogenes,1
SAMN08556024,CP031632.1,Streptococcus pyogenes,2
SAMN08555796,CP031634.1,Streptococcus pyogenes,1
SAMN08555766,CP031636.1,Streptococcus pyogenes,1
SAMN08555653,CP031638.1,Streptococcus pyogenes,0
SAMN08555522,CP031640.1,Streptococcus pyogenes,1
SAMN07421955,CP031678.1,Haemophilus influenzae,2
SAMN07421951,CP031679.1,Haemophilus influenzae,2
SAMN07421944,CP031681.1,Haemophilus influenzae,6
SAMN07421940,CP031682.1,Haemophilus influenzae,3
SAMN07421929,CP031684.1,Haemophilus influenzae,0
SAMN07421919,CP031686.1,Haemophilus influenzae,2
SAMN07421918,CP031687.1,Haemophilus influenzae,1
SAMN07421913,CP031688.1,Haemophilus influenzae,2
SAMN07421894,CP031690.1,Haemophilus influenzae,2
SAMN07421892,CP031691.1,Haemophilus influenzae,2
SAMN07421872,CP031692.1,Haemophilus influenzae,1
SAMN09759286,CP031693.1,Bacillus subtilis,2
SAMN08027258,CP031722.1,Enterobacter spp,0
SAMN08027258,CP031723.1,Enterobacter spp,0
SAMN08027258,CP031724.1,Enterobacter spp,0
SAMN08027258,CP031725.1,Enterobacter spp,0
SAMN08027258,CP031726.1,Enterobacter spp,2
SAMN09874192,CP031784.1,Bacillus subtilis,1
SAMN09908145,CP031846.1,Proteus spp,3
SAMN09908145,CP031847.1,Proteus spp,0
SAMN09951375,CP032126.1,Pseudomonas aeruginosa,1
SAMN04014957,CP032180.1,Citrobacter spp,0
SAMN04014957,CP032181.1,Citrobacter spp,0
SAMN04014957,CP032182.1,Citrobacter spp,0
SAMN04014957,CP032183.1,Citrobacter spp,1
SAMN04014957,CP032184.1,Citrobacter spp,3
SAMN04014950,CP032206.1,Klebsiella pneumoniae,0
SAMN04014950,CP032207.1,Klebsiella pneumoniae,2
SAMN04014950,CP032208.1,Klebsiella pneumoniae,0
SAMN04014950,CP032209.1,Klebsiella pneumoniae,0
SAMN04014950,CP032210.1,Klebsiella pneumoniae,0
SAMN04014950,CP032211.1,Klebsiella pneumoniae,0
SAMN04014950,CP032212.1,Klebsiella pneumoniae,0
SAMN10031395,CP032295.1,Morganella morganii,3
SAMN07945858,CP032307.1,Enterococcus faecium,0
SAMN07945858,CP032308.1,Enterococcus faecium,0
SAMN07945858,CP032309.1,Enterococcus faecium,0
SAMN10036094,CP032310.1,Bacillus subtilis,2
SAMN10034081,CP032316.1,Campylobacter spp,3
SAMN08868707,CP032390.1,Salmonella enterica,5
SAMN08868707,CP032391.1,Salmonella enterica,0
SAMN08868707,CP032392.1,Salmonella enterica,0
SAMN10035124,CP032398.2,Neisseria spp,1
SAMN10035124,CP032399.1,Neisseria spp,0
SAMN09791879,CP032444.1,Salmonella enterica,2
SAMN09791879,CP032445.1,Salmonella enterica,0
SAMN10053769,CP032476.1,Helicobacter pylori,0
SAMN10053716,CP032477.1,Helicobacter pylori,0
SAMN10053522,CP032479.1,Helicobacter pylori,0
SAMN08556030,CP032666.1,Streptococcus pyogenes,1
SAMN10172638,CP032699.1,Streptococcus pyogenes,1
SAMN10172691,CP032700.1,Streptococcus pyogenes,0
SAMN10172691,CP032701.1,Streptococcus pyogenes,0
SAMN10135127,CP032741.1,Acinetobacter baumannii,0
SAMN10135127,CP032742.1,Acinetobacter baumannii,0
SAMN10135127,CP032743.1,Acinetobacter baumannii,2
SAMEA3357079,CP032831.1,Klebsiella pneumoniae,3
SAMEA3357079,CP032832.1,Klebsiella pneumoniae,0
SAMN10174734,CP032841.1,Enterobacter spp,3
SAMN10174734,CP032842.1,Enterobacter spp,0
SAMN10174734,CP032843.1,Enterobacter spp,0
SAMN10174734,CP032844.1,Enterobacter spp,0
SAMN10174734,CP032845.1,Enterobacter spp,0
SAMN10174734,CP032846.1,Enterobacter spp,0
SAMN10174734,CP032847.1,Enterobacter spp,0
SAMN10225147,CP032857.1,Bacillus subtilis,4
SAMN10225147,CP032858.1,Bacillus subtilis,0
SAMN10225147,CP032859.1,Bacillus subtilis,0
SAMN10225188,CP032860.1,Bacillus subtilis,2
SAMN10225190,CP032861.1,Bacillus subtilis,4
SAMN10225190,CP032862.1,Bacillus subtilis,0
SAMN10225276,CP032867.1,Bacillus subtilis,4
SAMN10225276,CP032868.1,Bacillus subtilis,0
SAMN10053855,CP032898.1,Helicobacter pylori,0
SAMN10053762,CP032901.1,Helicobacter pylori,0
SAMN10053703,CP032904.1,Helicobacter pylori,0
SAMN10053562,CP032907.1,Helicobacter pylori,0
SAMN10218950,CP033056.1,Morganella morganii,4
SAMN10218950,CP033057.1,Morganella morganii,0
SAMN10252913,CP033091.2,Escherichia coli,0
SAMN10252913,CP033092.2,Escherichia coli,4
SAMN10172669,CP033336.1,Streptococcus pyogenes,0
SAMN10364850,CP033513.1,Vibrio cholerae,0
SAMN10364850,CP033514.1,Vibrio cholerae,0
SAMN10364850,CP033515.1,Vibrio cholerae,0
SAMN10397505,CP033621.1,Streptococcus pyogenes,3
SAMN10393815,CP033623.1,Serratia spp,2
SAMN10343201,CP033624.1,Klebsiella pneumoniae,0
SAMN10343201,CP033625.1,Klebsiella pneumoniae,3
SAMN10343201,CP033626.1,Klebsiella pneumoniae,0
SAMN10343201,CP033627.1,Klebsiella pneumoniae,0
SAMN10343201,CP033628.1,Klebsiella pneumoniae,0
SAMN10343201,CP033629.1,Klebsiella pneumoniae,0
SAMN10343201,CP033630.1,Klebsiella pneumoniae,0
SAMN10374625,CP033685.1,Pseudomonas aeruginosa,3
SAMN10374624,CP033686.1,Pseudomonas aeruginosa,3
SAMN10163243,CP033742.1,Citrobacter spp,3
SAMN10163206,CP033822.1,Streptococcus agalactiae,2
SAMN10163195,CP033833.1,Pseudomonas aeruginosa,4
SAMN10411605,CP033869.1,Acinetobacter baumannii,4
SAMN10411605,CP033870.1,Acinetobacter baumannii,0
SAMN10411605,CP033871.1,Acinetobacter baumannii,0
SAMN10411605,CP033872.1,Acinetobacter baumannii,0
SAMN10413339,CP033893.1,Serratia spp,12
SAMN10413339,CP033894.1,Serratia spp,0
SAMN10413339,CP033895.1,Serratia spp,0
SAMN10416086,CP033907.1,Streptococcus pyogenes,2
SAMN10374695,CP033978.1,Staphylococcus aureus,0
SAMN10374695,CP033979.1,Staphylococcus aureus,0
SAMN10374695,CP033980.1,Staphylococcus aureus,0
SAMN10374695,CP033981.1,Staphylococcus aureus,0
SAMN10374695,CP033982.1,Staphylococcus aureus,2
SAMN10374694,CP033983.1,Staphylococcus aureus,0
SAMN10374694,CP033984.1,Staphylococcus aureus,0
SAMN10374694,CP033985.1,Staphylococcus aureus,0
SAMN10374694,CP033986.1,Staphylococcus aureus,0
SAMN10374694,CP033987.1,Staphylococcus aureus,2
SAMN10374691,CP033994.1,Staphylococcus aureus,0
SAMN10374691,CP033995.1,Staphylococcus aureus,0
SAMN10374691,CP033996.1,Staphylococcus aureus,2
SAMN10374689,CP034000.1,Staphylococcus aureus,0
SAMN10374689,CP034001.1,Staphylococcus aureus,0
SAMN10374689,CP034002.1,Staphylococcus aureus,2
SAMN10395918,CP034016.1,Neisseria spp,1
SAMN10395918,CP034017.1,Neisseria spp,0
SAMN10395916,CP034022.1,Neisseria spp,1
SAMN10395916,CP034023.1,Neisseria spp,0
SAMN10395917,CP034024.1,Neisseria spp,1
SAMN10395917,CP034025.1,Neisseria spp,0
SAMN10396000,CP034028.1,Neisseria spp,1
SAMN10396000,CP034029.1,Neisseria spp,0
SAMN10395999,CP034030.1,Neisseria spp,1
SAMN10395999,CP034031.1,Neisseria spp,0
SAMN08579613,CP034039.1,Klebsiella pneumoniae,6
SAMN08579613,CP034040.1,Klebsiella pneumoniae,0
SAMN08579613,CP034041.1,Klebsiella pneumoniae,0
SAMN08579613,CP034042.1,Klebsiella pneumoniae,0
SAMN08579613,CP034043.1,Klebsiella pneumoniae,0
SAMN10461767,CP034071.1,Helicobacter pylori,0
SAMN10458171,CP034090.1,Proteus spp,3
SAMN10458127,CP034091.1,Proteus spp,3
SAMN06329538,CP034147.1,Helicobacter pylori,0
SAMN07258642,CP034243.1,Acinetobacter baumannii,3
SAMN09379579,CP034315.1,Streptococcus agalactiae,1
SAMN10536214,CP034393.1,Campylobacter spp,2
SAMN10537194,CP034415.1,Klebsiella pneumoniae,5
SAMN10537194,CP034416.1,Klebsiella pneumoniae,0
SAMN10537194,CP034417.1,Klebsiella pneumoniae,0
SAMN10537194,CP034418.1,Klebsiella pneumoniae,0
SAMN10537194,CP034419.1,Klebsiella pneumoniae,0
SAMN10537431,CP034484.1,Bacillus subtilis,2
SAMN10537431,CP034485.1,Bacillus subtilis,0
SAMN10536193,CP034662.1,Moraxella catarrhalis,1
SAMN10536192,CP034663.1,Moraxella catarrhalis,0
SAMN10536191,CP034664.1,Moraxella catarrhalis,0
SAMN10536190,CP034665.1,Moraxella catarrhalis,0
SAMN10536188,CP034666.1,Moraxella catarrhalis,0
SAMN10712293,CP034944.1,Morganella morganii,5
SAMN06909178,CP034954.1,Escherichia coli,0
SAMN06909178,CP034955.1,Escherichia coli,0
SAMN06909178,CP034956.1,Escherichia coli,0
SAMN06909178,CP034957.1,Escherichia coli,0
SAMN06909178,CP034958.1,Escherichia coli,0
SAMN10663175,CP035106.1,Helicobacter pylori,0
SAMN10742281,CP035136.1,Enterococcus faecium,1
SAMN10742281,CP035137.1,Enterococcus faecium,0
SAMN10742281,CP035138.1,Enterococcus faecium,0
SAMN10742270,CP035161.1,Bacillus subtilis,3
SAMN10742278,CP035162.1,Bacillus subtilis,4
SAMN10742284,CP035165.1,Bacillus subtilis,1
SAMN10742484,CP035166.1,Bacillus subtilis,3
SAMN07258689,CP035183.1,Acinetobacter baumannii,2
SAMN10754103,CP035226.1,Bacillus subtilis,3
SAMN10754103,CP035227.1,Bacillus subtilis,0
SAMN10754256,CP035231.1,Bacillus subtilis,4
SAMN10734540,CP035234.1,Streptococcus pneumoniae,0
SAMN10734538,CP035236.1,Streptococcus pneumoniae,0
SAMN10734536,CP035238.1,Streptococcus pneumoniae,0
SAMN10734535,CP035239.1,Streptococcus pneumoniae,0
SAMN10734533,CP035241.1,Streptococcus pneumoniae,0
SAMN10734532,CP035242.1,Streptococcus pneumoniae,1
SAMN10734531,CP035243.1,Streptococcus pneumoniae,1
SAMN10734530,CP035244.1,Streptococcus pneumoniae,0
SAMN10734529,CP035245.1,Streptococcus pneumoniae,1
SAMN10734526,CP035248.1,Streptococcus pneumoniae,0
SAMN10734525,CP035249.1,Streptococcus pneumoniae,0
SAMN10734523,CP035251.1,Streptococcus pneumoniae,0
SAMN10734522,CP035252.1,Streptococcus pneumoniae,0
SAMN10734518,CP035256.1,Streptococcus pneumoniae,1
SAMN10734517,CP035257.1,Streptococcus pneumoniae,0
SAMN10734516,CP035258.1,Streptococcus pneumoniae,0
SAMN10734515,CP035259.1,Streptococcus pneumoniae,0
SAMN10734514,CP035260.1,Streptococcus pneumoniae,0
SAMN10734513,CP035261.1,Streptococcus pneumoniae,1
SAMN10734512,CP035262.1,Streptococcus pneumoniae,0
SAMN10734510,CP035264.1,Streptococcus pneumoniae,1
SAMN10734509,CP035265.1,Streptococcus pneumoniae,0
SAMN10754625,CP035276.1,Citrobacter spp,2
SAMN10754625,CP035277.1,Citrobacter spp,0
SAMN10755318,CP035385.1,Enterobacter spp,6
SAMN10755318,CP035386.1,Enterobacter spp,0
SAMN10755318,CP035387.1,Enterobacter spp,0
SAMN10755318,CP035388.1,Enterobacter spp,0
SAMN10755318,CP035389.1,Enterobacter spp,0
SAMN10790856,CP035390.1,Bacillus subtilis,3
SAMN10790879,CP035397.1,Bacillus subtilis,3
SAMN10790879,CP035398.1,Bacillus subtilis,0
SAMN10790883,CP035400.1,Bacillus subtilis,3
SAMN10790884,CP035401.1,Bacillus subtilis,3
SAMN10790877,CP035402.1,Bacillus subtilis,3
SAMN10793326,CP035428.1,Streptococcus pyogenes,0
SAMN10793323,CP035431.1,Streptococcus pyogenes,1
SAMN10793322,CP035432.1,Streptococcus pyogenes,1
SAMN10793321,CP035433.1,Streptococcus pyogenes,0
SAMN10793319,CP035435.1,Streptococcus pyogenes,1
SAMN10793318,CP035436.1,Streptococcus pyogenes,1
SAMN10793317,CP035437.1,Streptococcus pyogenes,1
SAMN10793316,CP035438.1,Streptococcus pyogenes,2
SAMN10793314,CP035440.1,Streptococcus pyogenes,0
SAMN10793312,CP035442.1,Streptococcus pyogenes,2
SAMN10793310,CP035444.1,Streptococcus pyogenes,0
SAMN10793309,CP035445.1,Streptococcus pyogenes,1
SAMN10793308,CP035446.1,Streptococcus pyogenes,0
SAMN10793306,CP035448.1,Streptococcus pyogenes,1
SAMN10793305,CP035449.1,Streptococcus pyogenes,2
SAMN10793303,CP035451.1,Streptococcus pyogenes,1
SAMN10793302,CP035452.1,Streptococcus pyogenes,0
SAMN10793299,CP035455.1,Streptococcus pyogenes,3
SAMN10863479,CP035644.1,Enterococcus faecium,0
SAMN10863479,CP035645.1,Enterococcus faecium,0
SAMN10863479,CP035646.1,Enterococcus faecium,0
SAMN10863479,CP035647.1,Enterococcus faecium,0
SAMN10863479,CP035648.1,Enterococcus faecium,0
SAMN10863479,CP035649.1,Enterococcus faecium,0
SAMN10863491,CP035650.1,Enterococcus faecium,0
SAMN10863491,CP035651.1,Enterococcus faecium,0
SAMN10863491,CP035652.1,Enterococcus faecium,0
SAMN10863491,CP035653.1,Enterococcus faecium,0
SAMN10863491,CP035654.1,Enterococcus faecium,0
SAMN10863491,CP035655.1,Enterococcus faecium,0
SAMN10904678,CP035822.1,Escherichia coli,1
SAMN10904678,CP035823.1,Escherichia coli,0
SAMN10904678,CP035824.1,Escherichia coli,0
SAMN10904678,CP035825.1,Escherichia coli,0
SAMN10914547,CP035917.1,Salmonella enterica,6
SAMN10914547,CP035918.1,Salmonella enterica,0
SAMN10913631,CP035927.1,Campylobacter spp,0
SAMN08848595,CP036167.1,Salmonella enterica,0
SAMN10907844,CP036376.1,Streptococcus agalactiae,2
SAMN10961648,CP036380.1,Helicobacter pylori,0
SAMN10961647,CP036381.1,Helicobacter pylori,0
SAMN10961646,CP036382.1,Helicobacter pylori,0
SAMN10961644,CP036384.1,Helicobacter pylori,0
SAMN10961641,CP036387.1,Helicobacter pylori,0
SAMN10961639,CP036389.1,Helicobacter pylori,0
SAMN10961637,CP036391.1,Helicobacter pylori,0
SAMN10961635,CP036393.1,Helicobacter pylori,0
SAMN10961633,CP036395.1,Helicobacter pylori,0
SAMN10961629,CP036399.1,Helicobacter pylori,0
SAMN03455995,CP036438.1,Klebsiella pneumoniae,3
SAMN03455995,CP036439.1,Klebsiella pneumoniae,0
SAMN03455995,CP036440.1,Klebsiella pneumoniae,0
SAMN03455995,CP036441.1,Klebsiella pneumoniae,0
SAMN11029208,CP036499.1,Vibrio cholerae,0
SAMN11029208,CP036500.1,Vibrio cholerae,1
SAMN11029189,CP036530.1,Streptococcus pyogenes,0
SAMN11032819,CP036531.1,Streptococcus pyogenes,0
SAMN11055879,CP037734.1,Citrobacter spp,3
SAMN11055879,CP037735.1,Citrobacter spp,0
SAMN11055879,CP037736.1,Citrobacter spp,0
SAMN11055879,CP037737.1,Citrobacter spp,0
SAMN11055879,CP037738.1,Citrobacter spp,0
SAMN11055879,CP037740.1,Citrobacter spp,0
SAMN11055879,CP037741.1,Citrobacter spp,0
SAMN10498876,CP037892.1,Salmonella enterica,3
SAMN11180681,CP038162.1,Enterococcus faecium,0
SAMN11180681,CP038163.1,Enterococcus faecium,2
SAMN11180836,CP038168.1,Enterococcus faecium,1
SAMN11180836,CP038169.1,Enterococcus faecium,0
SAMN11189591,CP038170.1,Enterococcus faecium,2
SAMN11189932,CP038172.1,Enterococcus faecium,2
SAMN11189932,CP038173.1,Enterococcus faecium,0
SAMN11180788,CP038176.1,Enterococcus faecium,0
SAMN11180788,CP038177.1,Enterococcus faecium,1
SAMN10734565,CP038251.1,Streptococcus pneumoniae,0
SAMN10734562,CP038253.1,Streptococcus pneumoniae,0
SAMN10386508,CP038258.1,Acinetobacter baumannii,0
SAMN10386508,CP038259.1,Acinetobacter baumannii,0
SAMN10386508,CP038260.1,Acinetobacter baumannii,0
SAMN10386508,CP038261.1,Acinetobacter baumannii,0
SAMN11166132,CP038268.1,Staphylococcus aureus,2
SAMN11267279,CP038282.1,Escherichia coli,12
SAMN11267279,CP038283.1,Escherichia coli,0
SAMN05360245,CP038284.1,Escherichia coli,11
SAMN05360245,CP038285.1,Escherichia coli,0
SAMN05360245,CP038286.1,Escherichia coli,0
SAMN05360240,CP038292.1,Escherichia coli,11
SAMN05360240,CP038293.1,Escherichia coli,0
SAMN05360240,CP038294.1,Escherichia coli,0
SAMN11229501,CP038313.1,Escherichia coli,10
SAMN11229501,CP038314.1,Escherichia coli,0
SAMN11229501,CP038315.1,Escherichia coli,0
SAMN11282551,CP038434.1,Salmonella enterica,5
SAMN11282551,CP038435.1,Salmonella enterica,0
SAMN06030139,CP038601.1,Salmonella enterica,2
SAMN06030139,CP038602.1,Salmonella enterica,0
SAMN06030139,CP038603.1,Salmonella enterica,0
SAMN11311113,CP038644.1,Acinetobacter baumannii,2
SAMN11311113,CP038645.1,Acinetobacter baumannii,1
SAMN11311113,CP038646.1,Acinetobacter baumannii,0
SAMN11311113,CP038647.1,Acinetobacter baumannii,0
SAMN11311113,CP038648.1,Acinetobacter baumannii,0
SAMN11311113,CP038649.1,Acinetobacter baumannii,0
SAMN11311113,CP038650.1,Acinetobacter baumannii,0
SAMN11311113,CP038651.1,Acinetobacter baumannii,0
SAMN11311113,CP038652.1,Acinetobacter baumannii,0
SAMN11287982,CP038653.1,Citrobacter spp,6
SAMN11287982,CP038654.1,Citrobacter spp,0
SAMN11287982,CP038655.1,Citrobacter spp,0
SAMN11288321,CP038656.1,Citrobacter spp,8
SAMN11288321,CP038657.1,Citrobacter spp,0
SAMN11288343,CP038658.1,Citrobacter spp,7
SAMN11288343,CP038659.1,Citrobacter spp,0
SAMN11288343,CP038660.1,Citrobacter spp,0
SAMN03329970,CP038809.1,Streptococcus agalactiae,0
SAMN10867607,CP038996.1,Enterococcus faecium,3
SAMN10867607,CP038997.1,Enterococcus faecium,0
SAMN11401652,CP039377.1,Morganella morganii,4
SAMN11266257,CP039403.1,Escherichia coli,4
SAMN11355843,CP039436.1,Salmonella enterica,3
SAMN01942268,CP039473.1,Salmonella enterica,1
SAMN01942268,CP039474.1,Salmonella enterica,0
SAMN01942268,CP039475.1,Salmonella enterica,0
SAMN00991046,CP039491.1,Salmonella enterica,1
SAMN00991046,CP039492.1,Salmonella enterica,0
SAMN00989085,CP039500.1,Salmonella enterica,1
SAMN11445819,CP039503.1,Salmonella enterica,2
SAMN11445819,CP039504.1,Salmonella enterica,0
SAMN11445819,CP039505.1,Salmonella enterica,0
SAMN11445819,CP039506.1,Salmonella enterica,0
SAMN11445819,CP039507.1,Salmonella enterica,0
SAMN11445819,CP039508.1,Salmonella enterica,0
SAMN11415942,CP039548.1,Enterococcus faecalis,2
SAMN11519450,CP039935.1,Bacillus subtilis,2
SAMN11514673,CP039945.1,Klebsiella pneumoniae,4
SAMN11514673,CP039946.1,Klebsiella pneumoniae,0
SAMN11514673,CP039947.1,Klebsiella pneumoniae,0
SAMN11415929,CP040015.1,Campylobacter spp,1
SAMN11415912,CP040016.1,Campylobacter spp,2
SAMN11604374,CP040171.1,Vibrio cholerae,0
SAMN11604374,CP040172.1,Vibrio cholerae,0
SAMN11604374,CP040173.1,Vibrio cholerae,0
SAMN11605912,CP040182.1,Serratia spp,3
SAMN10784800,CP040263.1,Escherichia coli,6
SAMN10784800,CP040264.1,Escherichia coli,0
SAMN10784800,CP040265.1,Escherichia coli,0
SAMN10784800,CP040266.1,Escherichia coli,0
SAMN10784800,CP040267.1,Escherichia coli,0
SAMN10784800,CP040268.1,Escherichia coli,0
SAMN10784802,CP040269.1,Escherichia coli,3
SAMN10784802,CP040270.1,Escherichia coli,0
SAMN10784802,CP040271.1,Escherichia coli,0
SAMN11633367,CP040350.1,Serratia spp,2
SAMN09943628,CP040646.1,Salmonella enterica,2
SAMN09943628,CP040647.1,Salmonella enterica,0
SAMN11774882,CP040664.1,Escherichia coli,0
SAMN11845725,CP040696.1,Citrobacter spp,0
SAMN11845725,CP040697.1,Citrobacter spp,0
SAMN11845725,CP040698.1,Citrobacter spp,1
SAMN10261265,CP040701.1,Salmonella enterica,7
SAMN10261265,CP040702.1,Salmonella enterica,0
SAMN11848047,CP040703.1,Enterococcus faecium,0
SAMN11848047,CP040704.1,Enterococcus faecium,0
SAMN11848047,CP040705.1,Enterococcus faecium,0
SAMN11848047,CP040706.1,Enterococcus faecium,0
SAMN11848047,CP040707.1,Enterococcus faecium,0
SAMN11848047,CP040708.1,Enterococcus faecium,0
SAMN11890391,CP040740.1,Enterococcus faecium,0
SAMN11890391,CP040741.1,Enterococcus faecium,0
SAMN11890391,CP040742.1,Enterococcus faecium,0
SAMN11890391,CP040743.1,Enterococcus faecium,0
SAMN11890391,CP040744.1,Enterococcus faecium,0
SAMN11928015,CP040801.1,Staphylococcus aureus,1
SAMN11928015,CP040802.1,Staphylococcus aureus,0
SAMN11618737,CP040859.1,Klebsiella pneumoniae,0
SAMN11618737,CP040860.1,Klebsiella pneumoniae,0
SAMN11618737,CP040861.1,Klebsiella pneumoniae,5
SAMN11618737,CP040862.1,Klebsiella pneumoniae,0
SAMN11960005,CP040877.1,Enterococcus faecium,0
SAMN11960005,CP040878.1,Enterococcus faecium,3
SAMN11056489,CP040997.1,Streptococcus pyogenes,4
SAMN11056483,CP041005.1,Salmonella enterica,5
SAMN11056483,CP041006.1,Salmonella enterica,0
SAMN11056483,CP041007.1,Salmonella enterica,0
SAMN11056481,CP041009.1,Staphylococcus aureus,0
SAMN11056481,CP041010.1,Staphylococcus aureus,3
SAMN11461876,CP041122.1,Serratia spp,3
SAMN11461877,CP041123.1,Serratia spp,2
SAMN11461878,CP041124.1,Serratia spp,3
SAMN11894224,CP041129.1,Serratia spp,2
SAMN11894225,CP041130.1,Serratia spp,2
SAMN11894228,CP041134.1,Serratia spp,2
SAMN11979405,CP041171.1,Salmonella enterica,3
SAMN11979405,CP041172.1,Salmonella enterica,0
SAMN11979403,CP041176.1,Salmonella enterica,2
SAMN11979403,CP041177.1,Salmonella enterica,0
SAMN11979403,CP041178.1,Salmonella enterica,0
SAMN02352684,CP041183.1,Salmonella enterica,4
SAMN12141647,CP041254.1,Enterococcus faecium,0
SAMN12141647,CP041255.1,Enterococcus faecium,0
SAMN12141647,CP041256.1,Enterococcus faecium,0
SAMN12141647,CP041257.1,Enterococcus faecium,1
SAMN12141647,CP041258.1,Enterococcus faecium,0
SAMN12138936,CP041261.3,Enterococcus faecium,2
SAMN12138936,CP041262.3,Enterococcus faecium,0
SAMN12138936,CP041263.2,Enterococcus faecium,0
SAMN12138936,CP041264.2,Enterococcus faecium,0
SAMN12138936,CP041265.2,Enterococcus faecium,0
SAMN12138936,CP041266.2,Enterococcus faecium,0
SAMN12138936,CP041267.2,Enterococcus faecium,0
SAMN12138936,CP041268.2,Enterococcus faecium,0
SAMN12138936,CP041269.2,Enterococcus faecium,0
SAMN12138986,CP041270.2,Enterococcus faecium,2
SAMN12138986,CP041271.2,Enterococcus faecium,0
SAMN12138986,CP041272.1,Enterococcus faecium,0
SAMN12138986,CP041273.1,Enterococcus faecium,0
SAMN12138986,CP041275.1,Enterococcus faecium,0
SAMN12138986,CP041276.1,Enterococcus faecium,0
SAMN12138986,CP041278.1,Enterococcus faecium,0
SAMN12138986,CP041279.2,Enterococcus faecium,0
SAMN12168219,CP041344.1,Enterococcus faecalis,1
SAMN11231229,CP041358.1,Escherichia coli,0
SAMN11231229,CP041359.1,Escherichia coli,5
SAMN11230749,CP041392.1,Escherichia coli,2
SAMN11230749,CP041393.1,Escherichia coli,0
SAMN11230749,CP041394.1,Escherichia coli,0
SAMN12214766,CP041431.1,Escherichia coli,9
SAMN12214766,CP041432.1,Escherichia coli,0
SAMN12249490,CP041584.1,Campylobacter spp,1
SAMN12158047,CP041587.1,Acinetobacter baumannii,1
SAMN12158047,CP041588.1,Acinetobacter baumannii,0
SAMN12158047,CP041589.1,Acinetobacter baumannii,0
SAMN12158047,CP041590.1,Acinetobacter baumannii,1
SAMN12306076,CP041733.1,Enterobacter spp,5
SAMN12306076,CP041735.1,Enterobacter spp,0
SAMN12306076,CP041736.1,Enterobacter spp,0
SAMN12306076,CP041737.1,Enterobacter spp,0
SAMN00808929,CP041738.1,Enterococcus faecalis,2
SAMN00808929,CP041739.1,Enterococcus faecalis,0
SAMN00808929,CP041740.1,Enterococcus faecalis,0
SAMN12355362,CP041998.1,Streptococcus agalactiae,1
SAMN12355365,CP041999.1,Streptococcus agalactiae,2
SAMN12355372,CP042000.1,Streptococcus agalactiae,1
SAMN12355381,CP042001.1,Streptococcus agalactiae,2
SAMN12355383,CP042002.1,Streptococcus agalactiae,1
SAMN12359203,CP042107.1,Staphylococcus aureus,2
SAMN12359203,CP042108.1,Staphylococcus aureus,0
SAMN12359203,CP042109.1,Staphylococcus aureus,0
SAMN10083778,CP042211.1,Helicobacter pylori,0
SAMN10083778,CP042212.1,Helicobacter pylori,0
SAMN12272102,CP042216.2,Enterococcus faecalis,2
SAMN12272102,CP042217.2,Enterococcus faecalis,0
SAMN12136324,CP042299.1,Vibrio cholerae,1
SAMN12136324,CP042300.1,Vibrio cholerae,1
SAMN12405229,CP042363.1,Serratia spp,2
SAMN12289284,CP042478.1,Citrobacter spp,2
SAMN12289284,CP042479.1,Citrobacter spp,0
SAMN12289284,CP042480.1,Citrobacter spp,0
SAMN12289339,CP042488.1,Enterobacter spp,3
SAMN12289339,CP042489.1,Enterobacter spp,0
SAMN12289339,CP042491.1,Enterobacter spp,0
SAMN12289339,CP042492.1,Enterobacter spp,0
SAMN12289419,CP042512.1,Serratia spp,3
SAMN12289419,CP042513.1,Serratia spp,0
SAMN12289419,CP042514.1,Serratia spp,0
SAMN12289419,CP042515.1,Serratia spp,0
SAMN12289419,CP042516.1,Serratia spp,0
SAMN12289346,CP042517.1,Citrobacter spp,2
SAMN12289346,CP042518.1,Citrobacter spp,0
SAMN12289395,CP042524.1,Citrobacter spp,3
SAMN12289395,CP042525.1,Citrobacter spp,0
SAMN12289395,CP042526.1,Citrobacter spp,0
SAMN12289395,CP042527.1,Citrobacter spp,0
SAMN12289395,CP042528.1,Citrobacter spp,0
SAMN12289395,CP042529.1,Citrobacter spp,0
SAMN12289332,CP042534.1,Citrobacter spp,3
SAMN12289332,CP042535.1,Citrobacter spp,0
SAMN12289332,CP042536.1,Citrobacter spp,0
SAMN12289332,CP042537.1,Citrobacter spp,0
SAMN12289332,CP042538.1,Citrobacter spp,0
SAMN12289332,CP042539.1,Citrobacter spp,0
SAMN12289292,CP042556.1,Acinetobacter baumannii,2
SAMN12289292,CP042557.1,Acinetobacter baumannii,0
SAMN12289292,CP042558.1,Acinetobacter baumannii,0
SAMN12289292,CP042559.1,Acinetobacter baumannii,0
SAMN12289292,CP042560.1,Acinetobacter baumannii,0
SAMN12289292,CP042561.1,Acinetobacter baumannii,0
SAMN12289292,CP042562.1,Acinetobacter baumannii,0
SAMN12289292,CP042563.1,Acinetobacter baumannii,0
SAMN12289292,CP042564.1,Acinetobacter baumannii,0
SAMN12289292,CP042565.1,Acinetobacter baumannii,0
SAMN12289291,CP042571.1,Enterobacter spp,2
SAMN12289291,CP042572.1,Enterobacter spp,0
SAMN12289291,CP042573.1,Enterobacter spp,0
SAMN12289291,CP042574.1,Enterobacter spp,0
SAMN12289291,CP042575.1,Enterobacter spp,0
SAMN12289291,CP042576.1,Enterobacter spp,0
SAMN12289291,CP042577.1,Enterobacter spp,0
SAMN12399660,CP042841.1,Acinetobacter baumannii,2
SAMN12399660,CP042842.1,Acinetobacter baumannii,0
SAMN12561906,CP042845.1,Escherichia coli,0
SAMN12558915,CP042857.1,Proteus spp,3
SAMN12565117,CP042885.1,Escherichia coli,0
SAMN12565117,CP042886.1,Escherichia coli,0
SAMN12565117,CP042887.1,Escherichia coli,0
SAMN12565117,CP042888.1,Escherichia coli,0
SAMN12565117,CP042889.1,Escherichia coli,0
SAMN12565117,CP042890.1,Escherichia coli,0
SAMN12565117,CP042891.1,Escherichia coli,0
SAMN12565117,CP042892.1,Escherichia coli,5
SAMN06909729,CP042896.1,Escherichia coli,4
SAMN06909729,CP042897.1,Escherichia coli,0
SAMN06909729,CP042898.1,Escherichia coli,0
SAMN06909723,CP042899.1,Escherichia coli,4
SAMN06909723,CP042900.1,Escherichia coli,0
SAMN12566310,CP042907.1,Proteus spp,3
SAMN12603267,CP043191.1,Escherichia coli,1
SAMN12603267,CP043192.1,Escherichia coli,0
SAMN12603261,CP043203.1,Escherichia coli,1
SAMN12603261,CP043204.1,Escherichia coli,0
SAMN12603257,CP043211.1,Escherichia coli,1
SAMN12603257,CP043212.1,Escherichia coli,0
SAMN12603275,CP043225.1,Enterobacter spp,2
SAMN12158048,CP043284.1,Escherichia coli,1
SAMN12158048,CP043285.1,Escherichia coli,0
SAMN12158048,CP043286.1,Escherichia coli,0
SAMN12158048,CP043287.1,Escherichia coli,0
SAMN12158048,CP043288.1,Escherichia coli,0
SAMN12158048,CP043289.1,Escherichia coli,0
SAMN12158048,CP043290.1,Escherichia coli,0
SAMN12158048,CP043291.1,Escherichia coli,0
SAMN12158048,CP043292.1,Escherichia coli,0
SAMN12158048,CP043293.1,Escherichia coli,0
SAMN12158048,CP043294.1,Escherichia coli,0
SAMN12636071,CP043332.1,Proteus spp,3
SAMN12636071,CP043333.1,Proteus spp,0
SAMN06671974,CP043362.1,Klebsiella pneumoniae,2
SAMN06671974,CP043363.1,Klebsiella pneumoniae,0
SAMN06671974,CP043364.1,Klebsiella pneumoniae,0
SAMN11157690,CP043389.1,Staphylococcus aureus,2
SAMN11157690,CP043390.1,Staphylococcus aureus,0
SAMN11157690,CP043391.1,Staphylococcus aureus,0
SAMN12086475,CP043401.1,Salmonella enterica,5
SAMN12641172,CP043414.1,Escherichia coli,5
SAMN12641172,CP043415.1,Escherichia coli,0
SAMN12287008,CP043452.1,Acinetobacter baumannii,2
SAMN12287008,CP043453.1,Acinetobacter baumannii,0
SAMN12287008,CP043454.1,Acinetobacter baumannii,0
SAMN12572458,CP043554.1,Vibrio cholerae,0
SAMN12572458,CP043555.1,Vibrio cholerae,0
SAMN12572458,CP043556.1,Vibrio cholerae,0
SAMN12647218,CP043763.1,Campylobacter spp,0
SAMN12647218,CP043764.1,Campylobacter spp,0
SAMN12687934,CP043770.1,Haemophilus influenzae,4
SAMN12687935,CP043771.1,Haemophilus influenzae,3
SAMN12687936,CP043772.1,Haemophilus influenzae,3
SAMN12676040,CP043812.1,Neisseria spp,1
SAMN12676040,CP043813.1,Neisseria spp,0
SAMN12676040,CP043814.1,Neisseria spp,0
SAMN12676040,CP043815.1,Neisseria spp,0
SAMN12676039,CP043816.1,Neisseria spp,1
SAMN12676039,CP043817.1,Neisseria spp,0
SAMN12676039,CP043818.1,Neisseria spp,0
SAMN12676039,CP043819.1,Neisseria spp,0
SAMN04273155,CP043910.1,Acinetobacter baumannii,2
SAMN12769847,CP043955.1,Morganella morganii,6
SAMN12770272,CP044028.1,Proteus spp,3
SAMN11056385,CP044090.1,Streptococcus agalactiae,2
SAMN11056384,CP044091.1,Streptococcus agalactiae,1
SAMN11056383,CP044093.1,Streptococcus pyogenes,2
SAMN11056383,CP044094.1,Streptococcus pyogenes,0
SAMN11056383,CP044095.1,Streptococcus pyogenes,0
SAMN11056383,CP044096.1,Streptococcus pyogenes,0
SAMN11567705,CP044136.1,Proteus spp,3
SAMN12648980,CP044137.1,Escherichia coli,0
SAMN12648980,CP044138.1,Escherichia coli,0
SAMN12648980,CP044139.1,Escherichia coli,0
SAMN12648980,CP044140.1,Escherichia coli,10
SAMN12648980,CP044141.1,Escherichia coli,0
SAMN12648970,CP044161.1,Campylobacter spp,0
SAMN12648953,CP044184.1,Salmonella enterica,3
SAMN12648953,CP044185.1,Salmonella enterica,0
SAMN12818007,CP044264.1,Enterococcus faecium,1
SAMN12818007,CP044265.1,Enterococcus faecium,0
SAMN12818007,CP044266.1,Enterococcus faecium,0
SAMN12818007,CP044267.1,Enterococcus faecium,0
SAMN12818007,CP044268.1,Enterococcus faecium,0
SAMN12818007,CP044269.1,Enterococcus faecium,0
SAMN12818007,CP044270.1,Enterococcus faecium,0
SAMN12818007,CP044271.1,Enterococcus faecium,0
SAMN12818007,CP044272.1,Enterococcus faecium,0
SAMN12818007,CP044273.1,Enterococcus faecium,0
SAMN12822941,CP044314.1,Escherichia coli,9
SAMN12822940,CP044315.2,Escherichia coli,12
SAMN12859940,CP044436.1,Proteus spp,4
SAMN12859943,CP044437.1,Proteus spp,4
SAMN12877006,CP044497.1,Haemophilus influenzae,1
SAMN12990251,CP045008.1,Proteus spp,6
SAMN12990251,CP045009.1,Proteus spp,0
SAMN12990251,CP045010.1,Proteus spp,0
SAMN12990251,CP045011.1,Proteus spp,0
SAMN12389466,CP045108.1,Acinetobacter baumannii,0
SAMN12389466,CP045109.1,Acinetobacter baumannii,0
SAMN12389466,CP045110.1,Acinetobacter baumannii,3
SAMN12877722,CP045193.1,Klebsiella pneumoniae,2
SAMN12877722,CP045194.1,Klebsiella pneumoniae,0
SAMN12877722,CP045195.1,Klebsiella pneumoniae,0
SAMN13037561,CP045255.1,Proteus spp,0
SAMN13037561,CP045256.1,Proteus spp,0
SAMN13037561,CP045257.1,Proteus spp,4
SAMN12999995,CP045451.1,Enterobacter spp,1
SAMN13074771,CP045465.1,Salmonella enterica,5
SAMN12340956,CP045478.1,Bacillus subtilis,2
SAMN12340956,CP045479.1,Bacillus subtilis,0
SAMN13074762,CP045509.1,Salmonella enterica,1
SAMN13074762,CP045510.1,Salmonella enterica,0
SAMN13074762,CP045511.1,Salmonella enterica,0
SAMN13074762,CP045512.1,Salmonella enterica,0
SAMN13082492,CP045538.2,Proteus spp,5
SAMN13082492,CP045539.1,Proteus spp,0
SAMN13082492,CP045540.1,Proteus spp,0
SAMN13106282,CP045602.1,Enterococcus faecium,2
SAMN13106282,CP045603.1,Enterococcus faecium,0
SAMN13166158,CP045718.1,Vibrio cholerae,1
SAMN13166158,CP045719.1,Vibrio cholerae,2
SAMN13140889,CP045726.1,Citrobacter spp,4
SAMN13140889,CP045727.1,Citrobacter spp,0
SAMN10574818,CP045768.1,Pseudomonas aeruginosa,2
SAMN13190561,CP045812.1,Bacillus subtilis,2
SAMN13190561,CP045813.1,Bacillus subtilis,0
SAMN13190554,CP045819.1,Bacillus subtilis,2
SAMN13190553,CP045820.1,Bacillus subtilis,3
SAMN13190552,CP045821.1,Bacillus subtilis,2
SAMN13190552,CP045822.1,Bacillus subtilis,0
SAMN13190551,CP045823.1,Bacillus subtilis,2
SAMN13190550,CP045824.1,Bacillus subtilis,2
SAMN13190548,CP045826.1,Bacillus subtilis,3
SAMN10920452,CP045832.1,Neisseria spp,1
SAMN10920452,CP045833.1,Neisseria spp,0
SAMN10920452,CP045834.1,Neisseria spp,0
SAMN13190559,CP045922.1,Bacillus subtilis,2
SAMN13190559,CP045923.1,Bacillus subtilis,0
SAMN13191653,CP045930.1,Streptococcus pyogenes,0
SAMN13191652,CP045931.1,Streptococcus pneumoniae,0
SAMN13191648,CP045947.1,Salmonella enterica,5
SAMN13191648,CP045948.1,Salmonella enterica,0
SAMN13191641,CP045960.1,Neisseria spp,1
SAMN13191640,CP045961.1,Neisseria spp,1
SAMN13219623,CP046022.1,Enterococcus faecalis,0
SAMN13244673,CP046025.1,Escherichia coli,1
SAMN13244673,CP046026.1,Escherichia coli,0
SAMN13254340,CP046048.1,Proteus spp,3
SAMN13254342,CP046049.1,Proteus spp,3
SAMN13254342,CP046050.1,Proteus spp,0
SAMN13182398,CP046108.1,Enterococcus faecalis,1
SAMN13182398,CP046109.1,Enterococcus faecalis,0
SAMN13182398,CP046110.1,Enterococcus faecalis,0
SAMN13182397,CP046111.1,Enterococcus faecalis,2
SAMN13182396,CP046112.1,Enterococcus faecalis,2
SAMN13335779,CP046259.1,Escherichia coli,5
SAMN13335779,CP046260.1,Escherichia coli,0
SAMN13335779,CP046261.1,Escherichia coli,0
SAMN11056402,CP046282.1,Salmonella enterica,0
SAMN11056402,CP046283.1,Salmonella enterica,6
SAMN11056402,CP046284.1,Salmonella enterica,0
SAMN11056450,CP046317.1,Campylobacter spp,0
SAMN11056450,CP046318.1,Campylobacter spp,0
SAMN13321470,CP046354.1,Streptococcus pneumoniae,0
SAMN13321472,CP046356.1,Streptococcus pneumoniae,0
SAMN13321474,CP046358.1,Streptococcus pneumoniae,0
SAMN13321476,CP046359.1,Streptococcus pneumoniae,0
SAMN13321477,CP046360.1,Streptococcus pneumoniae,0
SAMN13321475,CP046379.1,Streptococcus pneumoniae,0
SAMN13155133,CP046448.1,Bacillus subtilis,1
SAMN13388595,CP046476.1,Staphylococcus aureus,1
SAMN13388595,CP046477.1,Staphylococcus aureus,0
SAMN13429994,CP046526.1,Escherichia coli,0
SAMN13429994,CP046527.1,Escherichia coli,12
SAMN13480523,CP046546.1,Acinetobacter baumannii,2
SAMN13480523,CP046547.1,Acinetobacter baumannii,0
SAMN13480523,CP046548.1,Acinetobacter baumannii,0
SAMN13503694,CP046591.1,Bacillus subtilis,3
SAMN13513903,CP046612.1,Klebsiella pneumoniae,7
SAMN13513903,CP046613.1,Klebsiella pneumoniae,0
SAMN13513903,CP046614.1,Klebsiella pneumoniae,0
SAMN12648323,CP046735.1,Vibrio cholerae,0
SAMN12648323,CP046736.1,Vibrio cholerae,1
SAMN12648320,CP046737.1,Vibrio cholerae,0
SAMN12648320,CP046738.1,Vibrio cholerae,0
SAMN12648319,CP046739.1,Vibrio cholerae,0
SAMN12648319,CP046740.1,Vibrio cholerae,0
SAMN12648318,CP046741.1,Vibrio cholerae,0
SAMN12648318,CP046742.1,Vibrio cholerae,0
SAMN12648314,CP046743.1,Vibrio cholerae,0
SAMN12648314,CP046744.1,Vibrio cholerae,1
SAMN12648312,CP046747.1,Vibrio cholerae,0
SAMN12648312,CP046748.1,Vibrio cholerae,1
SAMN12648311,CP046749.1,Vibrio cholerae,0
SAMN12648311,CP046750.1,Vibrio cholerae,2
SAMN12648322,CP046838.1,Vibrio cholerae,0
SAMN12648322,CP046839.1,Vibrio cholerae,0
SAMN12648321,CP046840.1,Vibrio cholerae,1
SAMN12648321,CP046841.1,Vibrio cholerae,0
SAMN12648315,CP046844.1,Vibrio cholerae,0
SAMN12648315,CP046845.1,Vibrio cholerae,0
SAMN13613314,CP047059.1,Vibrio cholerae,0
SAMN13613314,CP047060.1,Vibrio cholerae,0
SAMN13509247,CP047112.1,Proteus spp,5
SAMN13509247,CP047113.1,Proteus spp,0
SAMN13509247,CP047114.1,Proteus spp,0
SAMN13632409,CP047120.1,Streptococcus pyogenes,3
SAMN13684185,CP047197.1,Campylobacter spp,0
SAMN13684156,CP047212.1,Campylobacter spp,0
SAMN13684156,CP047213.1,Campylobacter spp,0
SAMN13684357,CP047216.1,Campylobacter spp,0
SAMN13684357,CP047217.1,Campylobacter spp,0
SAMN11505996,CP047269.1,Citrobacter spp,9
SAMN11505996,CP047270.1,Citrobacter spp,0
SAMN11506022,CP047273.1,Citrobacter spp,7
SAMN11506022,CP047274.1,Citrobacter spp,0
SAMN11506036,CP047275.1,Citrobacter spp,7
SAMN11506036,CP047276.1,Citrobacter spp,0
SAMN11506077,CP047279.1,Citrobacter spp,8
SAMN11506077,CP047280.1,Citrobacter spp,0
SAMN13734987,CP047295.1,Vibrio cholerae,0
SAMN13734987,CP047296.1,Vibrio cholerae,0
SAMN13734988,CP047297.1,Vibrio cholerae,0
SAMN13734988,CP047298.1,Vibrio cholerae,0
SAMN13734999,CP047299.1,Vibrio cholerae,0
SAMN13734999,CP047300.1,Vibrio cholerae,0
SAMN13735001,CP047301.1,Vibrio cholerae,0
SAMN13735001,CP047302.1,Vibrio cholerae,0
SAMN13734989,CP047303.1,Vibrio cholerae,1
SAMN13734989,CP047304.1,Vibrio cholerae,0
SAMN13736322,CP047305.1,Vibrio cholerae,0
SAMN13736322,CP047306.1,Vibrio cholerae,0
SAMN13282750,CP047307.1,Citrobacter spp,1
SAMN13282750,CP047308.1,Citrobacter spp,0
SAMN13282750,CP047309.1,Citrobacter spp,0
SAMN13715497,CP047325.1,Bacillus subtilis,2
SAMN13709031,CP047326.1,Enterococcus faecium,2
SAMN13709031,CP047327.1,Enterococcus faecium,0
SAMN13709031,CP047328.1,Enterococcus faecium,0
SAMN13709031,CP047329.1,Enterococcus faecium,0
SAMN13738032,CP047340.1,Proteus spp,6
SAMN13738032,CP047341.1,Proteus spp,0
SAMN13738032,CP047342.1,Proteus spp,0
SAMN13738032,CP047343.1,Proteus spp,0
SAMN13738053,CP047349.1,Proteus spp,1
SAMN13738053,CP047350.1,Proteus spp,0
SAMN13738053,CP047351.1,Proteus spp,0
SAMN13738061,CP047352.1,Proteus spp,3
SAMN13738061,CP047353.1,Proteus spp,0
SAMN13738061,CP047354.1,Proteus spp,0
SAMN13676638,CP047391.1,Serratia spp,1
SAMN13676638,CP047392.1,Serratia spp,0
SAMN13742266,CP047469.1,Escherichia coli,2
SAMN13742266,CP047470.1,Escherichia coli,0
SAMN13742266,CP047471.1,Escherichia coli,0
SAMN13742266,CP047472.1,Escherichia coli,0
SAMN13742266,CP047473.1,Escherichia coli,0
SAMN13742266,CP047474.1,Escherichia coli,0
SAMN13781157,CP047485.1,Bacillus subtilis,3
SAMN09759454,CP047548.1,Salmonella enterica,6
SAMN09759454,CP047549.1,Salmonella enterica,0
SAMN13812099,CP047589.1,Proteus spp,3
SAMN13812099,CP047590.1,Proteus spp,0
SAMN13831363,CP047633.1,Klebsiella pneumoniae,2
SAMN13831363,CP047634.1,Klebsiella pneumoniae,0
SAMN13831363,CP047635.1,Klebsiella pneumoniae,0
SAMN13831363,CP047636.1,Klebsiella pneumoniae,0
SAMN13831363,CP047637.1,Klebsiella pneumoniae,0
SAMN13831363,CP047638.1,Klebsiella pneumoniae,0
SAMN13781155,CP047643.1,Pseudomonas aeruginosa,6
SAMN13613317,CP047646.1,Staphylococcus aureus,0
SAMN13829575,CP047665.1,Escherichia coli,4
SAMN13829575,CP047666.1,Escherichia coli,0
SAMN13829575,CP047667.1,Escherichia coli,0
SAMN13503956,CP047677.1,Klebsiella pneumoniae,1
SAMN13503956,CP047678.1,Klebsiella pneumoniae,0
SAMN13840998,CP047679.1,Serratia spp,4
SAMN13840998,CP047680.1,Serratia spp,0
SAMN13840998,CP047681.1,Serratia spp,0
SAMN13840997,CP047682.1,Serratia spp,5
SAMN13840997,CP047683.1,Serratia spp,0
SAMN13840997,CP047684.1,Serratia spp,0
SAMN13840996,CP047685.1,Serratia spp,5
SAMN13840996,CP047686.1,Serratia spp,0
SAMN13840996,CP047687.1,Serratia spp,0
SAMN13840995,CP047688.1,Serratia spp,5
SAMN13840995,CP047689.1,Serratia spp,0
SAMN13840995,CP047690.1,Serratia spp,0
SAMN11175643,CP047807.1,Staphylococcus aureus,0
SAMN11175643,CP047808.1,Staphylococcus aureus,0
SAMN11175642,CP047809.1,Staphylococcus aureus,1
SAMN11175642,CP047810.1,Staphylococcus aureus,0
SAMN11175620,CP047833.1,Staphylococcus aureus,1
SAMN11175620,CP047834.1,Staphylococcus aureus,0
SAMN11175611,CP047843.1,Staphylococcus aureus,2
SAMN11175611,CP047844.1,Staphylococcus aureus,0
SAMN11175604,CP047849.1,Staphylococcus aureus,0
SAMN11175604,CP047850.1,Staphylococcus aureus,0
SAMN11175589,CP047865.1,Staphylococcus aureus,2
SAMN11175589,CP047866.1,Staphylococcus aureus,0
SAMN11175587,CP047867.1,Staphylococcus aureus,1
SAMN11175587,CP047868.1,Staphylococcus aureus,0
SAMN13850655,CP047881.1,Salmonella enterica,4
SAMN13850655,CP047882.1,Salmonella enterica,0
SAMN13870809,CP047929.1,Proteus spp,3
SAMN13832016,CP047965.1,Enterobacter spp,4
SAMN13832016,CP047966.1,Enterobacter spp,0
SAMN13832016,CP047967.1,Enterobacter spp,0
SAMN13832016,CP047968.1,Enterobacter spp,0
SAMN13832016,CP047969.1,Enterobacter spp,0
SAMN13812696,CP048246.1,Neisseria spp,1
SAMN13812696,CP048247.1,Neisseria spp,0
SAMN13812696,CP048248.1,Neisseria spp,0
SAMN13812696,CP048249.1,Neisseria spp,0
SAMN13812695,CP048250.1,Neisseria spp,1
SAMN13812695,CP048251.1,Neisseria spp,0
SAMN13812695,CP048252.1,Neisseria spp,0
SAMN13812695,CP048253.1,Neisseria spp,0
SAMN13936254,CP048275.1,Morganella morganii,6
SAMN13951913,CP048382.1,Citrobacter spp,4
SAMN13951913,CP048383.1,Citrobacter spp,0
SAMN13951913,CP048384.1,Citrobacter spp,0
SAMN13951913,CP048385.1,Citrobacter spp,0
SAMN13936255,CP048404.1,Proteus spp,2
SAMN13978991,CP048416.1,Citrobacter spp,0
SAMN13978991,CP048418.1,Citrobacter spp,0
SAMN13950473,CP048600.1,Helicobacter pylori,0
SAMN13950472,CP048601.1,Helicobacter pylori,0
SAMN14074717,CP048692.1,Proteus spp,3
SAMN14072387,CP048771.1,Campylobacter spp,0
SAMN14072387,CP048772.1,Campylobacter spp,0
SAMN14072387,CP048773.1,Campylobacter spp,0
SAMN14072387,CP048774.1,Campylobacter spp,0
SAMN12560213,CP048784.1,Serratia spp,4
SAMN12560213,CP048785.1,Serratia spp,0
SAMN12560213,CP048786.1,Serratia spp,0
SAMN14074148,CP048787.1,Proteus spp,2
SAMN14085905,CP048806.1,Morganella morganii,5
SAMN14085905,CP048807.1,Morganella morganii,0
SAMN14085905,CP048808.1,Morganella morganii,0
SAMN14085905,CP048809.1,Morganella morganii,0
SAMN14117309,CP048893.1,Neisseria spp,1
SAMN14117309,CP048894.1,Neisseria spp,0
SAMN14117309,CP048895.1,Neisseria spp,0
SAMN14116991,CP048899.1,Neisseria spp,1
SAMN14116991,CP048900.1,Neisseria spp,0
SAMN14116991,CP048901.1,Neisseria spp,0
SAMN14116990,CP048902.1,Neisseria spp,1
SAMN14116990,CP048903.1,Neisseria spp,0
SAMN14116990,CP048904.1,Neisseria spp,0
SAMN14116989,CP048905.1,Neisseria spp,1
SAMN14116989,CP048906.1,Neisseria spp,0
SAMN14116989,CP048907.1,Neisseria spp,0
SAMN14116987,CP048908.1,Neisseria spp,1
SAMN14116987,CP048909.1,Neisseria spp,0
SAMN14116987,CP048910.1,Neisseria spp,0
SAMN14116988,CP048911.1,Neisseria spp,1
SAMN14116988,CP048912.1,Neisseria spp,0
SAMN14116988,CP048913.1,Neisseria spp,0
SAMN14128751,CP049015.1,Citrobacter spp,3
SAMN14153678,CP049110.1,Escherichia coli,0
SAMN14153678,CP049111.1,Escherichia coli,0
SAMN14129756,CP049161.1,Pseudomonas aeruginosa,0
SAMN14129756,CP049162.1,Pseudomonas aeruginosa,0
SAMN14151378,CP049192.1,Enterobacter spp,1
SAMN14151378,CP049193.1,Enterobacter spp,0
SAMN14151378,CP049194.1,Enterobacter spp,0
SAMN14151378,CP049195.1,Enterobacter spp,0
SAMN14149126,CP049197.1,Escherichia coli,3
SAMN14149265,CP049314.1,Acinetobacter baumannii,3
SAMN14149265,CP049315.1,Acinetobacter baumannii,0
SAMN14235221,CP049685.1,Streptococcus pyogenes,1
SAMN14235203,CP049686.1,Streptococcus pyogenes,0
SAMN14234553,CP049692.1,Streptococcus pyogenes,2
SAMN14234475,CP049695.1,Streptococcus pyogenes,2
SAMN14234404,CP049697.1,Streptococcus pyogenes,2
SAMN12995602,CP049753.1,Proteus spp,2
SAMN12995602,CP049754.1,Proteus spp,0
SAMN12995602,CP049755.1,Proteus spp,0
SAMN14253864,CP049775.1,Enterococcus faecalis,2
SAMN14253864,CP049776.1,Enterococcus faecalis,0
SAMN14253864,CP049777.1,Enterococcus faecalis,0
SAMN14081047,CP049924.1,Bacillus subtilis,2
SAMN14331836,CP049938.1,Streptococcus agalactiae,1
SAMN14331295,CP049941.1,Proteus spp,1
SAMN14331403,CP049942.1,Proteus spp,3
SAMN14360500,CP050013.1,Serratia spp,1
SAMN14353910,CP050171.1,Serratia spp,3
SAMN14353910,CP050172.1,Serratia spp,0
SAMN12026942,CP050173.1,Escherichia coli,3
SAMN12026942,CP050174.1,Escherichia coli,0
SAMN14380576,CP050175.1,Streptococcus pneumoniae,0
SAMN14380576,CP050176.1,Streptococcus pneumoniae,0
SAMN14409014,CP050311.1,Enterobacter spp,1
SAMN14409014,CP050312.1,Enterobacter spp,0
SAMN14271780,CP050322.1,Pseudomonas aeruginosa,1
SAMN14271775,CP050324.1,Pseudomonas aeruginosa,0
SAMN14409516,CP050385.1,Acinetobacter baumannii,4
SAMN14409516,CP050386.1,Acinetobacter baumannii,0
SAMN14409516,CP050387.1,Acinetobacter baumannii,0
SAMN14420255,CP050425.1,Acinetobacter baumannii,1
SAMN14420255,CP050426.1,Acinetobacter baumannii,0
SAMN14420255,CP050427.1,Acinetobacter baumannii,0
SAMN14420255,CP050428.1,Acinetobacter baumannii,0
SAMN14420255,CP050429.1,Acinetobacter baumannii,0
SAMN14420255,CP050430.1,Acinetobacter baumannii,0
SAMN14420255,CP050431.1,Acinetobacter baumannii,0
SAMN14265996,CP050447.1,Serratia spp,0
SAMN14408962,CP050491.1,Enterococcus faecalis,1
SAMN14433815,CP050505.1,Neisseria spp,1
SAMN14449833,CP050506.1,Enterobacter spp,1
SAMN14449833,CP050507.1,Enterobacter spp,0
SAMN14410111,CP050523.1,Acinetobacter baumannii,2
SAMN14410111,CP050524.1,Acinetobacter baumannii,0
SAMN14410111,CP050525.1,Acinetobacter baumannii,0
SAMN14414747,CP050526.1,Acinetobacter baumannii,2
SAMN14414747,CP050527.1,Acinetobacter baumannii,0
SAMN14414747,CP050528.1,Acinetobacter baumannii,0
SAMN14414747,CP050529.1,Acinetobacter baumannii,0
SAMN14450174,CP050706.1,Salmonella enterica,2
SAMN14450174,CP050707.1,Salmonella enterica,0
SAMN14450174,CP050708.1,Salmonella enterica,0
SAMN14450159,CP050757.1,Salmonella enterica,2
SAMN14450159,CP050758.1,Salmonella enterica,0
SAMN14450159,CP050759.1,Salmonella enterica,0
SAMN14450153,CP050777.1,Salmonella enterica,3
SAMN14450153,CP050778.1,Salmonella enterica,0
SAMN14450152,CP050779.1,Salmonella enterica,3
SAMN14450152,CP050780.1,Salmonella enterica,0
SAMN14450152,CP050781.1,Salmonella enterica,0
SAMN14450152,CP050782.1,Salmonella enterica,0
SAMN14487893,CP050845.1,Klebsiella pneumoniae,1
SAMN14487893,CP050846.1,Klebsiella pneumoniae,0
SAMN14487893,CP050847.1,Klebsiella pneumoniae,0
SAMN14308892,CP050904.1,Acinetobacter baumannii,3
SAMN14308892,CP050905.1,Acinetobacter baumannii,0
SAMN14308892,CP050906.1,Acinetobacter baumannii,0
SAMN13536106,CP051004.1,Streptococcus agalactiae,1
SAMN13536105,CP051005.1,Enterococcus faecalis,3
SAMN14558572,CP051260.1,Proteus spp,4
SAMN14088120,CP051267.1,Salmonella enterica,4
SAMN14088120,CP051268.1,Salmonella enterica,0
SAMN14589633,CP051290.1,Helicobacter pylori,0
SAMN14589635,CP051291.1,Helicobacter pylori,0
SAMN14504925,CP051310.1,Salmonella enterica,6
SAMN14504925,CP051311.1,Salmonella enterica,0
SAMN14504925,CP051312.1,Salmonella enterica,0
SAMN14504865,CP051332.1,Salmonella enterica,0
SAMN14504865,CP051333.1,Salmonella enterica,0
SAMN14504865,CP051334.1,Salmonella enterica,0
SAMN14504865,CP051335.1,Salmonella enterica,0
SAMN14504865,CP051336.1,Salmonella enterica,0
SAMN14504865,CP051337.1,Salmonella enterica,0
SAMN14504865,CP051338.1,Salmonella enterica,3
SAMN14504865,CP051339.1,Salmonella enterica,0
SAMN14504865,CP051340.1,Salmonella enterica,0
SAMN14504865,CP051341.1,Salmonella enterica,0
SAMN14504852,CP051342.1,Salmonella enterica,6
SAMN14504852,CP051343.1,Salmonella enterica,0
SAMN14504852,CP051344.1,Salmonella enterica,0
SAMN14504852,CP051345.1,Salmonella enterica,0
SAMN14504595,CP051396.1,Salmonella enterica,4
SAMN14504595,CP051397.1,Salmonella enterica,0
SAMN14592743,CP051435.1,Helicobacter pylori,0
SAMN14550524,CP051479.2,Staphylococcus aureus,1
SAMN14590646,CP051490.1,Klebsiella pneumoniae,3
SAMN14590646,CP051491.1,Klebsiella pneumoniae,0
SAMN14590646,CP051492.1,Klebsiella pneumoniae,0
SAMN14593090,CP051494.1,Helicobacter pylori,0
SAMN14593089,CP051495.1,Helicobacter pylori,0
SAMN14593088,CP051496.1,Helicobacter pylori,0
SAMN14593087,CP051497.1,Helicobacter pylori,0
SAMN14593085,CP051499.1,Helicobacter pylori,0
SAMN14593084,CP051500.1,Helicobacter pylori,0
SAMN14593082,CP051502.1,Helicobacter pylori,0
SAMN14593077,CP051507.1,Helicobacter pylori,0
SAMN14593075,CP051509.1,Helicobacter pylori,0
SAMN14593073,CP051511.1,Helicobacter pylori,0
SAMN14593100,CP051533.1,Helicobacter pylori,0
SAMN14593099,CP051534.1,Helicobacter pylori,0
SAMN14593097,CP051536.1,Helicobacter pylori,0
SAMN14593095,CP051537.1,Helicobacter pylori,0
SAMN14593093,CP051539.1,Helicobacter pylori,0
SAMN14593092,CP051540.1,Helicobacter pylori,0
SAMN14594834,CP051615.1,Escherichia coli,4
SAMN14594834,CP051616.1,Escherichia coli,0
SAMN14594834,CP051617.1,Escherichia coli,0
SAMN14594834,CP051618.1,Escherichia coli,0
SAMN14594834,CP051619.1,Escherichia coli,0
SAMN14594834,CP051620.1,Escherichia coli,0
SAMN12822940,CP051657.1,Escherichia coli,0
SAMN12822940,CP051658.1,Escherichia coli,0
SAMN14609783,CP051711.1,Escherichia coli,4
SAMN14609783,CP051712.1,Escherichia coli,0
SAMN14609783,CP051713.1,Escherichia coli,0
SAMN14645746,CP051860.2,Bacillus subtilis,2
SAMN14667371,CP052759.1,Pseudomonas aeruginosa,5
SAMN14667371,CP052760.1,Pseudomonas aeruginosa,0
SAMN14732738,CP052877.1,Escherichia coli,2
SAMN14732738,CP052878.1,Escherichia coli,0
SAMN14732738,CP052879.1,Escherichia coli,0
SAMN14732738,CP052880.1,Escherichia coli,0
SAMN14732738,CP052881.1,Escherichia coli,0
SAMN14677105,CP053027.1,Streptococcus agalactiae,1
SAMN14752945,CP053033.1,Acinetobacter baumannii,0
SAMN14752945,CP053034.1,Acinetobacter baumannii,2
SAMN14770898,CP053035.1,Klebsiella pneumoniae,2
SAMN14770898,CP053036.1,Klebsiella pneumoniae,0
SAMN14770898,CP053037.1,Klebsiella pneumoniae,0
SAMN14770898,CP053038.1,Klebsiella pneumoniae,0
SAMN14770898,CP053039.1,Klebsiella pneumoniae,0
SAMN14770898,CP053040.1,Klebsiella pneumoniae,0
SAMN14770898,CP053041.1,Klebsiella pneumoniae,0
SAMN14604096,CP053042.1,Proteus spp,2
SAMN14604096,CP053043.1,Proteus spp,0
SAMN14604094,CP053044.1,Proteus spp,3
SAMN14645747,CP053102.1,Bacillus subtilis,3
SAMN14863985,CP053286.1,Serratia spp,3
SAMN14894250,CP053371.1,Proteus spp,4
SAMN14894250,CP053372.1,Proteus spp,0
SAMN14894250,CP053373.1,Proteus spp,0
SAMN14859508,CP053378.1,Serratia spp,2
SAMN14859508,CP053379.1,Serratia spp,0
SAMN14859508,CP053380.1,Serratia spp,0
SAMN14820692,CP053396.1,Helicobacter pylori,0
SAMN14820692,CP053397.1,Helicobacter pylori,0
SAMN14852675,CP053398.1,Serratia spp,1
SAMN12560215,CP053572.1,Serratia spp,2
SAMN14896267,CP053614.1,Proteus spp,4
SAMN14938213,CP053615.1,Proteus spp,3
SAMN14938214,CP053616.1,Proteus spp,3
SAMN14375129,CP053636.1,Staphylococcus aureus,1
SAMN14375129,CP053637.1,Staphylococcus aureus,0
SAMN14943921,CP053643.1,Enterobacter spp,2
SAMN14943921,CP053645.1,Enterobacter spp,0
SAMN14943921,CP053646.1,Enterobacter spp,0
SAMN14943921,CP053647.1,Enterobacter spp,0
SAMN14943921,CP053648.1,Enterobacter spp,0
SAMN14944012,CP053659.1,Campylobacter spp,1
SAMN14909661,CP053681.1,Proteus spp,3
SAMN14909848,CP053682.1,Proteus spp,3
SAMN14910118,CP053683.1,Proteus spp,4
SAMN14930506,CP053684.1,Proteus spp,4
SAMN14930855,CP053685.1,Proteus spp,1
SAMN14943915,CP053691.1,Enterobacter spp,2
SAMN14943915,CP053692.1,Enterobacter spp,0
SAMN14943915,CP053693.1,Enterobacter spp,0
SAMN14943915,CP053694.1,Enterobacter spp,0
SAMN14943915,CP053695.1,Enterobacter spp,0
SAMN14943915,CP053696.1,Enterobacter spp,0
SAMN14970707,CP053705.1,Pseudomonas aeruginosa,3
SAMN14916645,CP053718.1,Proteus spp,2
SAMN14937971,CP053719.1,Proteus spp,4
SAMN14944058,CP053744.1,Vibrio cholerae,0
SAMN14944058,CP053745.1,Vibrio cholerae,1
SAMN14944057,CP053794.1,Vibrio cholerae,1
SAMN14944057,CP053795.1,Vibrio cholerae,0
SAMN14944065,CP053796.1,Vibrio cholerae,1
SAMN14944065,CP053797.1,Vibrio cholerae,0
SAMN14944067,CP053798.1,Vibrio cholerae,0
SAMN14944067,CP053799.1,Vibrio cholerae,0
SAMN14944069,CP053800.1,Vibrio cholerae,0
SAMN14944069,CP053801.1,Vibrio cholerae,0
SAMN14944070,CP053802.1,Vibrio cholerae,0
SAMN14944070,CP053803.1,Vibrio cholerae,0
SAMN14944072,CP053804.1,Vibrio cholerae,0
SAMN14944072,CP053805.1,Vibrio cholerae,0
SAMN14944080,CP053806.1,Vibrio cholerae,0
SAMN14944080,CP053807.1,Vibrio cholerae,0
SAMN14944081,CP053808.1,Vibrio cholerae,0
SAMN14944081,CP053809.1,Vibrio cholerae,0
SAMN14944082,CP053810.1,Vibrio cholerae,0
SAMN14944082,CP053811.1,Vibrio cholerae,0
SAMN14944082,CP053812.1,Vibrio cholerae,0
SAMN14944083,CP053813.1,Vibrio cholerae,0
SAMN14944083,CP053814.1,Vibrio cholerae,0
SAMN14944083,CP053815.1,Vibrio cholerae,0
SAMN14944112,CP053816.1,Vibrio cholerae,0
SAMN14944112,CP053817.1,Vibrio cholerae,0
SAMN14944112,CP053818.1,Vibrio cholerae,0
SAMN14944112,CP053819.1,Vibrio cholerae,0
SAMN14944113,CP053820.1,Vibrio cholerae,0
SAMN14944113,CP053821.1,Vibrio cholerae,0
SAMN14944111,CP053822.1,Vibrio cholerae,0
SAMN14944111,CP053823.1,Vibrio cholerae,0
SAMN14944111,CP053824.1,Vibrio cholerae,0
SAMN03329879,CP053886.1,Streptococcus agalactiae,2
SAMN03329869,CP053887.1,Streptococcus agalactiae,1
SAMN03329919,CP053888.1,Streptococcus agalactiae,1
SAMN03329918,CP053889.1,Streptococcus agalactiae,1
SAMN12355421,CP053890.1,Streptococcus agalactiae,0
SAMN12355373,CP053891.1,Streptococcus agalactiae,1
SAMN15002270,CP053894.1,Proteus spp,2
SAMN15002270,CP053895.1,Proteus spp,0
SAMN15002272,CP053898.1,Proteus spp,6
SAMN15002272,CP053899.1,Proteus spp,0
SAMN15002272,CP053900.1,Proteus spp,0
SAMN15002272,CP053901.1,Proteus spp,0
SAMN14999148,CP053925.1,Serratia spp,7
SAMN14998449,CP053926.1,Serratia spp,0
SAMN14998449,CP053927.1,Serratia spp,3
SAMN03329878,CP054054.1,Streptococcus agalactiae,2
SAMN12355400,CP054055.1,Streptococcus agalactiae,0
SAMN14258346,CP054160.3,Serratia spp,2
SAMN15069579,CP054177.1,Bacillus subtilis,1
SAMN15075995,CP054227.1,Escherichia coli,2
SAMN15075995,CP054228.1,Escherichia coli,0
SAMN15075995,CP054229.1,Escherichia coli,0
SAMN15078591,CP054277.1,Serratia spp,1
SAMN15086848,CP054278.1,Citrobacter spp,5
SAMN15086848,CP054279.1,Citrobacter spp,0
SAMN15086848,CP054280.1,Citrobacter spp,0
SAMN15086848,CP054281.1,Citrobacter spp,0
SAMN15086847,CP054285.1,Klebsiella pneumoniae,2
SAMN15086847,CP054286.1,Klebsiella pneumoniae,0
SAMN15086847,CP054287.1,Klebsiella pneumoniae,0
SAMN15086847,CP054288.1,Klebsiella pneumoniae,0
SAMN15086845,CP054294.1,Citrobacter spp,4
SAMN15086845,CP054295.1,Citrobacter spp,0
SAMN15086845,CP054296.1,Citrobacter spp,0
SAMN15086845,CP054297.1,Citrobacter spp,0
SAMN15086845,CP054299.1,Citrobacter spp,0
SAMN15086845,CP054300.1,Citrobacter spp,0
SAMN12437586,CP054407.1,Escherichia coli,6
SAMN12437586,CP054408.1,Escherichia coli,0
SAMN11514785,CP054409.1,Enterobacter spp,0
SAMN11514785,CP054410.1,Enterobacter spp,8
SAMN15186443,CP054744.1,Klebsiella pneumoniae,5
SAMN15186443,CP054745.1,Klebsiella pneumoniae,0
SAMN15186443,CP054746.1,Klebsiella pneumoniae,0
SAMN15186443,CP054747.1,Klebsiella pneumoniae,0
SAMN15186443,CP054748.1,Klebsiella pneumoniae,0
SAMN15186443,CP054749.1,Klebsiella pneumoniae,0
SAMN15196026,CP054793.1,Pseudomonas aeruginosa,0
SAMN15214164,CP054844.1,Pseudomonas aeruginosa,6
SAMN13155204,CP054940.1,Escherichia coli,4
SAMN13155204,CP054941.1,Escherichia coli,0
SAMN13155204,CP054942.1,Escherichia coli,0
SAMN13155204,CP054943.1,Escherichia coli,0
SAMN13155204,CP054944.1,Escherichia coli,0
SAMN13925547,CP054984.1,Klebsiella pneumoniae,2
SAMN13925547,CP054985.1,Klebsiella pneumoniae,0
SAMN13925547,CP054986.1,Klebsiella pneumoniae,0
SAMN13925547,CP054987.1,Klebsiella pneumoniae,0
SAMN13925547,CP054988.1,Klebsiella pneumoniae,0
SAMN13925547,CP054989.1,Klebsiella pneumoniae,0
SAMN13925540,CP055009.1,Proteus spp,2
SAMN13925601,CP055095.1,Proteus spp,2
SAMN15239172,CP055225.1,Staphylococcus aureus,2
SAMN15239172,CP055226.1,Staphylococcus aureus,0
SAMN14235217,CP055246.1,Streptococcus pyogenes,1
SAMN13737474,CP055247.1,Citrobacter spp,3
SAMN13737474,CP055248.1,Citrobacter spp,0
SAMN13737474,CP055249.1,Citrobacter spp,0
SAMN13737474,CP055250.1,Citrobacter spp,0
SAMN15148721,CP055421.1,Citrobacter spp,3
SAMN15148721,CP055422.1,Citrobacter spp,0
SAMN15148721,CP055423.1,Citrobacter spp,0
SAMN15148721,CP055424.1,Citrobacter spp,0
SAMN15148721,CP055425.1,Citrobacter spp,0
SAMN15148477,CP055588.1,Citrobacter spp,4
SAMN15148477,CP055589.1,Citrobacter spp,0
SAMN15148477,CP055590.1,Citrobacter spp,0
SAMN15148477,CP055591.1,Citrobacter spp,0
SAMN15148477,CP055592.1,Citrobacter spp,0
SAMN15148743,CP056132.1,Enterobacter spp,3
SAMN15148743,CP056133.1,Enterobacter spp,0
SAMN15148743,CP056134.1,Enterobacter spp,0
SAMN15148743,CP056135.1,Enterobacter spp,0
SAMN15148768,CP056181.1,Citrobacter spp,4
SAMN15148768,CP056182.1,Citrobacter spp,0
SAMN15148768,CP056183.1,Citrobacter spp,0
SAMN15148768,CP056184.1,Citrobacter spp,0
SAMN15148761,CP056208.1,Citrobacter spp,2
SAMN15148761,CP056209.1,Citrobacter spp,0
SAMN15148761,CP056210.1,Citrobacter spp,0
SAMN15148761,CP056211.1,Citrobacter spp,0
SAMN15148761,CP056212.1,Citrobacter spp,0
SAMN15148761,CP056213.1,Citrobacter spp,0
SAMN15148761,CP056214.1,Citrobacter spp,0
SAMN15148761,CP056215.1,Citrobacter spp,0
SAMN15148753,CP056232.1,Citrobacter spp,3
SAMN15148753,CP056233.1,Citrobacter spp,0
SAMN15148753,CP056234.1,Citrobacter spp,0
SAMN15148750,CP056235.1,Citrobacter spp,3
SAMN15148750,CP056236.1,Citrobacter spp,0
SAMN15148747,CP056238.1,Citrobacter spp,5
SAMN15148747,CP056239.1,Citrobacter spp,0
SAMN15148747,CP056240.1,Citrobacter spp,0
SAMN15148747,CP056241.1,Citrobacter spp,0
SAMN15148742,CP056245.1,Citrobacter spp,4
SAMN15148742,CP056246.1,Citrobacter spp,0
SAMN15148742,CP056247.1,Citrobacter spp,0
SAMN15148736,CP056256.1,Citrobacter spp,5
SAMN15148736,CP056257.1,Citrobacter spp,0
SAMN15148736,CP056258.1,Citrobacter spp,0
SAMN15148736,CP056259.1,Citrobacter spp,0
SAMN15148707,CP056314.1,Citrobacter spp,4
SAMN15148687,CP056336.1,Citrobacter spp,4
SAMN15148687,CP056337.1,Citrobacter spp,0
SAMN15148687,CP056338.1,Citrobacter spp,0
SAMN15148687,CP056339.1,Citrobacter spp,0
SAMN15148687,CP056340.1,Citrobacter spp,0
SAMN15148674,CP056365.1,Citrobacter spp,3
SAMN15148674,CP056366.1,Citrobacter spp,0
SAMN15148674,CP056367.1,Citrobacter spp,0
SAMN15148674,CP056368.1,Citrobacter spp,0
SAMN15148674,CP056369.1,Citrobacter spp,0
SAMN15148670,CP056372.1,Klebsiella pneumoniae,4
SAMN15148670,CP056373.1,Klebsiella pneumoniae,0
SAMN15148670,CP056374.1,Klebsiella pneumoniae,0
SAMN15148670,CP056375.1,Klebsiella pneumoniae,0
SAMN15148670,CP056376.1,Klebsiella pneumoniae,0
SAMN15148670,CP056377.1,Klebsiella pneumoniae,0
SAMN15148670,CP056378.1,Klebsiella pneumoniae,0
SAMN15148670,CP056379.1,Klebsiella pneumoniae,0
SAMN15148670,CP056380.1,Klebsiella pneumoniae,0
SAMN15148638,CP056451.1,Citrobacter spp,4
SAMN15148631,CP056466.1,Citrobacter spp,4
SAMN15148631,CP056468.1,Citrobacter spp,0
SAMN15148631,CP056469.1,Citrobacter spp,0
SAMN15148618,CP056505.1,Citrobacter spp,6
SAMN15148618,CP056506.1,Citrobacter spp,0
SAMN15148618,CP056507.1,Citrobacter spp,0
SAMN15148611,CP056527.1,Citrobacter spp,3
SAMN15148611,CP056528.1,Citrobacter spp,0
SAMN15148611,CP056529.1,Citrobacter spp,0
SAMN15148595,CP056573.1,Citrobacter spp,6
SAMN15148595,CP056574.1,Citrobacter spp,0
SAMN15148595,CP056575.1,Citrobacter spp,0
SAMN15148595,CP056576.1,Citrobacter spp,0
SAMN15148595,CP056577.1,Citrobacter spp,0
SAMN15148588,CP056592.1,Citrobacter spp,4
SAMN15148588,CP056593.1,Citrobacter spp,0
SAMN15148584,CP056595.1,Citrobacter spp,2
SAMN15148584,CP056596.1,Citrobacter spp,0
SAMN15148568,CP056622.1,Citrobacter spp,4
SAMN15148568,CP056624.1,Citrobacter spp,0
SAMN15148564,CP056635.1,Citrobacter spp,7
SAMN15148564,CP056636.1,Citrobacter spp,0
SAMN15148564,CP056638.1,Citrobacter spp,0
SAMN15148564,CP056639.1,Citrobacter spp,0
SAMN15148564,CP056640.1,Citrobacter spp,0
SAMN15148564,CP056641.1,Citrobacter spp,0
SAMN15148543,CP056653.1,Citrobacter spp,5
SAMN15148543,CP056654.1,Citrobacter spp,0
SAMN15148671,CP056676.1,Enterobacter spp,8
SAMN15148671,CP056677.1,Enterobacter spp,0
SAMN15148671,CP056678.1,Enterobacter spp,0
SAMN15148671,CP056679.1,Enterobacter spp,0
SAMN15148671,CP056680.1,Enterobacter spp,0
SAMN15148666,CP056691.1,Enterobacter spp,9
SAMN15148666,CP056692.1,Enterobacter spp,0
SAMN15148666,CP056693.1,Enterobacter spp,0
SAMN15148666,CP056694.1,Enterobacter spp,0
SAMN15148666,CP056695.1,Enterobacter spp,0
SAMN15148666,CP056696.1,Enterobacter spp,0
SAMN15148653,CP056707.1,Enterobacter spp,3
SAMN15148653,CP056708.1,Enterobacter spp,0
SAMN15148653,CP056709.1,Enterobacter spp,0
SAMN15148653,CP056710.1,Enterobacter spp,0
SAMN15148580,CP056719.1,Enterobacter spp,9
SAMN15148580,CP056720.1,Enterobacter spp,0
SAMN15148580,CP056721.1,Enterobacter spp,0
SAMN15148580,CP056722.1,Enterobacter spp,0
SAMN15148580,CP056723.1,Enterobacter spp,0
SAMN15148580,CP056724.1,Enterobacter spp,0
SAMN15148580,CP056725.1,Enterobacter spp,0
SAMN15148580,CP056726.1,Enterobacter spp,0
SAMN15148572,CP056727.1,Enterobacter spp,5
SAMN15148572,CP056728.1,Enterobacter spp,0
SAMN15148572,CP056729.1,Enterobacter spp,0
SAMN15148572,CP056730.1,Enterobacter spp,0
SAMN15148572,CP056731.1,Enterobacter spp,0
SAMN15148572,CP056732.1,Enterobacter spp,0
SAMN15148572,CP056734.1,Enterobacter spp,0
SAMN15148572,CP056735.1,Enterobacter spp,0
SAMN15148572,CP056736.1,Enterobacter spp,0
SAMN15148549,CP056742.1,Enterobacter spp,4
SAMN15148549,CP056743.1,Enterobacter spp,0
SAMN15148549,CP056744.1,Enterobacter spp,0
SAMN15148549,CP056745.1,Enterobacter spp,0
SAMN15148549,CP056746.1,Enterobacter spp,0
SAMN15148546,CP056747.1,Enterobacter spp,1
SAMN15148546,CP056748.1,Enterobacter spp,0
SAMN15148546,CP056749.1,Enterobacter spp,0
SAMN15148546,CP056750.1,Enterobacter spp,0
SAMN15148545,CP056751.1,Enterobacter spp,4
SAMN15148545,CP056752.1,Enterobacter spp,0
SAMN15148545,CP056753.1,Enterobacter spp,0
SAMN15148545,CP056754.1,Enterobacter spp,0
SAMN15148545,CP056755.1,Enterobacter spp,0
SAMN15344688,CP056784.2,Acinetobacter baumannii,2
SAMN15344688,CP056785.1,Acinetobacter baumannii,0
SAMN15148520,CP056809.1,Citrobacter spp,3
SAMN15148506,CP056827.1,Citrobacter spp,3
SAMN15148506,CP056828.1,Citrobacter spp,0
SAMN15148506,CP056829.1,Citrobacter spp,0
SAMN15148502,CP056830.1,Klebsiella pneumoniae,3
SAMN15148502,CP056831.1,Klebsiella pneumoniae,0
SAMN15148502,CP056832.1,Klebsiella pneumoniae,0
SAMN15148502,CP056833.1,Klebsiella pneumoniae,0
SAMN15148500,CP056839.1,Citrobacter spp,5
SAMN15148500,CP056840.1,Citrobacter spp,0
SAMN15148500,CP056841.1,Citrobacter spp,0
SAMN15148495,CP056852.1,Citrobacter spp,4
SAMN15148495,CP056853.1,Citrobacter spp,1
SAMN15148492,CP056854.1,Klebsiella pneumoniae,2
SAMN15148492,CP056855.1,Klebsiella pneumoniae,0
SAMN15148492,CP056856.1,Klebsiella pneumoniae,0
SAMN15148492,CP056857.1,Klebsiella pneumoniae,0
SAMN15148492,CP056858.1,Klebsiella pneumoniae,0
SAMN15148492,CP056859.1,Klebsiella pneumoniae,0
SAMN15148492,CP056860.1,Klebsiella pneumoniae,0
SAMN15148140,CP057722.1,Klebsiella pneumoniae,1
SAMN15148140,CP057723.1,Klebsiella pneumoniae,0
SAMN15148140,CP057724.1,Klebsiella pneumoniae,0
SAMN15148085,CP057864.1,Citrobacter spp,2
SAMN15148085,CP057865.1,Citrobacter spp,0
SAMN15148505,CP058146.1,Enterobacter spp,7
SAMN15148505,CP058147.1,Enterobacter spp,0
SAMN15148505,CP058148.1,Enterobacter spp,0
SAMN15148493,CP058149.1,Enterobacter spp,5
SAMN15148493,CP058150.1,Enterobacter spp,0
SAMN15148493,CP058151.1,Enterobacter spp,0
SAMN15148493,CP058152.1,Enterobacter spp,0
SAMN15148488,CP058153.1,Enterobacter spp,3
SAMN15148488,CP058154.1,Enterobacter spp,0
SAMN15148488,CP058155.1,Enterobacter spp,0
SAMN15148488,CP058156.1,Enterobacter spp,0
SAMN15148478,CP058157.1,Enterobacter spp,3
SAMN15148478,CP058158.1,Enterobacter spp,0
SAMN15148478,CP058159.1,Enterobacter spp,0
SAMN15148476,CP058160.1,Enterobacter spp,3
SAMN15148476,CP058161.1,Enterobacter spp,0
SAMN15148476,CP058162.1,Enterobacter spp,0
SAMN15148476,CP058163.1,Enterobacter spp,0
SAMN15148471,CP058164.1,Enterobacter spp,2
SAMN15148471,CP058165.1,Enterobacter spp,1
SAMN15148471,CP058166.1,Enterobacter spp,0
SAMN15148453,CP058187.1,Enterobacter spp,4
SAMN15148453,CP058188.1,Enterobacter spp,0
SAMN15148453,CP058189.1,Enterobacter spp,1
SAMN15148453,CP058190.1,Enterobacter spp,0
SAMN15338960,CP058250.1,Helicobacter pylori,0
SAMN15339009,CP058251.1,Helicobacter pylori,0
SAMN15339008,CP058252.1,Helicobacter pylori,0
SAMN15339005,CP058281.1,Helicobacter pylori,0
SAMN15394190,CP058318.1,Citrobacter spp,8
SAMN15394190,CP058319.1,Citrobacter spp,0
SAMN15375773,CP058353.1,Serratia spp,3
SAMN15402796,CP058563.1,Enterococcus faecalis,2
SAMN15402796,CP058564.1,Enterococcus faecalis,0
SAMN15402796,CP058565.1,Enterococcus faecalis,0
SAMN15246708,CP058666.1,Streptococcus agalactiae,1
SAMN15486631,CP058891.1,Enterococcus faecium,2
SAMN15486631,CP058892.1,Enterococcus faecium,0
SAMN15486631,CP058893.1,Enterococcus faecium,0
SAMN15486631,CP058894.1,Enterococcus faecium,0
SAMN15486631,CP058895.1,Enterococcus faecium,0
SAMN15502380,CP059003.1,Escherichia coli,6
SAMN15502380,CP059004.1,Escherichia coli,0
SAMN15502380,CP059005.1,Escherichia coli,0
SAMN15502380,CP059006.1,Escherichia coli,0
SAMN15502380,CP059007.1,Escherichia coli,0
SAMN15502380,CP059008.1,Escherichia coli,0
SAMN15507634,CP059039.1,Acinetobacter baumannii,2
SAMN15508154,CP059159.1,Campylobacter spp,0
SAMN15574350,CP059300.1,Acinetobacter baumannii,4
SAMN15574350,CP059301.1,Acinetobacter baumannii,0
SAMN15574350,CP059302.1,Acinetobacter baumannii,0
SAMN15574350,CP059303.1,Acinetobacter baumannii,0
SAMN15574350,CP059304.1,Acinetobacter baumannii,0
SAMN15580042,CP059383.1,Streptococcus agalactiae,3
SAMN15589938,CP059422.1,Enterobacter spp,7
SAMN15589938,CP059423.1,Enterobacter spp,0
SAMN15589938,CP059424.1,Enterobacter spp,0
SAMN15589938,CP059425.1,Enterobacter spp,0
SAMN15589938,CP059426.1,Enterobacter spp,0
SAMN15594731,CP059477.1,Morganella morganii,6
SAMN15646564,CP059542.1,Acinetobacter baumannii,5
SAMN15646564,CP059543.1,Acinetobacter baumannii,1
SAMN15646564,CP059544.1,Acinetobacter baumannii,0
SAMN15646564,CP059545.1,Acinetobacter baumannii,0
SAMN15664427,CP059709.1,Campylobacter spp,0
SAMN15648651,CP059711.1,Enterobacter spp,3
SAMN15648651,CP059712.1,Enterobacter spp,0
SAMN15648651,CP059713.1,Enterobacter spp,0
SAMN15648651,CP059714.1,Enterobacter spp,0
SAMN15648651,CP059715.1,Enterobacter spp,0
SAMN15648651,CP059716.1,Enterobacter spp,0
SAMN14675380,CP059755.1,Enterococcus faecium,1
SAMN14675380,CP059756.1,Enterococcus faecium,0
SAMN14675380,CP059757.1,Enterococcus faecium,0
SAMN14675380,CP059758.1,Enterococcus faecium,0
SAMN14675380,CP059759.1,Enterococcus faecium,0
SAMN14675380,CP059760.1,Enterococcus faecium,0
SAMN14675380,CP059761.1,Enterococcus faecium,0
SAMN14675380,CP059762.1,Enterococcus faecium,0
SAMN14675380,CP059763.1,Enterococcus faecium,0
SAMN14675398,CP059784.1,Enterococcus faecium,1
SAMN14675398,CP059785.1,Enterococcus faecium,0
SAMN14675398,CP059786.1,Enterococcus faecium,0
SAMN14675398,CP059787.1,Enterococcus faecium,0
SAMN14675398,CP059788.1,Enterococcus faecium,0
SAMN14675398,CP059789.1,Enterococcus faecium,0
SAMN14675398,CP059790.1,Enterococcus faecium,0
SAMN14675398,CP059791.1,Enterococcus faecium,0
SAMN14675393,CP059793.1,Enterococcus faecium,1
SAMN14675393,CP059794.1,Enterococcus faecium,0
SAMN14675393,CP059795.1,Enterococcus faecium,0
SAMN14675393,CP059796.1,Enterococcus faecium,0
SAMN14675393,CP059797.1,Enterococcus faecium,0
SAMN14675393,CP059798.1,Enterococcus faecium,0
SAMN14675393,CP059800.1,Enterococcus faecium,0
SAMN14675393,CP059801.1,Enterococcus faecium,0
SAMN14675393,CP059802.1,Enterococcus faecium,0
SAMN14675393,CP059803.1,Enterococcus faecium,0
SAMN14675393,CP059804.1,Enterococcus faecium,0
SAMN14675393,CP059805.1,Enterococcus faecium,0
SAMN14675394,CP059806.1,Enterococcus faecium,1
SAMN14675394,CP059807.1,Enterococcus faecium,0
SAMN14675394,CP059808.1,Enterococcus faecium,0
SAMN14675394,CP059809.1,Enterococcus faecium,0
SAMN14675394,CP059810.1,Enterococcus faecium,0
SAMN14675394,CP059811.1,Enterococcus faecium,0
SAMN14675394,CP059812.1,Enterococcus faecium,0
SAMN14675394,CP059814.1,Enterococcus faecium,0
SAMN14675394,CP059815.1,Enterococcus faecium,0
SAMN14675383,CP059823.1,Enterococcus faecium,1
SAMN14675383,CP059825.1,Enterococcus faecium,0
SAMN14675383,CP059828.1,Enterococcus faecium,0
SAMN15690932,CP059965.1,Campylobacter spp,0
SAMN15690927,CP059970.1,Campylobacter spp,0
SAMN15719828,CP059986.1,Morganella morganii,5
SAMN15690946,CP060005.1,Pseudomonas aeruginosa,4
SAMN15690946,CP060006.1,Pseudomonas aeruginosa,0
SAMN15735522,CP060011.1,Acinetobacter baumannii,2
SAMN15735522,CP060012.1,Acinetobacter baumannii,0
SAMN15693148,CP060065.1,Escherichia coli,4
SAMN15693148,CP060066.1,Escherichia coli,0
SAMN15693148,CP060067.1,Escherichia coli,0
SAMN15693148,CP060068.1,Escherichia coli,0
SAMN15693148,CP060069.1,Escherichia coli,0
SAMN15693148,CP060070.1,Escherichia coli,0
SAMN15693148,CP060071.1,Escherichia coli,0
SAMN15693148,CP060072.1,Escherichia coli,0
SAMN15783364,CP060156.1,Streptococcus pneumoniae,1
SAMN15783177,CP060265.1,Streptococcus pyogenes,2
SAMN15783176,CP060266.1,Streptococcus pyogenes,1
SAMN15783174,CP060268.1,Streptococcus pyogenes,2
SAMN15783172,CP060269.1,Streptococcus pyogenes,2
SAMN15735260,CP060276.1,Serratia spp,1
SAMN15735260,CP060277.1,Serratia spp,0
SAMN15819058,CP060285.1,Acinetobacter baumannii,2
SAMN15860571,CP060417.1,Bacillus subtilis,1
SAMN15666302,CP060512.1,Salmonella enterica,3
SAMN15666302,CP060513.1,Salmonella enterica,0
SAMN15666302,CP060514.1,Salmonella enterica,0
SAMN15824170,CP060640.1,Streptococcus pyogenes,0
SAMN15824166,CP060643.1,Streptococcus pyogenes,1
SAMN15824165,CP060644.1,Streptococcus pyogenes,0
SAMN15824164,CP060645.1,Streptococcus pyogenes,0
SAMN15870318,CP060672.1,Salmonella enterica,2
SAMN15870318,CP060673.1,Salmonella enterica,0
SAMN15889825,CP060708.1,Escherichia coli,0
SAMN15900780,CP060801.1,Enterococcus faecalis,0
SAMN15900780,CP060802.1,Enterococcus faecalis,0
SAMN15900780,CP060803.1,Enterococcus faecalis,0
SAMN15900780,CP060804.1,Enterococcus faecalis,4
SAMN15941595,CP060855.1,Salmonella enterica,2
SAMN15941595,CP060856.1,Salmonella enterica,0
SAMN10290269,CP061034.1,Pseudomonas aeruginosa,4
SAMN15963197,CP061073.2,Pseudomonas aeruginosa,2
SAMN15963197,CP061074.2,Pseudomonas aeruginosa,0
SAMN15953187,CP061075.1,Serratia spp,4
SAMN15953184,CP061077.1,Serratia spp,2
SAMN15953183,CP061078.1,Serratia spp,1
SAMN15934672,CP061082.1,Serratia spp,2
SAMN15964728,CP061131.1,Streptococcus pyogenes,2
SAMN15964727,CP061132.1,Streptococcus pyogenes,3
SAMN15964726,CP061133.1,Streptococcus pyogenes,1
SAMN15964725,CP061134.1,Streptococcus pyogenes,1
SAMN15858987,CP061208.1,Streptococcus pneumoniae,0
SAMN16124556,CP061513.1,Morganella morganii,2
SAMN12391534,CP061521.1,Acinetobacter baumannii,3
SAMN12391534,CP061522.1,Acinetobacter baumannii,1
SAMN12391535,CP061523.1,Acinetobacter baumannii,4
SAMN12391535,CP061524.1,Acinetobacter baumannii,1
SAMN16083725,CP061537.1,Campylobacter spp,0
SAMN14450178,CP061744.1,Enterobacter spp,4
SAMN14450178,CP061745.1,Enterobacter spp,0
SAMN14450178,CP061746.1,Enterobacter spp,0
SAMN14450178,CP061747.1,Enterobacter spp,0
SAMN14450178,CP061748.1,Enterobacter spp,0
SAMN16183873,CP061764.1,Escherichia coli,8
SAMN16183873,CP061765.1,Escherichia coli,0
SAMN16183873,CP061766.1,Escherichia coli,0
SAMN16183873,CP061767.1,Escherichia coli,0
SAMN16132401,CP061778.1,Pseudomonas aeruginosa,2
SAMN15770595,CP062146.1,Proteus spp,4
SAMN16275376,CP062219.1,Pseudomonas aeruginosa,3
SAMN16090672,CP062241.1,Escherichia coli,0
SAMN16287686,CP062265.1,Enterococcus faecium,1
SAMN16287686,CP062266.1,Enterococcus faecium,0
SAMN16287686,CP062267.1,Enterococcus faecium,0
SAMN16287686,CP062268.1,Enterococcus faecium,0
SAMN16287686,CP062270.1,Enterococcus faecium,0
SAMN16287686,CP062271.1,Enterococcus faecium,0
SAMN16287686,CP062272.1,Enterococcus faecium,0
SAMN16287686,CP062273.1,Enterococcus faecium,0
SAMN16287686,CP062274.1,Enterococcus faecium,0
SAMN16287686,CP062275.1,Enterococcus faecium,0
SAMN16287686,CP062276.1,Enterococcus faecium,0
SAMN16287686,CP062277.1,Enterococcus faecium,0
SAMN15567978,CP062329.1,Staphylococcus aureus,0
SAMN15567978,CP062330.1,Staphylococcus aureus,0
SAMN15567947,CP062354.1,Staphylococcus aureus,0
SAMN15567947,CP062355.1,Staphylococcus aureus,0
SAMN15567927,CP062372.1,Staphylococcus aureus,0
SAMN15567927,CP062373.1,Staphylococcus aureus,0
SAMN15567927,CP062374.1,Staphylococcus aureus,0
SAMN15567927,CP062375.1,Staphylococcus aureus,0
SAMN15567989,CP062400.1,Staphylococcus aureus,1
SAMN16093056,CP062475.1,Klebsiella pneumoniae,3
SAMN16327612,CP062708.1,Escherichia coli,10
SAMN16327612,CP062709.1,Escherichia coli,0
SAMN16327612,CP062710.1,Escherichia coli,0
SAMN16327605,CP062723.1,Escherichia coli,10
SAMN16327605,CP062724.1,Escherichia coli,0
SAMN16327603,CP062727.1,Escherichia coli,10
SAMN16327603,CP062728.1,Escherichia coli,0
SAMN16327590,CP062758.1,Escherichia coli,10
SAMN16327590,CP062759.1,Escherichia coli,0
SAMN16327590,CP062760.1,Escherichia coli,0
SAMN16304231,CP062832.1,Escherichia coli,0
SAMN16304231,CP062833.1,Escherichia coli,1
SAMN16304231,CP062834.1,Escherichia coli,0
SAMN16304231,CP062835.1,Escherichia coli,0
SAMN16304231,CP062836.1,Escherichia coli,0
SAMN16304231,CP062837.1,Escherichia coli,0
SAMN16393143,CP063047.1,Pseudomonas aeruginosa,0
SAMN16409221,CP063127.1,Haemophilus influenzae,1
SAMN16418314,CP063146.1,Klebsiella pneumoniae,0
SAMN16418314,CP063147.1,Klebsiella pneumoniae,3
SAMN16418314,CP063148.1,Klebsiella pneumoniae,0
SAMN16418314,CP063149.1,Klebsiella pneumoniae,0
SAMN16416354,CP063150.1,Bacillus subtilis,3
SAMN16191206,CP063198.2,Streptococcus agalactiae,1
SAMN16456043,CP063229.1,Serratia spp,2
SAMN16456043,CP063230.1,Serratia spp,0
SAMN14835601,CP063238.1,Serratia spp,4
SAMN14835601,CP063239.1,Serratia spp,0
SAMN16450741,CP063294.1,Salmonella enterica,3
SAMN16450741,CP063295.1,Salmonella enterica,0
SAMN16450741,CP063296.1,Salmonella enterica,0
SAMN16450741,CP063297.1,Salmonella enterica,0
SAMN16450741,CP063298.1,Salmonella enterica,0
SAMN16450741,CP063299.1,Salmonella enterica,0
SAMN16450741,CP063300.1,Salmonella enterica,0
SAMN16268784,CP063354.1,Serratia spp,2
SAMN16268784,CP063355.1,Serratia spp,0
SAMN16443702,CP063394.1,Pseudomonas aeruginosa,0
SAMN16483972,CP063420.1,Vibrio cholerae,0
SAMN16483972,CP063421.1,Vibrio cholerae,0
SAMN16483972,CP063422.1,Vibrio cholerae,0
SAMN16483972,CP063423.1,Vibrio cholerae,0
SAMN16521237,CP063440.1,Proteus spp,3
SAMN16387501,CP063483.1,Escherichia coli,1
SAMN16387501,CP063484.1,Escherichia coli,0
SAMN16387501,CP063485.1,Escherichia coli,0
SAMN16387501,CP063486.1,Escherichia coli,0
SAMN16387494,CP063511.1,Escherichia coli,4
SAMN16387494,CP063512.1,Escherichia coli,0
SAMN16387494,CP063513.1,Escherichia coli,0
SAMN16387494,CP063514.1,Escherichia coli,0
SAMN16552338,CP063708.1,Salmonella enterica,2
SAMN16552338,CP063709.1,Salmonella enterica,0
SAMN16552338,CP063710.1,Salmonella enterica,0
SAMN16580452,CP063829.1,Streptococcus pneumoniae,0
SAMN16619592,CP063843.1,Morganella morganii,6
SAMN16560600,CP063890.1,Klebsiella pneumoniae,2
SAMN16560600,CP063891.1,Klebsiella pneumoniae,0
SAMN16560591,CP063908.1,Klebsiella pneumoniae,2
SAMN16560591,CP063909.1,Klebsiella pneumoniae,0
SAMN16622915,CP064054.1,Morganella morganii,9
SAMN16623190,CP064055.1,Morganella morganii,5
SAMN16585340,CP064094.1,Bacillus subtilis,2
SAMN16585431,CP064096.1,Bacillus subtilis,2
SAMN16561430,CP064223.1,Klebsiella pneumoniae,5
SAMN16561430,CP064224.1,Klebsiella pneumoniae,0
SAMN16561430,CP064225.1,Klebsiella pneumoniae,0
SAMN16561430,CP064226.1,Klebsiella pneumoniae,0
SAMN16561430,CP064227.1,Klebsiella pneumoniae,0
SAMN16561430,CP064228.1,Klebsiella pneumoniae,0
SAMN16561429,CP064229.1,Klebsiella pneumoniae,1
SAMN16561429,CP064230.1,Klebsiella pneumoniae,0
SAMN16561429,CP064231.1,Klebsiella pneumoniae,0
SAMN16561274,CP064252.1,Klebsiella pneumoniae,6
SAMN16561274,CP064253.1,Klebsiella pneumoniae,0
SAMN16561274,CP064254.1,Klebsiella pneumoniae,0
SAMN16561274,CP064255.1,Klebsiella pneumoniae,0
SAMN16561274,CP064256.1,Klebsiella pneumoniae,0
SAMN16561274,CP064257.1,Klebsiella pneumoniae,0
SAMN16561435,CP064258.1,Klebsiella pneumoniae,5
SAMN16561435,CP064259.1,Klebsiella pneumoniae,1
SAMN16561435,CP064260.1,Klebsiella pneumoniae,0
SAMN16561435,CP064261.1,Klebsiella pneumoniae,0
SAMN16561435,CP064262.1,Klebsiella pneumoniae,0
SAMN15566645,CP064343.1,Enterococcus faecium,0
SAMN15566645,CP064344.1,Enterococcus faecium,0
SAMN15566645,CP064345.1,Enterococcus faecium,0
SAMN15566645,CP064346.1,Enterococcus faecium,0
SAMN15566645,CP064347.1,Enterococcus faecium,0
SAMN15566645,CP064348.1,Enterococcus faecium,0
SAMN15566645,CP064349.1,Enterococcus faecium,0
SAMN16705019,CP064350.1,Vibrio cholerae,0
SAMN16705019,CP064351.1,Vibrio cholerae,0
SAMN14078803,CP064374.1,Enterococcus faecalis,2
SAMN14078796,CP064389.1,Staphylococcus aureus,3
SAMN14078796,CP064390.1,Staphylococcus aureus,0
SAMN16327730,CP064424.1,Enterococcus faecium,1
SAMN16327730,CP064425.1,Enterococcus faecium,0
SAMN16327730,CP064426.1,Enterococcus faecium,0
SAMN16327730,CP064427.1,Enterococcus faecium,0
SAMN16327730,CP064428.1,Enterococcus faecium,0
SAMN16327730,CP064429.1,Enterococcus faecium,0
SAMN16327730,CP064430.1,Enterococcus faecium,0
SAMN16327730,CP064431.1,Enterococcus faecium,0
SAMN16686676,CP064818.1,Bacillus subtilis,3
SAMN16686676,CP064819.1,Bacillus subtilis,0
SAMN16339607,CP064825.1,Escherichia coli,5
SAMN16520638,CP064847.1,Escherichia coli,6
SAMN16520638,CP064848.1,Escherichia coli,0
SAMN16520638,CP064849.1,Escherichia coli,0
SAMN16520638,CP064850.1,Escherichia coli,0
SAMN13382600,CP065034.1,Klebsiella pneumoniae,2
SAMN13382600,CP065035.1,Klebsiella pneumoniae,0
SAMN16824307,CP065039.2,Proteus spp,4
SAMN16807087,CP065078.1,Salmonella enterica,1
SAMN16807087,CP065079.1,Salmonella enterica,0
SAMN16807072,CP065121.1,Salmonella enterica,2
SAMN16807072,CP065122.1,Salmonella enterica,0
SAMN16807072,CP065123.1,Salmonella enterica,0
SAMN16807072,CP065124.1,Salmonella enterica,0
SAMN16807075,CP065131.1,Salmonella enterica,8
SAMN16807075,CP065132.1,Salmonella enterica,0
SAMN16807075,CP065133.1,Salmonella enterica,0
SAMN16816180,CP065144.1,Proteus spp,1
SAMN16816163,CP065145.1,Proteus spp,1
SAMN16816162,CP065146.1,Proteus spp,1
SAMN16816155,CP065147.1,Proteus spp,1
SAMN16816126,CP065148.1,Proteus spp,1
SAMN16871896,CP065194.1,Staphylococcus aureus,1
SAMN16871896,CP065195.1,Staphylococcus aureus,0
SAMN16871896,CP065196.1,Staphylococcus aureus,0
SAMN16871896,CP065197.1,Staphylococcus aureus,0
SAMN16871896,CP065198.1,Staphylococcus aureus,0
SAMN16965915,CP065412.1,Pseudomonas aeruginosa,5
SAMN16965915,CP065413.1,Pseudomonas aeruginosa,0
SAMN16965915,CP065414.1,Pseudomonas aeruginosa,0
SAMN16965915,CP065415.1,Pseudomonas aeruginosa,0
SAMN16965915,CP065416.1,Pseudomonas aeruginosa,0
SAMN15566671,CP065523.1,Enterococcus faecium,2
SAMN15566671,CP065524.1,Enterococcus faecium,0
SAMN15566671,CP065525.1,Enterococcus faecium,0
SAMN15566671,CP065526.1,Enterococcus faecium,0
SAMN15566664,CP065527.1,Enterococcus faecium,3
SAMN15566664,CP065528.1,Enterococcus faecium,0
SAMN15566664,CP065529.1,Enterococcus faecium,0
SAMN15566664,CP065530.1,Enterococcus faecium,0
SAMN17012772,CP065547.1,Enterococcus faecium,0
SAMN17012772,CP065548.1,Enterococcus faecium,0
SAMN17012772,CP065549.1,Enterococcus faecium,0
SAMN17012772,CP065550.1,Enterococcus faecium,0
SAMN17012772,CP065551.1,Enterococcus faecium,0
SAMN17012772,CP065552.1,Enterococcus faecium,0
SAMN17012772,CP065553.1,Enterococcus faecium,0
SAMN16987172,CP065566.1,Salmonella enterica,3
SAMN13450437,CP065673.1,Serratia spp,1
SAMN13450425,CP065688.1,Serratia spp,1
SAMN13450419,CP065699.1,Serratia spp,1
SAMN13450426,CP065747.1,Serratia spp,1
SAMN16988094,CP065767.1,Enterococcus faecium,0
SAMN16988094,CP065768.1,Enterococcus faecium,0
SAMN16988094,CP065769.1,Enterococcus faecium,0
SAMN16988093,CP065770.1,Enterococcus faecium,2
SAMN16988093,CP065771.1,Enterococcus faecium,0
SAMN16988093,CP065772.1,Enterococcus faecium,0
SAMN16988092,CP065773.1,Enterococcus faecium,2
SAMN16988092,CP065774.1,Enterococcus faecium,0
SAMN16988092,CP065775.1,Enterococcus faecium,0
SAMN16988092,CP065776.1,Enterococcus faecium,0
SAMN16988090,CP065784.1,Enterococcus faecalis,4
SAMN16988090,CP065785.1,Enterococcus faecalis,0
SAMN16988090,CP065786.1,Enterococcus faecalis,0
SAMN16673815,CP065867.1,Pseudomonas aeruginosa,3
SAMN17054651,CP065939.1,Enterobacter spp,5
SAMN17054651,CP065941.1,Enterobacter spp,0
SAMN17054651,CP065942.1,Enterobacter spp,0
SAMN17065268,CP065948.1,Pseudomonas aeruginosa,7
SAMN16357227,CP065968.1,Escherichia coli,0
SAMN16357227,CP065969.1,Escherichia coli,0
SAMN16357227,CP065970.1,Escherichia coli,6
SAMN16357227,CP065971.1,Escherichia coli,0
SAMN16357236,CP066008.1,Salmonella enterica,0
SAMN16357236,CP066009.1,Salmonella enterica,5
SAMN16357236,CP066010.1,Salmonella enterica,0
SAMN16357236,CP066011.1,Salmonella enterica,0
SAMN13747514,CP066101.1,Enterobacter spp,1
SAMN13747514,CP066102.1,Enterobacter spp,0
SAMN13747514,CP066103.1,Enterobacter spp,0
SAMN13747514,CP066104.1,Enterobacter spp,0
SAMN13747514,CP066105.1,Enterobacter spp,0
SAMN13747514,CP066106.1,Enterobacter spp,0
SAMN13747514,CP066107.1,Enterobacter spp,0
SAMN17058980,CP066127.1,Morganella morganii,5
SAMN17066406,CP066129.1,Morganella morganii,3
SAMN17066452,CP066130.1,Morganella morganii,4
SAMN17066452,CP066131.1,Morganella morganii,0
SAMN17069496,CP066132.1,Morganella morganii,3
SAMN17070466,CP066133.1,Morganella morganii,5
SAMN17070466,CP066134.1,Morganella morganii,0
SAMN17070466,CP066135.1,Morganella morganii,0
SAMN17070466,CP066136.1,Morganella morganii,0
SAMN17070561,CP066137.1,Morganella morganii,5
SAMN17070562,CP066138.1,Morganella morganii,6
SAMN17070562,CP066139.1,Morganella morganii,0
SAMN17070621,CP066140.1,Morganella morganii,5
SAMN17070621,CP066141.1,Morganella morganii,0
SAMN17074909,CP066249.1,Klebsiella pneumoniae,5
SAMN17074909,CP066250.1,Klebsiella pneumoniae,0
SAMN17074909,CP066251.1,Klebsiella pneumoniae,0
SAMN17074909,CP066252.1,Klebsiella pneumoniae,0
SAMN17074909,CP066253.1,Klebsiella pneumoniae,0
SAMN12263369,CP066366.1,Escherichia coli,0
SAMN12263369,CP066367.1,Escherichia coli,0
SAMN12263369,CP066368.1,Escherichia coli,0
SAMN17101819,CP066380.1,Bacillus subtilis,4
SAMN17038069,CP066381.1,Enterococcus faecium,1
SAMN17038069,CP066382.1,Enterococcus faecium,0
SAMN17038069,CP066383.1,Enterococcus faecium,0
SAMN17038069,CP066384.1,Enterococcus faecium,0
SAMN17038069,CP066385.1,Enterococcus faecium,0
SAMN17038069,CP066386.1,Enterococcus faecium,0
SAMN17038069,CP066387.1,Enterococcus faecium,0
SAMN17038069,CP066388.1,Enterococcus faecium,0
SAMN17038075,CP066396.1,Enterococcus faecium,1
SAMN17038075,CP066397.1,Enterococcus faecium,0
SAMN17038075,CP066398.1,Enterococcus faecium,0
SAMN17038075,CP066399.1,Enterococcus faecium,0
SAMN17038075,CP066400.1,Enterococcus faecium,0
SAMN17038075,CP066401.1,Enterococcus faecium,0
SAMN17038075,CP066402.1,Enterococcus faecium,0
SAMN17038075,CP066403.1,Enterococcus faecium,0
SAMN17038075,CP066405.1,Enterococcus faecium,0
SAMN17038075,CP066406.1,Enterococcus faecium,0
SAMN17038075,CP066407.1,Enterococcus faecium,0
SAMN17038075,CP066408.1,Enterococcus faecium,0
SAMN17038078,CP066415.1,Enterococcus faecium,0
SAMN17038078,CP066416.1,Enterococcus faecium,0
SAMN17038078,CP066417.1,Enterococcus faecium,0
SAMN17038078,CP066418.1,Enterococcus faecium,0
SAMN17038078,CP066419.1,Enterococcus faecium,0
SAMN17038078,CP066420.1,Enterococcus faecium,0
SAMN17038081,CP066434.1,Enterococcus faecium,2
SAMN17038081,CP066436.1,Enterococcus faecium,0
SAMN17038081,CP066437.1,Enterococcus faecium,0
SAMN17038081,CP066438.1,Enterococcus faecium,0
SAMN17038081,CP066439.1,Enterococcus faecium,0
SAMN17038081,CP066440.1,Enterococcus faecium,0
SAMN17038081,CP066441.1,Enterococcus faecium,0
SAMN17038081,CP066442.1,Enterococcus faecium,0
SAMN17038084,CP066451.1,Enterococcus faecium,0
SAMN17038084,CP066452.1,Enterococcus faecium,0
SAMN17038084,CP066453.1,Enterococcus faecium,0
SAMN17038084,CP066454.1,Enterococcus faecium,0
SAMN17038084,CP066456.1,Enterococcus faecium,0
SAMN17038088,CP066473.1,Enterococcus faecium,1
SAMN17038088,CP066474.1,Enterococcus faecium,0
SAMN17038088,CP066475.1,Enterococcus faecium,0
SAMN17038088,CP066476.1,Enterococcus faecium,0
SAMN17038088,CP066477.1,Enterococcus faecium,0
SAMN17038088,CP066478.1,Enterococcus faecium,0
SAMN17038088,CP066479.1,Enterococcus faecium,0
SAMN17038095,CP066598.1,Enterococcus faecium,1
SAMN17038095,CP066599.1,Enterococcus faecium,0
SAMN17038095,CP066600.1,Enterococcus faecium,0
SAMN17038095,CP066601.1,Enterococcus faecium,0
SAMN17038095,CP066602.1,Enterococcus faecium,0
SAMN17038095,CP066603.1,Enterococcus faecium,0
SAMN17038095,CP066604.1,Enterococcus faecium,0
SAMN17038095,CP066605.1,Enterococcus faecium,0
SAMN17038098,CP066606.1,Enterococcus faecium,1
SAMN17038098,CP066607.1,Enterococcus faecium,0
SAMN17038098,CP066608.1,Enterococcus faecium,0
SAMN17038098,CP066609.1,Enterococcus faecium,0
SAMN17038098,CP066610.1,Enterococcus faecium,0
SAMN17038098,CP066611.1,Enterococcus faecium,0
SAMN17038098,CP066612.1,Enterococcus faecium,0
SAMN17038098,CP066613.1,Enterococcus faecium,0
SAMN17038103,CP066637.1,Enterococcus faecium,1
SAMN17038103,CP066638.1,Enterococcus faecium,0
SAMN17038103,CP066639.1,Enterococcus faecium,0
SAMN17038103,CP066640.1,Enterococcus faecium,0
SAMN17038103,CP066641.1,Enterococcus faecium,0
SAMN17038103,CP066642.1,Enterococcus faecium,0
SAMN17038103,CP066643.1,Enterococcus faecium,0
SAMN17038103,CP066644.1,Enterococcus faecium,0
SAMN17038104,CP066645.1,Enterococcus faecium,0
SAMN17038104,CP066646.1,Enterococcus faecium,0
SAMN17038104,CP066647.1,Enterococcus faecium,0
SAMN17038104,CP066648.1,Enterococcus faecium,0
SAMN17038104,CP066649.1,Enterococcus faecium,0
SAMN17038104,CP066650.1,Enterococcus faecium,0
SAMN17038104,CP066651.1,Enterococcus faecium,0
SAMN17038104,CP066652.1,Enterococcus faecium,0
SAMN17038105,CP066653.1,Enterococcus faecium,2
SAMN17038105,CP066654.1,Enterococcus faecium,0
SAMN17038105,CP066655.1,Enterococcus faecium,0
SAMN17038105,CP066656.1,Enterococcus faecium,0
SAMN17038105,CP066657.1,Enterococcus faecium,0
SAMN17038105,CP066658.1,Enterococcus faecium,0
SAMN17038107,CP066667.1,Enterococcus faecium,2
SAMN17038107,CP066668.1,Enterococcus faecium,0
SAMN17038107,CP066669.1,Enterococcus faecium,0
SAMN17038107,CP066670.1,Enterococcus faecium,0
SAMN17038107,CP066671.1,Enterococcus faecium,0
SAMN17038107,CP066672.1,Enterococcus faecium,0
SAMN17038111,CP066673.1,Enterococcus faecium,0
SAMN17038111,CP066674.1,Enterococcus faecium,0
SAMN17038111,CP066675.1,Enterococcus faecium,0
SAMN17038111,CP066676.1,Enterococcus faecium,0
SAMN17038111,CP066677.1,Enterococcus faecium,0
SAMN17038111,CP066678.1,Enterococcus faecium,0
SAMN17038111,CP066679.1,Enterococcus faecium,0
SAMN17131268,CP066745.1,Campylobacter spp,1
SAMN17131267,CP066746.1,Campylobacter spp,1
SAMN17131267,CP066747.1,Campylobacter spp,0
SAMN08142803,CP066777.1,Morganella morganii,4
SAMN08142803,CP066778.1,Morganella morganii,0
SAMN17151035,CP066806.1,Escherichia coli,2
SAMN17151035,CP066807.1,Escherichia coli,0
SAMN17151035,CP066808.1,Escherichia coli,0
SAMN17100626,CP066833.1,Proteus spp,2
SAMN17100626,CP066834.1,Proteus spp,0
SAMN17100626,CP066835.1,Proteus spp,0
SAMN17168893,CP066836.1,Escherichia coli,4
SAMN17168893,CP066837.1,Escherichia coli,0
SAMN17168893,CP066838.1,Escherichia coli,0
SAMN17173567,CP066891.1,Klebsiella pneumoniae,5
SAMN17173567,CP066892.1,Klebsiella pneumoniae,0
SAMN17173567,CP066893.1,Klebsiella pneumoniae,0
SAMN17173567,CP066894.1,Klebsiella pneumoniae,0
SAMN17173860,CP066910.1,Klebsiella pneumoniae,5
SAMN17173860,CP066911.1,Klebsiella pneumoniae,0
SAMN17173860,CP066912.1,Klebsiella pneumoniae,0
SAMN17173860,CP066913.1,Klebsiella pneumoniae,0
SAMN17173860,CP066914.1,Klebsiella pneumoniae,0
SAMN17141635,CP067008.1,Streptococcus pyogenes,2
SAMN17141634,CP067009.1,Streptococcus pyogenes,2
SAMN17141633,CP067010.1,Streptococcus pyogenes,2
SAMN12399660,CP067103.1,Acinetobacter baumannii,0
SAMN17169750,CP067339.1,Salmonella enterica,5
SAMN17169750,CP067340.1,Salmonella enterica,0
SAMN16357307,CP068096.1,Serratia spp,1
SAMN16357307,CP068097.1,Serratia spp,0
SAMN16357307,CP068098.1,Serratia spp,0
SAMN16357307,CP068099.1,Serratia spp,0
SAMN16357307,CP068100.1,Serratia spp,0
SAMN16357307,CP068101.1,Serratia spp,0
SAMN16357254,CP068145.1,Morganella morganii,4
SAMN16357248,CP068152.1,Proteus spp,3
SAMN16357258,CP068214.1,Serratia spp,3
SAMN17207384,CP068238.1,Pseudomonas aeruginosa,2
SAMN17169726,CP068244.1,Enterococcus faecium,2
SAMN17169726,CP068245.1,Enterococcus faecium,0
SAMN17169733,CP068249.1,Enterococcus faecalis,1
SAMN17169733,CP068250.1,Enterococcus faecalis,0
SAMN17059475,CP068562.1,Morganella morganii,5
SAMN17379471,CP068565.1,Campylobacter spp,1
SAMN17348252,CP068618.1,Klebsiella pneumoniae,3
SAMN17348252,CP068619.1,Klebsiella pneumoniae,0
SAMN17348252,CP068620.1,Klebsiella pneumoniae,0
SAMN17348252,CP068621.1,Klebsiella pneumoniae,0
SAMN17319566,CP068696.1,Salmonella enterica,6
SAMN17319566,CP068697.1,Salmonella enterica,0
SAMN17393045,CP068761.1,Neisseria spp,1
SAMN17393045,CP068762.1,Neisseria spp,0
SAMN17393045,CP068763.1,Neisseria spp,0
SAMN17393045,CP068764.1,Neisseria spp,0
SAMN17574687,CP068982.1,Bacillus subtilis,4
SAMN17570629,CP069133.1,Escherichia coli,0
SAMN17310992,CP069157.1,Morganella morganii,5
SAMN17615183,CP069185.1,Enterococcus faecalis,0
SAMN17615183,CP069186.1,Enterococcus faecalis,0
SAMN17615183,CP069187.1,Enterococcus faecalis,0
SAMN17575725,CP069198.1,Pseudomonas aeruginosa,4
SAMN17717983,CP069238.1,Bacillus subtilis,3
SAMN13234654,CP069327.1,Pseudomonas aeruginosa,2
SAMN13234661,CP069329.1,Pseudomonas aeruginosa,2
SAMN13234660,CP069331.1,Pseudomonas aeruginosa,2
SAMN13234652,CP069333.1,Pseudomonas aeruginosa,2
SAMN13234648,CP069336.1,Pseudomonas aeruginosa,2
SAMN16357393,CP069445.1,Escherichia coli,2
SAMN16357393,CP069446.1,Escherichia coli,0
SAMN16357409,CP069522.1,Escherichia coli,6
SAMN16357409,CP069523.1,Escherichia coli,0
SAMN16357409,CP069524.1,Escherichia coli,0
SAMN16357409,CP069525.1,Escherichia coli,0
SAMN17732899,CP069630.1,Escherichia coli,2
SAMN17732899,CP069631.1,Escherichia coli,0
SAMN17732899,CP069632.1,Escherichia coli,0
SAMN17831486,CP069646.1,Escherichia coli,2
SAMN17831486,CP069647.1,Escherichia coli,0
SAMN17831486,CP069648.1,Escherichia coli,0
SAMN17831486,CP069649.1,Escherichia coli,0
SAMN17831486,CP069650.1,Escherichia coli,0
SAMN17831486,CP069651.1,Escherichia coli,0
SAMN17831486,CP069652.1,Escherichia coli,0
SAMN17831486,CP069653.1,Escherichia coli,0
SAMN17831486,CP069654.1,Escherichia coli,0
SAMN17831486,CP069655.1,Escherichia coli,0
SAMN17831486,CP069656.1,Escherichia coli,0
SAMN17832981,CP069789.1,Bacillus subtilis,3
SAMN16357501,CP069851.1,Acinetobacter baumannii,1
SAMN16357501,CP069852.1,Acinetobacter baumannii,0
SAMN16357433,CP069980.1,Escherichia coli,6
SAMN16357433,CP069981.1,Escherichia coli,0
SAMN16357433,CP069982.1,Escherichia coli,0
SAMN16357433,CP069983.1,Escherichia coli,0
SAMN16357433,CP069984.1,Escherichia coli,0
SAMN16357433,CP069985.1,Escherichia coli,0
SAMN16357433,CP069986.1,Escherichia coli,0
SAMN16357433,CP069987.1,Escherichia coli,0
SAMN16357433,CP069988.1,Escherichia coli,0
SAMN16357433,CP069989.1,Escherichia coli,0
SAMN16357434,CP070124.1,Escherichia coli,4
SAMN16357434,CP070125.1,Escherichia coli,0
SAMN16357434,CP070126.1,Escherichia coli,0
SAMN16357434,CP070127.1,Escherichia coli,0
SAMN16357434,CP070128.1,Escherichia coli,0
SAMN16357434,CP070129.1,Escherichia coli,0
SAMN16357434,CP070130.1,Escherichia coli,0
SAMN16357434,CP070131.1,Escherichia coli,0
SAMN16357423,CP070132.1,Escherichia coli,0
SAMN16357423,CP070133.1,Escherichia coli,0
SAMN16357423,CP070134.1,Escherichia coli,5
SAMN16357423,CP070135.1,Escherichia coli,0
SAMN16357423,CP070136.1,Escherichia coli,0
SAMN16357423,CP070137.1,Escherichia coli,0
SAMN16357423,CP070138.1,Escherichia coli,0
SAMN16357423,CP070139.1,Escherichia coli,0
SAMN16357423,CP070140.1,Escherichia coli,0
SAMN16357423,CP070141.1,Escherichia coli,0
SAMN16357423,CP070142.1,Escherichia coli,0
SAMN16357423,CP070143.1,Escherichia coli,0
SAMN17734270,CP070222.1,Salmonella enterica,2
SAMN17915140,CP070464.1,Klebsiella pneumoniae,1
SAMN17915140,CP070465.1,Klebsiella pneumoniae,0
SAMN17915140,CP070466.1,Klebsiella pneumoniae,0
SAMN17915141,CP070467.1,Pseudomonas aeruginosa,2
SAMN17915141,CP070468.1,Pseudomonas aeruginosa,0
SAMN17915141,CP070469.1,Pseudomonas aeruginosa,0
SAMN17915141,CP070470.1,Pseudomonas aeruginosa,0
SAMN16801779,CP070485.1,Bacillus subtilis,4
SAMN16801779,CP070486.1,Bacillus subtilis,0
SAMN16801779,CP070487.1,Bacillus subtilis,0
SAMN16933265,CP070521.1,Morganella morganii,0
SAMN16933265,CP070522.1,Morganella morganii,0
SAMN16933265,CP070523.1,Morganella morganii,0
SAMN16933265,CP070524.1,Morganella morganii,7
SAMN16933275,CP070535.1,Morganella morganii,0
SAMN16933275,CP070536.1,Morganella morganii,0
SAMN16933275,CP070537.1,Morganella morganii,6
SAMN16933284,CP070550.1,Morganella morganii,0
SAMN16933284,CP070551.1,Morganella morganii,0
SAMN16933284,CP070552.1,Morganella morganii,0
SAMN16933284,CP070553.1,Morganella morganii,9
SAMN16933285,CP070554.1,Citrobacter spp,0
SAMN16933285,CP070555.1,Citrobacter spp,0
SAMN16933285,CP070556.1,Citrobacter spp,0
SAMN16933285,CP070557.1,Citrobacter spp,0
SAMN16933285,CP070558.1,Citrobacter spp,0
SAMN16933285,CP070559.1,Citrobacter spp,3
SAMN16933295,CP070569.1,Proteus spp,3
SAMN16933295,CP070570.1,Proteus spp,0
SAMN16933295,CP070571.1,Proteus spp,0
SAMN16933297,CP070572.1,Proteus spp,3
SAMN16933297,CP070573.1,Proteus spp,0
SAMN16933297,CP070574.1,Proteus spp,0
SAMN16933297,CP070575.1,Proteus spp,0
SAMN18034722,CP070994.1,Streptococcus pyogenes,2
SAMN17615676,CP071009.1,Enterobacter spp,2
SAMN17615676,CP071010.1,Enterobacter spp,0
SAMN17615674,CP071013.1,Enterobacter spp,2
SAMN17615674,CP071014.1,Enterobacter spp,0
SAMN17615670,CP071021.1,Enterobacter spp,2
SAMN17615670,CP071022.1,Enterobacter spp,0
SAMN17615669,CP071023.1,Enterobacter spp,2
SAMN17615669,CP071024.1,Enterobacter spp,0
SAMN17615668,CP071025.1,Enterobacter spp,2
SAMN17615668,CP071026.1,Enterobacter spp,0
SAMN17848993,CP071043.1,Bacillus subtilis,2
SAMN18062968,CP071172.1,Enterococcus faecalis,1
SAMN18063036,CP071176.1,Enterococcus faecalis,0
SAMN18063036,CP071177.1,Enterococcus faecalis,0
SAMEA7301506,CP071188.1,Serratia spp,3
SAMEA7301506,CP071189.1,Serratia spp,0
SAMEA7301505,CP071190.1,Serratia spp,3
SAMEA7301505,CP071191.1,Serratia spp,0
SAMEA7301504,CP071192.1,Serratia spp,3
SAMEA7301504,CP071193.1,Serratia spp,0
SAMEA7301502,CP071196.1,Serratia spp,3
SAMEA7301502,CP071197.1,Serratia spp,0
SAMEA7301501,CP071198.1,Serratia spp,3
SAMEA7301501,CP071199.1,Serratia spp,0
SAMEA7301499,CP071202.1,Serratia spp,3
SAMEA7301499,CP071203.1,Serratia spp,0
SAMEA7301498,CP071204.1,Serratia spp,3
SAMEA7301498,CP071205.1,Serratia spp,0
SAMEA7301497,CP071206.1,Serratia spp,3
SAMEA7301497,CP071207.1,Serratia spp,0
SAMEA7301496,CP071208.1,Serratia spp,3
SAMEA7301496,CP071209.1,Serratia spp,0
SAMEA7301494,CP071212.1,Serratia spp,3
SAMEA7301494,CP071213.1,Serratia spp,0
SAMEA7301492,CP071216.1,Serratia spp,3
SAMEA7301492,CP071217.1,Serratia spp,0
SAMEA7301491,CP071218.1,Serratia spp,3
SAMEA7301491,CP071219.1,Serratia spp,0
SAMEA7301490,CP071220.1,Serratia spp,3
SAMEA7301490,CP071221.1,Serratia spp,0
SAMEA7301488,CP071224.1,Serratia spp,3
SAMEA7301488,CP071225.1,Serratia spp,0
SAMEA7301487,CP071226.1,Serratia spp,3
SAMEA7301487,CP071227.1,Serratia spp,0
SAMEA7301486,CP071228.1,Serratia spp,3
SAMEA7301486,CP071229.1,Serratia spp,0
SAMEA7301485,CP071230.1,Serratia spp,3
SAMEA7301485,CP071231.1,Serratia spp,0
SAMEA7301484,CP071232.1,Serratia spp,3
SAMEA7301484,CP071233.1,Serratia spp,0
SAMEA7301483,CP071234.1,Serratia spp,3
SAMEA7301483,CP071235.1,Serratia spp,0
SAMEA7301482,CP071236.1,Serratia spp,3
SAMEA7301482,CP071237.1,Serratia spp,0
SAMEA7301480,CP071240.1,Serratia spp,3
SAMEA7301480,CP071241.1,Serratia spp,0
SAMEA7301479,CP071242.1,Serratia spp,3
SAMEA7301479,CP071243.1,Serratia spp,0
SAMEA7301478,CP071244.1,Serratia spp,3
SAMEA7301478,CP071245.1,Serratia spp,0
SAMN18062620,CP071265.1,Citrobacter spp,1
SAMN18062620,CP071266.1,Citrobacter spp,0
SAMN18062620,CP071267.1,Citrobacter spp,0
SAMN18062620,CP071268.1,Citrobacter spp,0
SAMN18062620,CP071269.1,Citrobacter spp,0
SAMN18062620,CP071270.1,Citrobacter spp,0
SAMN16801778,CP071276.1,Bacillus subtilis,4
SAMN16801778,CP071277.1,Bacillus subtilis,0
SAMN16801778,CP071278.1,Bacillus subtilis,0
SAMN18104335,CP071320.1,Serratia spp,1
SAMN08987256,CP071459.1,Campylobacter spp,0
SAMN08987254,CP071460.1,Campylobacter spp,0
SAMN08987254,CP071461.1,Campylobacter spp,0
SAMN16443699,CP071522.1,Escherichia coli,6
SAMN16443699,CP071523.1,Escherichia coli,0
SAMN16443699,CP071524.1,Escherichia coli,0
SAMN15004774,CP071577.1,Campylobacter spp,0
SAMN15004776,CP071583.1,Campylobacter spp,0
SAMN15004785,CP071584.1,Campylobacter spp,0
SAMN05871074,CP071585.1,Campylobacter spp,0
SAMN18237922,CP071731.1,Pseudomonas aeruginosa,3
SAMN18275117,CP071773.1,Proteus spp,1
SAMN18275117,CP071774.1,Proteus spp,0
SAMN18275117,CP071775.1,Proteus spp,0
SAMN18275117,CP071776.1,Proteus spp,0
SAMN18275150,CP071777.1,Proteus spp,1
SAMN18275150,CP071778.1,Proteus spp,0
SAMN18275150,CP071779.1,Proteus spp,0
SAMN18275199,CP071780.1,Proteus spp,1
SAMN18275199,CP071781.1,Proteus spp,0
SAMN18275199,CP071782.1,Proteus spp,0
SAMN18275199,CP071783.1,Proteus spp,0
SAMN17602804,CP071871.1,Streptococcus pneumoniae,1
SAMN18323756,CP071916.1,Streptococcus pneumoniae,1
SAMN18323755,CP071917.1,Streptococcus pneumoniae,2
SAMN18323757,CP071918.1,Streptococcus pneumoniae,2
SAMN15566637,CP071924.1,Enterococcus faecium,0
SAMN15566637,CP071925.1,Enterococcus faecium,0
SAMN15566637,CP071926.1,Enterococcus faecium,0
SAMN15566637,CP071927.1,Enterococcus faecium,0
SAMN15566637,CP071929.1,Enterococcus faecium,0
SAMN15566637,CP071930.1,Enterococcus faecium,0
SAMN15566637,CP071931.1,Enterococcus faecium,1
SAMN18296288,CP071936.1,Helicobacter pylori,0
SAMN18353823,CP071958.1,Enterococcus faecium,0
SAMN18353823,CP071959.1,Enterococcus faecium,0
SAMN18353823,CP071960.1,Enterococcus faecium,0
SAMN18353823,CP071961.1,Enterococcus faecium,0
SAMN18353823,CP071962.1,Enterococcus faecium,0
SAMN18353823,CP071963.1,Enterococcus faecium,0
SAMN18353823,CP071964.1,Enterococcus faecium,0
SAMN18353823,CP071965.1,Enterococcus faecium,0
SAMN18353823,CP071966.1,Enterococcus faecium,0
SAMN18353823,CP071967.1,Enterococcus faecium,0
SAMN18353823,CP071968.1,Enterococcus faecium,0
SAMN18353823,CP071969.1,Enterococcus faecium,0
SAMN18350180,CP071978.1,Helicobacter pylori,0
SAMN18350180,CP071979.1,Helicobacter pylori,0
SAMN18350180,CP071980.1,Helicobacter pylori,0
SAMN18350188,CP071981.1,Helicobacter pylori,0
SAMN18350190,CP071982.1,Helicobacter pylori,0
SAMN18350190,CP071983.1,Helicobacter pylori,0
SAMN18396008,CP072122.1,Acinetobacter baumannii,4
SAMN18396008,CP072123.1,Acinetobacter baumannii,0
SAMN18396008,CP072124.1,Acinetobacter baumannii,0
SAMN18396008,CP072125.1,Acinetobacter baumannii,0
SAMN18396008,CP072126.1,Acinetobacter baumannii,0
SAMN18452342,CP072280.1,Acinetobacter baumannii,4
SAMN18452342,CP072281.1,Acinetobacter baumannii,0
SAMN18452342,CP072282.1,Acinetobacter baumannii,0
SAMN18452342,CP072283.1,Acinetobacter baumannii,0
SAMN18452342,CP072284.1,Acinetobacter baumannii,0
SAMN18452712,CP072300.1,Acinetobacter baumannii,4
SAMN18452712,CP072301.1,Acinetobacter baumannii,0
SAMN18452712,CP072302.1,Acinetobacter baumannii,0
SAMN18452712,CP072303.1,Acinetobacter baumannii,0
SAMN18452712,CP072304.1,Acinetobacter baumannii,0
SAMN18451305,CP072398.1,Acinetobacter baumannii,4
SAMN18451305,CP072399.1,Acinetobacter baumannii,0
SAMN18451305,CP072400.1,Acinetobacter baumannii,0
SAMN18451305,CP072401.1,Acinetobacter baumannii,0
SAMN18451305,CP072402.1,Acinetobacter baumannii,0
SAMN18450113,CP072496.1,Klebsiella pneumoniae,2
SAMN18450113,CP072497.1,Klebsiella pneumoniae,0
SAMN18450113,CP072498.1,Klebsiella pneumoniae,0
SAMN18450113,CP072499.1,Klebsiella pneumoniae,0
SAMN12272102,CP072508.1,Enterococcus faecalis,0
SAMN18523098,CP072523.1,Streptococcus pyogenes,2
SAMN18529738,CP072525.1,Bacillus subtilis,3
SAMN18533866,CP072567.1,Enterococcus faecium,0
SAMN18533866,CP072568.1,Enterococcus faecium,0
SAMN18533866,CP072569.1,Enterococcus faecium,0
SAMN18533866,CP072570.1,Enterococcus faecium,0
SAMN18533866,CP072571.1,Enterococcus faecium,0
SAMN18533866,CP072572.1,Enterococcus faecium,0
SAMN18533866,CP072574.1,Enterococcus faecium,0
SAMN18533866,CP072575.1,Enterococcus faecium,0
SAMN18533866,CP072576.1,Enterococcus faecium,0
SAMN18533866,CP072577.1,Enterococcus faecium,0
SAMN18533866,CP072578.1,Enterococcus faecium,0
SAMN18533868,CP072586.1,Enterococcus faecium,2
SAMN18533868,CP072588.1,Enterococcus faecium,0
SAMN18533868,CP072589.1,Enterococcus faecium,0
SAMN18533868,CP072590.1,Enterococcus faecium,0
SAMN18533868,CP072591.1,Enterococcus faecium,0
SAMN18533868,CP072592.1,Enterococcus faecium,0
SAMN18533868,CP072593.1,Enterococcus faecium,0
SAMN18533868,CP072594.1,Enterococcus faecium,0
SAMN18533868,CP072595.1,Enterococcus faecium,0
SAMN18533778,CP072707.1,Enterococcus faecium,1
SAMN18533778,CP072708.1,Enterococcus faecium,0
SAMN18533778,CP072709.1,Enterococcus faecium,0
SAMN18533778,CP072710.1,Enterococcus faecium,0
SAMN18533778,CP072711.1,Enterococcus faecium,0
SAMN18533778,CP072712.1,Enterococcus faecium,0
SAMN18533778,CP072713.1,Enterococcus faecium,0
SAMN18533778,CP072714.1,Enterococcus faecium,0
SAMN18533778,CP072715.1,Enterococcus faecium,0
SAMN18533778,CP072716.1,Enterococcus faecium,0
SAMN18533778,CP072717.1,Enterococcus faecium,0
SAMN18533778,CP072718.1,Enterococcus faecium,0
SAMN18533778,CP072719.1,Enterococcus faecium,0
SAMN18533763,CP072731.1,Enterococcus faecium,2
SAMN18533763,CP072732.1,Enterococcus faecium,0
SAMN18533763,CP072733.1,Enterococcus faecium,0
SAMN18533763,CP072734.1,Enterococcus faecium,0
SAMN18533763,CP072735.1,Enterococcus faecium,0
SAMN18533763,CP072736.1,Enterococcus faecium,0
SAMN18533763,CP072737.1,Enterococcus faecium,0
SAMN18533763,CP072738.1,Enterococcus faecium,0
SAMN18533763,CP072739.1,Enterococcus faecium,0
SAMN18533763,CP072740.1,Enterococcus faecium,0
SAMN18533763,CP072741.1,Enterococcus faecium,0
SAMN18593959,CP072779.1,Proteus spp,3
SAMN18593959,CP072780.1,Proteus spp,0
SAMN18642587,CP072845.1,Bacillus subtilis,3
SAMN18636297,CP072847.1,Vibrio cholerae,0
SAMN18636297,CP072848.1,Vibrio cholerae,0
SAMN18642716,CP072849.1,Vibrio cholerae,0
SAMN18642716,CP072850.1,Vibrio cholerae,0
SAMN18631321,CP072881.1,Enterococcus faecium,0
SAMN18631321,CP072882.1,Enterococcus faecium,0
SAMN18631321,CP072883.1,Enterococcus faecium,0
SAMN18498587,CP073060.1,Acinetobacter baumannii,0
SAMN18498587,CP073061.1,Acinetobacter baumannii,0
SAMN18781101,CP073244.1,Proteus spp,5
SAMN18781105,CP073245.1,Proteus spp,3
SAMN18781106,CP073246.1,Proteus spp,2
SAMN18781108,CP073247.1,Proteus spp,2
SAMN18781111,CP073248.1,Proteus spp,3
SAMN18818640,CP073356.1,Proteus spp,1
SAMN18818640,CP073357.1,Proteus spp,0
SAMN18818640,CP073358.1,Proteus spp,0
SAMN18818640,CP073359.1,Proteus spp,0
SAMN18839099,CP073630.1,Proteus spp,2
SAMN18859087,CP073768.1,Escherichia coli,3
SAMN18859087,CP073769.1,Escherichia coli,0
SAMN18859087,CP073770.1,Escherichia coli,0
SAMN18859124,CP073771.1,Enterobacter spp,4
SAMN18859124,CP073772.1,Enterobacter spp,0
SAMN18859124,CP073773.1,Enterobacter spp,0
SAMN18859124,CP073774.1,Enterobacter spp,0
SAMN18859124,CP073775.1,Enterobacter spp,0
SAMN18859124,CP073776.1,Enterobacter spp,0
SAMN18859124,CP073777.1,Enterobacter spp,0
SAMN18859086,CP073914.1,Proteus spp,4
SAMN18877307,CP073974.1,Escherichia coli,3
SAMN18877307,CP073975.1,Escherichia coli,0
SAMN18877302,CP073994.1,Escherichia coli,0
SAMN18877302,CP073995.1,Escherichia coli,0
SAMN18877298,CP074007.1,Escherichia coli,2
SAMN18877298,CP074008.1,Escherichia coli,0
SAMN18877298,CP074009.1,Escherichia coli,0
SAMN18877298,CP074010.1,Escherichia coli,0
SAMN18877298,CP074011.1,Escherichia coli,0
SAMN18877294,CP074028.1,Escherichia coli,3
SAMN18877294,CP074029.1,Escherichia coli,0
SAMN18877294,CP074030.1,Escherichia coli,0
SAMN17922924,CP074105.1,Enterococcus faecium,0
SAMN17922924,CP074106.1,Enterococcus faecium,0
SAMN17922919,CP074109.1,Enterococcus faecium,0
SAMN18917001,CP074168.1,Serratia spp,3
SAMN18917001,CP074169.1,Serratia spp,0
SAMN16387657,CP074558.1,Klebsiella pneumoniae,5
SAMN16387657,CP074559.1,Klebsiella pneumoniae,0
SAMN16387657,CP074560.1,Klebsiella pneumoniae,0
SAMN19091144,CP074571.1,Bacillus subtilis,1
SAMN19110717,CP074585.1,Acinetobacter baumannii,3
SAMN19110717,CP074586.1,Acinetobacter baumannii,0
SAMN16560992,CP074695.1,Acinetobacter baumannii,4
SAMN16560992,CP074696.1,Acinetobacter baumannii,0
SAMN16560992,CP074697.1,Acinetobacter baumannii,1
SAMN16560993,CP074698.1,Acinetobacter baumannii,4
SAMN16560993,CP074699.1,Acinetobacter baumannii,0
SAMN16560993,CP074700.1,Acinetobacter baumannii,1
SAMN19101772,CP074868.1,Escherichia coli,10
SAMN19101772,CP074869.1,Escherichia coli,0
SAMN19101772,CP074870.1,Escherichia coli,0
SAMN19101772,CP074871.1,Escherichia coli,0
SAMN19101768,CP074879.1,Escherichia coli,13
SAMN19101768,CP074880.1,Escherichia coli,0
SAMN19101768,CP074881.1,Escherichia coli,0
SAMN19101768,CP074882.1,Escherichia coli,0
SAMN19101768,CP074883.1,Escherichia coli,0
SAMN19101768,CP074884.1,Escherichia coli,0
SAMN19101763,CP074900.1,Escherichia coli,15
SAMN19101763,CP074901.1,Escherichia coli,0
SAMN19101763,CP074902.1,Escherichia coli,0
SAMN19101763,CP074903.1,Escherichia coli,0
SAMN19101761,CP074909.1,Escherichia coli,9
SAMN19101761,CP074910.1,Escherichia coli,0
SAMN19101759,CP074914.1,Escherichia coli,13
SAMN19101759,CP074915.1,Escherichia coli,0
SAMN19101759,CP074916.1,Escherichia coli,0
SAMN19101759,CP074917.1,Escherichia coli,0
SAMN19101759,CP074918.1,Escherichia coli,0
SAMN19101759,CP074919.1,Escherichia coli,0
SAMN19101759,CP074920.1,Escherichia coli,0
SAMN07427966,CP075107.1,Salmonella enterica,0
SAMN04961990,CP075128.1,Salmonella enterica,5
SAMN19136531,CP075344.1,Bacillus subtilis,2
SAMN16120645,CP075486.1,Escherichia coli,0
SAMN16120645,CP075487.1,Escherichia coli,0
SAMN16120645,CP075488.1,Escherichia coli,0
SAMN17976209,CP076106.1,Klebsiella pneumoniae,1
SAMN17976209,CP076107.1,Klebsiella pneumoniae,0
SAMN17976209,CP076108.1,Klebsiella pneumoniae,0
SAMN17976209,CP076109.1,Klebsiella pneumoniae,0
SAMN04917414,CP076272.1,Escherichia coli,7
SAMN04917414,CP076273.1,Escherichia coli,0
SAMN19573833,CP076417.1,Streptococcus pneumoniae,0
SAMN19573830,CP076420.1,Streptococcus pneumoniae,1
SAMN19573829,CP076421.1,Streptococcus pneumoniae,0
SAMN19573828,CP076422.1,Streptococcus pneumoniae,0
SAMN19573827,CP076423.1,Streptococcus pneumoniae,0
SAMN19573826,CP076424.1,Streptococcus pneumoniae,0
SAMN19573825,CP076425.1,Streptococcus pneumoniae,0
SAMN19573824,CP076426.1,Streptococcus pneumoniae,1
SAMN19573823,CP076427.1,Streptococcus pneumoniae,1
SAMN19573822,CP076428.1,Streptococcus pneumoniae,0
SAMN19573821,CP076429.1,Streptococcus pneumoniae,0
SAMN19573820,CP076430.1,Streptococcus pneumoniae,0
SAMN19573818,CP076432.1,Streptococcus pneumoniae,0
SAMN19573817,CP076433.1,Streptococcus pneumoniae,1
SAMN19573816,CP076434.1,Streptococcus pneumoniae,0
SAMN19573815,CP076435.1,Streptococcus pneumoniae,0
SAMN19459936,CP076445.1,Bacillus subtilis,2
SAMN19573784,CP076471.1,Enterococcus faecium,0
SAMN19573784,CP076472.1,Enterococcus faecium,0
SAMN19573784,CP076473.1,Enterococcus faecium,0
SAMN19573784,CP076474.1,Enterococcus faecium,0
SAMN19573784,CP076475.1,Enterococcus faecium,0
SAMN19573781,CP076488.1,Enterococcus faecalis,5
SAMN19573781,CP076489.1,Enterococcus faecalis,0
SAMN19573781,CP076490.1,Enterococcus faecalis,0
SAMN19573781,CP076491.1,Enterococcus faecalis,0
SAMN19573781,CP076492.1,Enterococcus faecalis,0
SAMN19573780,CP076493.1,Enterococcus faecalis,5
SAMN19573780,CP076494.1,Enterococcus faecalis,0
SAMN19573780,CP076495.1,Enterococcus faecalis,0
SAMN19573780,CP076496.1,Enterococcus faecalis,0
SAMN19573780,CP076497.1,Enterococcus faecalis,0
SAMN19573779,CP076498.1,Enterococcus faecalis,5
SAMN19573779,CP076499.1,Enterococcus faecalis,0
SAMN19573779,CP076500.1,Enterococcus faecalis,0
SAMN19573779,CP076501.1,Enterococcus faecalis,0
SAMN19573779,CP076502.1,Enterococcus faecalis,0
SAMN15156890,CP076504.1,Campylobacter spp,1
SAMN15156961,CP076510.1,Campylobacter spp,0
SAMN15156961,CP076511.1,Campylobacter spp,0
SAMN15156961,CP076512.1,Campylobacter spp,0
SAMN15156991,CP076513.1,Campylobacter spp,2
SAMN19659029,CP076623.1,Morganella morganii,4
SAMN19659029,CP076624.1,Morganella morganii,0
SAMN19604990,CP076654.1,Escherichia coli,0
SAMN19604990,CP076655.1,Escherichia coli,0
SAMN19690116,CP076739.1,Acinetobacter baumannii,4
SAMN19690116,CP076740.1,Acinetobacter baumannii,0
SAMN19690116,CP076741.1,Acinetobacter baumannii,1
SAMN19356522,CP076821.1,Acinetobacter baumannii,5
SAMN19356522,CP076822.1,Acinetobacter baumannii,0
SAMN19718690,CP076839.1,Staphylococcus aureus,0
SAMN19718690,CP076840.1,Staphylococcus aureus,0
SAMN19718690,CP076841.1,Staphylococcus aureus,0
SAMN19718690,CP076842.1,Staphylococcus aureus,0
SAMN18296291,CP077060.1,Vibrio cholerae,0
SAMN18296291,CP077061.1,Vibrio cholerae,0
SAMN16357575,CP077308.1,Enterobacter spp,4
SAMN16357575,CP077309.1,Enterobacter spp,0
SAMN16357575,CP077310.1,Enterobacter spp,0
SAMN19645622,CP077499.1,Escherichia coli,12
SAMN19645622,CP077500.1,Escherichia coli,0
SAMN19645622,CP077501.1,Escherichia coli,0
SAMN19645622,CP077502.1,Escherichia coli,0
SAMN19645622,CP077503.1,Escherichia coli,0
SAMN19645622,CP077504.1,Escherichia coli,0
SAMN19645622,CP077505.1,Escherichia coli,0
SAMN19645617,CP077519.1,Escherichia coli,10
SAMN19645617,CP077520.1,Escherichia coli,0
SAMN19645617,CP077521.1,Escherichia coli,0
SAMN19645617,CP077522.1,Escherichia coli,0
SAMN19645617,CP077523.1,Escherichia coli,0
SAMN19645617,CP077524.1,Escherichia coli,0
SAMN19645617,CP077525.1,Escherichia coli,0
SAMN19789151,CP077603.1,Neisseria spp,1
SAMN15156779,CP077633.1,Campylobacter spp,0
SAMN15156779,CP077634.1,Campylobacter spp,0
SAMN08824062,CP077699.1,Salmonella enterica,5
SAMN08824062,CP077700.1,Salmonella enterica,0
SAMN08824062,CP077701.1,Salmonella enterica,0
SAMN15547571,CP077818.1,Klebsiella pneumoniae,0
SAMN15547571,CP077819.1,Klebsiella pneumoniae,0
SAMN19762827,CP077828.1,Acinetobacter baumannii,1
SAMN19762827,CP077829.1,Acinetobacter baumannii,0
SAMN19774628,CP077835.1,Acinetobacter baumannii,3
SAMN19774628,CP077836.1,Acinetobacter baumannii,0
SAMN19774588,CP077846.1,Acinetobacter baumannii,3
SAMN19774588,CP077847.1,Acinetobacter baumannii,0
SAMN19774588,CP077848.1,Acinetobacter baumannii,0
SAMN19550031,CP077917.1,Staphylococcus aureus,1
SAMN19550028,CP077921.1,Staphylococcus aureus,1
SAMN19550020,CP077931.1,Staphylococcus aureus,2
SAMN19608370,CP077963.1,Proteus spp,2
SAMN19608370,CP077964.1,Proteus spp,0
SAMN19608370,CP077965.1,Proteus spp,0
SAMN19950575,CP077971.1,Pseudomonas aeruginosa,5
SAMN19950575,CP077972.1,Pseudomonas aeruginosa,0
SAMN19950575,CP077973.1,Pseudomonas aeruginosa,0
SAMN19950575,CP077974.1,Pseudomonas aeruginosa,0
SAMN19950575,CP077975.1,Pseudomonas aeruginosa,0
SAMN19950575,CP077976.1,Pseudomonas aeruginosa,0
SAMN19950566,CP078004.1,Pseudomonas aeruginosa,6
SAMN19950566,CP078005.1,Pseudomonas aeruginosa,0
SAMN19950564,CP078007.1,Pseudomonas aeruginosa,4
SAMN19950564,CP078008.1,Pseudomonas aeruginosa,0
SAMN19950563,CP078009.1,Pseudomonas aeruginosa,3
SAMN19950563,CP078010.1,Pseudomonas aeruginosa,0
SAMN19950563,CP078011.1,Pseudomonas aeruginosa,0
SAMN19998461,CP078113.1,Neisseria spp,1
SAMN19998460,CP078114.1,Neisseria spp,1
SAMN19998456,CP078118.1,Neisseria spp,1
SAMN20104198,CP078521.1,Staphylococcus aureus,2
SAMN20104198,CP078522.1,Staphylococcus aureus,0
SAMN20286395,CP079736.1,Escherichia coli,1
SAMN20115065,CP079807.1,Klebsiella pneumoniae,5
SAMN20115065,CP079808.1,Klebsiella pneumoniae,0
SAMN20115065,CP079809.1,Klebsiella pneumoniae,0
SAMN20115065,CP079810.1,Klebsiella pneumoniae,0
SAMN20115065,CP079811.1,Klebsiella pneumoniae,0
SAMN20115065,CP079812.1,Klebsiella pneumoniae,0
SAMN20115065,CP079813.1,Klebsiella pneumoniae,0
SAMN20115065,CP079814.1,Klebsiella pneumoniae,0
SAMN20115065,CP079815.1,Klebsiella pneumoniae,0
SAMN20115065,CP079816.1,Klebsiella pneumoniae,0
SAMN20115065,CP079817.1,Klebsiella pneumoniae,0
SAMN20206207,CP079882.1,Proteus spp,5
SAMN20206207,CP079883.1,Proteus spp,0
SAMN20327787,CP079922.1,Streptococcus pneumoniae,0
SAMN20337307,CP079923.1,Streptococcus pneumoniae,0
SAMN20308719,CP079941.1,Neisseria spp,1
SAMN20255406,CP079944.1,Acinetobacter baumannii,3
SAMN20353536,CP080172.1,Escherichia coli,2
SAMN20353536,CP080173.1,Escherichia coli,0
SAMN20353536,CP080174.1,Escherichia coli,0
SAMN20353536,CP080175.1,Escherichia coli,0
SAMN20353536,CP080176.1,Escherichia coli,0
SAMN20003582,CP080233.1,Escherichia coli,1
SAMN20003582,CP080234.1,Escherichia coli,0
SAMN20362540,CP080280.1,Pseudomonas aeruginosa,1
SAMN20458429,CP080405.1,Pseudomonas aeruginosa,1
SAMN11287979,CP080462.1,Vibrio cholerae,2
SAMN11287979,CP080463.1,Vibrio cholerae,0
SAMN11287979,CP080464.1,Vibrio cholerae,0
SAMN11287978,CP080465.1,Vibrio cholerae,1
SAMN11287978,CP080466.1,Vibrio cholerae,0
SAMN17301236,CP080550.1,Staphylococcus aureus,3
SAMN17301239,CP080562.1,Staphylococcus aureus,4
SAMN17301239,CP080563.1,Staphylococcus aureus,0
SAMN20587887,CP080584.1,Klebsiella pneumoniae,5
SAMN20587848,CP080587.1,Klebsiella pneumoniae,5
SAMN20607820,CP080759.1,Enterococcus faecalis,2
SAMN20703516,CP081324.1,Escherichia coli,0
SAMN20703516,CP081325.1,Escherichia coli,0
SAMN20703516,CP081326.1,Escherichia coli,0
SAMN20703516,CP081327.1,Escherichia coli,0
SAMN20821254,CP081345.1,Pseudomonas aeruginosa,3
SAMN20825297,CP081458.1,Bacillus subtilis,1
SAMN20825296,CP081505.1,Enterococcus faecalis,1
SAMN20825296,CP081506.1,Enterococcus faecalis,0
SAMN20892915,CP081858.1,Salmonella enterica,4
SAMN20892915,CP081859.1,Salmonella enterica,0
SAMN20928630,CP082004.1,Klebsiella pneumoniae,0
SAMN20928630,CP082005.1,Klebsiella pneumoniae,0
SAMN20928630,CP082006.1,Klebsiella pneumoniae,0
SAMN20928630,CP082007.1,Klebsiella pneumoniae,0
SAMN20928630,CP082008.1,Klebsiella pneumoniae,0
SAMN20934291,CP082087.1,Escherichia coli,0
SAMN20934291,CP082088.1,Escherichia coli,0
SAMN20934291,CP082089.1,Escherichia coli,0
SAMN20934291,CP082090.1,Escherichia coli,0
SAMN20857175,CP082120.1,Escherichia coli,4
SAMN20857175,CP082121.1,Escherichia coli,0
SAMN20857175,CP082122.1,Escherichia coli,0
SAMN20857175,CP082123.1,Escherichia coli,0
SAMN20857175,CP082124.1,Escherichia coli,0
SAMN20857175,CP082125.1,Escherichia coli,0
SAMN20857175,CP082126.1,Escherichia coli,0
SAMN20967708,CP082212.1,Klebsiella pneumoniae,6
SAMN21038243,CP082357.1,Escherichia coli,1
SAMN21038243,CP082358.1,Escherichia coli,0
SAMN21159018,CP082777.1,Escherichia coli,3
SAMN20982459,CP082799.1,Klebsiella pneumoniae,3
SAMN20982459,CP082800.1,Klebsiella pneumoniae,0
SAMN20982459,CP082801.1,Klebsiella pneumoniae,0
SAMN20982459,CP082802.1,Klebsiella pneumoniae,0
SAMN20982459,CP082803.1,Klebsiella pneumoniae,0
SAMN20982459,CP082804.1,Klebsiella pneumoniae,0
SAMN20982453,CP082820.1,Streptococcus pneumoniae,0
SAMN20888896,CP082856.1,Haemophilus influenzae,1
SAMN21220196,CP082924.1,Bacillus subtilis,2
SAMN21220196,CP082925.1,Bacillus subtilis,0
SAMN20990803,CP082929.1,Salmonella enterica,2
SAMN20990803,CP082930.1,Salmonella enterica,0
SAMN20990803,CP082931.1,Salmonella enterica,0
SAMN20990803,CP082932.1,Salmonella enterica,0
SAMN20990803,CP082933.1,Salmonella enterica,0
SAMN20990803,CP082934.1,Salmonella enterica,0
SAMN20990803,CP082935.1,Salmonella enterica,0
SAMN21211080,CP082936.1,Klebsiella pneumoniae,3
SAMN21211080,CP082937.1,Klebsiella pneumoniae,0
SAMN21211080,CP082938.1,Klebsiella pneumoniae,0
SAMN21016544,CP083063.1,Klebsiella pneumoniae,4
SAMN21016544,CP083064.1,Klebsiella pneumoniae,0
SAMN21016544,CP083065.1,Klebsiella pneumoniae,0
SAMN21240068,CP083179.1,Enterococcus faecium,0
SAMN21240068,CP083180.1,Enterococcus faecium,0
SAMN12162657,CP083366.1,Pseudomonas aeruginosa,2
SAMN12162657,CP083367.1,Pseudomonas aeruginosa,0
SAMN12162657,CP083368.1,Pseudomonas aeruginosa,0
SAMN12162657,CP083369.1,Pseudomonas aeruginosa,0
SAMN21438094,CP083473.1,Enterococcus faecium,2
SAMN21438094,CP083474.1,Enterococcus faecium,0
SAMN21438094,CP083475.1,Enterococcus faecium,0
SAMN21438094,CP083476.1,Enterococcus faecium,0
SAMN21438094,CP083477.1,Enterococcus faecium,0
SAMN21402700,CP083613.1,Enterobacter spp,3
SAMN21402700,CP083614.1,Enterobacter spp,0
SAMN21402700,CP083615.1,Enterobacter spp,0
SAMN21218864,CP083627.1,Streptococcus pneumoniae,0
SAMEA3357001,CP083775.1,Klebsiella pneumoniae,5
SAMEA3357001,CP083776.1,Klebsiella pneumoniae,0
SAMEA3357001,CP083777.1,Klebsiella pneumoniae,0
SAMEA3357001,CP083778.1,Klebsiella pneumoniae,0
SAMEA3357001,CP083779.1,Klebsiella pneumoniae,0
SAMEA3357001,CP083780.1,Klebsiella pneumoniae,0
SAMEA3357001,CP083781.1,Klebsiella pneumoniae,0
SAMEA3357001,CP083782.1,Klebsiella pneumoniae,0
SAMEA3357001,CP083783.1,Klebsiella pneumoniae,0
SAMEA3357427,CP083784.1,Klebsiella pneumoniae,2
SAMEA3357427,CP083785.1,Klebsiella pneumoniae,0
SAMEA3357427,CP083786.1,Klebsiella pneumoniae,0
SAMEA3357427,CP083787.1,Klebsiella pneumoniae,0
SAMEA3357427,CP083788.1,Klebsiella pneumoniae,0
SAMEA3357427,CP083789.1,Klebsiella pneumoniae,0
SAMN20888881,CP083814.1,Campylobacter spp,0
SAMN21379550,CP083849.1,Enterobacter spp,4
SAMN21379550,CP083850.1,Enterobacter spp,0
SAMN21379550,CP083851.1,Enterobacter spp,0
SAMN21379550,CP083852.1,Enterobacter spp,0
SAMN21398204,CP083880.1,Escherichia coli,3
SAMN21398204,CP083881.1,Escherichia coli,0
SAMN21398204,CP083882.1,Escherichia coli,0
SAMN21398204,CP083883.1,Escherichia coli,0
SAMEA5367917,CP083920.1,Enterococcus faecium,0
SAMEA5367917,CP083921.1,Enterococcus faecium,0
SAMEA5367917,CP083922.1,Enterococcus faecium,0
SAMEA5367917,CP083923.1,Enterococcus faecium,0
SAMEA5367917,CP083924.1,Enterococcus faecium,0
SAMEA5367917,CP083925.1,Enterococcus faecium,0
SAMEA5367917,CP083926.1,Enterococcus faecium,0
SAMEA5367917,CP083927.1,Enterococcus faecium,0
SAMEA5367917,CP083928.1,Enterococcus faecium,0
SAMEA5367917,CP083929.1,Enterococcus faecium,0
SAMN15735177,CP084080.1,Campylobacter spp,0
SAMN15735177,CP084081.1,Campylobacter spp,0
SAMN21849140,CP084241.1,Klebsiella pneumoniae,2
SAMN21849140,CP084242.1,Klebsiella pneumoniae,0
SAMN21849140,CP084243.1,Klebsiella pneumoniae,0
SAMN21849140,CP084244.1,Klebsiella pneumoniae,0
SAMN20477964,CP084297.1,Acinetobacter baumannii,1
SAMN20477964,CP084298.1,Acinetobacter baumannii,0
SAMN20477964,CP084299.1,Acinetobacter baumannii,0
SAMN21891815,CP084418.1,Serratia spp,2
SAMN19717179,CP084502.1,Klebsiella pneumoniae,2
SAMN19717179,CP084503.1,Klebsiella pneumoniae,0
SAMN19717179,CP084504.1,Klebsiella pneumoniae,0
SAMN19717179,CP084505.1,Klebsiella pneumoniae,0
SAMN22024797,CP084829.1,Klebsiella pneumoniae,2
SAMN22222466,CP085032.1,Proteus spp,2
SAMN22252057,CP085074.1,Escherichia coli,4
SAMN22252057,CP085075.1,Escherichia coli,0
SAMN22252057,CP085076.1,Escherichia coli,0
SAMN22252057,CP085077.1,Escherichia coli,0
SAMN22252057,CP085078.1,Escherichia coli,0
SAMN22252057,CP085079.1,Escherichia coli,0
SAMN22349650,CP085291.1,Enterococcus faecalis,2
SAMN22349650,CP085292.1,Enterococcus faecalis,0
SAMN22349650,CP085293.1,Enterococcus faecalis,0
SAMN22357910,CP085320.1,Staphylococcus aureus,1
SAMN22357910,CP085321.1,Staphylococcus aureus,0
SAMN22357910,CP085322.1,Staphylococcus aureus,0
SAMN22377426,CP085726.1,Citrobacter spp,3
SAMN22377426,CP085727.1,Citrobacter spp,0
SAMN22377426,CP085728.1,Citrobacter spp,0
SAMN22377432,CP085748.1,Enterobacter spp,7
SAMN22377432,CP085749.1,Enterobacter spp,0
SAMN22377432,CP085750.1,Enterobacter spp,0
SAMN22377432,CP085751.1,Enterobacter spp,0
SAMN22377432,CP085752.1,Enterobacter spp,0
SAMN22377414,CP085767.1,Enterobacter spp,2
SAMN22377414,CP085768.1,Enterobacter spp,0
SAMN22377414,CP085769.1,Enterobacter spp,0
SAMN22377414,CP085770.1,Enterobacter spp,0
SAMN22377414,CP085771.1,Enterobacter spp,0
SAMN22377414,CP085772.1,Enterobacter spp,0
SAMN22377414,CP085773.1,Enterobacter spp,0
SAMN22377412,CP085774.1,Enterobacter spp,4
SAMN22377412,CP085775.1,Enterobacter spp,0
SAMN22377412,CP085776.1,Enterobacter spp,0
SAMN22377412,CP085777.1,Enterobacter spp,0
SAMN22377412,CP085778.1,Enterobacter spp,0
SAMN22377412,CP085779.1,Enterobacter spp,0
SAMN22377411,CP085780.1,Enterobacter spp,5
SAMN22377411,CP085781.1,Enterobacter spp,0
SAMN22377411,CP085782.1,Enterobacter spp,0
SAMN22377411,CP085783.1,Enterobacter spp,0
SAMN22377411,CP085784.1,Enterobacter spp,0
SAMN22446308,CP085803.1,Salmonella enterica,3
SAMN22446306,CP085805.1,Salmonella enterica,3
SAMN22446302,CP085809.1,Salmonella enterica,4
SAMN22446287,CP085824.1,Salmonella enterica,2
SAMN22627481,CP085894.1,Enterococcus faecium,1
SAMN22627481,CP085895.1,Enterococcus faecium,0
SAMN22627481,CP085896.1,Enterococcus faecium,0
SAMN22627481,CP085897.1,Enterococcus faecium,0
SAMN22627481,CP085898.1,Enterococcus faecium,0
SAMN22627481,CP085899.1,Enterococcus faecium,0
SAMN22627481,CP085900.1,Enterococcus faecium,0
SAMN22627481,CP085901.1,Enterococcus faecium,0
SAMN22627481,CP085902.1,Enterococcus faecium,0
SAMN22627481,CP085903.1,Enterococcus faecium,0
SAMN22627481,CP085904.1,Enterococcus faecium,0
SAMN22627481,CP085905.1,Enterococcus faecium,0
SAMN22627489,CP085906.1,Enterococcus faecium,1
SAMN22627489,CP085907.1,Enterococcus faecium,0
SAMN22627489,CP085908.1,Enterococcus faecium,0
SAMN22627489,CP085909.1,Enterococcus faecium,0
SAMN22627489,CP085910.1,Enterococcus faecium,0
SAMN22627489,CP085911.1,Enterococcus faecium,0
SAMN22627489,CP085912.1,Enterococcus faecium,0
SAMN22627489,CP085913.1,Enterococcus faecium,0
SAMN22627489,CP085914.1,Enterococcus faecium,0
SAMN22627489,CP085915.1,Enterococcus faecium,0
SAMN22627489,CP085916.1,Enterococcus faecium,0
SAMN22627489,CP085917.1,Enterococcus faecium,0
SAMN22365130,CP085923.1,Helicobacter pylori,0
SAMN22365130,CP085924.1,Helicobacter pylori,0
SAMN22091660,CP085947.1,Helicobacter pylori,0
SAMN22091660,CP085948.1,Helicobacter pylori,0
SAMN22091659,CP085949.1,Haemophilus influenzae,1
SAMN22091659,CP085950.1,Haemophilus influenzae,0
SAMN22091658,CP085951.1,Haemophilus influenzae,1
SAMN22091657,CP085952.1,Haemophilus influenzae,3
SAMN22108510,CP086129.1,Streptococcus agalactiae,0
SAMN22108509,CP086130.1,Streptococcus agalactiae,1
SAMN22668676,CP086159.1,Campylobacter spp,0
SAMN22668674,CP086161.1,Campylobacter spp,0
SAMN22668673,CP086162.1,Campylobacter spp,0
SAMN22668670,CP086165.1,Campylobacter spp,0
SAMN22668664,CP086171.1,Campylobacter spp,0
SAMN22814155,CP086203.1,Morganella morganii,7
SAMN22513885,CP086215.1,Staphylococcus aureus,2
SAMN21601121,CP086287.1,Citrobacter spp,4
SAMN21601121,CP086288.1,Citrobacter spp,0
SAMN21601121,CP086289.1,Citrobacter spp,0
SAMN21601121,CP086290.1,Citrobacter spp,0
SAMN22896043,CP086387.1,Escherichia coli,0
SAMN22896043,CP086388.1,Escherichia coli,0
SAMN22896043,CP086389.1,Escherichia coli,0
SAMN22896043,CP086390.1,Escherichia coli,0
SAMN22896043,CP086391.1,Escherichia coli,3
SAMN22896043,CP086392.1,Escherichia coli,0
SAMN22871634,CP086411.1,Enterococcus faecalis,3
SAMN22929586,CP086560.1,Enterococcus faecalis,1
SAMN22929586,CP086561.1,Enterococcus faecalis,0
SAMN22929586,CP086562.1,Enterococcus faecalis,0
SAMN22929586,CP086563.1,Enterococcus faecalis,0
SAMN22929935,CP086564.1,Enterococcus faecalis,0
SAMN22929935,CP086565.1,Enterococcus faecalis,0
SAMN22569033,CP086623.1,Escherichia coli,6
SAMN22929529,CP086726.1,Enterococcus faecalis,2
SAMN22488069,CP086760.1,Helicobacter pylori,0
SAMN23040723,CP086761.1,Klebsiella pneumoniae,2
SAMN23040723,CP086762.1,Klebsiella pneumoniae,0
SAMN23040723,CP086763.1,Klebsiella pneumoniae,0
SAMN23012466,CP087146.1,Klebsiella pneumoniae,5
SAMN23012466,CP087147.1,Klebsiella pneumoniae,0
SAMN23012466,CP087148.1,Klebsiella pneumoniae,0
SAMN23012466,CP087149.1,Klebsiella pneumoniae,0
SAMN23012466,CP087150.1,Klebsiella pneumoniae,0
SAMN23175191,CP087294.1,Escherichia coli,4
SAMN23175191,CP087295.1,Escherichia coli,0
SAMN23175191,CP087296.1,Escherichia coli,0
SAMN23175191,CP087297.1,Escherichia coli,0
SAMN23078463,CP087298.1,Acinetobacter baumannii,2
SAMN23078463,CP087299.1,Acinetobacter baumannii,0
SAMN23078450,CP087340.1,Acinetobacter baumannii,2
SAMN23078450,CP087341.1,Acinetobacter baumannii,0
SAMN23078450,CP087342.1,Acinetobacter baumannii,0
SAMN23078450,CP087343.1,Acinetobacter baumannii,0
SAMN23139103,CP087543.1,Salmonella enterica,3
SAMN23139103,CP087544.1,Salmonella enterica,0
SAMN23139103,CP087545.1,Salmonella enterica,0
SAMN23139103,CP087546.1,Salmonella enterica,0
SAMN23139103,CP087547.1,Salmonella enterica,0
SAMN23139098,CP087558.1,Salmonella enterica,2
SAMN22822722,CP087645.1,Klebsiella pneumoniae,5
SAMN22822722,CP087646.1,Klebsiella pneumoniae,0
SAMN22822722,CP087647.1,Klebsiella pneumoniae,0
SAMN22822722,CP087648.1,Klebsiella pneumoniae,0
SAMN22822722,CP087649.1,Klebsiella pneumoniae,0
SAMN22822722,CP087650.1,Klebsiella pneumoniae,0
SAMN23139063,CP088126.1,Klebsiella pneumoniae,2
SAMN23139063,CP088127.1,Klebsiella pneumoniae,0
SAMN23139063,CP088128.1,Klebsiella pneumoniae,0
SAMN23139063,CP088129.1,Klebsiella pneumoniae,0
SAMN23139063,CP088130.1,Klebsiella pneumoniae,0
SAMN23378274,CP088134.1,Salmonella enterica,4
SAMN23378274,CP088135.1,Salmonella enterica,0
SAMN23424485,CP088198.1,Enterococcus faecalis,0
SAMN23424485,CP088199.1,Enterococcus faecalis,0
SAMN23424484,CP088200.1,Enterococcus faecalis,3
SAMN23424484,CP088201.1,Enterococcus faecalis,0
SAMN23424484,CP088202.1,Enterococcus faecalis,0
SAMN22612719,CP088221.1,Enterobacter spp,3
SAMN22612719,CP088222.1,Enterobacter spp,0
SAMN22612719,CP088223.1,Enterobacter spp,0
SAMN22612719,CP088224.1,Enterobacter spp,0
SAMN22612719,CP088225.1,Enterobacter spp,0
SAMN22612719,CP088226.1,Enterobacter spp,0
SAMN22612719,CP088227.1,Enterobacter spp,0
SAMN22612719,CP088228.1,Enterobacter spp,0
SAMN23552365,CP089021.1,Klebsiella pneumoniae,2
SAMN23552365,CP089022.1,Klebsiella pneumoniae,0
SAMN23552365,CP089023.1,Klebsiella pneumoniae,0
SAMN23605137,CP089061.2,Pseudomonas aeruginosa,1
SAMN23526796,CP089148.1,Bacillus subtilis,7
SAMN23526796,CP089149.1,Bacillus subtilis,0
SAMN23526796,CP089150.1,Bacillus subtilis,0
SAMN23526796,CP089151.1,Bacillus subtilis,0
SAMN23526796,CP089152.1,Bacillus subtilis,0
SAMN23526796,CP089153.1,Bacillus subtilis,0
SAMN23701155,CP089165.1,Staphylococcus aureus,2
SAMN23701155,CP089166.1,Staphylococcus aureus,0
SAMN23709844,CP089167.1,Haemophilus influenzae,0
SAMN23709837,CP089168.1,Haemophilus influenzae,1
SAMN23709815,CP089170.1,Haemophilus influenzae,0
SAMN23709813,CP089171.1,Haemophilus influenzae,2
SAMN23709810,CP089172.1,Haemophilus influenzae,1
SAMN23709808,CP089173.1,Haemophilus influenzae,0
SAMN23709807,CP089174.1,Haemophilus influenzae,3
SAMN23709800,CP089175.1,Haemophilus influenzae,2
SAMN23709786,CP089176.1,Haemophilus influenzae,5
SAMN23709769,CP089177.1,Haemophilus influenzae,1
SAMN23709768,CP089178.1,Haemophilus influenzae,2
SAMN23709760,CP089180.1,Haemophilus influenzae,2
SAMN23709742,CP089182.1,Haemophilus influenzae,0
SAMN23709741,CP089183.1,Haemophilus influenzae,1
SAMN23709735,CP089185.1,Haemophilus influenzae,3
SAMN23709728,CP089186.1,Haemophilus influenzae,3
SAMN23709723,CP089187.1,Haemophilus influenzae,0
SAMN23709715,CP089188.1,Haemophilus influenzae,3
SAMN23709706,CP089189.1,Haemophilus influenzae,3
SAMN23709702,CP089190.1,Haemophilus influenzae,2
SAMN23709700,CP089191.1,Haemophilus influenzae,3
SAMN23709676,CP089194.1,Haemophilus influenzae,2
SAMN23709667,CP089195.1,Haemophilus influenzae,1
SAMN23709665,CP089196.1,Haemophilus influenzae,2
SAMN23709657,CP089198.1,Haemophilus influenzae,2
SAMN23610989,CP089283.1,Helicobacter pylori,0
SAMN23803107,CP089317.1,Proteus spp,5
SAMN23803107,CP089318.1,Proteus spp,0
SAMN23928014,CP089506.1,Staphylococcus aureus,3
SAMN23961033,CP089592.1,Bacillus subtilis,2
SAMN23961226,CP089771.1,Klebsiella pneumoniae,2
SAMN23451928,CP089794.1,Salmonella enterica,3
SAMN23617028,CP089874.1,Klebsiella pneumoniae,2
SAMN23617028,CP089875.1,Klebsiella pneumoniae,0
SAMN23617028,CP089876.1,Klebsiella pneumoniae,0
SAMN24108897,CP089930.1,Escherichia coli,3
SAMN24060681,CP089948.1,Streptococcus pneumoniae,0
SAMN24060680,CP089949.1,Streptococcus pneumoniae,1
SAMN23617032,CP089959.1,Klebsiella pneumoniae,0
SAMN23617032,CP089960.1,Klebsiella pneumoniae,0
SAMN23617032,CP089961.1,Klebsiella pneumoniae,0
SAMN23803102,CP089986.1,Klebsiella pneumoniae,3
SAMN23803102,CP089987.1,Klebsiella pneumoniae,0
SAMN23803102,CP089988.1,Klebsiella pneumoniae,0
SAMN24173961,CP090001.1,Staphylococcus aureus,1
SAMN24173961,CP090002.1,Staphylococcus aureus,0
SAMN23644637,CP090028.1,Serratia spp,3
SAMN24108481,CP090137.1,Salmonella enterica,1
SAMN24108481,CP090138.1,Salmonella enterica,0
SAMN24108481,CP090139.1,Salmonella enterica,0
SAMN24108481,CP090140.1,Salmonella enterica,0
SAMN24425237,CP090182.1,Acinetobacter baumannii,2
SAMN24425237,CP090183.1,Acinetobacter baumannii,0
SAMN24372403,CP090244.1,Serratia spp,4
SAMN24425653,CP090348.1,Pseudomonas aeruginosa,1
SAMN24501422,CP090386.1,Vibrio cholerae,0
SAMN24501422,CP090387.1,Vibrio cholerae,1
SAMN24501422,CP090388.1,Vibrio cholerae,0
SAMN24592306,CP090399.1,Vibrio cholerae,0
SAMN24592306,CP090400.1,Vibrio cholerae,0
SAMN24619909,CP090535.1,Salmonella enterica,5
SAMN24619909,CP090536.1,Salmonella enterica,0
SAMN24619909,CP090537.1,Salmonella enterica,0
SAMN24619909,CP090538.1,Salmonella enterica,0
SAMN23416908,CP090607.1,Acinetobacter baumannii,4
SAMN24579861,CP090649.1,Pseudomonas aeruginosa,4
SAMN24579861,CP090650.1,Pseudomonas aeruginosa,0
SAMN24579861,CP090651.1,Pseudomonas aeruginosa,0
SAMN24596081,CP090792.1,Enterobacter spp,4
SAMN24596081,CP090793.1,Enterobacter spp,1
SAMN24596081,CP090794.1,Enterobacter spp,0
SAMN24596081,CP090795.1,Enterobacter spp,0
SAMN24596082,CP090796.1,Enterobacter spp,2
SAMN24596082,CP090797.1,Enterobacter spp,0
SAMN24596082,CP090798.1,Enterobacter spp,0
SAMN24596082,CP090799.1,Enterobacter spp,0
SAMN08647280,CP090881.1,Streptococcus pneumoniae,0
SAMN08647361,CP090882.1,Streptococcus pneumoniae,0
SAMN08647626,CP090884.1,Streptococcus pneumoniae,0
SAMN08647706,CP090885.1,Streptococcus pneumoniae,0
SAMN08647831,CP090886.1,Streptococcus pneumoniae,0
SAMN08647838,CP090887.1,Streptococcus pneumoniae,0
SAMN08647902,CP090888.1,Streptococcus pneumoniae,0
SAMN24852073,CP090908.1,Serratia spp,5
SAMN17023568,CP090931.1,Klebsiella pneumoniae,2
SAMN17023568,CP090932.1,Klebsiella pneumoniae,0
SAMN17023568,CP090933.1,Klebsiella pneumoniae,0
SAMN17023568,CP090934.1,Klebsiella pneumoniae,0
SAMN17023568,CP090935.1,Klebsiella pneumoniae,0
SAMN17023568,CP090936.1,Klebsiella pneumoniae,0
SAMN17023568,CP090937.1,Klebsiella pneumoniae,0
SAMN17023568,CP090938.1,Klebsiella pneumoniae,0
SAMN17023568,CP090939.1,Klebsiella pneumoniae,0
SAMN21841558,CP091018.1,Escherichia coli,6
SAMN21841558,CP091019.1,Escherichia coli,0
SAMN21841563,CP091044.1,Escherichia coli,7
SAMN21841563,CP091045.1,Escherichia coli,0
SAMN21841563,CP091046.1,Escherichia coli,0
SAMN21841563,CP091047.1,Escherichia coli,0
SAMN23485796,CP091122.1,Serratia spp,3
SAMN23416895,CP091172.1,Acinetobacter baumannii,4
SAMN25117697,CP091197.1,Enterococcus faecalis,0
SAMN25117697,CP091198.1,Enterococcus faecalis,5
SAMN25117697,CP091199.1,Enterococcus faecalis,0
SAMN25117697,CP091200.1,Enterococcus faecalis,0
SAMN23424743,CP091210.1,Enterococcus faecium,1
SAMN23424743,CP091211.1,Enterococcus faecium,0
SAMN23424743,CP091212.1,Enterococcus faecium,0
SAMN23424742,CP091213.1,Enterococcus faecium,0
SAMN23424742,CP091214.1,Enterococcus faecium,0
SAMN23424742,CP091215.1,Enterococcus faecium,0
SAMN23424742,CP091216.1,Enterococcus faecium,0
SAMN23424741,CP091217.1,Enterococcus faecium,0
SAMN23424741,CP091218.1,Enterococcus faecium,0
SAMN23424741,CP091219.1,Enterococcus faecium,0
SAMN23424741,CP091220.1,Enterococcus faecium,0
SAMN23424740,CP091221.1,Enterococcus faecium,2
SAMN23424740,CP091222.1,Enterococcus faecium,0
SAMN23424740,CP091223.1,Enterococcus faecium,0
SAMN23424739,CP091224.1,Enterococcus faecium,2
SAMN23424739,CP091225.1,Enterococcus faecium,0
SAMN23424739,CP091226.1,Enterococcus faecium,0
SAMN23424737,CP091227.1,Enterococcus faecalis,2
SAMN23424737,CP091228.1,Enterococcus faecalis,0
SAMN23424737,CP091229.1,Enterococcus faecalis,0
SAMN23424737,CP091230.1,Enterococcus faecalis,0
SAMN23424736,CP091231.1,Enterococcus faecalis,2
SAMN23424736,CP091232.1,Enterococcus faecalis,0
SAMN23424736,CP091233.1,Enterococcus faecalis,0
SAMN23424736,CP091234.1,Enterococcus faecalis,0
SAMN23424734,CP091235.1,Enterococcus faecalis,1
SAMN23424734,CP091236.1,Enterococcus faecalis,0
SAMN23424733,CP091237.1,Enterococcus faecalis,0
SAMN23424733,CP091238.1,Enterococcus faecalis,0
SAMN23424733,CP091239.1,Enterococcus faecalis,0
SAMN25134383,CP091301.1,Enterococcus faecium,2
SAMN25134383,CP091302.1,Enterococcus faecium,0
SAMN25134383,CP091303.1,Enterococcus faecium,0
SAMN25134383,CP091304.1,Enterococcus faecium,0
SAMN25134383,CP091305.1,Enterococcus faecium,0
SAMN25134383,CP091306.1,Enterococcus faecium,0
SAMN25076593,CP091310.1,Campylobacter spp,2
SAMN25131677,CP091333.1,Acinetobacter baumannii,2
SAMN25131667,CP091343.1,Acinetobacter baumannii,3
SAMN25131664,CP091346.1,Acinetobacter baumannii,4
SAMN25131662,CP091348.1,Acinetobacter baumannii,2
SAMN25131658,CP091352.1,Acinetobacter baumannii,2
SAMN25131650,CP091360.1,Acinetobacter baumannii,0
SAMN25131640,CP091370.1,Acinetobacter baumannii,2
SAMN25149807,CP091450.1,Streptococcus pneumoniae,0
SAMN25149806,CP091451.1,Streptococcus pneumoniae,0
SAMN25260013,CP091577.1,Enterococcus faecium,0
SAMN25260013,CP091578.1,Enterococcus faecium,0
SAMN25260013,CP091579.1,Enterococcus faecium,0
SAMN25260013,CP091580.1,Enterococcus faecium,0
SAMN25260013,CP091581.1,Enterococcus faecium,0
SAMN25236401,CP091658.1,Escherichia coli,0
SAMN25236401,CP091659.1,Escherichia coli,4
SAMN25236401,CP091660.1,Escherichia coli,0
SAMN25236401,CP091661.1,Escherichia coli,0
SAMN25236405,CP091682.1,Escherichia coli,3
SAMN25236405,CP091683.1,Escherichia coli,0
SAMN25236405,CP091684.1,Escherichia coli,0
SAMN25236405,CP091685.1,Escherichia coli,0
SAMN25236405,CP091686.1,Escherichia coli,0
SAMN25236405,CP091687.1,Escherichia coli,0
SAMN25236405,CP091688.1,Escherichia coli,0
SAMN25236405,CP091689.1,Escherichia coli,0
SAMN25236405,CP091690.1,Escherichia coli,0
SAMN25236398,CP091698.1,Escherichia coli,0
SAMN25236398,CP091699.1,Escherichia coli,0
SAMN25236398,CP091700.1,Escherichia coli,3
SAMN25236398,CP091701.1,Escherichia coli,0
SAMN25236398,CP091702.1,Escherichia coli,0
SAMN25210003,CP091770.1,Helicobacter pylori,0
SAMN25249822,CP091884.1,Enterococcus faecalis,2
SAMN25249822,CP091885.1,Enterococcus faecalis,0
SAMN25249821,CP091886.1,Enterococcus faecalis,1
SAMN25249821,CP091887.1,Enterococcus faecalis,0
SAMN25249821,CP091888.1,Enterococcus faecalis,0
SAMN25249820,CP091889.1,Enterococcus faecalis,7
SAMN25249820,CP091890.1,Enterococcus faecalis,0
SAMN25249820,CP091891.1,Enterococcus faecalis,0
SAMN25249818,CP091895.1,Enterococcus faecalis,1
SAMN25249818,CP091896.1,Enterococcus faecalis,0
SAMN25249817,CP091897.1,Enterococcus faecalis,1
SAMN25249817,CP091898.1,Enterococcus faecalis,0
SAMN25249814,CP091901.1,Enterococcus faecalis,0
SAMN25249814,CP091902.1,Enterococcus faecalis,0
SAMN25249814,CP091903.1,Enterococcus faecalis,0
SAMN25249812,CP091906.1,Enterococcus faecalis,1
SAMN25249812,CP091907.1,Enterococcus faecalis,0
SAMN25685231,CP092018.1,Campylobacter spp,0
SAMN25685231,CP092019.1,Campylobacter spp,0
SAMN25144899,CP092052.1,Staphylococcus aureus,2
SAMN25144899,CP092053.1,Staphylococcus aureus,0
SAMN25144899,CP092054.1,Staphylococcus aureus,0
SAMN25876440,CP092184.1,Serratia spp,1
SAMN25898031,CP092252.1,Escherichia coli,3
SAMN25898031,CP092253.1,Escherichia coli,0
SAMN25898031,CP092254.1,Escherichia coli,0
SAMN25898031,CP092255.1,Escherichia coli,0
SAMN25898031,CP092256.1,Escherichia coli,0
SAMN25898031,CP092257.1,Escherichia coli,0
SAMN25953952,CP092336.1,Klebsiella pneumoniae,1
SAMN25953952,CP092337.1,Klebsiella pneumoniae,0
SAMN25953952,CP092338.1,Klebsiella pneumoniae,0
SAMN25953952,CP092339.1,Klebsiella pneumoniae,0
SAMN25953952,CP092340.1,Klebsiella pneumoniae,0
SAMN25953952,CP092341.1,Klebsiella pneumoniae,0
SAMN25953952,CP092342.1,Klebsiella pneumoniae,0
SAMN25953952,CP092343.1,Klebsiella pneumoniae,0
SAMN26012974,CP092452.1,Escherichia coli,2
SAMN26012974,CP092453.1,Escherichia coli,0
SAMN19911184,CP092461.1,Serratia spp,3
SAMN24404972,CP092463.1,Citrobacter spp,7
SAMN24404972,CP092464.1,Citrobacter spp,0
SAMN26087385,CP092493.1,Citrobacter spp,8
SAMN26087385,CP092495.1,Citrobacter spp,0
SAMN26087385,CP092496.1,Citrobacter spp,0
SAMN26026633,CP092556.1,Staphylococcus aureus,1
SAMN26026633,CP092557.1,Staphylococcus aureus,0
SAMN26026626,CP092569.1,Enterococcus faecium,0
SAMN26026626,CP092570.1,Enterococcus faecium,0
SAMN26026626,CP092571.1,Enterococcus faecium,0
SAMN26026626,CP092572.1,Enterococcus faecium,0
SAMN26026626,CP092573.1,Enterococcus faecium,0
SAMN26026639,CP092581.1,Staphylococcus aureus,1
SAMN26026639,CP092582.1,Staphylococcus aureus,0
SAMN26139402,CP092627.1,Salmonella enterica,5
SAMN26139402,CP092628.1,Salmonella enterica,0
SAMN26037833,CP092631.1,Bacillus subtilis,1
SAMN26106932,CP092652.1,Proteus spp,2
SAMN26209581,CP092753.1,Klebsiella pneumoniae,3
SAMN26209581,CP092754.1,Klebsiella pneumoniae,0
SAMN26209581,CP092755.1,Klebsiella pneumoniae,0
SAMN26209581,CP092756.1,Klebsiella pneumoniae,0
SAMN26209581,CP092757.1,Klebsiella pneumoniae,0
SAMN26209581,CP092758.1,Klebsiella pneumoniae,0
SAMN22456104,CP093011.1,Escherichia coli,2
SAMN26226229,CP093012.1,Pseudomonas aeruginosa,1
SAMN26226226,CP093014.1,Pseudomonas aeruginosa,1
SAMN26226219,CP093021.1,Pseudomonas aeruginosa,2
SAMN26226213,CP093031.1,Pseudomonas aeruginosa,4
SAMN26226212,CP093032.1,Pseudomonas aeruginosa,3
SAMN26514128,CP093067.1,Bacillus subtilis,2
SAMN26533862,CP093289.1,Bacillus subtilis,4
SAMN26520714,CP093323.1,Serratia spp,2
SAMN26565087,CP093356.1,Pseudomonas aeruginosa,2
SAMN26664045,CP093392.1,Salmonella enterica,5
SAMN26664045,CP093393.1,Salmonella enterica,0
SAMN26567208,CP093403.1,Salmonella enterica,5
SAMN26567208,CP093404.1,Salmonella enterica,0
SAMN26567207,CP093405.1,Salmonella enterica,6
SAMN26567207,CP093406.1,Salmonella enterica,0
SAMN26688415,CP093527.1,Staphylococcus aureus,1
SAMN26668071,CP093854.1,Klebsiella pneumoniae,3
SAMN26668071,CP093855.1,Klebsiella pneumoniae,0
SAMN26754680,CP093941.1,Enterococcus faecium,2
SAMN26754680,CP093942.1,Enterococcus faecium,0
SAMN26754680,CP093943.1,Enterococcus faecium,0
SAMN26754680,CP093944.1,Enterococcus faecium,0
SAMN26754680,CP093945.1,Enterococcus faecium,0
SAMN26754680,CP093946.1,Enterococcus faecium,0
SAMN26754766,CP093953.1,Enterococcus faecium,2
SAMN26754766,CP093954.1,Enterococcus faecium,0
SAMN26754766,CP093956.1,Enterococcus faecium,0
SAMN26675611,CP094051.1,Helicobacter pylori,0
SAMN26675609,CP094054.1,Helicobacter pylori,0
SAMN26675609,CP094055.1,Helicobacter pylori,0
SAMN26675608,CP094056.1,Helicobacter pylori,0
SAMN26675608,CP094057.1,Helicobacter pylori,0
SAMN26675607,CP094058.1,Helicobacter pylori,0
SAMN26675603,CP094063.1,Helicobacter pylori,0
SAMN26675599,CP094066.1,Helicobacter pylori,0
SAMN26675597,CP094067.1,Helicobacter pylori,0
SAMN26675597,CP094068.1,Helicobacter pylori,0
SAMN26675597,CP094069.1,Helicobacter pylori,0
SAMN26675595,CP094071.1,Helicobacter pylori,0
SAMN26675595,CP094072.1,Helicobacter pylori,0
SAMN26675593,CP094073.1,Helicobacter pylori,0
SAMN26675592,CP094074.1,Helicobacter pylori,0
SAMN26675592,CP094075.1,Helicobacter pylori,0
SAMN26675591,CP094076.1,Helicobacter pylori,0
SAMN26675590,CP094078.1,Helicobacter pylori,0
SAMN26675589,CP094079.1,Helicobacter pylori,0
SAMN26675588,CP094080.1,Helicobacter pylori,0
SAMN26675584,CP094085.1,Helicobacter pylori,0
SAMN26675584,CP094086.1,Helicobacter pylori,0
SAMN26675582,CP094087.1,Helicobacter pylori,0
SAMN26675581,CP094088.1,Helicobacter pylori,0
SAMN26675581,CP094089.1,Helicobacter pylori,0
SAMN26675574,CP094094.1,Helicobacter pylori,0
SAMN26675573,CP094095.1,Helicobacter pylori,0
SAMN26675571,CP094098.1,Helicobacter pylori,0
SAMN26675570,CP094099.1,Helicobacter pylori,0
SAMN26675570,CP094100.1,Helicobacter pylori,0
SAMN26675569,CP094101.1,Helicobacter pylori,0
SAMN26675565,CP094106.1,Helicobacter pylori,0
SAMN26675564,CP094107.1,Helicobacter pylori,0
SAMN26675562,CP094109.1,Helicobacter pylori,0
SAMN26675560,CP094111.1,Helicobacter pylori,0
SAMN26675560,CP094112.1,Helicobacter pylori,0
SAMN26675559,CP094113.1,Helicobacter pylori,0
SAMN26675559,CP094114.1,Helicobacter pylori,0
SAMN26675556,CP094116.1,Helicobacter pylori,0
SAMN26675554,CP094119.1,Helicobacter pylori,0
SAMN26675551,CP094120.1,Helicobacter pylori,0
SAMN26675548,CP094122.1,Helicobacter pylori,0
SAMN26675548,CP094123.1,Helicobacter pylori,0
SAMN26675544,CP094129.1,Helicobacter pylori,0
SAMN26675541,CP094132.1,Helicobacter pylori,0
SAMN26675540,CP094133.1,Helicobacter pylori,0
SAMN26675539,CP094134.1,Helicobacter pylori,0
SAMN26675538,CP094135.1,Helicobacter pylori,0
SAMN26675536,CP094137.1,Helicobacter pylori,0
SAMN26675533,CP094140.1,Helicobacter pylori,0
SAMN26675533,CP094141.1,Helicobacter pylori,0
SAMN26675531,CP094143.1,Helicobacter pylori,0
SAMN26675530,CP094144.1,Helicobacter pylori,0
SAMN26675529,CP094145.1,Helicobacter pylori,0
SAMN26675529,CP094146.1,Helicobacter pylori,0
SAMN26675528,CP094147.1,Helicobacter pylori,0
SAMN26675527,CP094148.1,Helicobacter pylori,0
SAMN26675526,CP094149.1,Helicobacter pylori,0
SAMN26675524,CP094151.1,Helicobacter pylori,0
SAMN26675524,CP094152.1,Helicobacter pylori,0
SAMN26675523,CP094153.1,Helicobacter pylori,0
SAMN26675523,CP094154.1,Helicobacter pylori,0
SAMN26675523,CP094155.1,Helicobacter pylori,0
SAMN26675521,CP094156.1,Helicobacter pylori,0
SAMN26675519,CP094159.1,Helicobacter pylori,0
SAMN26675517,CP094161.1,Helicobacter pylori,0
SAMN26675517,CP094162.1,Helicobacter pylori,0
SAMN26675515,CP094164.1,Helicobacter pylori,0
SAMN26675512,CP094167.1,Helicobacter pylori,0
SAMN26675508,CP094172.1,Helicobacter pylori,0
SAMN26675507,CP094173.1,Helicobacter pylori,0
SAMN26675553,CP094175.1,Helicobacter pylori,0
SAMN26675553,CP094176.1,Helicobacter pylori,0
SAMN26675552,CP094177.1,Helicobacter pylori,0
SAMN26675550,CP094178.1,Helicobacter pylori,0
SAMN26755017,CP094230.1,Enterococcus faecium,1
SAMN26755017,CP094231.1,Enterococcus faecium,0
SAMN26755017,CP094232.1,Enterococcus faecium,0
SAMN26755017,CP094233.1,Enterococcus faecium,0
SAMN26755017,CP094234.1,Enterococcus faecium,0
SAMN26755017,CP094235.1,Enterococcus faecium,0
SAMN26755017,CP094236.1,Enterococcus faecium,0
SAMN26923346,CP094750.1,Staphylococcus aureus,2
SAMN26923346,CP094751.1,Staphylococcus aureus,0
SAMN26923337,CP094772.1,Staphylococcus aureus,2
SAMN27064690,CP094926.1,Staphylococcus aureus,2
SAMN27363748,CP095177.1,Enterobacter spp,3
SAMN27363748,CP095178.1,Enterobacter spp,0
SAMN26198548,CP095331.1,Vibrio cholerae,0
SAMN26198548,CP095332.1,Vibrio cholerae,0
SAMN26198730,CP095333.1,Enterococcus faecalis,1
SAMN26198730,CP095334.1,Enterococcus faecalis,0
SAMN26198730,CP095335.1,Enterococcus faecalis,0
SAMN26198621,CP095382.1,Morganella morganii,1
SAMN26198621,CP095383.1,Morganella morganii,0
SAMN27578149,CP095736.1,Bacillus subtilis,1
SAMN27177301,CP095765.1,Proteus spp,2
SAMN27554289,CP095922.1,Pseudomonas aeruginosa,0
SAMN27655701,CP096117.1,Neisseria spp,1
SAMN27725314,CP096211.1,Enterococcus faecium,0
SAMN27725314,CP096212.1,Enterococcus faecium,0
SAMN27725314,CP096213.1,Enterococcus faecium,0
SAMN27725314,CP096214.1,Enterococcus faecium,0
SAMN27725314,CP096215.1,Enterococcus faecium,0
SAMN27725314,CP096216.1,Enterococcus faecium,0
SAMN27725314,CP096217.1,Enterococcus faecium,0
SAMN27725314,CP096218.1,Enterococcus faecium,0
SAMN27760543,CP096526.1,Staphylococcus aureus,1
SAMN27760543,CP096527.1,Staphylococcus aureus,0
SAMN24114688,CP096681.1,Acinetobacter baumannii,5
SAMN24114687,CP096682.1,Acinetobacter baumannii,3
SAMN24114687,CP096683.1,Acinetobacter baumannii,0
SAMN24114684,CP096688.1,Acinetobacter baumannii,3
SAMN24114684,CP096689.1,Acinetobacter baumannii,0
SAMN24114683,CP096690.1,Acinetobacter baumannii,4
SAMN24114683,CP096691.1,Acinetobacter baumannii,0
SAMN24114677,CP096698.1,Acinetobacter baumannii,4
SAMN24114677,CP096699.1,Acinetobacter baumannii,1
SAMN24114661,CP096735.1,Acinetobacter baumannii,3
SAMN24114661,CP096736.1,Acinetobacter baumannii,0
SAMN24114661,CP096737.1,Acinetobacter baumannii,1
SAMN24114660,CP096738.1,Acinetobacter baumannii,3
SAMN24114660,CP096739.1,Acinetobacter baumannii,0
SAMN24114649,CP096757.1,Acinetobacter baumannii,2
SAMN24114649,CP096758.1,Acinetobacter baumannii,0
SAMN27518677,CP096775.1,Proteus spp,8
SAMN27518675,CP096776.1,Proteus spp,8
SAMN27957725,CP096818.1,Acinetobacter baumannii,3
SAMN27957725,CP096819.1,Acinetobacter baumannii,0
SAMN27957725,CP096820.1,Acinetobacter baumannii,0
SAMN27918893,CP096893.1,Proteus spp,2
SAMN27988045,CP096894.1,Acinetobacter baumannii,4
SAMN27988045,CP096895.1,Acinetobacter baumannii,1
SAMN27988045,CP096896.1,Acinetobacter baumannii,0
SAMN27988045,CP096897.1,Acinetobacter baumannii,0
SAMN27988045,CP096898.1,Acinetobacter baumannii,0
SAMN27988045,CP096899.1,Acinetobacter baumannii,0
SAMN27988045,CP096900.1,Acinetobacter baumannii,0
SAMN27988045,CP096901.1,Acinetobacter baumannii,0
SAMN28016853,CP096921.1,Citrobacter spp,1
SAMN28016853,CP096922.1,Citrobacter spp,0
SAMN28004167,CP096929.1,Pseudomonas aeruginosa,4
SAMN28004167,CP096930.1,Pseudomonas aeruginosa,0
SAMN28004167,CP096931.1,Pseudomonas aeruginosa,0
SAMN28025471,CP097002.1,Enterococcus faecalis,0
SAMN28025471,CP097003.1,Enterococcus faecalis,0
SAMN28025470,CP097004.1,Enterococcus faecalis,0
SAMN28025470,CP097005.1,Enterococcus faecalis,0
SAMN28025469,CP097006.1,Enterococcus faecalis,0
SAMN28025469,CP097007.1,Enterococcus faecalis,0
SAMN28025465,CP097014.1,Enterococcus faecium,1
SAMN28025465,CP097015.1,Enterococcus faecium,0
SAMN28025465,CP097016.1,Enterococcus faecium,0
SAMN28025463,CP097020.1,Enterococcus faecalis,0
SAMN28025463,CP097021.1,Enterococcus faecalis,0
SAMN28025460,CP097030.1,Enterococcus faecalis,0
SAMN28025458,CP097034.1,Enterococcus faecalis,1
SAMN28025458,CP097035.1,Enterococcus faecalis,0
SAMN28025458,CP097036.1,Enterococcus faecalis,0
SAMN28025458,CP097037.1,Enterococcus faecalis,0
SAMN28025456,CP097038.1,Enterococcus faecalis,2
SAMN28025456,CP097039.1,Enterococcus faecalis,0
SAMN28025456,CP097040.1,Enterococcus faecalis,0
SAMN28025456,CP097041.1,Enterococcus faecalis,0
SAMN28025448,CP097056.1,Enterococcus faecalis,1
SAMN28025448,CP097057.1,Enterococcus faecalis,0
SAMN28025448,CP097058.1,Enterococcus faecalis,0
SAMN28025447,CP097059.1,Enterococcus faecalis,1
SAMN28025447,CP097060.1,Enterococcus faecalis,0
SAMN28025467,CP097066.1,Enterococcus faecalis,0
SAMN28025467,CP097067.1,Enterococcus faecalis,0
SAMN28025467,CP097068.1,Enterococcus faecalis,0
SAMN28016300,CP097076.1,Klebsiella pneumoniae,2
SAMN28016300,CP097077.1,Klebsiella pneumoniae,0
SAMN28016300,CP097078.1,Klebsiella pneumoniae,0
SAMN28095538,CP097106.1,Citrobacter spp,0
SAMN28095538,CP097107.1,Citrobacter spp,4
SAMN28206123,CP097383.1,Pseudomonas aeruginosa,3
SAMN28458413,CP097486.1,Enterococcus faecalis,2
SAMN28458413,CP097487.1,Enterococcus faecalis,0
SAMN28458413,CP097488.1,Enterococcus faecalis,0
SAMN28462508,CP097499.1,Bacillus subtilis,2
SAMN28336045,CP097560.1,Pseudomonas aeruginosa,8
SAMN28546263,CP097626.1,Klebsiella pneumoniae,6
SAMN28546263,CP097627.1,Klebsiella pneumoniae,0
SAMN28546263,CP097628.1,Klebsiella pneumoniae,0
SAMN28546263,CP097629.1,Klebsiella pneumoniae,0
SAMN28546263,CP097630.1,Klebsiella pneumoniae,0
SAMN28546263,CP097631.1,Klebsiella pneumoniae,0
SAMN28580490,CP097645.1,Bacillus subtilis,3
SAMN28159679,CP097803.1,Proteus spp,4
SAMN08387019,CP097853.1,Salmonella enterica,4
SAMN08387019,CP097854.1,Salmonella enterica,0
SAMN08387019,CP097855.1,Salmonella enterica,0
SAMN08387019,CP097856.1,Salmonella enterica,0
SAMN28671178,CP097900.1,Serratia spp,0
SAMN28677694,CP098025.1,Enterococcus faecalis,6
SAMN28677694,CP098027.1,Enterococcus faecalis,0
SAMN28677694,CP098028.1,Enterococcus faecalis,0
SAMN28677694,CP098029.1,Enterococcus faecalis,0
SAMN28724347,CP098036.1,Bacillus subtilis,4
SAMN28724347,CP098037.1,Bacillus subtilis,0
SAMN28724347,CP098038.1,Bacillus subtilis,0
SAMN28703749,CP098203.1,Escherichia coli,5
SAMN28703749,CP098204.1,Escherichia coli,0
SAMN28703749,CP098205.1,Escherichia coli,0
SAMN28680541,CP098330.1,Citrobacter spp,7
SAMN28680541,CP098331.1,Citrobacter spp,0
SAMN28680541,CP098332.1,Citrobacter spp,0
SAMN28680541,CP098333.1,Citrobacter spp,0
SAMN28680541,CP098334.1,Citrobacter spp,0
SAMN28745244,CP098444.1,Proteus spp,3
SAMN28745244,CP098445.1,Proteus spp,0
SAMN28745298,CP098446.1,Proteus spp,2
SAMN28745299,CP098447.1,Proteus spp,4
SAMN28745299,CP098448.1,Proteus spp,0
SAMN28745299,CP098449.1,Proteus spp,0
SAMN28745301,CP098450.1,Proteus spp,4
SAMN28745301,CP098451.1,Proteus spp,0
SAMN28745301,CP098452.1,Proteus spp,0
SAMN28830140,CP098458.1,Neisseria spp,1
SAMN28830140,CP098459.1,Neisseria spp,0
SAMN28834904,CP098460.1,Neisseria spp,1
SAMN28834904,CP098461.1,Neisseria spp,0
SAMN28835168,CP098462.1,Neisseria spp,1
SAMN28835168,CP098463.1,Neisseria spp,0
SAMN28835880,CP098466.2,Neisseria spp,1
SAMN28835880,CP098467.2,Neisseria spp,0
SAMN28836998,CP098470.2,Neisseria spp,1
SAMN28836998,CP098471.2,Neisseria spp,0
SAMN28837864,CP098472.2,Neisseria spp,1
SAMN28837864,CP098473.2,Neisseria spp,0
SAMN28833726,CP098474.1,Neisseria spp,1
SAMN28833726,CP098475.1,Neisseria spp,0
SAMN28865091,CP098486.1,Enterobacter spp,2
SAMN28865091,CP098487.1,Enterobacter spp,0
SAMN28858863,CP098503.2,Neisseria spp,1
SAMN28858863,CP098504.2,Neisseria spp,0
SAMN28859049,CP098505.2,Neisseria spp,1
SAMN28859049,CP098506.2,Neisseria spp,0
SAMN28869552,CP098532.2,Neisseria spp,1
SAMN28869552,CP098533.2,Neisseria spp,0
SAMN28869554,CP098534.2,Neisseria spp,1
SAMN28869554,CP098535.2,Neisseria spp,0
SAMN28870224,CP098538.2,Neisseria spp,1
SAMN28870224,CP098539.1,Neisseria spp,0
SAMN28871626,CP098542.2,Neisseria spp,1
SAMN28871626,CP098543.2,Neisseria spp,0
SAMN28871644,CP098544.1,Neisseria spp,1
SAMN28871644,CP098545.1,Neisseria spp,0
SAMN28871700,CP098548.2,Neisseria spp,1
SAMN28871700,CP098549.2,Neisseria spp,0
SAMN28891356,CP098743.1,Enterococcus faecalis,2
SAMN28891356,CP098744.1,Enterococcus faecalis,0
SAMN28891356,CP098745.1,Enterococcus faecalis,0
SAMN28891356,CP098746.1,Enterococcus faecalis,0
SAMN28922061,CP098758.1,Klebsiella pneumoniae,1
SAMN28922061,CP098759.1,Klebsiella pneumoniae,0
SAMN28922061,CP098760.1,Klebsiella pneumoniae,0
SAMN28922061,CP098761.1,Klebsiella pneumoniae,0
SAMN28918927,CP098778.1,Enterobacter spp,1
SAMN28918927,CP098779.1,Enterobacter spp,0
SAMN28918927,CP098780.1,Enterobacter spp,0
SAMN28918927,CP098781.1,Enterobacter spp,0
SAMN28918927,CP098782.1,Enterobacter spp,0
SAMN28950567,CP098831.1,Salmonella enterica,2
SAMN28950567,CP098832.1,Salmonella enterica,0
SAMN28950567,CP098833.1,Salmonella enterica,0
SAMN15488679,CP099037.1,Citrobacter spp,4
SAMN15488611,CP099128.1,Citrobacter spp,3
SAMN15488602,CP099140.1,Klebsiella pneumoniae,2
SAMN15488602,CP099141.1,Klebsiella pneumoniae,0
SAMN15488551,CP099217.1,Citrobacter spp,6
SAMN15488551,CP099218.1,Citrobacter spp,0
SAMN15488551,CP099219.1,Citrobacter spp,0
SAMN15488495,CP099291.1,Citrobacter spp,3
SAMN15488495,CP099292.1,Citrobacter spp,0
SAMN15488495,CP099293.1,Citrobacter spp,0
SAMN15488480,CP099303.1,Citrobacter spp,2
SAMN15488704,CP099323.1,Enterobacter spp,1
SAMN15488704,CP099324.1,Enterobacter spp,0
SAMN15964555,CP099504.1,Staphylococcus aureus,1
SAMN15964555,CP099505.1,Staphylococcus aureus,0
SAMN29160538,CP099519.1,Klebsiella pneumoniae,3
SAMN29160538,CP099520.1,Klebsiella pneumoniae,0
SAMN29160538,CP099521.1,Klebsiella pneumoniae,0
SAMN29251701,CP099576.1,Staphylococcus aureus,2
SAMN29251701,CP099577.1,Staphylococcus aureus,0
SAMN29251701,CP099578.1,Staphylococcus aureus,0
SAMN28929526,CP099641.1,Streptococcus pneumoniae,0
SAMN29231543,CP099670.1,Klebsiella pneumoniae,1
SAMN29231543,CP099671.1,Klebsiella pneumoniae,0
SAMN29176536,CP099855.1,Acinetobacter baumannii,3
SAMN29360020,CP099979.1,Enterococcus faecium,0
SAMN29360020,CP099980.1,Enterococcus faecium,0
SAMN29397002,CP100308.1,Klebsiella pneumoniae,2
SAMN29397002,CP100309.1,Klebsiella pneumoniae,0
SAMN29397002,CP100310.1,Klebsiella pneumoniae,0
SAMN29397002,CP100311.1,Klebsiella pneumoniae,0
SAMN29498062,CP100436.1,Bacillus subtilis,1
SAMN29431224,CP100710.1,Salmonella enterica,4
SAMN29431224,CP100711.1,Salmonella enterica,0
SAMN29431224,CP100712.1,Salmonella enterica,0
SAMN29431224,CP100713.1,Salmonella enterica,0
SAMN29431224,CP100714.1,Salmonella enterica,0
SAMN21365146,CP100715.1,Salmonella enterica,5
SAMN21365146,CP100716.1,Salmonella enterica,0
SAMN21365146,CP100717.1,Salmonella enterica,0
SAMN29532084,CP100753.1,Serratia spp,3
SAMN29532317,CP100764.1,Serratia spp,3
SAMN29532703,CP100765.1,Serratia spp,2
SAMN29495172,CP101057.1,Morganella morganii,7
SAMN29495172,CP101058.1,Morganella morganii,0
SAMN29495172,CP101059.1,Morganella morganii,0
SAMN29474304,CP101123.1,Staphylococcus aureus,2
SAMN29620937,CP101290.1,Bacillus subtilis,2
SAMN29935323,CP101835.1,Klebsiella pneumoniae,4
SAMN29935323,CP101836.1,Klebsiella pneumoniae,0
SAMN29935323,CP101837.1,Klebsiella pneumoniae,0
SAMN29935323,CP101838.1,Klebsiella pneumoniae,0
SAMN29935323,CP101839.1,Klebsiella pneumoniae,0
SAMN29935323,CP101840.1,Klebsiella pneumoniae,0
SAMN29935323,CP101841.1,Klebsiella pneumoniae,0
SAMN29785854,CP101877.1,Klebsiella pneumoniae,4
SAMN29785854,CP101878.1,Klebsiella pneumoniae,0
SAMN29785854,CP101879.1,Klebsiella pneumoniae,0
SAMN29785854,CP101880.1,Klebsiella pneumoniae,0
SAMN29785854,CP101881.1,Klebsiella pneumoniae,0
SAMN29785854,CP101882.1,Klebsiella pneumoniae,0
SAMN29785854,CP101883.1,Klebsiella pneumoniae,0
SAMN29939553,CP101930.1,Bacillus subtilis,1
SAMN29939552,CP101931.1,Bacillus subtilis,1
SAMN29939556,CP101932.1,Bacillus subtilis,4
SAMN29939554,CP101936.1,Bacillus subtilis,1
SAMN29939555,CP101937.1,Bacillus subtilis,1
SAMN29959624,CP101991.1,Streptococcus agalactiae,2
SAMN29959623,CP101992.1,Streptococcus agalactiae,2
SAMN29959622,CP101993.1,Streptococcus agalactiae,2
SAMN29959621,CP101994.1,Streptococcus agalactiae,1
SAMN29959620,CP101995.1,Streptococcus agalactiae,1
SAMN29959619,CP101996.1,Streptococcus agalactiae,2
SAMN30011847,CP102070.1,Enterococcus faecalis,2
SAMN30011847,CP102071.1,Enterococcus faecalis,0
SAMN30011847,CP102072.1,Enterococcus faecalis,0
SAMN30011847,CP102073.1,Enterococcus faecalis,0
SAMN30011847,CP102074.1,Enterococcus faecalis,0
SAMN30011847,CP102075.1,Enterococcus faecalis,0
SAMN30011847,CP102076.1,Enterococcus faecalis,0
SAMN29841163,CP102086.1,Proteus spp,2
SAMN30050172,CP102121.1,Enterococcus faecalis,2
SAMN30176384,CP102546.1,Klebsiella pneumoniae,5
SAMN30176384,CP102547.1,Klebsiella pneumoniae,0
SAMN30176384,CP102548.1,Klebsiella pneumoniae,0
SAMN30176384,CP102549.1,Klebsiella pneumoniae,0
SAMN30176384,CP102550.1,Klebsiella pneumoniae,0
SAMN30176384,CP102551.1,Klebsiella pneumoniae,0
SAMN26566062,CP102583.1,Streptococcus pneumoniae,0
SAMN30275503,CP102756.1,Salmonella enterica,2
SAMN30275503,CP102757.1,Salmonella enterica,0
SAMN30275503,CP102758.1,Salmonella enterica,0
SAMN30275503,CP102759.1,Salmonella enterica,0
SAMN30275503,CP102760.1,Salmonella enterica,0
SAMN30275503,CP102761.1,Salmonella enterica,0
SAMN30276042,CP102769.1,Bacillus subtilis,2
SAMN30329103,CP102927.1,Vibrio cholerae,0
SAMN30329103,CP102928.1,Vibrio cholerae,0
SAMN30333623,CP102940.1,Klebsiella pneumoniae,3
SAMN30333623,CP102941.1,Klebsiella pneumoniae,0
SAMN30333621,CP102944.1,Pseudomonas aeruginosa,4
SAMN30370433,CP102962.1,Staphylococcus aureus,3
SAMN30370427,CP102971.1,Staphylococcus aureus,1
SAMN30370425,CP102974.1,Staphylococcus aureus,0
SAMN30370422,CP102977.1,Staphylococcus aureus,1
SAMN30381632,CP102993.1,Klebsiella pneumoniae,3
SAMN30381632,CP102994.1,Klebsiella pneumoniae,0
SAMN30381632,CP102995.1,Klebsiella pneumoniae,0
SAMN30451247,CP103328.1,Bacillus subtilis,1
SAMN30470311,CP103350.1,Bacillus subtilis,3
SAMN30470340,CP103351.1,Bacillus subtilis,3
SAMN30470988,CP103365.1,Citrobacter spp,7
SAMN30470988,CP103367.1,Citrobacter spp,0
SAMN30470988,CP103368.1,Citrobacter spp,0
SAMN30470988,CP103369.1,Citrobacter spp,0
SAMN30470988,CP103370.1,Citrobacter spp,0
SAMN30120906,CP103409.1,Enterobacter spp,0
SAMN30120906,CP103410.1,Enterobacter spp,0
SAMN28173982,CP103494.1,Enterobacter spp,3
SAMN28173982,CP103495.1,Enterobacter spp,0
SAMN28173982,CP103496.1,Enterobacter spp,0
SAMN28173982,CP103497.1,Enterobacter spp,0
SAMN28173982,CP103498.1,Enterobacter spp,0
SAMN28174100,CP103512.1,Klebsiella pneumoniae,3
SAMN28174100,CP103513.1,Klebsiella pneumoniae,0
SAMN28174100,CP103514.1,Klebsiella pneumoniae,0
SAMN28173991,CP103674.1,Enterobacter spp,2
SAMN28173991,CP103675.1,Enterobacter spp,0
SAMN28174038,CP103679.1,Enterobacter spp,0
SAMN28174038,CP103680.1,Enterobacter spp,0
SAMN28174038,CP103681.1,Enterobacter spp,0
SAMN28174038,CP103682.1,Enterobacter spp,0
SAMN30502440,CP103768.1,Morganella morganii,9
SAMN30494013,CP103783.1,Bacillus subtilis,2
SAMN30494012,CP103784.1,Bacillus subtilis,1
SAMN30540908,CP103791.1,Salmonella enterica,2
SAMN30540908,CP103792.1,Salmonella enterica,0
SAMN30496472,CP103849.1,Staphylococcus aureus,0
SAMN30496472,CP103850.1,Staphylococcus aureus,2
SAMN30551391,CP103862.1,Enterococcus faecalis,0
SAMN30551391,CP103863.1,Enterococcus faecalis,2
SAMN30618680,CP103995.1,Bacillus subtilis,4
SAMN30618680,CP103996.1,Bacillus subtilis,0
SAMN30680087,CP104097.1,Bacillus subtilis,3
SAMN28908268,CP104170.1,Pseudomonas aeruginosa,3
SAMN02604218,CP104269.1,Enterococcus faecium,0
SAMN13878423,CP104354.1,Vibrio cholerae,0
SAMN13878423,CP104355.1,Vibrio cholerae,0
SAMN13878425,CP104356.1,Vibrio cholerae,0
SAMN13878425,CP104357.1,Vibrio cholerae,0
SAMN08135025,CP104366.1,Salmonella enterica,5
SAMN08135025,CP104367.1,Salmonella enterica,0
SAMN30695411,CP104405.1,Enterobacter spp,5
SAMN30695411,CP104406.1,Enterobacter spp,0
SAMN30506756,CP104469.1,Enterobacter spp,0
SAMN30506756,CP104470.1,Enterobacter spp,0
SAMN30506756,CP104471.1,Enterobacter spp,1
SAMN30679549,CP104478.1,Staphylococcus aureus,1
SAMN28859076,CP104548.2,Neisseria spp,1
SAMN28859076,CP104549.2,Neisseria spp,0
SAMN30839144,CP104643.1,Salmonella enterica,3
SAMN30839144,CP104644.1,Salmonella enterica,0
SAMN14792099,CP104659.1,Klebsiella pneumoniae,3
SAMN24145033,CP104660.1,Klebsiella pneumoniae,2
SAMN24145033,CP104661.1,Klebsiella pneumoniae,0
SAMN24145033,CP104662.1,Klebsiella pneumoniae,0
SAMN24145033,CP104663.1,Klebsiella pneumoniae,0
SAMN24145033,CP104664.1,Klebsiella pneumoniae,0
SAMN16505100,CP104689.2,Enterobacter spp,0
SAMN16505100,CP104690.2,Enterobacter spp,0
SAMN30655620,CP104691.1,Enterobacter spp,3
SAMN30655620,CP104692.1,Enterobacter spp,0
SAMN30655620,CP104693.1,Enterobacter spp,0
SAMN30863685,CP104720.1,Pseudomonas aeruginosa,2
SAMN30873151,CP104748.1,Streptococcus agalactiae,1
SAMN30873150,CP104749.1,Streptococcus agalactiae,1
SAMN30873149,CP104750.1,Streptococcus agalactiae,1
SAMN30881471,CP104805.1,Salmonella enterica,6
SAMN30881471,CP104806.1,Salmonella enterica,0
SAMN30881471,CP104807.1,Salmonella enterica,0
SAMN30881471,CP104808.1,Salmonella enterica,0
SAMN30881471,CP104809.1,Salmonella enterica,0
SAMN30881471,CP104810.1,Salmonella enterica,0
SAMN30881471,CP104811.1,Salmonella enterica,0
SAMN30881469,CP104816.1,Salmonella enterica,6
SAMN30881469,CP104817.1,Salmonella enterica,0
SAMN30881469,CP104818.1,Salmonella enterica,0
SAMN30881469,CP104819.1,Salmonella enterica,0
SAMN30881468,CP104820.1,Salmonella enterica,5
SAMN30881468,CP104821.1,Salmonella enterica,0
SAMN30881468,CP104822.1,Salmonella enterica,0
SAMN30881468,CP104823.1,Salmonella enterica,0
SAMN30881468,CP104824.1,Salmonella enterica,0
SAMN30881468,CP104825.1,Salmonella enterica,0
SAMN30881468,CP104826.1,Salmonella enterica,0
SAMN30881468,CP104827.1,Salmonella enterica,0
SAMN30881468,CP104828.1,Salmonella enterica,0
SAMN30914362,CP104855.1,Bacillus subtilis,1
SAMN30711086,CP104913.1,Pseudomonas aeruginosa,1
SAMN30912358,CP104986.1,Proteus spp,1
SAMN30912358,CP104987.1,Proteus spp,0
SAMN30912358,CP104988.1,Proteus spp,0
SAMN30959580,CP106671.1,Bacillus subtilis,2
SAMN30959580,CP106672.1,Bacillus subtilis,0
SAMN30959807,CP106673.1,Bacillus subtilis,2
SAMN30959807,CP106674.1,Bacillus subtilis,0
SAMN28858607,CP106749.1,Neisseria spp,1
SAMN28858607,CP106750.1,Neisseria spp,0
SAMN30967739,CP106757.1,Enterococcus faecalis,1
SAMN30967739,CP106758.1,Enterococcus faecalis,0
SAMN22599447,CP106765.1,Neisseria spp,1
SAMN22599447,CP106766.1,Neisseria spp,0
SAMN22599711,CP106769.1,Neisseria spp,1
SAMN22599711,CP106770.1,Neisseria spp,0
SAMN22600584,CP106775.1,Neisseria spp,1
SAMN22600584,CP106776.1,Neisseria spp,0
SAMN22600590,CP106777.1,Neisseria spp,1
SAMN22600590,CP106778.1,Neisseria spp,0
SAMN22600590,CP106779.1,Neisseria spp,0
SAMN22600605,CP106780.1,Neisseria spp,1
SAMN22600605,CP106781.1,Neisseria spp,0
SAMN22600608,CP106782.1,Neisseria spp,1
SAMN22600608,CP106783.1,Neisseria spp,0
SAMN22600315,CP106789.1,Neisseria spp,1
SAMN22600315,CP106790.1,Neisseria spp,0
SAMN31014148,CP106803.1,Neisseria spp,1
SAMN31014148,CP106804.1,Neisseria spp,0
SAMN31014963,CP106805.1,Neisseria spp,1
SAMN31014963,CP106806.1,Neisseria spp,0
SAMN31014981,CP106807.1,Neisseria spp,1
SAMN31014981,CP106808.1,Neisseria spp,0
SAMN31014989,CP106811.1,Neisseria spp,1
SAMN31014989,CP106812.1,Neisseria spp,0
SAMN22600672,CP106817.1,Neisseria spp,1
SAMN22600672,CP106818.1,Neisseria spp,0
SAMN22600892,CP106819.1,Neisseria spp,1
SAMN22600892,CP106820.1,Neisseria spp,0
SAMN28869590,CP106821.1,Neisseria spp,1
SAMN28869590,CP106822.1,Neisseria spp,0
SAMN28869590,CP106823.1,Neisseria spp,0
SAMN28859080,CP106824.1,Neisseria spp,1
SAMN28859080,CP106825.1,Neisseria spp,0
SAMN28871631,CP106826.1,Neisseria spp,1
SAMN28871631,CP106827.1,Neisseria spp,0
SAMN28871636,CP106918.1,Neisseria spp,2
SAMN28871636,CP106919.1,Neisseria spp,0
SAMN28871636,CP106920.1,Neisseria spp,0
SAMN28858852,CP106921.1,Neisseria spp,1
SAMN28858852,CP106922.1,Neisseria spp,0
SAMN31100588,CP106988.1,Acinetobacter baumannii,3
SAMN31100588,CP106989.1,Acinetobacter baumannii,0
SAMN31100588,CP106990.1,Acinetobacter baumannii,0
SAMN31100588,CP106991.1,Acinetobacter baumannii,0
SAMN30438104,CP107029.1,Pseudomonas aeruginosa,2
SAMN31139171,CP107038.1,Streptococcus pneumoniae,2
SAMN31136161,CP107039.1,Bacillus subtilis,2
SAMN31203372,CP107223.1,Neisseria spp,1
SAMN31203372,CP107224.1,Neisseria spp,0
SAMN31165852,CP107272.1,Neisseria spp,1
SAMN31165850,CP107274.1,Neisseria spp,1
SAMN31207037,CP107483.1,Klebsiella pneumoniae,6
SAMN31207037,CP107484.1,Klebsiella pneumoniae,0
SAMN31207037,CP107485.1,Klebsiella pneumoniae,0
SAMN31207037,CP107486.1,Klebsiella pneumoniae,0
SAMN31207037,CP107487.1,Klebsiella pneumoniae,0
SAMN31213618,CP107524.1,Streptococcus agalactiae,3
SAMN30898313,CP107581.1,Acinetobacter baumannii,1
SAMN30898313,CP107582.1,Acinetobacter baumannii,0
SAMN30898324,CP107597.1,Acinetobacter baumannii,1
SAMN30898324,CP107598.1,Acinetobacter baumannii,0
SAMN30898326,CP107601.1,Acinetobacter baumannii,1
SAMN30898326,CP107602.1,Acinetobacter baumannii,0
SAMN31265944,CP107728.1,Acinetobacter baumannii,2
SAMN31207303,CP109604.1,Klebsiella pneumoniae,2
SAMN31253290,CP109611.1,Enterococcus faecalis,2
SAMN31253290,CP109612.1,Enterococcus faecalis,0
SAMN31253290,CP109613.1,Enterococcus faecalis,0
SAMN30974103,CP109739.1,Serratia spp,8
SAMN30974103,CP109740.1,Serratia spp,0
SAMN30974103,CP109741.1,Serratia spp,0
SAMN30974103,CP109742.1,Serratia spp,0
SAMN30974103,CP109743.1,Serratia spp,0
SAMN31265469,CP109758.1,Enterococcus faecium,2
SAMN31265469,CP109759.1,Enterococcus faecium,0
SAMN31265469,CP109760.1,Enterococcus faecium,0
SAMN31247873,CP109798.1,Enterococcus faecium,2
SAMN31247873,CP109799.1,Enterococcus faecium,0
SAMN31247873,CP109800.1,Enterococcus faecium,0
SAMN31283467,CP109824.1,Serratia spp,4
SAMN31283467,CP109825.1,Serratia spp,0
SAMN31283467,CP109826.1,Serratia spp,0
SAMN31283467,CP109827.1,Serratia spp,0
SAMN31283467,CP109828.1,Serratia spp,0
SAMN31283566,CP109829.1,Serratia spp,5
SAMN31283566,CP109830.1,Serratia spp,0
SAMN30438111,CP109835.1,Pseudomonas aeruginosa,4
SAMN31247872,CP109838.1,Enterococcus faecium,0
SAMN31247872,CP109839.1,Enterococcus faecium,0
SAMN31247872,CP109840.1,Enterococcus faecium,0
SAMN31247872,CP109841.1,Enterococcus faecium,0
SAMN31247872,CP109842.1,Enterococcus faecium,0
SAMN30438119,CP109849.1,Pseudomonas aeruginosa,2
SAMN30438122,CP109850.1,Pseudomonas aeruginosa,1
SAMN30438138,CP109856.1,Pseudomonas aeruginosa,0
SAMN30438124,CP109920.1,Pseudomonas aeruginosa,6
SAMN31342467,CP110040.1,Enterococcus faecalis,1
SAMN31342463,CP110053.1,Enterococcus faecalis,1
SAMN31342462,CP110054.1,Enterococcus faecalis,3
SAMN31342462,CP110055.1,Enterococcus faecalis,0
SAMN31342462,CP110056.1,Enterococcus faecalis,0
SAMN31342462,CP110057.1,Enterococcus faecalis,0
SAMN31342462,CP110058.1,Enterococcus faecalis,0
SAMN31342461,CP110059.1,Enterococcus faecalis,3
SAMN31342461,CP110060.1,Enterococcus faecalis,0
SAMN31342461,CP110061.1,Enterococcus faecalis,0
SAMN31342461,CP110062.1,Enterococcus faecalis,0
SAMN31342460,CP110063.1,Enterococcus faecalis,1
SAMN31342460,CP110064.1,Enterococcus faecalis,0
SAMN31342460,CP110065.1,Enterococcus faecalis,0
SAMN31342460,CP110066.1,Enterococcus faecalis,0
SAMN31342460,CP110067.1,Enterococcus faecalis,0
SAMN31342459,CP110068.1,Enterococcus faecalis,2
SAMN31342458,CP110069.1,Enterococcus faecalis,1
SAMN31342458,CP110070.1,Enterococcus faecalis,0
SAMN31342457,CP110071.1,Enterococcus faecalis,1
SAMN31342455,CP110074.1,Enterococcus faecalis,1
SAMN31342455,CP110075.1,Enterococcus faecalis,0
SAMN31342455,CP110076.1,Enterococcus faecalis,0
SAMN31342455,CP110077.1,Enterococcus faecalis,0
SAMN31342455,CP110078.1,Enterococcus faecalis,0
SAMN31424710,CP110102.1,Serratia spp,3
SAMN31424710,CP110103.1,Serratia spp,0
SAMN31425245,CP110145.1,Klebsiella pneumoniae,2
SAMN31425245,CP110146.1,Klebsiella pneumoniae,0
SAMN31425245,CP110147.1,Klebsiella pneumoniae,0
SAMN31210808,CP110188.1,Vibrio cholerae,0
SAMN31210808,CP110189.1,Vibrio cholerae,0
SAMN31055796,CP110198.1,Salmonella enterica,5
SAMN31055796,CP110199.1,Salmonella enterica,0
SAMN31055796,CP110200.1,Salmonella enterica,0
SAMN30438132,CP110352.1,Pseudomonas aeruginosa,3
SAMN31527003,CP110371.1,Proteus spp,3
SAMN31527195,CP110372.1,Proteus spp,2
SAMN31527216,CP110373.1,Proteus spp,4
SAMN31527216,CP110374.1,Proteus spp,0
SAMN31527278,CP110375.1,Proteus spp,4
SAMN31527276,CP110376.1,Proteus spp,4
SAMN31527305,CP110377.1,Proteus spp,4
SAMN31494247,CP110462.1,Acinetobacter baumannii,2
SAMN31494247,CP110463.1,Acinetobacter baumannii,0
SAMN31494247,CP110464.1,Acinetobacter baumannii,0
SAMN31494247,CP110465.1,Acinetobacter baumannii,0
SAMN31494247,CP110466.1,Acinetobacter baumannii,0
SAMN31494247,CP110467.1,Acinetobacter baumannii,0
SAMN31494247,CP110468.1,Acinetobacter baumannii,0
SAMN31634663,CP110673.1,Proteus spp,2
SAMN31656063,CP110775.1,Citrobacter spp,7
SAMN31656063,CP110776.1,Citrobacter spp,0
SAMN31656063,CP110777.1,Citrobacter spp,0
SAMN31656063,CP110778.1,Citrobacter spp,0
SAMN31656063,CP110780.1,Citrobacter spp,0
SAMN31656063,CP110781.1,Citrobacter spp,0
SAMN31691762,CP110857.1,Enterobacter spp,5
SAMN31693425,CP110890.1,Citrobacter spp,0
SAMN31693425,CP110891.1,Citrobacter spp,0
SAMN31693425,CP110892.1,Citrobacter spp,0
SAMN31693425,CP110893.1,Citrobacter spp,0
SAMN31693425,CP110894.1,Citrobacter spp,9
SAMN31693425,CP110895.1,Citrobacter spp,0
SAMN31693425,CP110896.1,Citrobacter spp,0
SAMN31693425,CP110897.1,Citrobacter spp,0
SAMN31693425,CP110898.1,Citrobacter spp,0
SAMN31693662,CP110899.1,Citrobacter spp,0
SAMN31693662,CP110900.1,Citrobacter spp,9
SAMN31693662,CP110901.1,Citrobacter spp,0
SAMN31693662,CP110902.1,Citrobacter spp,0
SAMN31693662,CP110903.1,Citrobacter spp,0
SAMN31693662,CP110904.1,Citrobacter spp,0
SAMN31693662,CP110905.1,Citrobacter spp,0
SAMN31693747,CP110907.1,Citrobacter spp,0
SAMN31693747,CP110908.1,Citrobacter spp,0
SAMN31693747,CP110909.1,Citrobacter spp,0
SAMN31693747,CP110910.1,Citrobacter spp,0
SAMN31693747,CP110911.1,Citrobacter spp,0
SAMN31693747,CP110912.1,Citrobacter spp,0
SAMN31693747,CP110913.1,Citrobacter spp,0
SAMN31693747,CP110914.1,Citrobacter spp,9
SAMN31693747,CP110915.1,Citrobacter spp,0
SAMN29934021,CP110952.1,Klebsiella pneumoniae,4
SAMN29934021,CP110953.1,Klebsiella pneumoniae,0
SAMN29934021,CP110954.1,Klebsiella pneumoniae,0
SAMN29934021,CP110955.1,Klebsiella pneumoniae,0
SAMN29934021,CP110956.1,Klebsiella pneumoniae,0
SAMN31742645,CP112862.1,Enterococcus faecium,3
SAMN31742645,CP112863.1,Enterococcus faecium,0
SAMN31742645,CP112864.1,Enterococcus faecium,0
SAMN31742645,CP112865.1,Enterococcus faecium,0
SAMN31523638,CP113035.1,Staphylococcus aureus,0
SAMN31523638,CP113036.1,Staphylococcus aureus,0
SAMN31523638,CP113037.1,Staphylococcus aureus,2
SAMN31523638,CP113038.1,Staphylococcus aureus,0
SAMN31523641,CP113042.1,Staphylococcus aureus,3
SAMN31523641,CP113043.1,Staphylococcus aureus,0
SAMN31523646,CP113051.1,Staphylococcus aureus,2
SAMN31681937,CP113080.1,Acinetobacter baumannii,3
SAMN31681937,CP113081.1,Acinetobacter baumannii,0
SAMN31681937,CP113082.1,Acinetobacter baumannii,0
SAMN31844607,CP113114.1,Streptococcus pneumoniae,1
SAMN31844858,CP113115.1,Streptococcus pneumoniae,1
SAMN31831552,CP113165.1,Klebsiella pneumoniae,7
SAMN31831552,CP113166.1,Klebsiella pneumoniae,0
SAMN31831552,CP113167.1,Klebsiella pneumoniae,0
SAMN31836844,CP113186.1,Klebsiella pneumoniae,0
SAMN31836844,CP113187.1,Klebsiella pneumoniae,0
SAMN31836844,CP113188.1,Klebsiella pneumoniae,0
SAMN31836844,CP113189.1,Klebsiella pneumoniae,0
SAMN31836844,CP113190.1,Klebsiella pneumoniae,0
SAMN31836844,CP113191.1,Klebsiella pneumoniae,3
SAMN31830494,CP113266.1,Streptococcus pneumoniae,0
SAMN31830702,CP113267.1,Streptococcus pneumoniae,0
SAMN31929640,CP113784.1,Citrobacter spp,5
SAMN31929640,CP113785.1,Citrobacter spp,0
SAMN32023589,CP113832.1,Enterococcus faecalis,2
SAMN32023589,CP113833.1,Enterococcus faecalis,0
SAMN32023589,CP113834.1,Enterococcus faecalis,0
SAMN32023589,CP113835.1,Enterococcus faecalis,0
SAMN32079354,CP113974.1,Pseudomonas aeruginosa,0
SAMN32105454,CP114033.1,Enterobacter spp,2
SAMN32105454,CP114034.1,Enterobacter spp,0
SAMN31936906,CP114075.1,Pseudomonas aeruginosa,2
SAMN31936914,CP114077.1,Pseudomonas aeruginosa,2
SAMN31936916,CP114078.1,Pseudomonas aeruginosa,5
SAMN31936919,CP114080.1,Pseudomonas aeruginosa,2
SAMN31936930,CP114085.1,Pseudomonas aeruginosa,3
SAMN31936933,CP114087.1,Pseudomonas aeruginosa,1
SAMN31936941,CP114092.1,Pseudomonas aeruginosa,2
SAMN31936945,CP114093.1,Pseudomonas aeruginosa,0
SAMN31936947,CP114094.1,Pseudomonas aeruginosa,0
SAMN31936951,CP114097.1,Pseudomonas aeruginosa,1
SAMN31936959,CP114102.1,Pseudomonas aeruginosa,1
SAMN31936962,CP114105.1,Pseudomonas aeruginosa,2
SAMN31936964,CP114107.1,Pseudomonas aeruginosa,1
SAMN03105183,CP114381.1,Acinetobacter baumannii,3
SAMN03105183,CP114382.1,Acinetobacter baumannii,0
SAMN03105183,CP114383.1,Acinetobacter baumannii,0
SAMN03105183,CP114384.1,Acinetobacter baumannii,0
SAMN32252807,CP114564.1,Citrobacter spp,6
SAMN32252807,CP114565.1,Citrobacter spp,0
SAMN32252807,CP114566.1,Citrobacter spp,0
SAMN32252807,CP114567.1,Citrobacter spp,0
SAMN32252807,CP114568.1,Citrobacter spp,0
SAMN32252807,CP114569.1,Citrobacter spp,0
SAMN32252807,CP114570.1,Citrobacter spp,0
SAMN32214983,CP114571.1,Enterobacter spp,5
SAMN32214983,CP114572.1,Enterobacter spp,0
SAMN32214983,CP114573.1,Enterobacter spp,0
SAMN32214983,CP114574.1,Enterobacter spp,0
SAMN32214983,CP114575.1,Enterobacter spp,0
SAMN32343694,CP114899.1,Bacillus subtilis,3
SAMN32343694,CP114900.1,Bacillus subtilis,0
SAMN32262091,CP114979.1,Enterobacter spp,7
SAMN32262091,CP114980.1,Enterobacter spp,0
SAMN32262091,CP114981.1,Enterobacter spp,0
SAMN32262091,CP114982.1,Enterobacter spp,0
SAMN32262091,CP114983.1,Enterobacter spp,0
SAMN32262091,CP114984.1,Enterobacter spp,0
SAMN32262092,CP114985.1,Enterobacter spp,6
SAMN32262092,CP114986.1,Enterobacter spp,0
SAMN32262092,CP114987.1,Enterobacter spp,0
SAMN32262092,CP114988.1,Enterobacter spp,0
SAMN32262092,CP114989.1,Enterobacter spp,0
SAMN32262092,CP114990.1,Enterobacter spp,0
SAMN32262092,CP114991.1,Enterobacter spp,0
SAMN32262092,CP114992.1,Enterobacter spp,0
SAMN32262092,CP114993.1,Enterobacter spp,0
SAMN32262093,CP114994.1,Enterobacter spp,4
SAMN32262093,CP114995.1,Enterobacter spp,0
SAMN32262093,CP114996.1,Enterobacter spp,0
SAMN32262094,CP114997.1,Enterobacter spp,4
SAMN32262094,CP114998.1,Enterobacter spp,0
SAMN32262094,CP114999.1,Enterobacter spp,0
SAMN32262096,CP115004.1,Enterobacter spp,4
SAMN32262096,CP115005.1,Enterobacter spp,0
SAMN32262096,CP115006.1,Enterobacter spp,0
SAMN32262096,CP115007.1,Enterobacter spp,0
SAMN32262096,CP115008.1,Enterobacter spp,0
SAMN32262097,CP115009.1,Serratia spp,3
SAMN32262097,CP115010.1,Serratia spp,0
SAMN32262097,CP115011.1,Serratia spp,0
SAMN32262097,CP115012.1,Serratia spp,0
SAMN32262097,CP115013.1,Serratia spp,0
SAMN32262097,CP115014.1,Serratia spp,0
SAMN32262098,CP115015.1,Serratia spp,3
SAMN32262098,CP115016.1,Serratia spp,0
SAMN32262098,CP115017.1,Serratia spp,0
SAMN32262098,CP115018.1,Serratia spp,0
SAMN32262098,CP115019.1,Serratia spp,0
SAMN32262098,CP115020.1,Serratia spp,0
SAMN22334928,CP115129.1,Citrobacter spp,9
SAMN22334928,CP115130.1,Citrobacter spp,0
SAMN22334928,CP115131.1,Citrobacter spp,0
SAMN22334928,CP115132.1,Citrobacter spp,0
SAMN21522362,CP115150.1,Enterobacter spp,4
SAMN21522362,CP115151.1,Enterobacter spp,0
SAMN21522362,CP115152.1,Enterobacter spp,0
SAMN32413579,CP115191.1,Pseudomonas aeruginosa,7
SAMN32413573,CP115200.1,Pseudomonas aeruginosa,3
SAMN32413571,CP115202.1,Pseudomonas aeruginosa,3
SAMN32413569,CP115204.1,Pseudomonas aeruginosa,0
SAMN32413563,CP115213.1,Pseudomonas aeruginosa,4
SAMN32413563,CP115214.1,Pseudomonas aeruginosa,0
SAMN32413560,CP115219.1,Pseudomonas aeruginosa,2
SAMN32413559,CP115220.1,Pseudomonas aeruginosa,2
SAMN32413555,CP115224.1,Pseudomonas aeruginosa,1
SAMN32413552,CP115227.1,Pseudomonas aeruginosa,2
SAMN32413552,CP115228.1,Pseudomonas aeruginosa,0
SAMN32413552,CP115229.1,Pseudomonas aeruginosa,0
SAMN32413536,CP115250.1,Pseudomonas aeruginosa,1
SAMN32413524,CP115262.1,Pseudomonas aeruginosa,2
SAMN32413505,CP115288.1,Pseudomonas aeruginosa,1
SAMN32413502,CP115292.1,Pseudomonas aeruginosa,0
SAMN32413502,CP115293.1,Pseudomonas aeruginosa,3
SAMN32413499,CP115296.1,Pseudomonas aeruginosa,1
SAMN32413497,CP115298.1,Pseudomonas aeruginosa,2
SAMN32423452,CP115551.1,Salmonella enterica,9
SAMN29151494,CP115614.1,Citrobacter spp,6
SAMN29151494,CP115615.1,Citrobacter spp,0
SAMN29151494,CP115616.1,Citrobacter spp,0
SAMN29151494,CP115617.1,Citrobacter spp,0
SAMN29151494,CP115618.1,Citrobacter spp,0
SAMN29151494,CP115619.1,Citrobacter spp,0
SAMN29151494,CP115620.1,Citrobacter spp,0
SAMN27182098,CP115637.1,Acinetobacter baumannii,1
SAMN27182098,CP115638.1,Acinetobacter baumannii,0
SAMN27591179,CP115639.1,Acinetobacter baumannii,2
SAMN27591179,CP115640.1,Acinetobacter baumannii,0
SAMN29151496,CP115645.1,Acinetobacter baumannii,1
SAMN29151496,CP115646.1,Acinetobacter baumannii,0
SAMN29151496,CP115647.1,Acinetobacter baumannii,0
SAMN15907139,CP115689.1,Enterobacter spp,4
SAMN15907139,CP115690.1,Enterobacter spp,0
SAMN15907139,CP115691.1,Enterobacter spp,0
SAMN15907139,CP115692.1,Enterobacter spp,0
SAMN15907139,CP115693.1,Enterobacter spp,0
SAMN15907139,CP115694.1,Enterobacter spp,0
SAMN15907139,CP115695.1,Enterobacter spp,0
SAMN15907137,CP115696.1,Enterobacter spp,3
SAMN15907137,CP115697.1,Enterobacter spp,0
SAMN15907137,CP115698.1,Enterobacter spp,0
SAMN15907137,CP115699.1,Enterobacter spp,0
SAMN15907137,CP115700.1,Enterobacter spp,0
SAMN32406715,CP115738.1,Bacillus subtilis,3
SAMN10425227,CP115834.1,Salmonella enterica,5
SAMN10425227,CP115835.1,Salmonella enterica,0
SAMN10425227,CP115836.1,Salmonella enterica,0
SAMN32541572,CP115874.1,Enterobacter spp,1
SAMN31428012,CP115904.1,Neisseria spp,1
SAMN31428012,CP115905.1,Neisseria spp,0
SAMN32638696,CP115992.1,Enterococcus faecalis,2
SAMN32638696,CP115993.1,Enterococcus faecalis,0
SAMN32638696,CP115994.1,Enterococcus faecalis,0
SAMN32638696,CP115995.1,Enterococcus faecalis,0
SAMN32632906,CP116023.1,Enterococcus faecium,0
SAMN32632906,CP116024.1,Enterococcus faecium,0
SAMN32632906,CP116025.1,Enterococcus faecium,0
SAMN32643659,CP116042.1,Salmonella enterica,6
SAMN32643659,CP116043.1,Salmonella enterica,0
SAMN32686646,CP116223.1,Proteus spp,2
SAMN32735351,CP116234.1,Helicobacter pylori,0
SAMN32770956,CP116387.1,Acinetobacter baumannii,4
SAMN32770956,CP116388.1,Acinetobacter baumannii,0
SAMN32770956,CP116389.1,Acinetobacter baumannii,0
SAMN32807490,CP116457.1,Streptococcus pyogenes,1
SAMN06203705,CP116489.1,Haemophilus influenzae,0
SAMN23424533,CP116520.1,Enterococcus faecium,1
SAMN23424533,CP116521.1,Enterococcus faecium,0
SAMN23424533,CP116522.1,Enterococcus faecium,0
SAMN23424532,CP116523.1,Enterococcus faecium,2
SAMN23424532,CP116524.1,Enterococcus faecium,0
SAMN23424532,CP116525.1,Enterococcus faecium,0
SAMN23424532,CP116526.1,Enterococcus faecium,0
SAMN23424532,CP116527.1,Enterococcus faecium,0
SAMN23424529,CP116532.1,Enterococcus faecium,2
SAMN23424529,CP116533.1,Enterococcus faecium,0
SAMN23424529,CP116534.1,Enterococcus faecium,0
SAMN23424529,CP116535.1,Enterococcus faecium,0
SAMN23424525,CP116546.1,Enterococcus faecium,0
SAMN23424525,CP116547.1,Enterococcus faecium,0
SAMN23424525,CP116548.1,Enterococcus faecium,0
SAMN23424524,CP116549.1,Enterococcus faecium,0
SAMN23424524,CP116550.1,Enterococcus faecium,0
SAMN23424524,CP116551.1,Enterococcus faecium,0
SAMN23424524,CP116552.1,Enterococcus faecium,0
SAMN23424519,CP116553.1,Enterococcus faecalis,0
SAMN23424519,CP116554.1,Enterococcus faecalis,0
SAMN23424518,CP116555.1,Enterococcus faecalis,1
SAMN23424518,CP116556.1,Enterococcus faecalis,0
SAMN23424516,CP116559.1,Enterococcus faecalis,1
SAMN23424516,CP116560.1,Enterococcus faecalis,0
SAMN23424515,CP116561.1,Enterococcus faecalis,2
SAMN23424515,CP116562.1,Enterococcus faecalis,0
SAMN23424515,CP116563.1,Enterococcus faecalis,0
SAMN23424514,CP116564.1,Enterococcus faecalis,2
SAMN23424514,CP116565.1,Enterococcus faecalis,0
SAMN23424511,CP116571.1,Enterococcus faecalis,3
SAMN23424511,CP116572.1,Enterococcus faecalis,0
SAMN23424511,CP116573.1,Enterococcus faecalis,0
SAMN23424511,CP116574.1,Enterococcus faecalis,0
SAMN23424510,CP116575.1,Enterococcus faecalis,2
SAMN23424510,CP116576.1,Enterococcus faecalis,0
SAMN23424510,CP116577.1,Enterococcus faecalis,0
SAMN23424510,CP116578.1,Enterococcus faecalis,0
SAMN31527617,CP116620.1,Proteus spp,2
SAMN31527004,CP116621.1,Proteus spp,4
SAMN31527004,CP116622.1,Proteus spp,0
SAMN32805326,CP116680.1,Acinetobacter baumannii,2
SAMN32805326,CP116681.1,Acinetobacter baumannii,0
SAMN32878366,CP116705.1,Streptococcus agalactiae,1
SAMN32878365,CP116706.1,Streptococcus agalactiae,1
SAMN32878364,CP116707.1,Streptococcus agalactiae,1
SAMN32878363,CP116708.1,Streptococcus agalactiae,1
SAMN32878362,CP116709.1,Streptococcus agalactiae,1
SAMN32878361,CP116710.1,Streptococcus agalactiae,1
SAMN32878360,CP116711.1,Streptococcus agalactiae,1
SAMN32878359,CP116712.1,Streptococcus agalactiae,1
SAMN32878358,CP116713.1,Streptococcus agalactiae,1
SAMN32878357,CP116714.1,Streptococcus agalactiae,1
SAMN32874244,CP116721.1,Pseudomonas aeruginosa,3
SAMN32902171,CP116773.1,Bacillus subtilis,3
SAMN32788866,CP116867.1,Bacillus subtilis,0
SAMN32788865,CP116868.1,Bacillus subtilis,0
SAMN32788863,CP116870.1,Bacillus subtilis,0
SAMN32803237,CP116934.1,Pseudomonas aeruginosa,3
SAMN26871936,CP117166.1,Proteus spp,3
SAMN33038040,CP117184.1,Salmonella enterica,7
SAMN33038040,CP117185.1,Salmonella enterica,0
SAMN33038040,CP117186.1,Salmonella enterica,0
SAMN33038040,CP117187.1,Salmonella enterica,0
SAMN32885235,CP117203.1,Staphylococcus aureus,1
SAMN32885235,CP117204.1,Staphylococcus aureus,0
SAMN32885235,CP117205.1,Staphylococcus aureus,0
SAMN32935255,CP117292.1,Salmonella enterica,4
SAMN32741785,CP117299.2,Salmonella enterica,4
SAMN32950802,CP117332.1,Salmonella enterica,3
SAMN32950802,CP117333.1,Salmonella enterica,0
SAMN32950802,CP117334.1,Salmonella enterica,0
SAMN32950802,CP117335.1,Salmonella enterica,0
SAMN33169384,CP117475.1,Citrobacter spp,4
SAMN33169384,CP117476.1,Citrobacter spp,0
SAMN33169384,CP117477.1,Citrobacter spp,0
SAMN33180039,CP117496.1,Enterococcus faecalis,1
SAMN33180039,CP117497.1,Enterococcus faecalis,0
SAMN33180039,CP117498.1,Enterococcus faecalis,0
SAMN33180039,CP117499.1,Enterococcus faecalis,0
SAMN33180039,CP117500.1,Enterococcus faecalis,0
SAMN33180039,CP117501.1,Enterococcus faecalis,0
SAMN33180039,CP117502.1,Enterococcus faecalis,0
SAMN33180069,CP117511.1,Enterococcus faecalis,0
SAMN33180069,CP117512.1,Enterococcus faecalis,0
SAMN33180069,CP117513.1,Enterococcus faecalis,0
SAMN33180069,CP117514.1,Enterococcus faecalis,0
SAMN33180069,CP117515.1,Enterococcus faecalis,0
SAMN33246475,CP117970.1,Enterococcus faecalis,2
SAMN33275459,CP118043.1,Streptococcus agalactiae,1
SAMN33275442,CP118079.1,Streptococcus agalactiae,2
SAMN33275441,CP118080.1,Streptococcus agalactiae,2
SAMN33269650,CP118167.1,Bacillus subtilis,2
SAMN33299137,CP118227.1,Proteus spp,5
SAMN33299137,CP118228.1,Proteus spp,0
SAMN33299137,CP118229.1,Proteus spp,0
SAMN33277205,CP118279.1,Enterobacter spp,2
SAMN33310438,CP118306.1,Streptococcus pyogenes,0
SAMN33314856,CP118308.1,Streptococcus pyogenes,3
SAMN33314877,CP118309.1,Streptococcus pyogenes,3
SAMN33315834,CP118312.1,Streptococcus pyogenes,6
SAMN33319153,CP118467.1,Klebsiella pneumoniae,3
SAMN33319153,CP118468.1,Klebsiella pneumoniae,0
SAMN33319153,CP118469.1,Klebsiella pneumoniae,0
SAMN33319153,CP118470.1,Klebsiella pneumoniae,0
SAMN33319153,CP118471.1,Klebsiella pneumoniae,0
SAMN33319153,CP118472.1,Klebsiella pneumoniae,0
SAMN33319153,CP118473.1,Klebsiella pneumoniae,0
SAMN33319153,CP118474.1,Klebsiella pneumoniae,0
SAMN33319153,CP118475.1,Klebsiella pneumoniae,0
SAMN33319153,CP118476.1,Klebsiella pneumoniae,0
SAMN33325090,CP118481.1,Streptococcus pyogenes,2
SAMN33346708,CP118536.1,Salmonella enterica,4
SAMN33388078,CP118635.1,Proteus spp,3
SAMN33388078,CP118636.1,Proteus spp,0
SAMN33388081,CP118637.1,Proteus spp,1
SAMN33407041,CP118808.1,Staphylococcus aureus,1
SAMN33407041,CP118809.1,Staphylococcus aureus,0
SAMN33434791,CP118932.1,Serratia spp,1
SAMN33336514,CP118962.1,Enterococcus faecalis,2
SAMN31888397,CP119013.1,Klebsiella pneumoniae,5
SAMN31888397,CP119014.1,Klebsiella pneumoniae,0
SAMN31888397,CP119015.1,Klebsiella pneumoniae,0
SAMN31888397,CP119016.1,Klebsiella pneumoniae,0
SAMN33408659,CP119048.1,Citrobacter spp,7
SAMN33408659,CP119049.1,Citrobacter spp,1
SAMN33408659,CP119050.1,Citrobacter spp,0
SAMN33408659,CP119051.1,Citrobacter spp,0
SAMN33408659,CP119052.1,Citrobacter spp,0
SAMN33438667,CP119150.1,Enterococcus faecium,2
SAMN33438667,CP119151.1,Enterococcus faecium,0
SAMN33438667,CP119152.1,Enterococcus faecium,0
SAMN33438667,CP119153.1,Enterococcus faecium,0
SAMN33438667,CP119154.1,Enterococcus faecium,0
SAMN33438667,CP119155.1,Enterococcus faecium,0
SAMN33438667,CP119156.1,Enterococcus faecium,0
SAMN33438667,CP119157.1,Enterococcus faecium,0
SAMN33438667,CP119158.1,Enterococcus faecium,0
SAMN33434147,CP119165.1,Citrobacter spp,5
SAMN33434147,CP119166.1,Citrobacter spp,0
SAMN33434147,CP119167.1,Citrobacter spp,0
SAMN33434147,CP119168.1,Citrobacter spp,0
SAMN33575657,CP119297.1,Proteus spp,2
SAMN33573373,CP119298.1,Pseudomonas aeruginosa,3
SAMN33587933,CP119435.1,Serratia spp,6
SAMN33587933,CP119436.1,Serratia spp,0
SAMN33687318,CP119576.1,Streptococcus agalactiae,1
SAMN33693461,CP119597.1,Streptococcus pyogenes,1
SAMN33693473,CP119598.1,Streptococcus pyogenes,1
SAMN33578967,CP119713.1,Staphylococcus aureus,1
SAMN33578967,CP119714.1,Staphylococcus aureus,0
SAMN33696834,CP120009.1,Staphylococcus aureus,1
SAMN33696834,CP120010.1,Staphylococcus aureus,0
SAMN33696820,CP120044.1,Staphylococcus aureus,2
SAMN33696820,CP120045.1,Staphylococcus aureus,0
SAMN33696820,CP120046.1,Staphylococcus aureus,0
SAMN33696765,CP120174.1,Staphylococcus aureus,2
SAMN33696765,CP120175.1,Staphylococcus aureus,0
SAMN33696765,CP120176.1,Staphylococcus aureus,0
SAMN33677887,CP120325.1,Salmonella enterica,6
SAMN33677887,CP120326.1,Salmonella enterica,0
SAMN33677878,CP120333.1,Salmonella enterica,6
SAMN33677878,CP120334.1,Salmonella enterica,0
SAMN33677882,CP120339.1,Salmonella enterica,6
SAMN33677882,CP120340.1,Salmonella enterica,0
SAMN33677880,CP120343.1,Salmonella enterica,6
SAMN33677880,CP120344.1,Salmonella enterica,0
SAMN33591745,CP120577.2,Bacillus subtilis,3
SAMN33591712,CP120602.2,Bacillus subtilis,0
SAMN33591712,CP120603.2,Bacillus subtilis,4
SAMN33591701,CP120613.2,Bacillus subtilis,2
SAMN33591693,CP120621.2,Bacillus subtilis,2
SAMN33760391,CP120654.1,Streptococcus agalactiae,2
SAMN33591689,CP120680.2,Bacillus subtilis,0
SAMN33591689,CP120681.2,Bacillus subtilis,2
SAMN33819876,CP120706.1,Pseudomonas aeruginosa,4
SAMN33819968,CP120707.1,Pseudomonas aeruginosa,5
SAMN33822888,CP120859.1,Pseudomonas aeruginosa,12
SAMN33849031,CP120871.1,Pseudomonas aeruginosa,5
SAMN33825348,CP120881.1,Pseudomonas aeruginosa,11
SAMN33825348,CP120882.1,Pseudomonas aeruginosa,0
SAMN33919071,CP120953.1,Streptococcus agalactiae,2
SAMN33760349,CP121073.1,Salmonella enterica,4
SAMN33760349,CP121074.1,Salmonella enterica,0
SAMN33836061,CP121159.1,Streptococcus agalactiae,1
SAMN33836060,CP121160.1,Streptococcus agalactiae,3
SAMN33929497,CP121167.1,Enterococcus faecalis,0
SAMN33929497,CP121168.1,Enterococcus faecalis,0
SAMN34002337,CP121266.1,Bacillus subtilis,4
SAMN34002337,CP121267.1,Bacillus subtilis,0
SAMN34002337,CP121268.1,Bacillus subtilis,0
SAMN34062071,CP121269.1,Enterobacter spp,2
SAMN34062947,CP121365.1,Acinetobacter baumannii,0
SAMN34062947,CP121366.1,Acinetobacter baumannii,0
SAMN34062947,CP121367.1,Acinetobacter baumannii,1
SAMN34062947,CP121368.1,Acinetobacter baumannii,0
SAMN34062947,CP121369.1,Acinetobacter baumannii,0
SAMN27010269,CP121557.1,Acinetobacter baumannii,2
SAMN27010269,CP121558.1,Acinetobacter baumannii,0
SAMN27010269,CP121559.1,Acinetobacter baumannii,0
SAMN27010284,CP121567.1,Acinetobacter baumannii,3
SAMN27010284,CP121568.1,Acinetobacter baumannii,0
SAMN27010284,CP121569.1,Acinetobacter baumannii,0
SAMN27010256,CP121588.1,Acinetobacter baumannii,3
SAMN27010256,CP121589.1,Acinetobacter baumannii,0
SAMN27010256,CP121590.1,Acinetobacter baumannii,0
SAMN27010219,CP121598.1,Acinetobacter baumannii,2
SAMN27010219,CP121599.1,Acinetobacter baumannii,0
SAMN27010219,CP121600.1,Acinetobacter baumannii,0
SAMN27010238,CP121609.1,Acinetobacter baumannii,3
SAMN27010238,CP121610.1,Acinetobacter baumannii,1
SAMN27010238,CP121611.1,Acinetobacter baumannii,0
SAMN27010231,CP121625.1,Acinetobacter baumannii,2
SAMN27010231,CP121626.1,Acinetobacter baumannii,0
SAMN27010231,CP121627.1,Acinetobacter baumannii,0
SAMN27010231,CP121628.1,Acinetobacter baumannii,0
SAMN27010192,CP121632.1,Acinetobacter baumannii,2
SAMN27010192,CP121633.1,Acinetobacter baumannii,0
SAMN33329571,CP121766.1,Pseudomonas aeruginosa,3
SAMN34110064,CP121772.1,Serratia spp,3
SAMN34145880,CP122400.1,Proteus spp,3
SAMN34152678,CP122515.1,Helicobacter pylori,0
SAMN34043884,CP122946.1,Helicobacter pylori,0
SAMN34043888,CP122949.1,Helicobacter pylori,0
SAMN34043891,CP122950.1,Helicobacter pylori,0
SAMN34043890,CP122952.1,Helicobacter pylori,0
SAMN34043892,CP122953.1,Helicobacter pylori,0
SAMN34043895,CP122955.1,Helicobacter pylori,0
SAMN34066453,CP123070.1,Staphylococcus aureus,1
SAMN34066453,CP123071.1,Staphylococcus aureus,0
SAMN34066448,CP123080.1,Staphylococcus aureus,2
SAMN34066448,CP123081.1,Staphylococcus aureus,0
SAMN34066444,CP123086.1,Staphylococcus aureus,1
SAMN34066444,CP123087.1,Staphylococcus aureus,0
SAMN34066434,CP123104.1,Staphylococcus aureus,2
SAMN34066434,CP123105.1,Staphylococcus aureus,0
SAMN34066431,CP123106.1,Staphylococcus aureus,2
SAMN34066431,CP123107.1,Staphylococcus aureus,0
SAMN34066430,CP123108.1,Staphylococcus aureus,0
SAMN34066430,CP123109.1,Staphylococcus aureus,0
SAMN34066411,CP123130.1,Staphylococcus aureus,0
SAMN34066411,CP123131.1,Staphylococcus aureus,0
SAMN34066408,CP123134.1,Staphylococcus aureus,1
SAMN34066408,CP123135.1,Staphylococcus aureus,0
SAMN34066408,CP123136.1,Staphylococcus aureus,0
SAMN34066402,CP123149.1,Staphylococcus aureus,1
SAMN34066402,CP123150.1,Staphylococcus aureus,0
SAMN34239926,CP123430.1,Klebsiella pneumoniae,1
SAMN34239926,CP123431.1,Klebsiella pneumoniae,0
SAMN34239926,CP123432.1,Klebsiella pneumoniae,0
SAMN34239926,CP123433.1,Klebsiella pneumoniae,0
SAMN34239926,CP123434.1,Klebsiella pneumoniae,0
SAMN34239926,CP123435.1,Klebsiella pneumoniae,0
SAMN34233932,CP123597.1,Serratia spp,2
SAMN34123084,CP123624.1,Enterococcus faecalis,2
SAMN34339751,CP123969.1,Streptococcus agalactiae,1
SAMN34339751,CP123970.1,Streptococcus agalactiae,0
SAMN34231589,CP123977.1,Bacillus subtilis,2
SAMN34231589,CP123978.1,Bacillus subtilis,0
SAMN34247094,CP123992.1,Acinetobacter baumannii,0
SAMN34247094,CP123993.1,Acinetobacter baumannii,2
SAMN15907133,CP124121.1,Enterobacter spp,3
SAMN15907133,CP124122.1,Enterobacter spp,0
SAMN15907133,CP124123.1,Enterobacter spp,0
SAMN15907133,CP124124.1,Enterobacter spp,0
SAMN15907133,CP124125.1,Enterobacter spp,0
SAMN20674995,CP124641.1,Pseudomonas aeruginosa,5
SAMN20674995,CP124642.1,Pseudomonas aeruginosa,0
SAMN15907152,CP124651.1,Pseudomonas aeruginosa,3
SAMN32733976,CP124678.1,Acinetobacter baumannii,2
SAMN32733976,CP124679.1,Acinetobacter baumannii,0
SAMN34443338,CP124702.1,Klebsiella pneumoniae,4
SAMN34443338,CP124703.1,Klebsiella pneumoniae,0
SAMN34443338,CP124704.1,Klebsiella pneumoniae,0
SAMN34443338,CP124705.1,Klebsiella pneumoniae,0
SAMN34443338,CP124706.1,Klebsiella pneumoniae,0
SAMN34510058,CP124744.1,Proteus spp,3
SAMN32727621,CP124750.1,Serratia spp,1
SAMN32727621,CP124751.1,Serratia spp,0
SAMN32727621,CP124752.1,Serratia spp,0
SAMN32727621,CP124753.1,Serratia spp,0
SAMN34473392,CP124778.1,Enterococcus faecalis,0
SAMN14640085,CP124809.1,Citrobacter spp,6
SAMN14640085,CP124810.1,Citrobacter spp,0
SAMN14640085,CP124811.1,Citrobacter spp,0
SAMN14640085,CP124812.1,Citrobacter spp,0
SAMN14640084,CP124813.1,Citrobacter spp,6
SAMN14640084,CP124814.1,Citrobacter spp,0
SAMN14640084,CP124815.1,Citrobacter spp,0
SAMN14640084,CP124816.1,Citrobacter spp,0
SAMN14640084,CP124817.1,Citrobacter spp,0
SAMN14640084,CP124818.1,Citrobacter spp,0
SAMN16505100,CP124857.1,Enterobacter spp,0
SAMN33741216,CP124884.1,Enterococcus faecalis,1
SAMN33741216,CP124885.1,Enterococcus faecalis,0
SAMN33741214,CP124889.1,Enterococcus faecalis,3
SAMN33741212,CP124891.1,Enterococcus faecalis,1
SAMN33741212,CP124892.1,Enterococcus faecalis,0
SAMN33741210,CP124893.1,Enterococcus faecalis,2
SAMN33741209,CP124894.1,Enterococcus faecalis,3
SAMN33741209,CP124896.1,Enterococcus faecalis,0
SAMN33741209,CP124897.1,Enterococcus faecalis,0
SAMN33741207,CP124900.1,Enterococcus faecalis,0
SAMN33741206,CP124901.1,Enterococcus faecalis,4
SAMN33741206,CP124902.1,Enterococcus faecalis,0
SAMN33741206,CP124903.1,Enterococcus faecalis,0
SAMN33741206,CP124904.1,Enterococcus faecalis,0
SAMN33741205,CP124905.1,Enterococcus faecalis,1
SAMN33741200,CP124908.1,Enterococcus faecalis,2
SAMN33741200,CP124909.1,Enterococcus faecalis,0
SAMN33741200,CP124910.1,Enterococcus faecalis,0
SAMN33741197,CP124913.1,Enterococcus faecalis,1
SAMN33741194,CP124921.1,Enterococcus faecalis,1
SAMN33741194,CP124922.1,Enterococcus faecalis,0
SAMN33741193,CP124923.1,Enterococcus faecalis,2
SAMN33741193,CP124924.1,Enterococcus faecalis,0
SAMN33741218,CP124935.1,Enterococcus faecalis,2
SAMN33741218,CP124936.1,Enterococcus faecalis,0
SAMN33741218,CP124937.1,Enterococcus faecalis,0
SAMN33741218,CP124938.1,Enterococcus faecalis,0
SAMN33741201,CP124947.1,Enterococcus faecalis,2
SAMN33741201,CP124948.1,Enterococcus faecalis,0
SAMN33741201,CP124949.1,Enterococcus faecalis,0
SAMN34258171,CP125085.1,Klebsiella pneumoniae,0
SAMN34258171,CP125086.1,Klebsiella pneumoniae,3
SAMN33790391,CP125193.1,Klebsiella pneumoniae,6
SAMN33790391,CP125194.1,Klebsiella pneumoniae,0
SAMN33790391,CP125195.1,Klebsiella pneumoniae,0
SAMN33790391,CP125196.1,Klebsiella pneumoniae,0
SAMN33790391,CP125197.1,Klebsiella pneumoniae,0
SAMN33790391,CP125198.1,Klebsiella pneumoniae,0
SAMN33790391,CP125199.1,Klebsiella pneumoniae,0
SAMN33790391,CP125200.1,Klebsiella pneumoniae,0
SAMN34580837,CP125310.1,Citrobacter spp,7
SAMN34580837,CP125311.1,Citrobacter spp,0
SAMN34580837,CP125312.1,Citrobacter spp,0
SAMN34580837,CP125313.1,Citrobacter spp,0
SAMN34580837,CP125314.1,Citrobacter spp,0
SAMN34439573,CP125345.1,Klebsiella pneumoniae,0
SAMN34439573,CP125346.1,Klebsiella pneumoniae,0
SAMN34439573,CP125347.1,Klebsiella pneumoniae,0
SAMN34439573,CP125348.1,Klebsiella pneumoniae,0
SAMN34439573,CP125349.1,Klebsiella pneumoniae,5
SAMN34439573,CP125350.1,Klebsiella pneumoniae,0
SAMN33446052,CP125365.1,Pseudomonas aeruginosa,5
SAMN33446052,CP125366.1,Pseudomonas aeruginosa,0
SAMN33446053,CP125367.1,Pseudomonas aeruginosa,5
SAMN33446053,CP125368.1,Pseudomonas aeruginosa,0
SAMN35024723,CP125388.1,Campylobacter spp,1
SAMN35024723,CP125389.1,Campylobacter spp,0
SAMN35024722,CP125390.1,Campylobacter spp,0
SAMN35066628,CP125734.1,Klebsiella pneumoniae,3
SAMN35066628,CP125735.1,Klebsiella pneumoniae,0
SAMN35066628,CP125736.1,Klebsiella pneumoniae,0
SAMN34999566,CP125737.1,Campylobacter spp,0
SAMN34993453,CP125762.1,Bacillus subtilis,4
SAMN35124854,CP125966.1,Helicobacter pylori,0
SAMN35124071,CP125980.1,Bacillus subtilis,3
SAMN35124074,CP125981.1,Bacillus subtilis,3
SAMN34374854,CP126082.1,Bacillus subtilis,2
SAMN34374855,CP126083.1,Bacillus subtilis,2
SAMN34375013,CP126097.1,Bacillus subtilis,3
SAMN35004663,CP126137.1,Morganella morganii,4
SAMN35301888,CP126323.1,Salmonella enterica,2
SAMN35301888,CP126324.1,Salmonella enterica,0
SAMN35302129,CP126338.1,Proteus spp,2
SAMN35332011,CP126536.1,Citrobacter spp,8
SAMN35332011,CP126537.1,Citrobacter spp,0
SAMN35332011,CP126538.1,Citrobacter spp,0
SAMN35344983,CP126623.1,Citrobacter spp,2
SAMN35344983,CP126624.1,Citrobacter spp,0
SAMN35394412,CP126767.1,Enterobacter spp,4
SAMN35394412,CP126768.1,Enterobacter spp,0
SAMN35394412,CP126769.1,Enterobacter spp,0
SAMN35394412,CP126770.1,Enterobacter spp,0
SAMN35394412,CP126771.1,Enterobacter spp,0
SAMN35394412,CP126772.1,Enterobacter spp,0
SAMN35394412,CP126773.1,Enterobacter spp,0
SAMN35394407,CP126778.1,Enterobacter spp,5
SAMN35394407,CP126779.1,Enterobacter spp,0
SAMN35394407,CP126780.1,Enterobacter spp,0
SAMN35394407,CP126781.1,Enterobacter spp,0
SAMN35394407,CP126782.1,Enterobacter spp,0
SAMN35394408,CP126792.1,Enterobacter spp,3
SAMN35394408,CP126793.1,Enterobacter spp,0
SAMN35394408,CP126794.1,Enterobacter spp,0
SAMN35394408,CP126795.1,Enterobacter spp,0
SAMN35394408,CP126796.1,Enterobacter spp,0
SAMN35394408,CP126797.1,Enterobacter spp,0
SAMN35394404,CP126798.1,Enterobacter spp,7
SAMN35394404,CP126799.1,Enterobacter spp,0
SAMN35394404,CP126800.1,Enterobacter spp,0
SAMN35394404,CP126801.1,Enterobacter spp,0
SAMN35394404,CP126802.1,Enterobacter spp,0
SAMN35394404,CP126803.1,Enterobacter spp,0
SAMN35394402,CP126807.1,Enterobacter spp,4
SAMN35394402,CP126808.1,Enterobacter spp,0
SAMN35394402,CP126809.1,Enterobacter spp,0
SAMN35394402,CP126810.1,Enterobacter spp,0
SAMN35394401,CP126811.1,Enterobacter spp,4
SAMN35394401,CP126812.1,Enterobacter spp,0
SAMN35394401,CP126813.1,Enterobacter spp,0
SAMN35394401,CP126814.1,Enterobacter spp,0
SAMN35394400,CP126819.1,Enterobacter spp,4
SAMN35394400,CP126820.1,Enterobacter spp,0
SAMN35394400,CP126821.1,Enterobacter spp,0
SAMN35394400,CP126822.1,Enterobacter spp,0
SAMN35394400,CP126823.1,Enterobacter spp,0
SAMN35394399,CP126824.1,Enterobacter spp,4
SAMN35394399,CP126825.1,Enterobacter spp,0
SAMN35394399,CP126826.1,Enterobacter spp,0
SAMN35394397,CP126827.1,Enterobacter spp,4
SAMN35394397,CP126828.1,Enterobacter spp,0
SAMN35394397,CP126829.1,Enterobacter spp,0
SAMN35394397,CP126830.1,Enterobacter spp,0
SAMN35394396,CP126831.1,Enterobacter spp,2
SAMN35394396,CP126832.1,Enterobacter spp,0
SAMN35394396,CP126833.1,Enterobacter spp,0
SAMN35394394,CP126837.1,Enterobacter spp,2
SAMN35394394,CP126838.1,Enterobacter spp,0
SAMN35394394,CP126839.1,Enterobacter spp,0
SAMN35394394,CP126840.1,Enterobacter spp,0
SAMN35394388,CP126864.1,Enterobacter spp,4
SAMN35394388,CP126865.1,Enterobacter spp,0
SAMN35394388,CP126866.1,Enterobacter spp,0
SAMN35394388,CP126867.1,Enterobacter spp,0
SAMN35394388,CP126868.1,Enterobacter spp,0
SAMN35394383,CP126876.1,Enterobacter spp,6
SAMN35394383,CP126877.1,Enterobacter spp,0
SAMN28016853,CP126882.1,Citrobacter spp,0
SAMN28016853,CP126883.1,Citrobacter spp,0
SAMN35632517,CP127235.1,Klebsiella pneumoniae,6
SAMN35632517,CP127236.1,Klebsiella pneumoniae,0
SAMN35632517,CP127237.1,Klebsiella pneumoniae,0
SAMN35632517,CP127238.1,Klebsiella pneumoniae,0
SAMN35632517,CP127239.1,Klebsiella pneumoniae,0
SAMN35628878,CP127333.1,Enterococcus faecium,0
SAMN35628878,CP127334.1,Enterococcus faecium,0
SAMN35628878,CP127335.1,Enterococcus faecium,0
SAMN35628878,CP127336.1,Enterococcus faecium,0
SAMN35628878,CP127337.1,Enterococcus faecium,1
SAMN35326216,CP127387.1,Pseudomonas aeruginosa,1
SAMN35673526,CP127396.1,Enterococcus faecalis,0
SAMN35673526,CP127397.1,Enterococcus faecalis,1
SAMN35673526,CP127398.1,Enterococcus faecalis,0
SAMN35357735,CP128048.1,Klebsiella pneumoniae,0
SAMN35357735,CP128049.1,Klebsiella pneumoniae,0
SAMN35357735,CP128050.1,Klebsiella pneumoniae,0
SAMN35357735,CP128051.1,Klebsiella pneumoniae,5
SAMN35357728,CP128078.1,Klebsiella pneumoniae,5
SAMN35357728,CP128079.1,Klebsiella pneumoniae,0
SAMN35357728,CP128080.1,Klebsiella pneumoniae,0
SAMN35357728,CP128081.1,Klebsiella pneumoniae,0
SAMN35725530,CP128188.1,Enterococcus faecium,2
SAMN35725530,CP128189.1,Enterococcus faecium,0
SAMN35301134,CP128207.1,Citrobacter spp,6
SAMN35301134,CP128208.1,Citrobacter spp,0
SAMN35301134,CP128209.1,Citrobacter spp,0
SAMN35301134,CP128210.1,Citrobacter spp,0
SAMN35301134,CP128211.1,Citrobacter spp,0
SAMN35301134,CP128212.1,Citrobacter spp,0
SAMN35301134,CP128213.1,Citrobacter spp,0
SAMN35741046,CP128435.1,Morganella morganii,4
SAMN35741046,CP128436.1,Morganella morganii,0
SAMN35741046,CP128437.1,Morganella morganii,0
SAMN35741683,CP128461.1,Enterococcus faecalis,0
SAMN35741683,CP128462.1,Enterococcus faecalis,0
SAMN35741683,CP128463.1,Enterococcus faecalis,0
SAMN35741683,CP128464.1,Enterococcus faecalis,2
SAMN35880059,CP128605.1,Streptococcus agalactiae,2
SAMN35654454,CP128994.1,Enterococcus faecium,0
SAMN35654454,CP128995.1,Enterococcus faecium,2
SAMN35982747,CP129105.1,Helicobacter pylori,0
SAMN35779363,CP129185.1,Klebsiella pneumoniae,0
SAMN35779363,CP129186.1,Klebsiella pneumoniae,2
SAMN35779363,CP129187.1,Klebsiella pneumoniae,0
SAMN35779363,CP129188.1,Klebsiella pneumoniae,0
SAMN35779363,CP129189.1,Klebsiella pneumoniae,0
SAMN35779363,CP129190.1,Klebsiella pneumoniae,0
SAMN30847004,CP129206.1,Salmonella enterica,4
SAMN30847004,CP129207.1,Salmonella enterica,0
SAMN30847004,CP129208.1,Salmonella enterica,0
SAMN09836112,CP129221.1,Enterococcus faecium,1
SAMN09836112,CP129222.1,Enterococcus faecium,0
SAMN09836112,CP129223.1,Enterococcus faecium,0
SAMN09836112,CP129224.1,Enterococcus faecium,0
SAMN09836112,CP129225.1,Enterococcus faecium,0
SAMN09836112,CP129226.1,Enterococcus faecium,0
SAMN09836112,CP129227.1,Enterococcus faecium,0
SAMN09836112,CP129228.1,Enterococcus faecium,0
SAMN09836112,CP129229.1,Enterococcus faecium,0
SAMN09836112,CP129230.1,Enterococcus faecium,0
SAMN09836112,CP129231.1,Enterococcus faecium,0
SAMN09836112,CP129232.1,Enterococcus faecium,0
SAMN09836112,CP129233.1,Enterococcus faecium,0
SAMN09836112,CP129234.1,Enterococcus faecium,0
SAMN35822989,CP129250.1,Enterobacter spp,2
SAMN35822989,CP129251.1,Enterobacter spp,0
SAMN36269680,CP129338.1,Bacillus subtilis,5
SAMN33696748,CP129357.1,Staphylococcus aureus,2
SAMN33696748,CP129358.1,Staphylococcus aureus,0
SAMN33696748,CP129359.1,Staphylococcus aureus,0
SAMN09836114,CP129393.1,Enterococcus faecium,1
SAMN09836114,CP129394.1,Enterococcus faecium,0
SAMN09836114,CP129395.1,Enterococcus faecium,0
SAMN09836114,CP129397.1,Enterococcus faecium,0
SAMN09836114,CP129398.1,Enterococcus faecium,0
SAMN09836114,CP129399.1,Enterococcus faecium,0
SAMN36272282,CP129556.1,Staphylococcus aureus,1
SAMN36281295,CP129702.1,Klebsiella pneumoniae,1
SAMN36281295,CP129703.1,Klebsiella pneumoniae,0
SAMN36281295,CP129704.1,Klebsiella pneumoniae,0
SAMN36281327,CP129779.1,Klebsiella pneumoniae,6
SAMN36281327,CP129780.1,Klebsiella pneumoniae,0
SAMN36281327,CP129781.1,Klebsiella pneumoniae,0
SAMN36281327,CP129782.1,Klebsiella pneumoniae,0
SAMN36281327,CP129783.1,Klebsiella pneumoniae,0
SAMN35521427,CP129875.1,Streptococcus agalactiae,0
SAMN35521428,CP129876.1,Streptococcus agalactiae,0
SAMN35361195,CP130112.1,Salmonella enterica,6
SAMN35361195,CP130113.1,Salmonella enterica,0
SAMN35361195,CP130114.1,Salmonella enterica,0
SAMN35361194,CP130115.1,Salmonella enterica,6
SAMN35361194,CP130116.1,Salmonella enterica,0
SAMN35361194,CP130117.1,Salmonella enterica,0
SAMN35361192,CP130126.1,Salmonella enterica,6
SAMN35361192,CP130127.1,Salmonella enterica,0
SAMN35361192,CP130128.1,Salmonella enterica,0
SAMN35361192,CP130129.1,Salmonella enterica,0
SAMN36281293,CP130241.1,Klebsiella pneumoniae,6
SAMN36281293,CP130242.1,Klebsiella pneumoniae,0
SAMN36281293,CP130243.1,Klebsiella pneumoniae,0
SAMN36281293,CP130244.1,Klebsiella pneumoniae,0
SAMN36281293,CP130245.1,Klebsiella pneumoniae,0
SAMN36281293,CP130246.1,Klebsiella pneumoniae,0
SAMN36281293,CP130247.1,Klebsiella pneumoniae,0
SAMN36281293,CP130248.1,Klebsiella pneumoniae,0
SAMN36281293,CP130249.1,Klebsiella pneumoniae,0
SAMN36281293,CP130250.1,Klebsiella pneumoniae,0
SAMN36281293,CP130251.1,Klebsiella pneumoniae,0
SAMN36281293,CP130252.1,Klebsiella pneumoniae,0
SAMN36429678,CP130501.1,Staphylococcus aureus,1
SAMN36429660,CP130525.1,Staphylococcus aureus,3
SAMN36429654,CP130534.1,Staphylococcus aureus,1
SAMN36429654,CP130535.1,Staphylococcus aureus,0
SAMN36429652,CP130537.1,Staphylococcus aureus,1
SAMN36496546,CP130597.1,Bacillus subtilis,2
SAMN36468341,CP130605.1,Enterobacter spp,3
SAMN36468341,CP130606.1,Enterobacter spp,0
SAMN36468341,CP130607.1,Enterobacter spp,0
SAMN36398936,CP130621.1,Salmonella enterica,2
SAMN36398936,CP130622.1,Salmonella enterica,0
SAMN34043885,CP130623.1,Helicobacter pylori,0
SAMN34043894,CP130625.1,Helicobacter pylori,0
SAMN34043894,CP130626.1,Helicobacter pylori,0
SAMN21245944,CP130627.2,Acinetobacter baumannii,2
SAMN21245945,CP130628.2,Acinetobacter baumannii,2
SAMN36621066,CP130674.1,Klebsiella pneumoniae,1
SAMN36621066,CP130675.1,Klebsiella pneumoniae,0
SAMN36621066,CP130676.1,Klebsiella pneumoniae,0
SAMN36621066,CP130677.1,Klebsiella pneumoniae,0
SAMN36621066,CP130678.1,Klebsiella pneumoniae,0
SAMN36621066,CP130679.1,Klebsiella pneumoniae,0
SAMN36621066,CP130680.1,Klebsiella pneumoniae,0
SAMN32487326,CP130890.1,Neisseria spp,1
SAMN32487323,CP130893.1,Neisseria spp,1
SAMN32487322,CP130894.1,Neisseria spp,1
SAMN32487320,CP130896.1,Neisseria spp,1
SAMN32487319,CP130897.1,Neisseria spp,1
SAMN32487317,CP130899.1,Neisseria spp,1
SAMN36746752,CP131442.1,Campylobacter spp,1
SAMN36746752,CP131443.1,Campylobacter spp,0
SAMN36746751,CP131444.1,Campylobacter spp,0
SAMN36766267,CP131638.1,Neisseria spp,1
SAMN36766267,CP131639.1,Neisseria spp,0
SAMN36766267,CP131640.1,Neisseria spp,0
SAMN36766258,CP131665.1,Staphylococcus aureus,3
SAMN36766258,CP131666.1,Staphylococcus aureus,0
SAMN36766258,CP131667.1,Staphylococcus aureus,0
SAMN36766248,CP131706.1,Streptococcus pneumoniae,0
SAMN36766247,CP131707.1,Streptococcus pneumoniae,0
SAMN36766246,CP131708.1,Streptococcus pneumoniae,0
SAMN36766245,CP131709.1,Streptococcus pneumoniae,0
SAMN36766244,CP131710.1,Streptococcus pneumoniae,1
SAMN36766243,CP131711.1,Streptococcus pneumoniae,0
SAMN36766242,CP131712.1,Streptococcus pneumoniae,0
SAMN36766241,CP131713.1,Streptococcus pneumoniae,0
SAMN36766239,CP131715.1,Streptococcus pneumoniae,0
SAMN36766238,CP131716.1,Haemophilus influenzae,2
SAMN36766237,CP131717.1,Haemophilus influenzae,4
SAMN36766236,CP131718.1,Haemophilus influenzae,6
SAMN36766235,CP131719.1,Haemophilus influenzae,3
SAMN36766234,CP131720.1,Haemophilus influenzae,2
SAMN36766234,CP131721.1,Haemophilus influenzae,0
SAMN36766233,CP131722.1,Haemophilus influenzae,3
SAMN36766232,CP131723.1,Haemophilus influenzae,3
SAMN36766231,CP131724.1,Haemophilus influenzae,2
SAMN36766229,CP131726.1,Haemophilus influenzae,4
SAMN36766224,CP131746.1,Salmonella enterica,2
SAMN36766224,CP131747.1,Salmonella enterica,0
SAMN36766224,CP131748.1,Salmonella enterica,0
SAMN36766220,CP131760.1,Salmonella enterica,4
SAMN36766220,CP131761.1,Salmonella enterica,0
SAMN36766220,CP131762.1,Salmonella enterica,0
SAMN36766210,CP131785.1,Pseudomonas aeruginosa,3
SAMN36766210,CP131786.1,Pseudomonas aeruginosa,0
SAMN36766202,CP131818.1,Enterococcus faecium,1
SAMN36766202,CP131819.1,Enterococcus faecium,0
SAMN36766202,CP131820.1,Enterococcus faecium,0
SAMN36766202,CP131821.1,Enterococcus faecium,0
SAMN36766202,CP131822.1,Enterococcus faecium,0
SAMN36766202,CP131823.1,Enterococcus faecium,0
SAMN36766202,CP131824.1,Enterococcus faecium,0
SAMN36766200,CP131834.1,Enterococcus faecium,3
SAMN36766200,CP131835.1,Enterococcus faecium,0
SAMN36766200,CP131836.1,Enterococcus faecium,0
SAMN36766200,CP131837.1,Enterococcus faecium,0
SAMN36766200,CP131838.1,Enterococcus faecium,0
SAMN36766200,CP131839.1,Enterococcus faecium,0
SAMN36766200,CP131840.1,Enterococcus faecium,0
SAMN36766197,CP131856.1,Enterococcus faecium,3
SAMN36766197,CP131857.1,Enterococcus faecium,0
SAMN36766197,CP131858.1,Enterococcus faecium,0
SAMN36766197,CP131859.1,Enterococcus faecium,0
SAMN36766197,CP131860.1,Enterococcus faecium,0
SAMN36766188,CP131898.1,Acinetobacter baumannii,3
SAMN36766188,CP131899.1,Acinetobacter baumannii,0
SAMN36766188,CP131900.1,Acinetobacter baumannii,0
SAMN34213611,CP132024.1,Staphylococcus aureus,1
SAMN34213611,CP132025.1,Staphylococcus aureus,0
SAMN36815614,CP132180.1,Vibrio cholerae,0
SAMN36815614,CP132181.1,Vibrio cholerae,0
SAMN36815616,CP132182.1,Vibrio cholerae,0
SAMN36815616,CP132183.1,Vibrio cholerae,0
SAMN36815618,CP132187.1,Vibrio cholerae,0
SAMN36815618,CP132188.1,Vibrio cholerae,0
SAMN36815619,CP132189.1,Vibrio cholerae,0
SAMN36815619,CP132190.1,Vibrio cholerae,0
SAMN36865123,CP132197.1,Serratia spp,3
SAMN36865123,CP132198.1,Serratia spp,0
SAMN36865123,CP132199.1,Serratia spp,0
SAMN36830560,CP132290.1,Serratia spp,1
SAMN26796324,CP132300.1,Serratia spp,0
SAMN26796324,CP132301.1,Serratia spp,3
SAMN27992994,CP132322.1,Morganella morganii,0
SAMN27992994,CP132323.1,Morganella morganii,5
SAMN36911166,CP132361.1,Staphylococcus aureus,2
SAMN36908628,CP132377.1,Serratia spp,1
SAMN36844874,CP132491.1,Staphylococcus aureus,0
SAMN36950023,CP132554.1,Morganella morganii,3
SAMN36950023,CP132555.1,Morganella morganii,0
SAMN36950023,CP132556.1,Morganella morganii,0
SAMN36779405,CP132600.1,Morganella morganii,3
SAMN36779405,CP132601.1,Morganella morganii,0
SAMN36779405,CP132602.1,Morganella morganii,0
SAMN36071316,CP132603.1,Klebsiella pneumoniae,1
SAMN36071316,CP132604.1,Klebsiella pneumoniae,0
SAMN36071316,CP132605.1,Klebsiella pneumoniae,0
SAMN36071299,CP132664.1,Klebsiella pneumoniae,1
SAMN36071299,CP132665.1,Klebsiella pneumoniae,0
SAMN36071299,CP132666.1,Klebsiella pneumoniae,0
SAMN36071299,CP132667.1,Klebsiella pneumoniae,0
SAMN36071299,CP132668.1,Klebsiella pneumoniae,0
SAMN36071296,CP132673.1,Klebsiella pneumoniae,2
SAMN36071296,CP132674.1,Klebsiella pneumoniae,0
SAMN36779551,CP132746.1,Morganella morganii,2
SAMN34559500,CP132961.1,Klebsiella pneumoniae,2
SAMN34559500,CP132962.1,Klebsiella pneumoniae,0
SAMN34559500,CP132963.1,Klebsiella pneumoniae,0
SAMN36987402,CP133070.1,Acinetobacter baumannii,3
SAMN36987402,CP133071.1,Acinetobacter baumannii,0
SAMN37016252,CP133104.1,Vibrio cholerae,0
SAMN37016252,CP133105.1,Vibrio cholerae,0
SAMN36534145,CP133342.1,Enterobacter spp,3
SAMN36534145,CP133343.1,Enterobacter spp,0
SAMN36534145,CP133344.1,Enterobacter spp,0
SAMN36534145,CP133345.1,Enterobacter spp,0
SAMN37144361,CP133408.1,Enterobacter spp,0
SAMN37144361,CP133409.1,Enterobacter spp,1
SAMN36771594,CP133412.1,Bacillus subtilis,0
SAMN37160977,CP133442.1,Staphylococcus aureus,2
SAMN37160977,CP133443.1,Staphylococcus aureus,0
SAMN37160977,CP133444.1,Staphylococcus aureus,0
SAMN37162041,CP133449.1,Bacillus subtilis,0
SAMN36399245,CP133562.1,Enterobacter spp,1
SAMN36399245,CP133563.1,Enterobacter spp,0
SAMN36399245,CP133564.1,Enterobacter spp,0
SAMN13334506,CP133565.1,Salmonella enterica,2
SAMN13334506,CP133566.1,Salmonella enterica,0
SAMN13334506,CP133567.1,Salmonella enterica,0
SAMN37198867,CP133586.1,Serratia spp,2
SAMN37220582,CP133703.1,Bacillus subtilis,2
SAMN37220582,CP133704.1,Bacillus subtilis,0
SAMN37200065,CP133848.1,Citrobacter spp,0
SAMN37200065,CP133849.1,Citrobacter spp,0
SAMN37200065,CP133850.1,Citrobacter spp,0
SAMN37200065,CP133851.1,Citrobacter spp,0
SAMN37200065,CP133852.1,Citrobacter spp,6
SAMN37265074,CP134057.1,Vibrio cholerae,0
SAMN37265074,CP134058.1,Vibrio cholerae,0
SAMN37265074,CP134059.1,Vibrio cholerae,0
SAMN37265073,CP134060.1,Vibrio cholerae,0
SAMN37265073,CP134061.1,Vibrio cholerae,0
SAMN37286898,CP134202.1,Streptococcus agalactiae,1
SAMN37313677,CP134393.1,Helicobacter pylori,0
SAMN37313676,CP134394.1,Helicobacter pylori,0
SAMN37313675,CP134395.1,Helicobacter pylori,0
SAMN37313674,CP134396.1,Helicobacter pylori,0
SAMN37313673,CP134397.1,Helicobacter pylori,0
SAMN37234478,CP134534.1,Staphylococcus aureus,3
SAMN37234478,CP134535.1,Staphylococcus aureus,0
SAMN37368138,CP134540.1,Acinetobacter baumannii,2
SAMN37368138,CP134541.1,Acinetobacter baumannii,1
SAMN37368138,CP134542.1,Acinetobacter baumannii,0
SAMN37368138,CP134543.1,Acinetobacter baumannii,0
SAMN37368133,CP134550.1,Acinetobacter baumannii,5
SAMN37368133,CP134551.1,Acinetobacter baumannii,0
SAMN37368127,CP134561.1,Acinetobacter baumannii,0
SAMN37368127,CP134562.1,Acinetobacter baumannii,4
SAMN37368124,CP134566.1,Acinetobacter baumannii,2
SAMN37368124,CP134567.1,Acinetobacter baumannii,0
SAMN37368124,CP134568.1,Acinetobacter baumannii,0
SAMN37368124,CP134569.1,Acinetobacter baumannii,0
SAMN37368109,CP134599.1,Acinetobacter baumannii,3
SAMN37368109,CP134600.1,Acinetobacter baumannii,1
SAMN35326541,CP134688.1,Streptococcus agalactiae,1
SAMN35312073,CP134689.1,Streptococcus agalactiae,1
SAMN37356954,CP134699.1,Morganella morganii,7
SAMN37418113,CP134705.1,Enterobacter spp,1
SAMN37404386,CP135099.1,Pseudomonas aeruginosa,2
SAMN37404386,CP135100.1,Pseudomonas aeruginosa,0
SAMN35326212,CP135101.1,Streptococcus agalactiae,0
SAMN35326332,CP135102.1,Streptococcus agalactiae,0
SAMN35326345,CP135103.1,Streptococcus agalactiae,1
SAMN35326562,CP135104.1,Streptococcus agalactiae,1
SAMN37478061,CP135144.1,Morganella morganii,3
SAMN37478061,CP135145.1,Morganella morganii,0
SAMN37478061,CP135146.1,Morganella morganii,0
SAMN37493051,CP135175.1,Pseudomonas aeruginosa,3
SAMN37513143,CP135186.1,Klebsiella pneumoniae,0
SAMN37513143,CP135187.1,Klebsiella pneumoniae,0
SAMN37513143,CP135188.1,Klebsiella pneumoniae,0
SAMN37529183,CP135450.1,Citrobacter spp,3
SAMN37529183,CP135451.1,Citrobacter spp,0
SAMN37529183,CP135452.1,Citrobacter spp,0
SAMN37529183,CP135453.1,Citrobacter spp,0
SAMN37529179,CP135465.1,Citrobacter spp,4
SAMN37529179,CP135466.1,Citrobacter spp,0
SAMN37529179,CP135467.1,Citrobacter spp,0
SAMN37529179,CP135468.1,Citrobacter spp,0
SAMN37529178,CP135469.1,Citrobacter spp,5
SAMN37529178,CP135470.1,Citrobacter spp,0
SAMN37529178,CP135471.1,Citrobacter spp,0
SAMN37529178,CP135472.1,Citrobacter spp,0
SAMN37529178,CP135473.1,Citrobacter spp,0
SAMN37529178,CP135474.1,Citrobacter spp,0
SAMN37553760,CP135622.1,Citrobacter spp,6
SAMN37553760,CP135623.1,Citrobacter spp,0
SAMN37553760,CP135624.1,Citrobacter spp,0
SAMN37553760,CP135625.1,Citrobacter spp,0
SAMN06203722,CP135729.1,Haemophilus influenzae,5
SAMN06203716,CP135731.1,Haemophilus influenzae,3
SAMN06203715,CP135732.1,Haemophilus influenzae,3
SAMN06203712,CP135734.1,Haemophilus influenzae,3
SAMN06203709,CP135736.1,Haemophilus influenzae,1
SAMN06203708,CP135737.1,Haemophilus influenzae,2
SAMN06203707,CP135738.1,Haemophilus influenzae,2
SAMN06203704,CP135739.1,Haemophilus influenzae,1
SAMN06203701,CP135740.1,Haemophilus influenzae,3
SAMN06203700,CP135741.1,Haemophilus influenzae,3
SAMN06203698,CP135742.1,Haemophilus influenzae,2
SAMN06203697,CP135743.1,Haemophilus influenzae,2
SAMN06203695,CP135744.1,Haemophilus influenzae,3
SAMN06203694,CP135745.1,Haemophilus influenzae,3
SAMN06203692,CP135746.1,Haemophilus influenzae,4
SAMN06203690,CP135748.1,Haemophilus influenzae,1
SAMN06203689,CP135750.1,Haemophilus influenzae,1
SAMN06203687,CP135751.1,Haemophilus influenzae,5
SAMN06203684,CP135753.1,Haemophilus influenzae,1
SAMN06203680,CP135757.1,Haemophilus influenzae,1
SAMN06203678,CP135759.1,Haemophilus influenzae,1
SAMN06203676,CP135760.1,Haemophilus influenzae,1
SAMN06203668,CP135763.1,Haemophilus influenzae,3
SAMN06203667,CP135764.1,Haemophilus influenzae,2
SAMN06203666,CP135765.1,Haemophilus influenzae,3
SAMN06203665,CP135766.1,Haemophilus influenzae,1
SAMN06203664,CP135767.1,Haemophilus influenzae,1
SAMN06203663,CP135768.1,Haemophilus influenzae,0
SAMN06203661,CP135770.1,Haemophilus influenzae,4
SAMN06203660,CP135771.1,Haemophilus influenzae,4
SAMN06203659,CP135772.1,Haemophilus influenzae,0
SAMN06203657,CP135774.1,Haemophilus influenzae,3
SAMN06203654,CP135775.1,Haemophilus influenzae,3
SAMN06203652,CP135777.1,Haemophilus influenzae,5
SAMN06203649,CP135778.1,Haemophilus influenzae,3
SAMN06203647,CP135779.1,Haemophilus influenzae,0
SAMN06203645,CP135780.1,Haemophilus influenzae,0
SAMN06203642,CP135782.1,Haemophilus influenzae,0
SAMN06203592,CP135808.1,Haemophilus influenzae,4
SAMN06203589,CP135809.1,Haemophilus influenzae,6
SAMN06203588,CP135810.1,Haemophilus influenzae,1
SAMN06203587,CP135811.1,Haemophilus influenzae,3
SAMN06203582,CP135814.1,Haemophilus influenzae,0
SAMN06203581,CP135815.1,Haemophilus influenzae,0
SAMN06203579,CP135817.1,Haemophilus influenzae,1
SAMN06203578,CP135818.1,Haemophilus influenzae,1
SAMN06203575,CP135820.1,Haemophilus influenzae,2
SAMN06203572,CP135822.1,Haemophilus influenzae,2
SAMN06203571,CP135823.1,Haemophilus influenzae,2
SAMN06203569,CP135824.1,Haemophilus influenzae,1
SAMN06203563,CP135826.1,Haemophilus influenzae,3
SAMN06203562,CP135827.1,Haemophilus influenzae,3
SAMN06203560,CP135828.1,Haemophilus influenzae,0
SAMN06203555,CP135830.1,Haemophilus influenzae,2
SAMN06203548,CP135835.1,Haemophilus influenzae,0
SAMN06203546,CP135836.1,Haemophilus influenzae,1
SAMN06203543,CP135839.1,Haemophilus influenzae,2
SAMN06203542,CP135840.1,Haemophilus influenzae,2
SAMN06203538,CP135844.1,Haemophilus influenzae,1
SAMN06203537,CP135845.1,Haemophilus influenzae,1
SAMN06203534,CP135846.1,Haemophilus influenzae,2
SAMN06203533,CP135847.1,Haemophilus influenzae,2
SAMN06203530,CP135849.1,Haemophilus influenzae,2
SAMN06203528,CP135851.1,Haemophilus influenzae,1
SAMN06203527,CP135852.1,Haemophilus influenzae,1
SAMN06203525,CP135853.1,Haemophilus influenzae,4
SAMN06203675,CP135907.1,Haemophilus influenzae,1
SAMN06203634,CP135908.1,Haemophilus influenzae,0
SAMN06203624,CP135912.1,Haemophilus influenzae,3
SAMN37501216,CP136014.1,Pseudomonas aeruginosa,5
SAMN37501216,CP136015.1,Pseudomonas aeruginosa,0
SAMN37599210,CP136047.1,Citrobacter spp,6
SAMN37599210,CP136048.1,Citrobacter spp,0
SAMN37599210,CP136049.1,Citrobacter spp,0
SAMN37599210,CP136050.1,Citrobacter spp,0
SAMN36745161,CP136145.1,Salmonella enterica,2
SAMN37654782,CP136169.1,Acinetobacter baumannii,1
SAMN37654782,CP136170.1,Acinetobacter baumannii,0
SAMN37639060,CP136341.1,Enterococcus faecalis,3
SAMN37639060,CP136342.1,Enterococcus faecalis,0
SAMN37639060,CP136343.1,Enterococcus faecalis,0
SAMN37639060,CP136345.1,Enterococcus faecalis,0
SAMN37639061,CP136346.1,Enterococcus faecalis,2
SAMN37639061,CP136347.1,Enterococcus faecalis,0
SAMN37639061,CP136348.1,Enterococcus faecalis,0
SAMN37639061,CP136349.1,Enterococcus faecalis,0
SAMN37639061,CP136350.1,Enterococcus faecalis,0
SAMN37639062,CP136351.1,Enterococcus faecalis,2
SAMN37639062,CP136352.1,Enterococcus faecalis,0
SAMN37639065,CP136360.1,Enterococcus faecalis,0
SAMN37687441,CP136370.1,Enterococcus faecalis,2
SAMN37687441,CP136371.1,Enterococcus faecalis,0
SAMN37686922,CP136403.1,Enterococcus faecalis,5
SAMN37686922,CP136404.1,Enterococcus faecalis,0
SAMN37729294,CP136433.1,Proteus spp,4
SAMN37729294,CP136434.1,Proteus spp,0
SAMN37771133,CP136638.1,Campylobacter spp,1
SAMN37771133,CP136639.1,Campylobacter spp,0
SAMN37855267,CP136899.1,Streptococcus pneumoniae,0
SAMN37718901,CP136948.1,Streptococcus pyogenes,1
SAMN37718901,CP136949.1,Streptococcus pyogenes,0
SAMN37774623,CP136992.1,Bacillus subtilis,2
SAMN36429573,CP137063.1,Acinetobacter baumannii,0
SAMN36429573,CP137064.1,Acinetobacter baumannii,3
SAMN36429573,CP137065.1,Acinetobacter baumannii,0
SAMN36429572,CP137066.1,Acinetobacter baumannii,2
SAMN36429572,CP137067.1,Acinetobacter baumannii,0
SAMN36429572,CP137068.1,Acinetobacter baumannii,0
SAMN36429570,CP137069.1,Acinetobacter baumannii,3
SAMN36429570,CP137070.1,Acinetobacter baumannii,0
SAMN36429569,CP137071.1,Acinetobacter baumannii,2
SAMN36429569,CP137072.1,Acinetobacter baumannii,0
SAMN37867196,CP137081.1,Proteus spp,3
SAMN37867196,CP137082.1,Proteus spp,0
SAMN37867208,CP137083.1,Proteus spp,3
SAMN37867222,CP137084.1,Proteus spp,0
SAMN37867222,CP137085.1,Proteus spp,6
SAMN37867222,CP137086.1,Proteus spp,0
SAMN37867222,CP137087.1,Proteus spp,0
SAMN37852906,CP137091.1,Vibrio cholerae,0
SAMN37852906,CP137092.1,Vibrio cholerae,0
SAMN37865683,CP137099.1,Streptococcus pneumoniae,0
SAMN37865682,CP137100.1,Streptococcus pneumoniae,0
SAMN37865681,CP137101.1,Streptococcus pneumoniae,1
SAMN37865679,CP137103.1,Streptococcus pneumoniae,0
SAMN37865678,CP137104.1,Streptococcus pneumoniae,0
SAMN37865677,CP137105.1,Streptococcus pneumoniae,0
SAMN37865675,CP137107.1,Streptococcus pneumoniae,1
SAMN37865674,CP137108.1,Streptococcus pneumoniae,0
SAMN37865672,CP137110.1,Streptococcus pneumoniae,1
SAMN37865671,CP137111.1,Streptococcus pneumoniae,0
SAMN37865669,CP137113.1,Streptococcus pneumoniae,1
SAMN37878025,CP137116.1,Citrobacter spp,0
SAMN37878025,CP137117.1,Citrobacter spp,3
SAMN37878025,CP137118.1,Citrobacter spp,0
SAMN37878025,CP137119.1,Citrobacter spp,0
SAMN37878025,CP137120.1,Citrobacter spp,0
SAMN37878029,CP137121.1,Citrobacter spp,0
SAMN37878029,CP137122.1,Citrobacter spp,0
SAMN37878029,CP137123.1,Citrobacter spp,3
SAMN37878029,CP137124.1,Citrobacter spp,0
SAMN37878029,CP137125.1,Citrobacter spp,0
SAMN37878029,CP137126.1,Citrobacter spp,0
SAMN37878049,CP137127.1,Citrobacter spp,0
SAMN37878049,CP137128.1,Citrobacter spp,3
SAMN37878049,CP137129.1,Citrobacter spp,0
SAMN37878049,CP137130.1,Citrobacter spp,0
SAMN37878049,CP137131.1,Citrobacter spp,0
SAMN37878257,CP137132.1,Citrobacter spp,0
SAMN37878257,CP137133.1,Citrobacter spp,8
SAMN37879645,CP137135.1,Vibrio cholerae,0
SAMN37879645,CP137136.1,Vibrio cholerae,0
SAMN37926894,CP137140.1,Acinetobacter baumannii,4
SAMN37926894,CP137141.1,Acinetobacter baumannii,0
SAMN37932926,CP137173.1,Citrobacter spp,0
SAMN37932926,CP137174.1,Citrobacter spp,0
SAMN37932926,CP137175.1,Citrobacter spp,9
SAMN37932926,CP137176.1,Citrobacter spp,0
SAMN37932926,CP137177.1,Citrobacter spp,0
SAMN37932926,CP137178.1,Citrobacter spp,0
SAMN37933137,CP137179.1,Citrobacter spp,4
SAMN37933137,CP137180.1,Citrobacter spp,0
SAMN37933137,CP137181.1,Citrobacter spp,0
SAMN37933681,CP137182.1,Citrobacter spp,0
SAMN37933681,CP137183.1,Citrobacter spp,7
SAMN37933681,CP137184.1,Citrobacter spp,0
SAMN37933681,CP137185.1,Citrobacter spp,0
SAMN37933681,CP137186.1,Citrobacter spp,0
SAMN37933681,CP137187.1,Citrobacter spp,0
SAMN37933681,CP137188.1,Citrobacter spp,0
SAMN37933681,CP137189.1,Citrobacter spp,0
SAMN37933681,CP137190.1,Citrobacter spp,0
SAMN37933681,CP137191.1,Citrobacter spp,0
SAMN37933681,CP137192.1,Citrobacter spp,0
SAMN37933681,CP137193.1,Citrobacter spp,0
SAMN37934525,CP137194.1,Citrobacter spp,0
SAMN37934525,CP137195.1,Citrobacter spp,6
SAMN37934525,CP137196.1,Citrobacter spp,0
SAMN37934525,CP137197.1,Citrobacter spp,0
SAMN37934525,CP137198.1,Citrobacter spp,0
SAMN37935181,CP137199.1,Citrobacter spp,0
SAMN37935181,CP137200.1,Citrobacter spp,0
SAMN37935181,CP137201.1,Citrobacter spp,4
SAMN37935181,CP137202.1,Citrobacter spp,0
SAMN37934872,CP137203.1,Citrobacter spp,0
SAMN37934872,CP137204.1,Citrobacter spp,0
SAMN37935182,CP137205.1,Citrobacter spp,0
SAMN37935182,CP137206.1,Citrobacter spp,0
SAMN37935182,CP137207.1,Citrobacter spp,1
SAMN37935180,CP137214.1,Proteus spp,2
SAMN37935180,CP137215.1,Proteus spp,0
SAMN37935180,CP137216.1,Proteus spp,0
SAMN37935183,CP137217.1,Proteus spp,5
SAMN37935183,CP137218.1,Proteus spp,0
SAMN37935183,CP137219.1,Proteus spp,0
SAMN37935185,CP137220.1,Proteus spp,3
SAMN37935292,CP137221.1,Proteus spp,4
SAMN37935292,CP137222.1,Proteus spp,0
SAMN37935292,CP137223.1,Proteus spp,0
SAMN37935302,CP137224.1,Proteus spp,3
SAMN37935302,CP137225.1,Proteus spp,0
SAMN37935306,CP137226.1,Proteus spp,3
SAMN37935306,CP137227.1,Proteus spp,0
SAMN37935461,CP137228.1,Proteus spp,5
SAMN37935461,CP137229.1,Proteus spp,0
SAMN37935461,CP137230.1,Proteus spp,0
SAMN37935465,CP137231.1,Proteus spp,0
SAMN37935465,CP137232.1,Proteus spp,4
SAMN37935508,CP137233.1,Proteus spp,2
SAMN37935508,CP137234.1,Proteus spp,0
SAMN37935508,CP137235.1,Proteus spp,0
SAMN37935521,CP137236.1,Proteus spp,4
SAMN37935521,CP137237.1,Proteus spp,0
SAMN37936112,CP137238.1,Proteus spp,4
SAMN37936112,CP137239.1,Proteus spp,0
SAMN37919048,CP137335.1,Proteus spp,2
SAMN37919048,CP137336.1,Proteus spp,0
SAMN37919048,CP137337.1,Proteus spp,0
SAMN33190968,CP137459.1,Morganella morganii,6
SAMN33190968,CP137460.1,Morganella morganii,0
SAMN37977522,CP137465.1,Enterococcus faecium,0
SAMN37977522,CP137466.1,Enterococcus faecium,0
SAMN37977522,CP137467.1,Enterococcus faecium,0
SAMN37977554,CP137468.1,Enterococcus faecium,1
SAMN37977554,CP137469.1,Enterococcus faecium,0
SAMN37977554,CP137470.1,Enterococcus faecium,0
SAMN37977554,CP137471.1,Enterococcus faecium,0
SAMN37928634,CP137486.1,Pseudomonas aeruginosa,3
SAMN37928621,CP137514.1,Pseudomonas aeruginosa,2
SAMN37928621,CP137515.1,Pseudomonas aeruginosa,0
SAMN37928621,CP137516.1,Pseudomonas aeruginosa,0
SAMN37928619,CP137522.1,Pseudomonas aeruginosa,7
SAMN37928619,CP137523.1,Pseudomonas aeruginosa,0
SAMN37851752,CP137531.1,Neisseria spp,1
SAMN38026925,CP137687.1,Bacillus subtilis,1
SAMN37709339,CP137703.1,Citrobacter spp,3
SAMN37709339,CP137704.1,Citrobacter spp,0
SAMN37709338,CP137711.1,Bacillus subtilis,2
SAMN37709347,CP137715.1,Pseudomonas aeruginosa,1
SAMN37709340,CP137717.1,Citrobacter spp,3
SAMN37935197,CP137736.1,Proteus spp,3
SAMN38047953,CP138326.1,Pseudomonas aeruginosa,3
SAMN38152951,CP138339.1,Neisseria spp,1
SAMN38152951,CP138340.1,Neisseria spp,0
SAMN38152951,CP138341.1,Neisseria spp,0
SAMN38152950,CP138342.1,Neisseria spp,1
SAMN38152950,CP138343.1,Neisseria spp,0
SAMN38152950,CP138344.1,Neisseria spp,0
SAMN38156288,CP138367.1,Streptococcus agalactiae,1
SAMN38156297,CP138368.1,Streptococcus agalactiae,2
SAMN38156456,CP138369.1,Streptococcus agalactiae,1
SAMN38156594,CP138370.1,Streptococcus agalactiae,2
SAMN38157180,CP138371.1,Streptococcus agalactiae,1
SAMN23417368,CP138455.2,Staphylococcus aureus,2
SAMN23417368,CP138456.2,Staphylococcus aureus,0
SAMN23417368,CP138457.2,Staphylococcus aureus,0
SAMN37935422,CP138492.1,Proteus spp,3
SAMN37935422,CP138493.1,Proteus spp,0
SAMN34044671,CP138577.1,Pseudomonas aeruginosa,2
SAMN38203340,CP138641.1,Enterococcus faecalis,1
SAMN38203341,CP138642.1,Enterococcus faecalis,3
SAMN38203341,CP138645.1,Enterococcus faecalis,0
SAMN38203341,CP138646.1,Enterococcus faecalis,0
SAMN38203341,CP138647.1,Enterococcus faecalis,0
SAMN38203342,CP138648.1,Enterococcus faecalis,3
SAMN38203342,CP138649.1,Enterococcus faecalis,0
SAMN38203342,CP138650.1,Enterococcus faecalis,0
SAMN38203342,CP138651.1,Enterococcus faecalis,0
SAMN38203342,CP138652.1,Enterococcus faecalis,0
SAMN38203343,CP138653.1,Enterococcus faecalis,2
SAMN38203343,CP138654.1,Enterococcus faecalis,0
SAMN38203345,CP138658.1,Enterococcus faecalis,1
SAMN38203345,CP138659.1,Enterococcus faecalis,0
SAMN38170758,CP138666.1,Staphylococcus aureus,0
SAMN38203454,CP138862.1,Staphylococcus aureus,2
SAMN38203454,CP138863.1,Staphylococcus aureus,0
SAMN38345631,CP139204.1,Acinetobacter baumannii,1
SAMN38345631,CP139205.1,Acinetobacter baumannii,0
SAMN38345631,CP139206.1,Acinetobacter baumannii,0
SAMN38345631,CP139207.1,Acinetobacter baumannii,0
SAMN37486342,CP139333.1,Enterobacter spp,0
SAMN37486342,CP139334.1,Enterobacter spp,1
SAMN38392819,CP139424.1,Pseudomonas aeruginosa,4
SAMN38366970,CP139425.1,Serratia spp,6
SAMN38366970,CP139426.1,Serratia spp,0
SAMN38366970,CP139427.1,Serratia spp,0
SAMN38366970,CP139428.1,Serratia spp,0
SAMN38306392,CP139441.1,Morganella morganii,7
SAMN38306392,CP139442.1,Morganella morganii,0
SAMN38306392,CP139443.1,Morganella morganii,0
SAMN37931207,CP139745.1,Citrobacter spp,3
SAMN38635275,CP139826.1,Acinetobacter baumannii,0
SAMN38635275,CP139827.1,Acinetobacter baumannii,0
SAMN38635275,CP139828.1,Acinetobacter baumannii,0
SAMN38635275,CP139829.1,Acinetobacter baumannii,0
SAMN38635275,CP139830.1,Acinetobacter baumannii,0
SAMN38635275,CP139831.1,Acinetobacter baumannii,2
SAMN38635275,CP139832.1,Acinetobacter baumannii,0
SAMN38635275,CP139833.1,Acinetobacter baumannii,0
SAMN38635275,CP139834.1,Acinetobacter baumannii,0
SAMN38635275,CP139835.1,Acinetobacter baumannii,0
SAMN38610813,CP139849.1,Citrobacter spp,0
SAMN38610813,CP139850.1,Citrobacter spp,2
SAMN38610813,CP139851.1,Citrobacter spp,0
SAMN38610813,CP139852.1,Citrobacter spp,0
SAMN38608486,CP139860.1,Streptococcus pneumoniae,0
SAMN38608497,CP139861.1,Streptococcus pneumoniae,0
SAMN38608520,CP139862.1,Streptococcus pneumoniae,0
SAMN38608524,CP139863.1,Streptococcus pneumoniae,0
SAMN38562723,CP139958.1,Serratia spp,3
SAMN38562723,CP139959.1,Serratia spp,0
SAMN38562704,CP139988.1,Morganella morganii,5
SAMN38728242,CP140116.1,Streptococcus pyogenes,1
SAMN38755613,CP140123.1,Bacillus subtilis,4
SAMN38755613,CP140124.1,Bacillus subtilis,0
SAMN38755613,CP140125.1,Bacillus subtilis,0
SAMN38736024,CP140127.1,Proteus spp,1
SAMN37414731,CP140346.1,Campylobacter spp,0
SAMN37414731,CP140347.1,Campylobacter spp,0
SAMN37414731,CP140348.1,Campylobacter spp,0
SAMN37414731,CP140349.1,Campylobacter spp,0
SAMN37353822,CP140354.1,Campylobacter spp,0
SAMN37353822,CP140355.1,Campylobacter spp,0
SAMN37353822,CP140356.1,Campylobacter spp,0
SAMN37353822,CP140357.1,Campylobacter spp,0
SAMN37047109,CP140362.1,Campylobacter spp,0
SAMN37047109,CP140363.1,Campylobacter spp,0
SAMN37047109,CP140364.1,Campylobacter spp,0
SAMN37047109,CP140365.1,Campylobacter spp,0
SAMN36984220,CP140366.1,Campylobacter spp,0
SAMN36984220,CP140367.1,Campylobacter spp,0
SAMN36984220,CP140368.1,Campylobacter spp,0
SAMN36984220,CP140369.1,Campylobacter spp,0
SAMN37887032,CP140370.1,Campylobacter spp,0
SAMN37887032,CP140371.1,Campylobacter spp,0
SAMN37887032,CP140372.1,Campylobacter spp,0
SAMN37887032,CP140373.1,Campylobacter spp,0
SAMN37129247,CP140378.1,Campylobacter spp,0
SAMN37129247,CP140379.1,Campylobacter spp,0
SAMN37129247,CP140380.1,Campylobacter spp,0
SAMN37129247,CP140381.1,Campylobacter spp,0
SAMN37047108,CP140398.1,Campylobacter spp,0
SAMN37047108,CP140399.1,Campylobacter spp,0
SAMN37047108,CP140400.1,Campylobacter spp,0
SAMN37047108,CP140401.1,Campylobacter spp,0
SAMN36728752,CP140425.1,Enterobacter spp,4
SAMN36728752,CP140426.1,Enterobacter spp,0
SAMN36728752,CP140427.1,Enterobacter spp,0
SAMN36728752,CP140428.1,Enterobacter spp,0
SAMN36728752,CP140429.1,Enterobacter spp,0
SAMN36728752,CP140430.1,Enterobacter spp,0
SAMN37649568,CP140431.1,Pseudomonas aeruginosa,7
SAMN38122020,CP140436.1,Acinetobacter baumannii,0
SAMN38122020,CP140437.1,Acinetobacter baumannii,0
SAMN38122020,CP140438.1,Acinetobacter baumannii,2
SAMN38122020,CP140439.1,Acinetobacter baumannii,0
SAMN37442925,CP140441.1,Proteus spp,6
SAMN37442925,CP140442.1,Proteus spp,0
SAMN38122033,CP140498.1,Enterobacter spp,0
SAMN38646036,CP140515.1,Pseudomonas aeruginosa,5
SAMN38673182,CP141076.1,Enterococcus faecalis,3
SAMN38673182,CP141077.1,Enterococcus faecalis,0
SAMN38673174,CP141091.1,Enterococcus faecium,0
SAMN38673174,CP141092.1,Enterococcus faecium,3
SAMN37529178,CP141252.1,Citrobacter spp,0
SAMN37529178,CP141253.1,Citrobacter spp,0
SAMN38771721,CP141537.1,Enterobacter spp,5
SAMN38771721,CP141538.1,Enterobacter spp,0
SAMN38924147,CP141618.1,Neisseria spp,1
SAMN38924147,CP141619.1,Neisseria spp,0
SAMN38924146,CP141620.1,Neisseria spp,1
SAMN38924145,CP141621.1,Neisseria spp,1
SAMN38924145,CP141622.1,Neisseria spp,0
SAMN38924144,CP141623.1,Neisseria spp,1
SAMN38924143,CP141624.1,Neisseria spp,1
SAMN38983828,CP141645.1,Citrobacter spp,3
SAMN38983828,CP141646.1,Citrobacter spp,0
SAMN38983828,CP141647.1,Citrobacter spp,0
SAMN38983828,CP141648.1,Citrobacter spp,0
SAMN38983828,CP141649.1,Citrobacter spp,0
SAMN38983828,CP141650.1,Citrobacter spp,0
SAMN38983828,CP141651.1,Citrobacter spp,0
SAMN38983828,CP141652.1,Citrobacter spp,0
SAMN38983828,CP141653.1,Citrobacter spp,0
SAMN39085175,CP141683.1,Pseudomonas aeruginosa,2
SAMN39085175,CP141684.1,Pseudomonas aeruginosa,0
SAMN38516303,CP141754.1,Enterococcus faecalis,1
SAMN39105594,CP141773.1,Helicobacter pylori,0
SAMN39105596,CP141774.1,Helicobacter pylori,0
SAMN39214373,CP141835.1,Proteus spp,4
SAMN39214373,CP141836.1,Proteus spp,0
SAMN39200978,CP142014.1,Vibrio cholerae,0
SAMN39200978,CP142015.1,Vibrio cholerae,0
SAMN39321920,CP142060.1,Klebsiella pneumoniae,2
SAMN39321920,CP142061.1,Klebsiella pneumoniae,0
SAMN39321920,CP142062.1,Klebsiella pneumoniae,0
SAMN39290590,CP142089.1,Serratia spp,1
SAMN39290590,CP142090.1,Serratia spp,0
SAMN39290590,CP142091.1,Serratia spp,0
SAMN39326139,CP142100.1,Acinetobacter baumannii,1
SAMN38843092,CP142349.1,Streptococcus pyogenes,1
SAMN38843091,CP142350.1,Streptococcus pyogenes,1
SAMN38843090,CP142351.1,Streptococcus pyogenes,1
SAMN38843088,CP142353.1,Streptococcus pyogenes,1
SAMN38843086,CP142355.1,Streptococcus pyogenes,1
SAMN38843085,CP142356.1,Streptococcus pyogenes,1
SAMN38843083,CP142358.1,Streptococcus pyogenes,3
SAMN38739307,CP142374.1,Proteus spp,2
SAMN38736073,CP142376.1,Proteus spp,2
SAMN38736073,CP142377.1,Proteus spp,0
SAMN38865782,CP142393.1,Acinetobacter baumannii,2
SAMN39438757,CP142415.1,Enterococcus faecium,1
SAMN39438757,CP142416.1,Enterococcus faecium,0
SAMN39438757,CP142417.1,Enterococcus faecium,0
SAMN38411966,CP142808.1,Enterococcus faecalis,2
SAMN38411965,CP142809.1,Enterococcus faecalis,2
SAMN38411964,CP142810.1,Enterococcus faecalis,1
SAMN38411962,CP142815.1,Enterococcus faecalis,1
SAMN38286518,CP142818.1,Enterococcus faecalis,2
SAMN38286518,CP142819.1,Enterococcus faecalis,0
SAMN38286517,CP142820.1,Enterococcus faecalis,3
SAMN38286517,CP142821.1,Enterococcus faecalis,0
SAMN38286517,CP142822.1,Enterococcus faecalis,0
SAMN38286512,CP142833.1,Enterococcus faecalis,2
SAMN38286512,CP142834.1,Enterococcus faecalis,0
SAMN39484731,CP142853.1,Streptococcus agalactiae,3
SAMN39484455,CP142854.1,Streptococcus agalactiae,2
SAMN39326236,CP142895.1,Acinetobacter baumannii,3
SAMN39326236,CP142896.1,Acinetobacter baumannii,0
SAMN39326236,CP142897.1,Acinetobacter baumannii,0
SAMN39326236,CP142898.1,Acinetobacter baumannii,0
SAMN39499813,CP142899.1,Klebsiella pneumoniae,6
SAMN39499813,CP142900.1,Klebsiella pneumoniae,0
SAMN39499813,CP142901.1,Klebsiella pneumoniae,0
SAMN39499813,CP142902.1,Klebsiella pneumoniae,0
SAMN39499813,CP142903.1,Klebsiella pneumoniae,0
SAMN39499919,CP142904.1,Citrobacter spp,5
SAMN39499919,CP142905.1,Citrobacter spp,0
SAMN39499919,CP142906.1,Citrobacter spp,0
SAMN39499919,CP142908.1,Citrobacter spp,0
SAMN39499919,CP142909.1,Citrobacter spp,0
SAMN39483318,CP143101.1,Streptococcus agalactiae,2
SAMN39484138,CP143102.1,Streptococcus agalactiae,2
SAMN38182635,CP143341.1,Serratia spp,1
SAMN38182635,CP143342.1,Serratia spp,0
SAMN38182635,CP143343.1,Serratia spp,0
SAMN38646043,CP143346.1,Acinetobacter baumannii,2
SAMN38646043,CP143347.1,Acinetobacter baumannii,0
SAMN38788856,CP143353.1,Proteus spp,3
SAMN38788856,CP143354.1,Proteus spp,0
SAMN39634309,CP143583.1,Enterococcus faecalis,0
SAMN39634308,CP143584.1,Enterococcus faecalis,0
SAMN39634308,CP143585.1,Enterococcus faecalis,0
SAMN39634308,CP143586.1,Enterococcus faecalis,0
SAMN39634307,CP143587.1,Enterococcus faecalis,2
SAMN39634307,CP143588.1,Enterococcus faecalis,0
SAMN39551852,CP143682.1,Enterobacter spp,4
SAMN39551852,CP143683.1,Enterobacter spp,1
SAMN39551852,CP143684.1,Enterobacter spp,0
SAMN39551852,CP143685.1,Enterobacter spp,0
SAMN39551852,CP143686.1,Enterobacter spp,0
SAMN39551850,CP143688.1,Enterobacter spp,3
SAMN39551850,CP143689.1,Enterobacter spp,0
SAMN39551850,CP143690.1,Enterobacter spp,0
SAMN39551847,CP143699.1,Enterobacter spp,2
SAMN39551847,CP143700.1,Enterobacter spp,1
SAMN39551847,CP143701.1,Enterobacter spp,0
SAMN39551847,CP143702.1,Enterobacter spp,0
SAMN39551845,CP143703.1,Enterobacter spp,3
SAMN39551845,CP143704.1,Enterobacter spp,0
SAMN39551841,CP143712.1,Enterobacter spp,2
SAMN39551841,CP143713.1,Enterobacter spp,1
SAMN39551841,CP143714.1,Enterobacter spp,0
SAMN39551841,CP143715.1,Enterobacter spp,0
SAMN39551840,CP143716.1,Enterobacter spp,0
SAMN39551834,CP143733.1,Enterobacter spp,3
SAMN39551834,CP143734.1,Enterobacter spp,0
SAMN39551829,CP143741.1,Enterobacter spp,4
SAMN39551829,CP143742.1,Enterobacter spp,1
SAMN39551829,CP143743.1,Enterobacter spp,0
SAMN39551829,CP143744.1,Enterobacter spp,0
SAMN39551825,CP143749.1,Enterobacter spp,4
SAMN39551825,CP143750.1,Enterobacter spp,0
SAMN39551825,CP143751.1,Enterobacter spp,0
SAMN39551825,CP143752.1,Enterobacter spp,0
SAMN39551825,CP143753.1,Enterobacter spp,0
SAMN39551825,CP143754.1,Enterobacter spp,0
SAMN39551823,CP143756.1,Enterobacter spp,4
SAMN39551823,CP143757.1,Enterobacter spp,0
SAMN39551823,CP143758.1,Enterobacter spp,0
SAMN39551819,CP143767.1,Enterobacter spp,5
SAMN39551819,CP143768.1,Enterobacter spp,0
SAMN39551819,CP143769.1,Enterobacter spp,0
SAMN39551819,CP143770.1,Enterobacter spp,0
SAMN39669683,CP143901.1,Pseudomonas aeruginosa,1
SAMN39669681,CP143903.1,Pseudomonas aeruginosa,3
SAMN39669679,CP143906.1,Pseudomonas aeruginosa,5
SAMN39664788,CP143909.1,Klebsiella pneumoniae,3
SAMN39664788,CP143910.1,Klebsiella pneumoniae,0
SAMN39664788,CP143911.1,Klebsiella pneumoniae,0
SAMN39664788,CP143912.1,Klebsiella pneumoniae,0
SAMN39664788,CP143913.1,Klebsiella pneumoniae,0
SAMN39664788,CP143914.1,Klebsiella pneumoniae,0
SAMN36374916,CP144249.1,Acinetobacter baumannii,2
SAMN36374916,CP144250.1,Acinetobacter baumannii,0
SAMN36374916,CP144251.1,Acinetobacter baumannii,0
SAMN36374922,CP144255.1,Acinetobacter baumannii,4
SAMN36374922,CP144256.1,Acinetobacter baumannii,0
SAMN39141515,CP144269.1,Staphylococcus aureus,0
SAMN39141515,CP144270.1,Staphylococcus aureus,1
SAMN37287145,CP144272.1,Enterococcus faecium,0
SAMN37287145,CP144273.1,Enterococcus faecium,1
SAMN39743870,CP144280.1,Haemophilus influenzae,2
SAMN39861440,CP144669.1,Proteus spp,1
SAMN39434824,CP144716.1,Enterobacter spp,3
SAMN39434824,CP144717.1,Enterobacter spp,0
SAMN39435378,CP144725.1,Citrobacter spp,4
SAMN39435378,CP144727.1,Citrobacter spp,0
SAMN39435378,CP144728.1,Citrobacter spp,0
SAMN39435378,CP144729.1,Citrobacter spp,0
SAMN13382572,CP144979.1,Klebsiella pneumoniae,5
SAMN13382572,CP144980.1,Klebsiella pneumoniae,0
SAMN13382572,CP144981.1,Klebsiella pneumoniae,0
SAMN13382572,CP144982.1,Klebsiella pneumoniae,0
SAMN13382572,CP144983.1,Klebsiella pneumoniae,0
SAMN13382572,CP144984.1,Klebsiella pneumoniae,0
SAMN13382572,CP144985.1,Klebsiella pneumoniae,0
SAMN39556062,CP145015.1,Neisseria spp,1
SAMN39556062,CP145016.1,Neisseria spp,0
SAMN39556061,CP145017.1,Neisseria spp,1
SAMN39556061,CP145018.1,Neisseria spp,0
SAMN39556060,CP145019.1,Neisseria spp,1
SAMN39556060,CP145020.1,Neisseria spp,0
SAMN39556058,CP145024.1,Neisseria spp,1
SAMN39556058,CP145025.1,Neisseria spp,0
SAMN39556057,CP145026.1,Neisseria spp,1
SAMN39556057,CP145027.1,Neisseria spp,0
SAMN39556055,CP145032.1,Neisseria spp,1
SAMN39556055,CP145033.1,Neisseria spp,0
SAMN39556055,CP145034.1,Neisseria spp,0
SAMN39556054,CP145035.1,Neisseria spp,1
SAMN39556054,CP145036.1,Neisseria spp,0
SAMN39556052,CP145041.1,Neisseria spp,1
SAMN39556052,CP145042.1,Neisseria spp,0
SAMN39556052,CP145043.1,Neisseria spp,0
SAMN39556052,CP145044.1,Neisseria spp,0
SAMN39556051,CP145045.1,Neisseria spp,1
SAMN39556051,CP145046.1,Neisseria spp,0
SAMN39556051,CP145047.1,Neisseria spp,0
SAMN39556050,CP145048.1,Neisseria spp,1
SAMN39556050,CP145049.1,Neisseria spp,0
SAMN39556049,CP145050.1,Neisseria spp,1
SAMN39556049,CP145051.1,Neisseria spp,0
SAMN39556046,CP145057.1,Neisseria spp,1
SAMN39556046,CP145058.1,Neisseria spp,0
SAMN39556045,CP145059.1,Neisseria spp,1
SAMN39556045,CP145060.1,Neisseria spp,0
SAMN39556045,CP145061.1,Neisseria spp,0
SAMN39556041,CP145071.1,Neisseria spp,1
SAMN39556041,CP145072.1,Neisseria spp,0
SAMN39556041,CP145073.1,Neisseria spp,0
SAMN39556039,CP145077.1,Neisseria spp,1
SAMN39556039,CP145078.1,Neisseria spp,0
SAMN39556039,CP145079.1,Neisseria spp,0
SAMN39556038,CP145080.1,Neisseria spp,1
SAMN39556038,CP145081.1,Neisseria spp,0
SAMN39556038,CP145082.1,Neisseria spp,0
SAMN39556037,CP145083.1,Neisseria spp,1
SAMN39556037,CP145084.1,Neisseria spp,0
SAMN39556037,CP145085.1,Neisseria spp,0
SAMN39556036,CP145086.1,Neisseria spp,1
SAMN39556036,CP145087.1,Neisseria spp,0
SAMN39556035,CP145088.1,Neisseria spp,1
SAMN39556035,CP145089.1,Neisseria spp,0
SAMN39921799,CP145330.1,Klebsiella pneumoniae,4
SAMN39921799,CP145331.1,Klebsiella pneumoniae,0
SAMN39921799,CP145332.1,Klebsiella pneumoniae,0
SAMN39921799,CP145333.1,Klebsiella pneumoniae,0
SAMN39921794,CP145352.1,Klebsiella pneumoniae,4
SAMN39921794,CP145353.1,Klebsiella pneumoniae,0
SAMN39921794,CP145354.1,Klebsiella pneumoniae,0
SAMN21467761,CP145437.1,Streptococcus pneumoniae,0
SAMN39972476,CP145479.1,Proteus spp,2
SAMN39972476,CP145480.1,Proteus spp,0
SAMN39991974,CP145613.1,Pseudomonas aeruginosa,1
SAMN39831887,CP146693.1,Haemophilus influenzae,1
SAMN40243381,CP146887.1,Klebsiella pneumoniae,3
SAMN40126636,CP146909.1,Proteus spp,1
SAMN40026586,CP147221.1,Campylobacter spp,0
SAMN38637718,CP147506.1,Staphylococcus aureus,3
SAMN38637718,CP147507.1,Staphylococcus aureus,0
SAMN40123735,CP147521.1,Serratia spp,3
SAMN40123735,CP147522.1,Serratia spp,0
SAMN40123743,CP147538.1,Serratia spp,2
SAMN40123744,CP147539.1,Serratia spp,2
SAMN40123745,CP147540.1,Serratia spp,2
SAMN40123770,CP147591.1,Klebsiella pneumoniae,0
SAMN40123770,CP147592.1,Klebsiella pneumoniae,0
SAMN40123770,CP147593.1,Klebsiella pneumoniae,0
SAMN40123770,CP147594.1,Klebsiella pneumoniae,0
SAMN40123770,CP147595.1,Klebsiella pneumoniae,0
SAMN40123770,CP147596.1,Klebsiella pneumoniae,0
SAMN40123770,CP147597.1,Klebsiella pneumoniae,3
SAMN40123770,CP147598.1,Klebsiella pneumoniae,0
SAMN40299993,CP147644.1,Streptococcus pneumoniae,0
SAMN38637685,CP147688.1,Staphylococcus aureus,3
SAMN38637685,CP147689.1,Staphylococcus aureus,0
SAMN38637685,CP147690.1,Staphylococcus aureus,0
SAMN38637690,CP147691.1,Staphylococcus aureus,2
SAMN38637690,CP147692.1,Staphylococcus aureus,0
SAMN38637690,CP147693.1,Staphylococcus aureus,0
SAMN40377900,CP147726.1,Vibrio cholerae,0
SAMN40377900,CP147727.1,Vibrio cholerae,0
SAMN40233030,CP147731.1,Streptococcus agalactiae,2
SAMN40233034,CP147733.1,Streptococcus agalactiae,0
SAMN40298358,CP147877.1,Bacillus subtilis,2
SAMN40423850,CP147908.1,Streptococcus pyogenes,2
SAMN40355573,CP147991.1,Serratia spp,2
SAMN32967354,CP148005.1,Enterobacter spp,0
SAMN32967354,CP148006.1,Enterobacter spp,0
SAMN32967354,CP148007.1,Enterobacter spp,0
SAMN32967354,CP148008.1,Enterobacter spp,0
SAMN32967352,CP148011.1,Enterobacter spp,3
SAMN32967352,CP148012.1,Enterobacter spp,0
SAMN32967352,CP148013.1,Enterobacter spp,0
SAMN32967352,CP148014.1,Enterobacter spp,0
SAMN40447594,CP148043.1,Morganella morganii,4
SAMN40447594,CP148044.1,Morganella morganii,0
SAMN40447594,CP148045.1,Morganella morganii,0
SAMN40447594,CP148046.1,Morganella morganii,0
SAMN40375179,CP148054.1,Enterococcus faecalis,0
SAMN40375179,CP148055.1,Enterococcus faecalis,2
SAMN38637735,CP148079.1,Staphylococcus aureus,3
SAMN38637735,CP148080.1,Staphylococcus aureus,0
SAMN40299995,CP148099.1,Streptococcus pneumoniae,0
SAMN40299995,CP148100.1,Streptococcus pneumoniae,0
SAMN40298361,CP148103.1,Bacillus subtilis,2
SAMN40298357,CP148104.1,Bacillus subtilis,2
SAMN40298366,CP148112.1,Bacillus subtilis,2
SAMN40298366,CP148113.1,Bacillus subtilis,0
SAMN40298371,CP148117.1,Bacillus subtilis,2
SAMN40298371,CP148118.1,Bacillus subtilis,0
SAMN40298368,CP148120.1,Bacillus subtilis,2
SAMN40298368,CP148121.1,Bacillus subtilis,0
SAMN35709918,CP148134.1,Proteus spp,3
SAMN35709918,CP148135.1,Proteus spp,0
SAMN35709919,CP148136.1,Proteus spp,4
SAMN35709919,CP148137.1,Proteus spp,0
SAMN37689403,CP148138.1,Proteus spp,3
SAMN37689403,CP148139.1,Proteus spp,0
SAMN37689402,CP148140.1,Proteus spp,4
SAMN37689402,CP148141.1,Proteus spp,0
SAMN37689398,CP148142.1,Proteus spp,2
SAMN37689395,CP148143.1,Proteus spp,3
SAMN40441439,CP148147.1,Campylobacter spp,0
SAMN40441433,CP148154.1,Campylobacter spp,1
SAMN40441432,CP148155.1,Campylobacter spp,1
SAMN40441431,CP148156.1,Campylobacter spp,0
SAMN40441429,CP148157.1,Campylobacter spp,1
SAMN40441417,CP148167.1,Campylobacter spp,0
SAMN40441415,CP148170.1,Campylobacter spp,0
SAMN40441415,CP148171.1,Campylobacter spp,0
SAMN40441413,CP148173.1,Campylobacter spp,0
SAMN40441410,CP148175.1,Campylobacter spp,0
SAMN40441395,CP148184.1,Campylobacter spp,0
SAMN40441391,CP148190.1,Campylobacter spp,0
SAMN40441384,CP148201.1,Campylobacter spp,2
SAMN40441384,CP148202.1,Campylobacter spp,0
SAMN40441383,CP148203.1,Campylobacter spp,3
SAMN40441379,CP148209.1,Campylobacter spp,2
SAMN40441377,CP148210.1,Campylobacter spp,2
SAMN40441377,CP148211.1,Campylobacter spp,0
SAMN40441377,CP148212.1,Campylobacter spp,0
SAMN40441370,CP148220.1,Campylobacter spp,0
SAMN40441367,CP148223.1,Campylobacter spp,0
SAMN40441364,CP148226.1,Campylobacter spp,0
SAMN40441360,CP148230.1,Campylobacter spp,1
SAMN40441359,CP148231.1,Campylobacter spp,1
SAMN40441356,CP148234.1,Campylobacter spp,0
SAMN40441356,CP148235.1,Campylobacter spp,0
SAMN40441355,CP148236.1,Campylobacter spp,0
SAMN40441355,CP148237.1,Campylobacter spp,0
SAMN40441353,CP148240.1,Campylobacter spp,1
SAMN40441353,CP148241.1,Campylobacter spp,0
SAMN40441352,CP148242.1,Campylobacter spp,1
SAMN40441352,CP148243.1,Campylobacter spp,0
SAMN40441352,CP148244.1,Campylobacter spp,0
SAMN40441352,CP148245.1,Campylobacter spp,0
SAMN40441352,CP148246.1,Campylobacter spp,0
SAMN40441352,CP148247.1,Campylobacter spp,0
SAMN40441351,CP148248.1,Campylobacter spp,1
SAMN40441351,CP148249.1,Campylobacter spp,0
SAMN40441344,CP148258.1,Campylobacter spp,0
SAMN40441341,CP148261.1,Campylobacter spp,2
SAMN40441339,CP148263.1,Campylobacter spp,0
SAMN40441338,CP148264.1,Campylobacter spp,0
SAMN40424070,CP148797.1,Salmonella enterica,4
SAMN40424070,CP148798.1,Salmonella enterica,0
SAMN40424070,CP148799.1,Salmonella enterica,0
SAMN40424070,CP148800.1,Salmonella enterica,0
SAMN40424055,CP148846.1,Salmonella enterica,4
SAMN40424055,CP148847.1,Salmonella enterica,0
SAMN40424055,CP148848.1,Salmonella enterica,0
SAMN40424055,CP148849.1,Salmonella enterica,0
SAMN40299924,CP148890.1,Haemophilus influenzae,2
SAMN40299922,CP148892.1,Haemophilus influenzae,2
SAMN40299920,CP148894.1,Haemophilus influenzae,2
SAMN40299919,CP148895.1,Haemophilus influenzae,2
SAMN40298374,CP149135.1,Citrobacter spp,3
SAMN40440232,CP149192.1,Salmonella enterica,6
SAMN40440232,CP149193.1,Salmonella enterica,0
SAMN40440211,CP149246.1,Salmonella enterica,6
SAMN40440211,CP149247.1,Salmonella enterica,0
SAMN40440211,CP149248.1,Salmonella enterica,0
SAMN40440211,CP149249.1,Salmonella enterica,0
SAMN40440211,CP149250.1,Salmonella enterica,0
SAMN40440211,CP149251.1,Salmonella enterica,0
SAMN40439951,CP149365.1,Salmonella enterica,6
SAMN40439951,CP149366.1,Salmonella enterica,0
SAMN40439951,CP149367.1,Salmonella enterica,0
SAMN40439943,CP149385.1,Salmonella enterica,6
SAMN40439943,CP149386.1,Salmonella enterica,0
SAMN40439943,CP149387.1,Salmonella enterica,0
SAMN40439940,CP149394.1,Salmonella enterica,6
SAMN40439940,CP149395.1,Salmonella enterica,0
SAMN40439940,CP149396.1,Salmonella enterica,0
SAMN40439939,CP149397.1,Salmonella enterica,6
SAMN40439939,CP149398.1,Salmonella enterica,0
SAMN40439939,CP149399.1,Salmonella enterica,0
SAMN40439937,CP149403.1,Salmonella enterica,5
SAMN40439937,CP149404.1,Salmonella enterica,0
SAMN40439937,CP149405.1,Salmonella enterica,0
SAMN40439948,CP149418.1,Salmonella enterica,6
SAMN40439948,CP149419.1,Salmonella enterica,0
SAMN40439948,CP149420.1,Salmonella enterica,0
SAMN40453081,CP149486.1,Streptococcus pyogenes,0
SAMN38321309,CP149507.1,Salmonella enterica,4
SAMN38321309,CP149508.1,Salmonella enterica,0
SAMN40298372,CP149576.1,Bacillus subtilis,2
SAMN40298372,CP149577.1,Bacillus subtilis,0
SAMN38637701,CP149807.1,Staphylococcus aureus,3
SAMN38637701,CP149808.1,Staphylococcus aureus,0
SAMN38637701,CP149809.1,Staphylococcus aureus,0
SAMN40589551,CP149976.1,Morganella morganii,0
SAMN40589551,CP149977.1,Morganella morganii,0
SAMN40589551,CP149978.1,Morganella morganii,6
SAMN40589560,CP149979.1,Morganella morganii,5
SAMN40589560,CP149980.1,Morganella morganii,0
SAMN40589560,CP149981.1,Morganella morganii,0
SAMN40589560,CP149982.1,Morganella morganii,0
SAMN40589627,CP149983.1,Morganella morganii,0
SAMN40589627,CP149984.1,Morganella morganii,6
SAMN40589632,CP149985.1,Morganella morganii,5
SAMN40589632,CP149986.1,Morganella morganii,0
SAMN40589632,CP149987.1,Morganella morganii,0
SAMN40589643,CP149988.1,Morganella morganii,4
SAMN40589643,CP149989.1,Morganella morganii,0
SAMN40589643,CP149990.1,Morganella morganii,0
SAMN40589652,CP149991.1,Morganella morganii,7
SAMN40589652,CP149992.1,Morganella morganii,0
SAMN40589652,CP149993.1,Morganella morganii,0
SAMN39998258,CP150016.1,Serratia spp,3
SAMN40557412,CP150497.1,Salmonella enterica,0
SAMN40557412,CP150498.1,Salmonella enterica,4
SAMN40453084,CP150622.1,Citrobacter spp,6
SAMN40453084,CP150624.1,Citrobacter spp,0
SAMN40453084,CP150625.1,Citrobacter spp,0
SAMN40453084,CP150626.1,Citrobacter spp,0
SAMN40453084,CP150627.1,Citrobacter spp,0
SAMN38637794,CP150657.1,Staphylococcus aureus,3
SAMN38637794,CP150658.1,Staphylococcus aureus,0
SAMN38637794,CP150659.1,Staphylococcus aureus,0
SAMN40573507,CP150712.1,Morganella morganii,3
SAMN40573534,CP150713.1,Morganella morganii,3
SAMN40573509,CP150714.1,Morganella morganii,4
SAMN40573508,CP150715.1,Morganella morganii,5
SAMN40573506,CP150716.1,Morganella morganii,9
SAMN40573478,CP150717.1,Morganella morganii,3
SAMN40554552,CP150737.1,Staphylococcus aureus,1
SAMN40554552,CP150738.1,Staphylococcus aureus,0
SAMN40554533,CP150771.1,Staphylococcus aureus,1
SAMN40554533,CP150772.1,Staphylococcus aureus,0
SAMN40554529,CP150779.1,Staphylococcus aureus,1
SAMN40554529,CP150780.1,Staphylococcus aureus,0
SAMN40554528,CP150781.1,Staphylococcus aureus,2
SAMN40554528,CP150782.1,Staphylococcus aureus,0
SAMN40554526,CP150783.1,Staphylococcus aureus,1
SAMN40554526,CP150784.1,Staphylococcus aureus,0
SAMN40554526,CP150785.1,Staphylococcus aureus,0
SAMN40712275,CP150854.1,Klebsiella pneumoniae,3
SAMN40712275,CP150855.1,Klebsiella pneumoniae,0
SAMN40712275,CP150856.1,Klebsiella pneumoniae,0
SAMN23449392,CP151202.1,Citrobacter spp,9
SAMN23449392,CP151203.1,Citrobacter spp,1
SAMN23449392,CP151204.1,Citrobacter spp,0
SAMN23449392,CP151205.1,Citrobacter spp,0
SAMN23449392,CP151206.1,Citrobacter spp,0
SAMN23449392,CP151207.1,Citrobacter spp,0
SAMN23449392,CP151208.1,Citrobacter spp,0
SAMN40867383,CP151209.1,Enterococcus faecalis,1
SAMN40867383,CP151210.1,Enterococcus faecalis,0
SAMN40867415,CP151211.1,Enterococcus faecalis,1
SAMN40867415,CP151212.1,Enterococcus faecalis,0
SAMN39935063,CP151436.1,Streptococcus pyogenes,1
SAMN39935046,CP151437.1,Streptococcus pyogenes,1
SAMN39935038,CP151439.1,Streptococcus pyogenes,1
SAMN39934990,CP151440.1,Streptococcus pyogenes,1
SAMN39934815,CP151442.1,Streptococcus pyogenes,1
SAMN39934811,CP151445.1,Streptococcus pyogenes,1
SAMN39934810,CP151446.1,Streptococcus pyogenes,1
SAMN39934809,CP151447.1,Streptococcus pyogenes,1
SAMN39934808,CP151448.1,Streptococcus pyogenes,1
SAMN39934807,CP151449.1,Streptococcus pyogenes,1
SAMN39934805,CP151451.1,Streptococcus pyogenes,1
SAMN39934804,CP151452.1,Streptococcus pyogenes,1
SAMN39934801,CP151455.1,Streptococcus pyogenes,1
SAMN39934789,CP151463.1,Streptococcus pyogenes,1
SAMN39934787,CP151465.1,Streptococcus pyogenes,1
SAMN39934957,CP151466.1,Streptococcus pyogenes,1
SAMN39934925,CP151468.1,Streptococcus pyogenes,1
SAMN39934924,CP151469.1,Streptococcus pyogenes,1
SAMN39934795,CP151476.1,Streptococcus pyogenes,1
SAMN39934813,CP151478.1,Streptococcus pyogenes,1
SAMN39934790,CP151479.1,Streptococcus pyogenes,1
SAMN40937331,CP151543.1,Pseudomonas aeruginosa,2
SAMN40937331,CP151544.1,Pseudomonas aeruginosa,0
SAMN40937331,CP151545.1,Pseudomonas aeruginosa,0
SAMN40937331,CP151546.1,Pseudomonas aeruginosa,0
SAMN40937331,CP151547.1,Pseudomonas aeruginosa,0
SAMN37689401,CP151672.1,Proteus spp,3
SAMN37689401,CP151673.1,Proteus spp,0
SAMN37689401,CP151674.1,Proteus spp,0
SAMN37689401,CP151675.1,Proteus spp,0
SAMN37689396,CP151676.1,Proteus spp,7
SAMN37689396,CP151677.1,Proteus spp,0
SAMN37689396,CP151678.1,Proteus spp,0
SAMN40979683,CP151685.1,Bacillus subtilis,2
SAMN40971050,CP151692.1,Acinetobacter baumannii,2
SAMN40971050,CP151693.1,Acinetobacter baumannii,0
SAMN40971046,CP151699.1,Acinetobacter baumannii,3
SAMN40971045,CP151700.1,Acinetobacter baumannii,2
SAMN40971045,CP151701.1,Acinetobacter baumannii,0
SAMN40971043,CP151704.1,Acinetobacter baumannii,3
SAMN39934783,CP151848.1,Streptococcus pyogenes,1
SAMN39934779,CP151852.1,Streptococcus pyogenes,1
SAMN39934778,CP151853.1,Streptococcus pyogenes,1
SAMN39934775,CP151856.1,Streptococcus pyogenes,1
SAMN39934774,CP151857.1,Streptococcus pyogenes,1
SAMN39934773,CP151858.1,Streptococcus pyogenes,1
SAMN39934772,CP151859.1,Streptococcus pyogenes,1
SAMN40574029,CP151860.1,Citrobacter spp,6
SAMN40574029,CP151861.1,Citrobacter spp,0
SAMN40574029,CP151863.1,Citrobacter spp,0
SAMN40574029,CP151864.1,Citrobacter spp,0
SAMN40574029,CP151865.1,Citrobacter spp,0
SAMN40574029,CP151866.1,Citrobacter spp,0
SAMN40456655,CP152070.1,Vibrio cholerae,0
SAMN40456655,CP152071.1,Vibrio cholerae,0
SAMN41003026,CP152080.1,Proteus spp,5
SAMN41003026,CP152081.1,Proteus spp,0
SAMN41018411,CP152331.1,Klebsiella pneumoniae,0
SAMN41018411,CP152332.1,Klebsiella pneumoniae,0
SAMN41018411,CP152333.1,Klebsiella pneumoniae,0
SAMN40869620,CP152362.1,Bacillus subtilis,2
SAMN40257061,CP152374.1,Proteus spp,3
SAMN41075591,CP152447.1,Klebsiella pneumoniae,5
SAMN41075591,CP152448.1,Klebsiella pneumoniae,0
SAMN41075591,CP152449.1,Klebsiella pneumoniae,0
SAMN41075591,CP152450.1,Klebsiella pneumoniae,0
SAMN41075591,CP152451.1,Klebsiella pneumoniae,0
SAMN41075591,CP152452.1,Klebsiella pneumoniae,0
SAMN28626224,CP153667.1,Klebsiella pneumoniae,3
SAMN28626224,CP153668.1,Klebsiella pneumoniae,0
SAMN28626224,CP153669.1,Klebsiella pneumoniae,0
SAMN32676116,CP153689.1,Klebsiella pneumoniae,5
SAMN41076127,CP154297.1,Klebsiella pneumoniae,5
SAMN41076127,CP154298.1,Klebsiella pneumoniae,0
SAMN41076127,CP154299.1,Klebsiella pneumoniae,0
SAMN41076127,CP154300.1,Klebsiella pneumoniae,0
SAMN41106943,CP154418.1,Klebsiella pneumoniae,6
SAMN41106943,CP154419.1,Klebsiella pneumoniae,0
SAMN41106943,CP154420.1,Klebsiella pneumoniae,0
SAMN41106943,CP154421.1,Klebsiella pneumoniae,0
SAMN41106943,CP154422.1,Klebsiella pneumoniae,0
SAMN41106960,CP154490.1,Klebsiella pneumoniae,4
SAMN41106960,CP154491.1,Klebsiella pneumoniae,0
SAMN41106960,CP154492.1,Klebsiella pneumoniae,0
SAMN41106960,CP154493.1,Klebsiella pneumoniae,0
SAMN41129895,CP154587.1,Citrobacter spp,3
SAMN41129895,CP154588.1,Citrobacter spp,0
SAMN41129895,CP154589.1,Citrobacter spp,0
SAMN41129895,CP154590.1,Citrobacter spp,0
SAMN41129895,CP154591.1,Citrobacter spp,0
SAMN41129895,CP154592.1,Citrobacter spp,0
SAMN41129895,CP154593.1,Citrobacter spp,0
SAMN41129895,CP154594.1,Citrobacter spp,0
SAMN37689400,CP154800.1,Proteus spp,1
SAMN37689399,CP154801.1,Proteus spp,3
SAMN37689394,CP154802.1,Proteus spp,3
SAMN40441427,CP154829.1,Campylobacter spp,1
SAMN40441427,CP154830.1,Campylobacter spp,0
SAMN41043047,CP154876.1,Streptococcus pneumoniae,0
SAMN39511943,CP154917.1,Bacillus subtilis,0
SAMN39511943,CP154918.1,Bacillus subtilis,6
SAMN39511943,CP154919.1,Bacillus subtilis,0
SAMN41219942,CP155122.1,Citrobacter spp,5
SAMN41219942,CP155123.1,Citrobacter spp,0
SAMN40443483,CP155476.1,Acinetobacter baumannii,2
SAMN40443483,CP155477.1,Acinetobacter baumannii,0
SAMN40443483,CP155478.1,Acinetobacter baumannii,0
SAMN40443483,CP155479.1,Acinetobacter baumannii,0
SAMN40443483,CP155480.1,Acinetobacter baumannii,0
SAMN41056424,CP155531.1,Streptococcus pneumoniae,0
SAMN41056425,CP155532.1,Streptococcus pneumoniae,0
SAMN41056431,CP155534.1,Streptococcus pneumoniae,1
SAMN41056432,CP155535.1,Streptococcus pneumoniae,0
SAMN41056433,CP155536.1,Streptococcus pneumoniae,1
SAMN41056436,CP155537.1,Streptococcus pneumoniae,0
SAMN40894869,CP155734.1,Streptococcus pyogenes,3
SAMN40894840,CP155735.1,Streptococcus pyogenes,1
SAMN40894769,CP155738.1,Streptococcus pyogenes,2
SAMN40894768,CP155739.1,Streptococcus pyogenes,2
SAMN40894736,CP155740.1,Streptococcus pyogenes,1
SAMN41378189,CP155794.1,Proteus spp,2
SAMN41378784,CP155795.1,Bacillus subtilis,3
SAMN41318539,CP155816.1,Staphylococcus aureus,3
SAMN41381714,CP156022.1,Enterococcus faecalis,2
SAMN41381714,CP156023.1,Enterococcus faecalis,0
SAMN41381714,CP156024.1,Enterococcus faecalis,0
SAMN41056427,CP156625.1,Streptococcus pneumoniae,1
SAMN40921363,CP156930.1,Pseudomonas aeruginosa,0
SAMN40921372,CP156937.1,Enterobacter spp,0
SAMN40921372,CP156938.1,Enterobacter spp,0
SAMN40921372,CP156939.1,Enterobacter spp,4
SAMN40921372,CP156940.1,Enterobacter spp,0
SAMN41399002,CP156990.1,Bacillus subtilis,4
SAMN41399002,CP156991.1,Bacillus subtilis,0
SAMN41399002,CP156992.1,Bacillus subtilis,0
SAMN41483274,CP157071.1,Enterobacter spp,0
SAMN41483274,CP157072.1,Enterobacter spp,4
SAMN41494447,CP157084.1,Bacillus subtilis,2
SAMN41494448,CP157214.1,Bacillus subtilis,2
SAMN41494448,CP157215.1,Bacillus subtilis,0
SAMN41020284,CP157229.1,Klebsiella pneumoniae,0
SAMN41020284,CP157230.1,Klebsiella pneumoniae,0
SAMN40921371,CP157252.1,Acinetobacter baumannii,2
SAMN40921371,CP157253.1,Acinetobacter baumannii,0
SAMN40921371,CP157254.1,Acinetobacter baumannii,0
SAMN38637672,CP157301.1,Staphylococcus aureus,1
SAMN38637668,CP157310.1,Staphylococcus aureus,3
SAMN38637668,CP157311.1,Staphylococcus aureus,0
SAMN38637668,CP157312.1,Staphylococcus aureus,0
SAMN38637668,CP157313.1,Staphylococcus aureus,0
SAMN41094957,CP157332.1,Enterobacter spp,1
SAMN41094957,CP157333.1,Enterobacter spp,0
SAMN41094957,CP157334.1,Enterobacter spp,0
SAMN41094845,CP157344.1,Acinetobacter baumannii,1
SAMN41094845,CP157345.1,Acinetobacter baumannii,0
SAMN41299324,CP157384.1,Vibrio cholerae,0
SAMN41299324,CP157385.1,Vibrio cholerae,0
SAMN41020282,CP157480.1,Acinetobacter baumannii,3
SAMN41020282,CP157481.1,Acinetobacter baumannii,0
SAMN41020282,CP157482.1,Acinetobacter baumannii,0
SAMN41551933,CP157581.1,Pseudomonas aeruginosa,4
SAMN40990104,CP157724.1,Streptococcus agalactiae,1
SAMN40990103,CP157725.1,Streptococcus agalactiae,1
SAMN40990102,CP157726.1,Streptococcus agalactiae,1
SAMN40990101,CP157727.1,Streptococcus agalactiae,1
SAMN40947428,CP157728.1,Streptococcus agalactiae,1
SAMN41638874,CP157738.1,Klebsiella pneumoniae,3
SAMN41638874,CP157739.1,Klebsiella pneumoniae,0
SAMN41638874,CP157740.1,Klebsiella pneumoniae,0
SAMN41638874,CP157741.1,Klebsiella pneumoniae,0
SAMN41020283,CP157756.1,Enterobacter spp,5
SAMN41020283,CP157757.1,Enterobacter spp,1
SAMN41020283,CP157758.1,Enterobacter spp,0
SAMN41020283,CP157759.1,Enterobacter spp,0
SAMN41020283,CP157760.1,Enterobacter spp,0
SAMN41020283,CP157761.1,Enterobacter spp,0
SAMN38637677,CP157773.1,Staphylococcus aureus,2
SAMN38637677,CP157774.1,Staphylococcus aureus,0
SAMN38637677,CP157775.1,Staphylococcus aureus,0
SAMN41689617,CP158057.1,Pseudomonas aeruginosa,0
SAMN41689617,CP158058.1,Pseudomonas aeruginosa,0
SAMN41689617,CP158059.1,Pseudomonas aeruginosa,0
SAMN41689617,CP158060.1,Pseudomonas aeruginosa,6
SAMN38637676,CP158481.1,Staphylococcus aureus,3
SAMN41826320,CP158491.1,Citrobacter spp,4
SAMN41826320,CP158492.1,Citrobacter spp,0
SAMN41826320,CP158493.1,Citrobacter spp,0
SAMN41826320,CP158494.1,Citrobacter spp,0
SAMN41826320,CP158495.1,Citrobacter spp,0
SAMN41920291,CP158974.1,Vibrio cholerae,0
SAMN41920291,CP158975.1,Vibrio cholerae,0
SAMN41920291,CP158976.1,Vibrio cholerae,0
SAMN41685774,CP159112.1,Enterococcus faecalis,0
SAMN41685774,CP159113.1,Enterococcus faecalis,2
SAMN41685791,CP159145.1,Proteus spp,2
SAMN41685792,CP159146.1,Proteus spp,2
SAMN41685802,CP159161.1,Enterobacter spp,2
SAMN41685802,CP159162.1,Enterobacter spp,0
SAMN41940909,CP159314.1,Klebsiella pneumoniae,2
SAMN41940909,CP159315.1,Klebsiella pneumoniae,0
SAMN41940909,CP159316.1,Klebsiella pneumoniae,0
SAMN38752237,CP159430.1,Staphylococcus aureus,1
SAMN38752237,CP159431.1,Staphylococcus aureus,0
SAMN41726407,CP159518.1,Acinetobacter baumannii,1
SAMN41726437,CP159522.1,Acinetobacter baumannii,1
SAMN41660857,CP159627.1,Enterobacter spp,4
SAMN41660850,CP159629.1,Enterococcus faecalis,1
SAMN41660848,CP159631.1,Enterococcus faecalis,1
SAMN41660815,CP159738.1,Morganella morganii,0
SAMN41660815,CP159739.1,Morganella morganii,0
SAMN41660815,CP159740.1,Morganella morganii,0
SAMN41660815,CP159741.1,Morganella morganii,1
SAMN41660815,CP159742.1,Morganella morganii,4
SAMN41660815,CP159743.1,Morganella morganii,0
SAMN41660815,CP159744.1,Morganella morganii,0
SAMN41660815,CP159745.1,Morganella morganii,0
SAMN41660815,CP159746.1,Morganella morganii,0
SAMN42189331,CP159790.1,Vibrio cholerae,0
SAMN42189331,CP159791.1,Vibrio cholerae,0
SAMN41816897,CP159841.1,Pseudomonas aeruginosa,5
SAMN41816897,CP159842.1,Pseudomonas aeruginosa,0
SAMN41816897,CP159843.1,Pseudomonas aeruginosa,0
SAMN41816897,CP159844.1,Pseudomonas aeruginosa,0
SAMN41816897,CP159845.1,Pseudomonas aeruginosa,0
SAMN42235624,CP159874.1,Bacillus subtilis,2
SAMN42234092,CP159912.1,Bacillus subtilis,2
SAMN42110418,CP160032.1,Acinetobacter baumannii,3
SAMN42110418,CP160033.1,Acinetobacter baumannii,0
SAMN42110418,CP160034.1,Acinetobacter baumannii,0
SAMN41489057,CP160045.1,Streptococcus pyogenes,2
SAMN41916142,CP160099.1,Moraxella catarrhalis,1
SAMN42350245,CP160150.1,Salmonella enterica,3
SAMN42350241,CP160167.1,Salmonella enterica,2
SAMN42350241,CP160168.1,Salmonella enterica,0
SAMN41577101,CP160389.1,Enterococcus faecium,1
SAMN41577101,CP160390.1,Enterococcus faecium,0
SAMN41577101,CP160391.1,Enterococcus faecium,0
SAMN41577101,CP160392.1,Enterococcus faecium,0
SAMN41577101,CP160393.1,Enterococcus faecium,0
SAMN41577101,CP160394.1,Enterococcus faecium,0
SAMN42207748,CP160811.1,Haemophilus influenzae,4
SAMN42207745,CP160814.1,Haemophilus influenzae,2
SAMN42207744,CP160815.1,Haemophilus influenzae,5
SAMN42207741,CP160818.1,Haemophilus influenzae,3
SAMN42207740,CP160819.1,Haemophilus influenzae,0
SAMN42207739,CP160820.1,Haemophilus influenzae,1
SAMN42207738,CP160821.1,Haemophilus influenzae,2
SAMN42207737,CP160822.1,Haemophilus influenzae,0
SAMN42000381,CP161854.1,Vibrio cholerae,0
SAMN42000381,CP161855.1,Vibrio cholerae,0
SAMN42000381,CP161856.1,Vibrio cholerae,0
SAMN38999338,CP161857.1,Enterococcus faecium,1
SAMN38999338,CP161858.1,Enterococcus faecium,0
SAMN38999338,CP161859.1,Enterococcus faecium,0
SAMN38999338,CP161860.1,Enterococcus faecium,0
SAMN38999338,CP161861.1,Enterococcus faecium,0
SAMN38999338,CP161862.1,Enterococcus faecium,0
SAMN42439697,CP161897.1,Citrobacter spp,5
SAMN42439697,CP161899.1,Citrobacter spp,0
SAMN42439697,CP161900.1,Citrobacter spp,0
SAMN42510874,CP161986.1,Acinetobacter baumannii,1
SAMN42510874,CP161987.1,Acinetobacter baumannii,0
SAMN42510874,CP161988.1,Acinetobacter baumannii,0
SAMN42505624,CP162022.1,Proteus spp,5
SAMN42431289,CP162039.1,Citrobacter spp,1
SAMN42431289,CP162040.1,Citrobacter spp,0
SAMN42431289,CP162041.1,Citrobacter spp,0
SAMN42227029,CP162436.1,Staphylococcus aureus,2
SAMN42227021,CP162449.1,Staphylococcus aureus,3
SAMN42227021,CP162450.1,Staphylococcus aureus,0
SAMN42440413,CP162975.1,Citrobacter spp,4
SAMN42440413,CP162976.1,Citrobacter spp,0
SAMN42440413,CP162979.1,Citrobacter spp,0
SAMN42440413,CP162980.1,Citrobacter spp,0
SAMN42440413,CP162981.1,Citrobacter spp,0
SAMN42440412,CP162982.1,Citrobacter spp,5
SAMN42440412,CP162983.1,Citrobacter spp,0
SAMN42440412,CP162984.1,Citrobacter spp,0
SAMN42440412,CP162985.1,Citrobacter spp,0
SAMN42440412,CP162986.1,Citrobacter spp,0
SAMN42440410,CP162992.1,Klebsiella pneumoniae,3
SAMN42440410,CP162993.1,Klebsiella pneumoniae,0
SAMN42440410,CP162994.1,Klebsiella pneumoniae,0
SAMN42440410,CP162995.1,Klebsiella pneumoniae,0
SAMN42440410,CP162996.1,Klebsiella pneumoniae,0
SAMN42440400,CP163039.1,Acinetobacter baumannii,2
SAMN42440400,CP163040.1,Acinetobacter baumannii,0
SAMN42440400,CP163041.1,Acinetobacter baumannii,0
SAMN42440395,CP163076.1,Citrobacter spp,2
SAMN42440395,CP163078.1,Citrobacter spp,0
SAMN42440395,CP163079.1,Citrobacter spp,0
SAMN42440395,CP163080.1,Citrobacter spp,0
SAMN42440395,CP163081.1,Citrobacter spp,0
SAMN42440395,CP163082.1,Citrobacter spp,0
SAMN42440395,CP163083.1,Citrobacter spp,0
SAMN42440387,CP163118.1,Enterobacter spp,3
SAMN42440387,CP163119.1,Enterobacter spp,0
SAMN42440387,CP163120.1,Enterobacter spp,0
SAMN42440387,CP163121.1,Enterobacter spp,0
SAMN42539196,CP163140.1,Proteus spp,2
SAMN42539151,CP163147.1,Pseudomonas aeruginosa,4
SAMN42539056,CP163154.1,Klebsiella pneumoniae,1
SAMN42539046,CP163155.1,Pseudomonas aeruginosa,1
SAMN42539045,CP163156.1,Pseudomonas aeruginosa,5
SAMN42539044,CP163157.1,Proteus spp,3
SAMN42539013,CP163159.1,Pseudomonas aeruginosa,4
SAMN42780936,CP163407.1,Serratia spp,3
SAMN42758627,CP163458.1,Bacillus subtilis,2
SAMN42749631,CP163497.1,Serratia spp,1
SAMN42749739,CP163502.1,Serratia spp,1
SAMN42876768,CP163544.1,Pseudomonas aeruginosa,1
SAMN42876768,CP163545.1,Pseudomonas aeruginosa,0
SAMN42930103,CP163561.1,Streptococcus agalactiae,3
SAMN42513259,CP165618.1,Enterococcus faecium,2
SAMN42513259,CP165619.1,Enterococcus faecium,0
SAMN42513259,CP165620.1,Enterococcus faecium,0
SAMN35751746,CP165642.1,Staphylococcus aureus,2
SAMN35751746,CP165643.1,Staphylococcus aureus,0
SAMN43017825,CP165756.1,Klebsiella pneumoniae,3
SAMN43017825,CP165757.1,Klebsiella pneumoniae,0
SAMN43017825,CP165758.1,Klebsiella pneumoniae,0
SAMN43017825,CP165759.1,Klebsiella pneumoniae,0
SAMN43017825,CP165760.1,Klebsiella pneumoniae,0
SAMN43017825,CP165761.1,Klebsiella pneumoniae,0
SAMN43010778,CP165768.1,Citrobacter spp,4
SAMN43010778,CP165769.1,Citrobacter spp,0
SAMN43010778,CP165770.1,Citrobacter spp,0
SAMN43010778,CP165772.1,Citrobacter spp,0
SAMN43010778,CP165773.1,Citrobacter spp,0
SAMN42990721,CP165852.1,Klebsiella pneumoniae,5
SAMN42990721,CP165853.1,Klebsiella pneumoniae,0
SAMN42990721,CP165854.1,Klebsiella pneumoniae,0
SAMN42990721,CP165855.1,Klebsiella pneumoniae,0
SAMN42990721,CP165856.1,Klebsiella pneumoniae,0
SAMN42539980,CP166032.1,Proteus spp,2
SAMN42539958,CP166035.1,Morganella morganii,6
SAMN42539949,CP166037.1,Proteus spp,2
SAMN42539941,CP166038.1,Pseudomonas aeruginosa,4
SAMN42539897,CP166046.1,Klebsiella pneumoniae,2
SAMN42539861,CP166048.1,Morganella morganii,6
SAMN43024753,CP166227.1,Klebsiella pneumoniae,2
SAMN43024753,CP166228.1,Klebsiella pneumoniae,0
SAMN43024753,CP166229.1,Klebsiella pneumoniae,0
SAMN42529430,CP166418.1,Serratia spp,4
SAMN42529430,CP166419.1,Serratia spp,0
SAMN42529433,CP166420.1,Serratia spp,5
SAMN42529433,CP166421.1,Serratia spp,0
SAMN42529433,CP166422.1,Serratia spp,0
SAMN42529431,CP166423.1,Serratia spp,6
SAMN42529431,CP166424.1,Serratia spp,0
SAMN42529432,CP166427.1,Serratia spp,8
SAMN42529432,CP166428.1,Serratia spp,0
SAMN42691756,CP166831.1,Bacillus subtilis,1
SAMN42883086,CP166856.1,Staphylococcus aureus,2
SAMN42883084,CP166858.1,Staphylococcus aureus,3
SAMN42902467,CP166883.1,Enterobacter spp,3
SAMN42902467,CP166884.1,Enterobacter spp,1
SAMN42902467,CP166885.1,Enterobacter spp,0
SAMN42902467,CP166886.1,Enterobacter spp,0
SAMN42902467,CP166887.1,Enterobacter spp,0
SAMN42902456,CP166892.1,Enterobacter spp,4
SAMN42902456,CP166893.1,Enterobacter spp,1
SAMN42902456,CP166894.1,Enterobacter spp,0
SAMN42902456,CP166895.1,Enterobacter spp,0
SAMN43049402,CP166913.1,Pseudomonas aeruginosa,0
SAMN43049402,CP166914.1,Pseudomonas aeruginosa,0
SAMN43023879,CP166976.1,Enterobacter spp,0
SAMN43023879,CP166977.1,Enterobacter spp,1
SAMN43023879,CP166978.1,Enterobacter spp,0
SAMN43023879,CP166979.1,Enterobacter spp,3
SAMN43023879,CP166980.1,Enterobacter spp,0
SAMN42997886,CP166999.1,Streptococcus pyogenes,3
SAMN42997883,CP167001.1,Streptococcus pyogenes,1
SAMN42997882,CP167002.1,Streptococcus pyogenes,2
SAMN42997880,CP167004.1,Streptococcus pyogenes,3
SAMN42997879,CP167005.1,Streptococcus pyogenes,2
SAMN42997877,CP167007.1,Streptococcus pyogenes,1
SAMN42997875,CP167009.1,Streptococcus pyogenes,3
SAMN42997872,CP167012.1,Streptococcus pyogenes,2
SAMN42997871,CP167013.1,Streptococcus pyogenes,0
SAMN42997868,CP167015.1,Streptococcus pyogenes,2
SAMN42997867,CP167016.1,Streptococcus pyogenes,0
SAMN42997866,CP167017.1,Streptococcus pyogenes,1
SAMN42997865,CP167018.1,Streptococcus pyogenes,1
SAMN42997864,CP167019.1,Streptococcus pyogenes,2
SAMN42997861,CP167022.1,Streptococcus pyogenes,1
SAMN43213413,CP167940.1,Staphylococcus aureus,3
SAMN43213413,CP167941.1,Staphylococcus aureus,0
SAMN43213413,CP167942.1,Staphylococcus aureus,0
SAMN43272452,CP167968.1,Klebsiella pneumoniae,2
SAMN43272452,CP167969.1,Klebsiella pneumoniae,0
SAMN43273600,CP167981.1,Klebsiella pneumoniae,0
SAMN43273600,CP167982.1,Klebsiella pneumoniae,0
SAMN43213403,CP167990.1,Staphylococcus aureus,2
SAMN43213403,CP167991.1,Staphylococcus aureus,0
SAMN43213403,CP167992.1,Staphylococcus aureus,0
SAMN43067844,CP168002.1,Proteus spp,2
SAMN43040017,CP168010.1,Staphylococcus aureus,2
SAMN43040017,CP168011.1,Staphylococcus aureus,0
SAMN43213421,CP168158.1,Staphylococcus aureus,2
SAMN43213421,CP168159.1,Staphylococcus aureus,0
SAMN43296922,CP168260.1,Streptococcus pneumoniae,0
SAMN43296889,CP168299.1,Streptococcus pneumoniae,1
SAMN43285230,CP168323.1,Streptococcus agalactiae,0
SAMN42837554,CP168464.1,Morganella morganii,6
SAMN42837554,CP168465.1,Morganella morganii,0
SAMN42837554,CP168466.1,Morganella morganii,0
SAMN42837554,CP168467.1,Morganella morganii,0
SAMN43414873,CP169048.1,Proteus spp,5
SAMN43414873,CP169049.1,Proteus spp,0
SAMN43296737,CP169346.1,Salmonella enterica,3
SAMN43296737,CP169347.1,Salmonella enterica,0
SAMN43543506,CP169375.1,Acinetobacter baumannii,1
SAMN43543506,CP169376.1,Acinetobacter baumannii,0
SAMN43374428,CP169392.1,Serratia spp,2
SAMN43385897,CP169515.1,Salmonella enterica,4
SAMN43385897,CP169516.1,Salmonella enterica,0
SAMN43413908,CP169564.1,Streptococcus pneumoniae,0
SAMN43530940,CP169650.1,Enterococcus faecium,2
SAMN43530940,CP169651.1,Enterococcus faecium,0
SAMN43530940,CP169652.1,Enterococcus faecium,0
SAMN41934866,CP169766.1,Acinetobacter baumannii,0
SAMN41934866,CP169767.1,Acinetobacter baumannii,0
SAMN41934866,CP169768.1,Acinetobacter baumannii,2
SAMN41934866,CP169769.1,Acinetobacter baumannii,0
SAMN41934841,CP169852.1,Acinetobacter baumannii,2
SAMN41934841,CP169853.1,Acinetobacter baumannii,0
SAMN41934841,CP169854.1,Acinetobacter baumannii,0
SAMN41934841,CP169855.1,Acinetobacter baumannii,0
SAMN41934841,CP169856.1,Acinetobacter baumannii,0
SAMN41934847,CP169872.1,Acinetobacter baumannii,1
SAMN41934847,CP169873.1,Acinetobacter baumannii,0
SAMN41934847,CP169874.1,Acinetobacter baumannii,0
SAMN41934847,CP169875.1,Acinetobacter baumannii,0
SAMN41934847,CP169876.1,Acinetobacter baumannii,0
SAMN43761491,CP169988.1,Streptococcus agalactiae,0
SAMN43761491,CP169989.1,Streptococcus agalactiae,0
SAMN43818467,CP170200.1,Pseudomonas aeruginosa,1
SAMN43909416,CP170370.1,Pseudomonas aeruginosa,1
SAMN43793107,CP170392.1,Staphylococcus aureus,2
SAMN43793107,CP170393.1,Staphylococcus aureus,0
SAMN43793107,CP170394.1,Staphylococcus aureus,0
SAMN43793107,CP170395.1,Staphylococcus aureus,0
SAMN43793107,CP170396.1,Staphylococcus aureus,0
SAMN43793093,CP170409.1,Staphylococcus aureus,1
SAMN43793093,CP170410.1,Staphylococcus aureus,0
SAMN43793088,CP170414.1,Staphylococcus aureus,2
SAMN43793088,CP170415.1,Staphylococcus aureus,0
SAMN43793078,CP170429.1,Staphylococcus aureus,1
SAMN43793078,CP170430.1,Staphylococcus aureus,0
SAMN43793078,CP170431.1,Staphylococcus aureus,0
SAMN43983397,CP170631.1,Proteus spp,2
SAMN39444608,CP170693.1,Staphylococcus aureus,3
SAMN39444608,CP170694.1,Staphylococcus aureus,0
SAMN39444608,CP170695.1,Staphylococcus aureus,0
SAMN39444609,CP170696.1,Staphylococcus aureus,3
SAMN39444609,CP170697.1,Staphylococcus aureus,0
SAMN43911274,CP170734.1,Bacillus subtilis,2
SAMN43911274,CP170735.1,Bacillus subtilis,0
SAMN39444619,CP170771.1,Staphylococcus aureus,2
SAMN39444619,CP170772.1,Staphylococcus aureus,0
SAMN39444630,CP170785.1,Staphylococcus aureus,1
SAMN39444630,CP170786.1,Staphylococcus aureus,0
SAMN43983151,CP170867.1,Klebsiella pneumoniae,5
SAMN43983151,CP170868.1,Klebsiella pneumoniae,0
SAMN43983151,CP170869.1,Klebsiella pneumoniae,0
SAMN43983151,CP170870.1,Klebsiella pneumoniae,0
SAMN43983151,CP170871.1,Klebsiella pneumoniae,0
SAMN43983151,CP170872.1,Klebsiella pneumoniae,0
SAMN43983151,CP170873.1,Klebsiella pneumoniae,0
SAMN43983151,CP170874.1,Klebsiella pneumoniae,0
SAMN43983151,CP170875.1,Klebsiella pneumoniae,0
SAMN43983143,CP170924.1,Klebsiella pneumoniae,5
SAMN43983143,CP170925.1,Klebsiella pneumoniae,0
SAMN43983143,CP170926.1,Klebsiella pneumoniae,0
SAMN43983143,CP170927.1,Klebsiella pneumoniae,0
SAMN43983143,CP170928.1,Klebsiella pneumoniae,0
SAMN43983143,CP170929.1,Klebsiella pneumoniae,0
SAMN43983143,CP170930.1,Klebsiella pneumoniae,0
SAMN43983137,CP170966.1,Klebsiella pneumoniae,5
SAMN43983137,CP170967.1,Klebsiella pneumoniae,0
SAMN43983137,CP170968.1,Klebsiella pneumoniae,0
SAMN43983137,CP170969.1,Klebsiella pneumoniae,0
SAMN43983137,CP170970.1,Klebsiella pneumoniae,0
SAMN43983137,CP170971.1,Klebsiella pneumoniae,0
SAMN44015588,CP171271.1,Pseudomonas aeruginosa,4
SAMN44109759,CP171274.1,Enterobacter spp,3
SAMN44109759,CP171275.1,Enterobacter spp,0
SAMN44109759,CP171276.1,Enterobacter spp,0
SAMN44109759,CP171277.1,Enterobacter spp,0
SAMN44082895,CP171353.1,Salmonella enterica,4
SAMN44082895,CP171354.1,Salmonella enterica,0
SAMN44252301,CP171396.1,Acinetobacter baumannii,2
SAMN44252301,CP171397.1,Acinetobacter baumannii,0
SAMN44252832,CP171400.1,Serratia spp,1
SAMN44252832,CP171401.1,Serratia spp,0
SAMN44252832,CP171402.1,Serratia spp,0
SAMN44252832,CP171403.1,Serratia spp,0
SAMN44252832,CP171404.1,Serratia spp,0
SAMN44084066,CP171559.1,Klebsiella pneumoniae,5
SAMN44084066,CP171560.1,Klebsiella pneumoniae,0
SAMN44084066,CP171561.1,Klebsiella pneumoniae,0
SAMN44084061,CP171577.1,Klebsiella pneumoniae,5
SAMN44084061,CP171578.1,Klebsiella pneumoniae,0
SAMN44084061,CP171579.1,Klebsiella pneumoniae,0
SAMN44084054,CP171603.1,Klebsiella pneumoniae,5
SAMN44084054,CP171604.1,Klebsiella pneumoniae,0
SAMN44084054,CP171605.1,Klebsiella pneumoniae,0
SAMN34993721,CP171656.1,Vibrio cholerae,1
SAMN34993721,CP171657.1,Vibrio cholerae,0
SAMN34993718,CP171658.1,Vibrio cholerae,1
SAMN34993718,CP171659.1,Vibrio cholerae,0
SAMN34993717,CP171660.1,Vibrio cholerae,0
SAMN34993717,CP171661.1,Vibrio cholerae,0
SAMN34993715,CP171662.1,Vibrio cholerae,1
SAMN34993715,CP171663.1,Vibrio cholerae,0
SAMN34993714,CP171664.1,Vibrio cholerae,1
SAMN34993714,CP171665.1,Vibrio cholerae,0
SAMN34993712,CP171666.1,Vibrio cholerae,0
SAMN34993712,CP171667.1,Vibrio cholerae,0
SAMN34993711,CP171668.1,Vibrio cholerae,1
SAMN34993711,CP171669.1,Vibrio cholerae,0
SAMN34993710,CP171670.1,Vibrio cholerae,1
SAMN34993710,CP171671.1,Vibrio cholerae,0
SAMN34993708,CP171672.1,Vibrio cholerae,1
SAMN34993708,CP171673.1,Vibrio cholerae,0
SAMN34993707,CP171674.1,Vibrio cholerae,1
SAMN34993707,CP171675.1,Vibrio cholerae,0
SAMN34993705,CP171676.1,Vibrio cholerae,1
SAMN34993705,CP171677.1,Vibrio cholerae,0
SAMN34993704,CP171678.1,Vibrio cholerae,1
SAMN34993704,CP171679.1,Vibrio cholerae,0
SAMN34993703,CP171680.1,Vibrio cholerae,1
SAMN34993703,CP171681.1,Vibrio cholerae,0
SAMN34993702,CP171682.1,Vibrio cholerae,1
SAMN34993702,CP171683.1,Vibrio cholerae,0
SAMN34993720,CP171684.1,Vibrio cholerae,0
SAMN34993720,CP171685.1,Vibrio cholerae,0
SAMN34993706,CP171686.1,Vibrio cholerae,1
SAMN34993706,CP171687.1,Vibrio cholerae,0
SAMN34993709,CP171688.1,Vibrio cholerae,0
SAMN34993709,CP171689.1,Vibrio cholerae,0
SAMN44056315,CP171697.1,Enterococcus faecium,1
SAMN44056315,CP171698.1,Enterococcus faecium,0
SAMN44056315,CP171699.1,Enterococcus faecium,0
SAMN44056315,CP171700.1,Enterococcus faecium,0
SAMN44056315,CP171701.1,Enterococcus faecium,0
SAMN44056315,CP171702.1,Enterococcus faecium,0
SAMN44056312,CP171716.1,Enterococcus faecium,1
SAMN44056312,CP171717.1,Enterococcus faecium,0
SAMN44056312,CP171718.1,Enterococcus faecium,0
SAMN44056312,CP171719.1,Enterococcus faecium,0
SAMN44056312,CP171720.1,Enterococcus faecium,0
SAMN44056312,CP171721.1,Enterococcus faecium,0
SAMN44340905,CP171840.1,Pseudomonas aeruginosa,2
SAMN44054733,CP171894.1,Pseudomonas aeruginosa,7
SAMN44054733,CP171895.1,Pseudomonas aeruginosa,0
SAMN44054733,CP171896.1,Pseudomonas aeruginosa,0
SAMN44054752,CP171919.1,Pseudomonas aeruginosa,7
SAMN44054753,CP171920.1,Pseudomonas aeruginosa,5
SAMN44054757,CP171923.1,Pseudomonas aeruginosa,8
SAMN44054757,CP171924.1,Pseudomonas aeruginosa,0
SAMN44054757,CP171925.1,Pseudomonas aeruginosa,0
SAMN44054767,CP171949.1,Pseudomonas aeruginosa,1
SAMN44054767,CP171950.1,Pseudomonas aeruginosa,0
SAMN11853699,CP172082.1,Haemophilus influenzae,2
SAMN11853699,CP172083.1,Haemophilus influenzae,0
SAMN11853712,CP172084.1,Haemophilus influenzae,2
SAMN44379867,CP172114.1,Morganella morganii,5
SAMN44379916,CP172115.1,Morganella morganii,5
SAMN44379916,CP172116.1,Morganella morganii,0
SAMN44379937,CP172117.1,Morganella morganii,5
SAMN44379937,CP172118.1,Morganella morganii,0
SAMN44468767,CP172235.1,Proteus spp,4
SAMN34993716,CP172323.1,Vibrio cholerae,1
SAMN34993716,CP172324.1,Vibrio cholerae,0
SAMN34993713,CP172325.1,Vibrio cholerae,1
SAMN34993713,CP172326.1,Vibrio cholerae,0
SAMN34993719,CP172327.1,Vibrio cholerae,0
SAMN34993719,CP172328.1,Vibrio cholerae,0
SAMN44451558,CP172352.1,Campylobacter spp,1
SAMN44451558,CP172353.1,Campylobacter spp,0
SAMN44451556,CP172356.1,Campylobacter spp,0
SAMN44451556,CP172357.1,Campylobacter spp,0
SAMN44451555,CP172358.1,Campylobacter spp,0
SAMN44451555,CP172359.1,Campylobacter spp,0
SAMN44451555,CP172360.1,Campylobacter spp,0
SAMN44451552,CP172364.1,Campylobacter spp,2
SAMN44451552,CP172365.1,Campylobacter spp,0
SAMN44451551,CP172366.1,Campylobacter spp,0
SAMN44451551,CP172367.1,Campylobacter spp,0
SAMN44451550,CP172368.1,Campylobacter spp,0
SAMN44451550,CP172369.1,Campylobacter spp,0
SAMN44451550,CP172370.1,Campylobacter spp,0
SAMN44451550,CP172371.1,Campylobacter spp,0
SAMN44451548,CP172375.1,Campylobacter spp,0
SAMN44451546,CP172376.1,Campylobacter spp,2
SAMN44451546,CP172377.1,Campylobacter spp,0
SAMN44451546,CP172378.1,Campylobacter spp,0
SAMN44451545,CP172379.1,Campylobacter spp,0
SAMN44451535,CP172391.1,Campylobacter spp,0
SAMN44451534,CP172392.1,Campylobacter spp,1
SAMN44451534,CP172393.1,Campylobacter spp,0
SAMN44451534,CP172394.1,Campylobacter spp,0
SAMN44451534,CP172395.1,Campylobacter spp,0
SAMN44451532,CP172397.1,Campylobacter spp,1
SAMN44451532,CP172398.1,Campylobacter spp,0
SAMN44366205,CP172417.1,Bacillus subtilis,3
SAMN43771029,CP172559.1,Enterococcus faecium,1
SAMN43771029,CP172560.1,Enterococcus faecium,0
SAMN43771029,CP172561.1,Enterococcus faecium,0
SAMN43771029,CP172562.1,Enterococcus faecium,0
SAMN43771029,CP172563.1,Enterococcus faecium,0
SAMN43771029,CP172565.1,Enterococcus faecium,0
SAMN43771029,CP172566.1,Enterococcus faecium,0
SAMN43771029,CP172567.1,Enterococcus faecium,0
SAMN43820454,CP172851.1,Pseudomonas aeruginosa,2
SAMN43820172,CP172859.1,Pseudomonas aeruginosa,3
SAMN44091373,CP172966.1,Bacillus subtilis,3
SAMN41135913,CP173020.1,Pseudomonas aeruginosa,1
SAMN44524177,CP173026.1,Vibrio cholerae,0
SAMN44524177,CP173027.1,Vibrio cholerae,0
SAMN44523488,CP173134.1,Pseudomonas aeruginosa,0
SAMN44523488,CP173135.1,Pseudomonas aeruginosa,5
SAMN44604090,CP173225.1,Streptococcus pneumoniae,1
SAMN34993723,CP173265.1,Vibrio cholerae,1
SAMN34993723,CP173266.1,Vibrio cholerae,0
SAMN34993723,CP173267.1,Vibrio cholerae,0
SAMN34993722,CP173268.1,Vibrio cholerae,1
SAMN34993722,CP173269.1,Vibrio cholerae,0
SAMN34993722,CP173270.1,Vibrio cholerae,0
SAMN44486294,CP173296.1,Salmonella enterica,4
SAMN44486294,CP173297.1,Salmonella enterica,0
SAMN44486294,CP173298.1,Salmonella enterica,0
SAMN44486294,CP173299.1,Salmonella enterica,0
SAMN44486294,CP173300.1,Salmonella enterica,0
SAMN44486294,CP173301.1,Salmonella enterica,0
SAMN44486294,CP173302.1,Salmonella enterica,0
SAMN44486294,CP173303.1,Salmonella enterica,0
SAMN44486294,CP173304.1,Salmonella enterica,0
SAMN44486294,CP173305.1,Salmonella enterica,0
SAMN44486294,CP173306.1,Salmonella enterica,0
SAMN44486294,CP173307.1,Salmonella enterica,0
SAMN44486294,CP173308.1,Salmonella enterica,0
SAMN44486294,CP173309.1,Salmonella enterica,0
SAMN44486294,CP173310.1,Salmonella enterica,0
SAMN44486294,CP173311.1,Salmonella enterica,0
SAMN08160608,CP173353.1,Campylobacter spp,0
SAMN44630348,CP173372.1,Salmonella enterica,0
SAMN44630348,CP173373.1,Salmonella enterica,5
SAMN44630401,CP173379.1,Salmonella enterica,0
SAMN44630401,CP173380.1,Salmonella enterica,5
SAMN44630389,CP173657.1,Salmonella enterica,0
SAMN44630389,CP173658.1,Salmonella enterica,5
SAMN44292983,CP173707.1,Morganella morganii,6
SAMN44292983,CP173708.1,Morganella morganii,0
SAMN44611873,CP174090.1,Acinetobacter baumannii,3
SAMN44611873,CP174091.1,Acinetobacter baumannii,1
SAMN44611873,CP174092.1,Acinetobacter baumannii,0
SAMN44611873,CP174093.1,Acinetobacter baumannii,0
SAMN43577517,CP174155.1,Bacillus subtilis,4
SAMN43577517,CP174156.1,Bacillus subtilis,0
SAMN44805724,CP174255.1,Klebsiella pneumoniae,5
SAMN44805724,CP174256.1,Klebsiella pneumoniae,0
SAMN44805724,CP174257.1,Klebsiella pneumoniae,0
SAMN44805724,CP174258.1,Klebsiella pneumoniae,0
SAMN44805724,CP174259.1,Klebsiella pneumoniae,0
SAMN44805724,CP174260.1,Klebsiella pneumoniae,0
SAMN45052897,CP174601.1,Enterobacter spp,5
SAMN45052897,CP174602.1,Enterobacter spp,0
SAMN45052897,CP174603.1,Enterobacter spp,0
SAMN45052897,CP174604.1,Enterobacter spp,0
SAMN44726998,CP174839.1,Enterococcus faecalis,1
SAMN44726999,CP174840.1,Enterococcus faecalis,0
SAMN44726999,CP174841.1,Enterococcus faecalis,0
SAMN44726999,CP174842.1,Enterococcus faecalis,2
SAMN44727002,CP174854.1,Enterococcus faecalis,0
SAMN44727002,CP174855.1,Enterococcus faecalis,0
SAMN44727002,CP174856.1,Enterococcus faecalis,6
SAMN44727003,CP174857.1,Enterococcus faecalis,0
SAMN44727003,CP174858.1,Enterococcus faecalis,0
SAMN44727003,CP174859.1,Enterococcus faecalis,6
SAMN44727004,CP174860.1,Enterococcus faecalis,0
SAMN44727004,CP174861.1,Enterococcus faecalis,0
SAMN44727004,CP174862.1,Enterococcus faecalis,0
SAMN44727004,CP174863.1,Enterococcus faecalis,0
SAMN44727004,CP174864.1,Enterococcus faecalis,5
SAMN44727018,CP174924.1,Enterococcus faecalis,0
SAMN44727018,CP174925.1,Enterococcus faecalis,3
SAMN44727039,CP175028.1,Enterococcus faecalis,0
SAMN44727039,CP175029.1,Enterococcus faecalis,0
SAMN44727039,CP175030.1,Enterococcus faecalis,2
SAMN44727043,CP175042.1,Enterococcus faecalis,0
SAMN44727043,CP175043.1,Enterococcus faecalis,0
SAMN44727043,CP175044.1,Enterococcus faecalis,0
SAMN44727043,CP175045.1,Enterococcus faecalis,8
SAMN44727044,CP175046.1,Enterococcus faecalis,1
SAMN44727059,CP175100.1,Enterococcus faecalis,0
SAMN44727059,CP175101.1,Enterococcus faecalis,2
SAMN44727062,CP175110.1,Enterococcus faecalis,3
SAMN44727062,CP175111.1,Enterococcus faecalis,0
SAMN44727062,CP175112.1,Enterococcus faecalis,0
SAMN44727072,CP175162.1,Enterococcus faecalis,1
SAMN44727094,CP175221.1,Enterococcus faecalis,4
SAMN44727094,CP175222.1,Enterococcus faecalis,0
SAMN44727095,CP175223.1,Enterococcus faecalis,0
SAMN44727095,CP175224.1,Enterococcus faecalis,1
SAMN44727097,CP175227.1,Enterococcus faecalis,0
SAMN44727097,CP175228.1,Enterococcus faecalis,2
SAMN44727098,CP175229.1,Enterococcus faecalis,0
SAMN44727098,CP175230.1,Enterococcus faecalis,2
SAMN44727098,CP175231.1,Enterococcus faecalis,0
SAMN44727098,CP175232.1,Enterococcus faecalis,0
SAMN44727101,CP175239.1,Enterococcus faecalis,8
SAMN44727101,CP175241.1,Enterococcus faecalis,0
SAMN44727101,CP175242.1,Enterococcus faecalis,0
SAMN44727101,CP175243.1,Enterococcus faecalis,0
SAMN44727101,CP175244.1,Enterococcus faecalis,0
SAMN44727104,CP175255.1,Enterococcus faecalis,3
SAMN44727104,CP175256.1,Enterococcus faecalis,0
SAMN44727105,CP175257.1,Enterococcus faecalis,1
SAMN44727106,CP175258.1,Enterococcus faecalis,3
SAMN44727111,CP175272.1,Enterococcus faecalis,0
SAMN44727111,CP175273.1,Enterococcus faecalis,3
SAMN44727111,CP175274.1,Enterococcus faecalis,0
SAMN44727111,CP175275.1,Enterococcus faecalis,0
SAMN44727112,CP175276.1,Enterococcus faecalis,3
SAMN44727112,CP175277.1,Enterococcus faecalis,0
SAMN44727112,CP175278.1,Enterococcus faecalis,0
SAMN44727112,CP175279.1,Enterococcus faecalis,0
SAMN44727119,CP175300.1,Enterococcus faecalis,2
SAMN44727142,CP175394.1,Enterococcus faecalis,0
SAMN44727142,CP175395.1,Enterococcus faecalis,2
SAMN45049799,CP175513.1,Enterobacter spp,2
SAMN45049799,CP175514.1,Enterobacter spp,0
SAMN45049799,CP175515.1,Enterobacter spp,1
SAMN45051754,CP175516.1,Enterobacter spp,2
SAMN45051754,CP175517.1,Enterobacter spp,0
SAMN45051754,CP175518.1,Enterobacter spp,0
SAMN45051754,CP175519.1,Enterobacter spp,0
SAMN45051754,CP175520.1,Enterobacter spp,0
SAMN45051754,CP175521.1,Enterobacter spp,0
SAMN45052892,CP175522.1,Enterobacter spp,4
SAMN45052892,CP175523.1,Enterobacter spp,0
SAMN45052892,CP175524.1,Enterobacter spp,0
SAMN45068448,CP175595.1,Enterobacter spp,2
SAMN45068448,CP175596.1,Enterobacter spp,0
SAMN45068448,CP175597.1,Enterobacter spp,0
SAMN45068448,CP175598.1,Enterobacter spp,0
SAMN45068448,CP175599.1,Enterobacter spp,0
SAMN45068448,CP175600.1,Enterobacter spp,0
SAMN45059857,CP175605.1,Enterobacter spp,5
SAMN45059857,CP175606.1,Enterobacter spp,0
SAMN45059857,CP175607.1,Enterobacter spp,0
SAMN45059857,CP175608.1,Enterobacter spp,0
SAMN45059857,CP175609.1,Enterobacter spp,0
SAMN45068981,CP175616.1,Enterobacter spp,5
SAMN45068981,CP175617.1,Enterobacter spp,0
SAMN45068981,CP175618.1,Enterobacter spp,0
SAMN45068981,CP175619.1,Enterobacter spp,0
SAMN45068981,CP175620.1,Enterobacter spp,0
SAMN45068981,CP175621.1,Enterobacter spp,0
SAMN45068981,CP175622.1,Enterobacter spp,0
SAMN45068981,CP175623.1,Enterobacter spp,0
SAMN45068981,CP175624.1,Enterobacter spp,0
SAMN45053829,CP175629.1,Enterobacter spp,1
SAMN45053829,CP175630.1,Enterobacter spp,0
SAMN45053829,CP175631.1,Enterobacter spp,1
SAMN45053829,CP175632.1,Enterobacter spp,0
SAMN45050879,CP175639.1,Enterobacter spp,2
SAMN45050879,CP175640.1,Enterobacter spp,0
SAMN45050879,CP175641.1,Enterobacter spp,0
SAMN45068617,CP175654.1,Acinetobacter baumannii,0
SAMN45068617,CP175655.1,Acinetobacter baumannii,0
SAMN45068617,CP175656.1,Acinetobacter baumannii,3
SAMN45068473,CP175726.1,Enterobacter spp,6
SAMN45068473,CP175727.1,Enterobacter spp,0
SAMN45068473,CP175728.1,Enterobacter spp,0
SAMN45068500,CP175755.1,Enterobacter spp,7
SAMN45068500,CP175756.1,Enterobacter spp,0
SAMN45068500,CP175757.1,Enterobacter spp,0
SAMN45068500,CP175758.1,Enterobacter spp,0
SAMN45068500,CP175759.1,Enterobacter spp,0
SAMN45068500,CP175760.1,Enterobacter spp,0
SAMN45093038,CP175806.1,Vibrio cholerae,1
SAMN45093038,CP175807.1,Vibrio cholerae,1
SAMN45046479,CP175808.1,Citrobacter spp,5
SAMN42124040,CP175825.1,Acinetobacter baumannii,1
SAMN42124040,CP175826.1,Acinetobacter baumannii,0
SAMN42124038,CP175832.1,Acinetobacter baumannii,1
SAMN42124038,CP175833.1,Acinetobacter baumannii,0
SAMN42124038,CP175834.1,Acinetobacter baumannii,0
SAMN42124030,CP175853.1,Acinetobacter baumannii,4
SAMN42124030,CP175854.1,Acinetobacter baumannii,0
SAMN42124030,CP175855.1,Acinetobacter baumannii,0
SAMN42124027,CP175863.1,Acinetobacter baumannii,5
SAMN42124027,CP175864.1,Acinetobacter baumannii,0
SAMN42124027,CP175865.1,Acinetobacter baumannii,0
SAMN42124027,CP175866.1,Acinetobacter baumannii,0
SAMN42124027,CP175867.1,Acinetobacter baumannii,0
SAMN42124027,CP175868.1,Acinetobacter baumannii,0
SAMN42124025,CP175876.1,Acinetobacter baumannii,4
SAMN42124025,CP175877.1,Acinetobacter baumannii,0
SAMN45066674,CP175929.1,Enterococcus faecium,0
SAMN45066674,CP175930.1,Enterococcus faecium,0
SAMN45066674,CP175931.1,Enterococcus faecium,0
SAMN45069054,CP175998.1,Enterobacter spp,4
SAMN45069054,CP175999.1,Enterobacter spp,0
SAMN45069054,CP176000.1,Enterobacter spp,0
SAMN45224489,CP176085.1,Klebsiella pneumoniae,6
SAMN45224489,CP176086.1,Klebsiella pneumoniae,0
SAMN45224489,CP176087.1,Klebsiella pneumoniae,0
SAMN45224489,CP176088.1,Klebsiella pneumoniae,0
SAMN45068425,CP176385.1,Enterobacter spp,2
SAMN45068425,CP176386.1,Enterobacter spp,0
SAMN45068425,CP176387.1,Enterobacter spp,0
SAMN45068425,CP176388.1,Enterobacter spp,0
SAMN45068425,CP176389.1,Enterobacter spp,0
SAMN45068425,CP176390.1,Enterobacter spp,0
SAMN45032261,CP176568.1,Staphylococcus aureus,5
SAMN45032261,CP176569.1,Staphylococcus aureus,0
SAMN45063085,CP176623.1,Enterococcus faecalis,0
SAMN41071130,CP176676.1,Campylobacter spp,3
SAMN41071130,CP176677.1,Campylobacter spp,0
SAMN41071133,CP176704.1,Klebsiella pneumoniae,2
SAMN45963524,CP176894.1,Klebsiella pneumoniae,0
SAMN45963524,CP176895.1,Klebsiella pneumoniae,0
SAMN45963595,CP176902.1,Klebsiella pneumoniae,0
SAMN45963595,CP176903.1,Klebsiella pneumoniae,0
SAMN45963628,CP176910.1,Klebsiella pneumoniae,2
SAMN45963628,CP176911.1,Klebsiella pneumoniae,0
SAMN45963639,CP176912.1,Klebsiella pneumoniae,2
SAMN45963639,CP176913.1,Klebsiella pneumoniae,0
SAMN45963747,CP176930.1,Klebsiella pneumoniae,1
SAMN45963747,CP176931.1,Klebsiella pneumoniae,0
SAMN45964868,CP176946.1,Klebsiella pneumoniae,1
SAMN45964868,CP176947.1,Klebsiella pneumoniae,0
SAMN45965098,CP176972.1,Klebsiella pneumoniae,2
SAMN45965098,CP176973.1,Klebsiella pneumoniae,0
SAMN17373069,CP177077.1,Proteus spp,6
SAMN17373069,CP177078.1,Proteus spp,0
SAMN17373069,CP177079.1,Proteus spp,0
SAMN32532993,CP177210.1,Proteus spp,2
SAMN46042863,CP177242.1,Pseudomonas aeruginosa,2
SAMN46065699,CP177279.1,Bacillus subtilis,3
SAMN46065699,CP177280.1,Bacillus subtilis,0
SAMN46065699,CP177281.1,Bacillus subtilis,0
SAMN46065699,CP177282.1,Bacillus subtilis,0
SAMN46066456,CP177283.1,Bacillus subtilis,3
SAMN46066456,CP177284.1,Bacillus subtilis,0
SAMN46066456,CP177285.1,Bacillus subtilis,0
SAMN39450116,CP177358.1,Pseudomonas aeruginosa,2
SAMN46118857,CP178213.1,Bacillus subtilis,2
SAMN46232259,CP178339.1,Streptococcus pneumoniae,0
SAMN46279253,CP178387.1,Vibrio cholerae,0
SAMN46279253,CP178388.1,Vibrio cholerae,0
SAMN43754932,CP178418.1,Acinetobacter baumannii,2
SAMN43754932,CP178419.1,Acinetobacter baumannii,0
SAMN43754932,CP178420.1,Acinetobacter baumannii,0
SAMN43754932,CP178421.1,Acinetobacter baumannii,0
SAMN43754932,CP178422.1,Acinetobacter baumannii,0
SAMN43754932,CP178423.1,Acinetobacter baumannii,0
SAMN45134315,CP178868.1,Staphylococcus aureus,2
SAMN45134315,CP178869.1,Staphylococcus aureus,0
SAMN45134315,CP178870.1,Staphylococcus aureus,0
SAMN45134313,CP178874.1,Staphylococcus aureus,2
SAMN45134313,CP178875.1,Staphylococcus aureus,0
SAMN45134313,CP178876.1,Staphylococcus aureus,0
SAMN45134312,CP178877.1,Staphylococcus aureus,2
SAMN45134312,CP178878.1,Staphylococcus aureus,0
SAMN45134312,CP178879.1,Staphylococcus aureus,0
SAMN45134310,CP178883.1,Staphylococcus aureus,2
SAMN45134310,CP178884.1,Staphylococcus aureus,0
SAMN45134310,CP178885.1,Staphylococcus aureus,0
SAMN45883768,CP179883.1,Acinetobacter baumannii,3
SAMN45883768,CP179884.1,Acinetobacter baumannii,0
SAMN45883768,CP179885.1,Acinetobacter baumannii,0
SAMN45883768,CP179886.1,Acinetobacter baumannii,0
SAMN45938425,CP180192.1,Enterobacter spp,2
SAMN45938425,CP180193.1,Enterobacter spp,0
SAMN46484920,CP180266.1,Klebsiella pneumoniae,1
SAMN46484920,CP180267.1,Klebsiella pneumoniae,0
SAMN46484920,CP180268.1,Klebsiella pneumoniae,0
SAMN46484920,CP180269.1,Klebsiella pneumoniae,0
SAMN46484920,CP180270.1,Klebsiella pneumoniae,0
SAMN46502749,CP180287.1,Serratia spp,0
SAMN45886785,CP180575.1,Bacillus subtilis,1
SAMN46428704,CP180593.1,Pseudomonas aeruginosa,3
SAMN46729552,CP180684.1,Streptococcus agalactiae,2
SAMN46729551,CP180685.1,Streptococcus agalactiae,4
SAMN46565705,CP180716.1,Salmonella enterica,1
SAMN46565705,CP180717.1,Salmonella enterica,0
SAMN46565705,CP180718.1,Salmonella enterica,0
SAMN46559742,CP181076.1,Enterobacter spp,4
SAMN46559742,CP181077.1,Enterobacter spp,0
SAMN46559742,CP181078.1,Enterobacter spp,0
SAMN46559742,CP181079.1,Enterobacter spp,0
SAMN46751946,CP181087.1,Proteus spp,4
SAMN46751946,CP181088.1,Proteus spp,0
SAMN28534425,CP181099.1,Staphylococcus aureus,1
SAMN28534425,CP181100.1,Staphylococcus aureus,0
SAMN28534425,CP181101.1,Staphylococcus aureus,0
SAMN28534412,CP181102.1,Staphylococcus aureus,4
SAMN28534412,CP181103.1,Staphylococcus aureus,0
SAMN28534407,CP181113.1,Staphylococcus aureus,4
SAMN28534407,CP181114.1,Staphylococcus aureus,0
SAMN28534419,CP181128.1,Staphylococcus aureus,2
SAMN28534419,CP181129.1,Staphylococcus aureus,0
SAMN28534419,CP181130.1,Staphylococcus aureus,0
SAMN28534399,CP181138.1,Staphylococcus aureus,3
SAMN28534399,CP181139.1,Staphylococcus aureus,0
SAMN46230714,CP181214.1,Enterococcus faecalis,2
SAMN46230714,CP181215.1,Enterococcus faecalis,0
SAMN46230713,CP181216.1,Enterococcus faecalis,1
SAMN46230713,CP181217.1,Enterococcus faecalis,0
SAMN46230713,CP181218.1,Enterococcus faecalis,0
SAMN46230713,CP181219.1,Enterococcus faecalis,0
SAMN46230712,CP181220.1,Enterococcus faecalis,1
SAMN46230712,CP181221.1,Enterococcus faecalis,0
SAMN46230710,CP181226.1,Enterococcus faecalis,2
SAMN46230710,CP181227.1,Enterococcus faecalis,0
SAMN46230710,CP181228.1,Enterococcus faecalis,0
SAMN46230709,CP181229.1,Enterococcus faecalis,1
SAMN46230709,CP181230.1,Enterococcus faecalis,0
SAMN46230709,CP181231.1,Enterococcus faecalis,0
SAMN46230709,CP181232.1,Enterococcus faecalis,0
SAMN46230709,CP181233.1,Enterococcus faecalis,0
SAMN46230707,CP181238.1,Enterococcus faecalis,1
SAMN46230707,CP181239.1,Enterococcus faecalis,0
SAMN46230707,CP181240.1,Enterococcus faecalis,0
SAMN46230707,CP181241.1,Enterococcus faecalis,0
SAMN46230707,CP181242.1,Enterococcus faecalis,0
SAMN46163080,CP181245.1,Neisseria spp,1
SAMN46143986,CP181371.1,Proteus spp,4
SAMN46143986,CP181372.1,Proteus spp,0
SAMN46143986,CP181373.1,Proteus spp,0
SAMN46143986,CP181374.1,Proteus spp,0
SAMN46506130,CP181479.1,Salmonella enterica,4
SAMN46506130,CP181480.1,Salmonella enterica,0
SAMN46506130,CP181481.1,Salmonella enterica,0
SAMN06330225,CP181503.1,Enterobacter spp,1
SAMN06330225,CP181504.1,Enterobacter spp,0
SAMN06330225,CP181505.1,Enterobacter spp,0
SAMN06330225,CP181506.1,Enterobacter spp,0
SAMN06330212,CP181507.1,Enterobacter spp,2
SAMN06330212,CP181508.1,Enterobacter spp,0
SAMN06330212,CP181509.1,Enterobacter spp,0
SAMN06330212,CP181510.1,Enterobacter spp,0
SAMN06330212,CP181511.1,Enterobacter spp,0
SAMN06330210,CP181512.1,Enterobacter spp,2
SAMN06330210,CP181513.1,Enterobacter spp,0
SAMN06330210,CP181514.1,Enterobacter spp,0
SAMN06330210,CP181515.1,Enterobacter spp,0
SAMN06330210,CP181516.1,Enterobacter spp,0
SAMN06330210,CP181517.1,Enterobacter spp,0
SAMN06330210,CP181518.1,Enterobacter spp,0
SAMN06330174,CP181524.1,Enterobacter spp,1
SAMN06330174,CP181525.1,Enterobacter spp,0
SAMN06330174,CP181526.1,Enterobacter spp,0
SAMN06330174,CP181527.1,Enterobacter spp,0
SAMN06330174,CP181528.1,Enterobacter spp,0
SAMN06330174,CP181529.1,Enterobacter spp,0
SAMN42539917,CP181616.1,Enterobacter spp,4
SAMN42539917,CP181617.1,Enterobacter spp,0
SAMN42539917,CP181618.1,Enterobacter spp,0
SAMN42539937,CP181657.1,Klebsiella pneumoniae,1
SAMN42539937,CP181658.1,Klebsiella pneumoniae,0
SAMN42539937,CP181659.1,Klebsiella pneumoniae,0
SAMN42540002,CP181668.1,Enterobacter spp,6
SAMN42540002,CP181669.1,Enterobacter spp,0
SAMN42539994,CP181672.1,Citrobacter spp,4
SAMN42539994,CP181673.1,Citrobacter spp,0
SAMN42539994,CP181674.1,Citrobacter spp,0
SAMN42539002,CP181752.1,Enterobacter spp,4
SAMN42539002,CP181753.1,Enterobacter spp,0
SAMN42539002,CP181754.1,Enterobacter spp,0
SAMN42539002,CP181755.1,Enterobacter spp,0
SAMN42540076,CP181762.1,Enterobacter spp,2
SAMN42540076,CP181763.1,Enterobacter spp,0
SAMN42540076,CP181764.1,Enterobacter spp,0
SAMN42539107,CP181839.1,Enterobacter spp,2
SAMN42539107,CP181840.1,Enterobacter spp,0
SAMN42539107,CP181841.1,Enterobacter spp,0
SAMN42539104,CP181842.1,Enterobacter spp,2
SAMN42539104,CP181843.1,Enterobacter spp,0
SAMN42539104,CP181844.1,Enterobacter spp,0
SAMN42539104,CP181845.1,Enterobacter spp,0
SAMN42539101,CP181846.1,Enterobacter spp,1
SAMN42539101,CP181847.1,Enterobacter spp,0
SAMN42539101,CP181848.1,Enterobacter spp,0
SAMN42539101,CP181849.1,Enterobacter spp,0
SAMN42539101,CP181850.1,Enterobacter spp,0
SAMN42539098,CP181851.1,Proteus spp,5
SAMN42539098,CP181852.1,Proteus spp,0
SAMN42539098,CP181853.1,Proteus spp,0
SAMN42539093,CP181857.1,Acinetobacter baumannii,1
SAMN42539093,CP181858.1,Acinetobacter baumannii,0
SAMN42539093,CP181859.1,Acinetobacter baumannii,0
SAMN42539090,CP181860.1,Enterobacter spp,2
SAMN42539090,CP181861.1,Enterobacter spp,0
SAMN42539090,CP181862.1,Enterobacter spp,0
SAMN42539090,CP181863.1,Enterobacter spp,0
SAMN42539089,CP181864.1,Enterobacter spp,2
SAMN42539089,CP181865.1,Enterobacter spp,0
SAMN42539087,CP181868.1,Enterobacter spp,2
SAMN42539087,CP181869.1,Enterobacter spp,0
SAMN42539175,CP181900.1,Enterobacter spp,4
SAMN42539175,CP181901.1,Enterobacter spp,0
SAMN42539175,CP181902.1,Enterobacter spp,0
SAMN42539186,CP181955.1,Pseudomonas aeruginosa,2
SAMN42539186,CP181956.1,Pseudomonas aeruginosa,0
SAMN42539184,CP181957.1,Citrobacter spp,5
SAMN42539184,CP181958.1,Citrobacter spp,0
SAMN42539184,CP181959.1,Citrobacter spp,0
SAMN42539184,CP181960.1,Citrobacter spp,0
SAMN42539204,CP181997.1,Morganella morganii,6
SAMN42539204,CP181998.1,Morganella morganii,0
SAMN42539262,CP182050.1,Klebsiella pneumoniae,1
SAMN42539262,CP182051.1,Klebsiella pneumoniae,0
SAMN42539262,CP182052.1,Klebsiella pneumoniae,0
SAMN42539252,CP182066.1,Enterobacter spp,3
SAMN42539252,CP182067.1,Enterobacter spp,0
SAMN42539252,CP182068.1,Enterobacter spp,0
SAMN42539252,CP182069.1,Enterobacter spp,0
SAMN42539270,CP182094.1,Enterobacter spp,2
SAMN42539270,CP182095.1,Enterobacter spp,0
SAMN46348932,CP182120.1,Salmonella enterica,5
SAMN46348932,CP182121.1,Salmonella enterica,0
SAMN46349329,CP182122.1,Salmonella enterica,5
SAMN46349329,CP182123.1,Salmonella enterica,0
SAMN46349329,CP182124.1,Salmonella enterica,0
SAMN46349329,CP182125.1,Salmonella enterica,0
SAMN46349329,CP182126.1,Salmonella enterica,0
SAMN46349329,CP182127.1,Salmonella enterica,0
SAMN44269493,CP182241.1,Enterobacter spp,2
SAMN46862938,CP182513.1,Campylobacter spp,0
SAMN46862940,CP182514.1,Staphylococcus aureus,1
SAMN46862834,CP182694.1,Klebsiella pneumoniae,1
SAMN46862834,CP182695.1,Klebsiella pneumoniae,0
SAMN46862834,CP182696.1,Klebsiella pneumoniae,0
SAMN46862830,CP182700.1,Klebsiella pneumoniae,4
SAMN46862830,CP182701.1,Klebsiella pneumoniae,0
SAMN46968739,CP182884.1,Klebsiella pneumoniae,0
SAMN46968739,CP182885.1,Klebsiella pneumoniae,0
SAMN46188678,CP182926.1,Citrobacter spp,5
SAMN46188678,CP182927.1,Citrobacter spp,0
SAMN46188678,CP182928.1,Citrobacter spp,0
SAMN46188678,CP182929.1,Citrobacter spp,0
SAMN46188678,CP182930.1,Citrobacter spp,0
SAMN46188678,CP182931.1,Citrobacter spp,0
SAMN46188678,CP182932.1,Citrobacter spp,0
SAMN46188680,CP183032.1,Enterobacter spp,6
SAMN46188680,CP183033.1,Enterobacter spp,0
SAMN46188680,CP183034.1,Enterobacter spp,0
SAMN46474823,CP183218.1,Serratia spp,1
SAMN46474823,CP183219.1,Serratia spp,0
SAMN46474823,CP183220.1,Serratia spp,0
SAMN46474946,CP183221.1,Serratia spp,1
SAMN46474822,CP183242.1,Serratia spp,5
SAMN46474822,CP183243.1,Serratia spp,0
SAMN46474952,CP183244.1,Serratia spp,2
SAMN46474773,CP183288.1,Serratia spp,2
SAMN46474773,CP183289.1,Serratia spp,0
SAMN46474773,CP183290.1,Serratia spp,0
SAMN46474773,CP183291.1,Serratia spp,0
SAMN46474961,CP183417.1,Serratia spp,3
SAMN47217336,CP183425.1,Serratia spp,1
SAMN47234339,CP183849.1,Enterobacter spp,5
SAMN47234339,CP183850.1,Enterobacter spp,0
SAMN47234339,CP183851.1,Enterobacter spp,0
SAMN47234339,CP183852.1,Enterobacter spp,0
SAMN47234532,CP183859.1,Enterobacter spp,5
SAMN47234532,CP183860.1,Enterobacter spp,0
SAMN47234532,CP183861.1,Enterobacter spp,0
SAMN47234532,CP183862.1,Enterobacter spp,0
SAMN47234532,CP183863.1,Enterobacter spp,0
SAMN47234532,CP183864.1,Enterobacter spp,0
SAMN46716648,CP184234.1,Enterococcus faecium,2
SAMN46716648,CP184235.1,Enterococcus faecium,0
SAMN46716648,CP184236.1,Enterococcus faecium,0
SAMN46716648,CP184237.1,Enterococcus faecium,0
SAMN46716648,CP184238.1,Enterococcus faecium,0
SAMN47309156,CP184549.1,Staphylococcus aureus,1
SAMN47309156,CP184550.1,Staphylococcus aureus,0
SAMN44464164,CP184583.1,Acinetobacter baumannii,2
SAMN44464164,CP184584.1,Acinetobacter baumannii,0
SAMN44464159,CP184593.1,Acinetobacter baumannii,2
SAMN44464159,CP184594.1,Acinetobacter baumannii,0
SAMN47081167,CP184642.1,Pseudomonas aeruginosa,6
SAMN37453706,CP184803.1,Vibrio cholerae,0
SAMN37453706,CP184804.1,Vibrio cholerae,0
SAMN37722528,CP184805.1,Vibrio cholerae,0
SAMN37722528,CP184806.1,Vibrio cholerae,0
SAMN37722527,CP184807.1,Vibrio cholerae,0
SAMN37722527,CP184808.1,Vibrio cholerae,0
SAMN38197351,CP184809.1,Vibrio cholerae,0
SAMN38197351,CP184810.1,Vibrio cholerae,0
SAMN42382016,CP184877.1,Serratia spp,4
SAMN42382016,CP184878.1,Serratia spp,0
SAMN47402713,CP184879.1,Salmonella enterica,2
SAMN47402713,CP184880.1,Salmonella enterica,0
SAMN47402713,CP184881.1,Salmonella enterica,0
SAMN47402713,CP184882.1,Salmonella enterica,0
SAMN47164845,CP185056.1,Klebsiella pneumoniae,0
SAMN47164845,CP185057.1,Klebsiella pneumoniae,0
SAMN47164845,CP185058.1,Klebsiella pneumoniae,2
SAMN47164853,CP185080.1,Klebsiella pneumoniae,0
SAMN47164853,CP185081.1,Klebsiella pneumoniae,0
SAMN47164853,CP185082.1,Klebsiella pneumoniae,3
SAMN47164876,CP185155.1,Klebsiella pneumoniae,3
SAMN47164876,CP185156.1,Klebsiella pneumoniae,0
SAMN47164876,CP185157.1,Klebsiella pneumoniae,0
SAMN47164886,CP185191.1,Klebsiella pneumoniae,4
SAMN47164886,CP185192.1,Klebsiella pneumoniae,0
SAMN47164886,CP185193.1,Klebsiella pneumoniae,0
SAMN47164900,CP185232.1,Klebsiella pneumoniae,3
SAMN47164900,CP185233.1,Klebsiella pneumoniae,0
SAMN47164900,CP185234.1,Klebsiella pneumoniae,0
SAMN47436145,CP185285.1,Streptococcus pneumoniae,0
SAMN47438240,CP185292.1,Proteus spp,3
SAMN47438240,CP185293.1,Proteus spp,0
SAMN45816678,CP185772.1,Acinetobacter baumannii,1
SAMN47485640,CP185780.1,Enterococcus faecalis,0
SAMN47543059,CP185808.1,Salmonella enterica,6
SAMN47543059,CP185809.1,Salmonella enterica,0
SAMN47543059,CP185810.1,Salmonella enterica,0
SAMN47543059,CP185811.1,Salmonella enterica,0
SAMN47379534,CP185855.1,Neisseria spp,0
SAMN47379564,CP185858.1,Neisseria spp,2
SAMN47236037,CP186004.1,Bacillus subtilis,2
SAMN47329967,CP186042.1,Citrobacter spp,7
SAMN47329967,CP186043.1,Citrobacter spp,0
SAMN47329967,CP186044.1,Citrobacter spp,0
SAMN47329967,CP186045.1,Citrobacter spp,0
SAMN47329967,CP186046.1,Citrobacter spp,0
SAMN47329967,CP186047.1,Citrobacter spp,0
SAMN47329967,CP186048.1,Citrobacter spp,0
SAMN47329967,CP186049.1,Citrobacter spp,0
SAMN47329967,CP186050.1,Citrobacter spp,0
SAMN44266161,CP186367.1,Klebsiella pneumoniae,0
SAMN44266161,CP186368.1,Klebsiella pneumoniae,0
SAMN44266161,CP186369.1,Klebsiella pneumoniae,0
SAMN44266161,CP186370.1,Klebsiella pneumoniae,2
SAMN44266161,CP186371.1,Klebsiella pneumoniae,0
SAMN44266161,CP186372.1,Klebsiella pneumoniae,0
SAMN47743198,CP186539.1,Proteus spp,5
SAMN47433515,CP186928.1,Serratia spp,2
SAMN47433515,CP186929.1,Serratia spp,0
SAMN47433515,CP186930.1,Serratia spp,0
SAMN47823672,CP187118.1,Citrobacter spp,5
SAMN47823672,CP187119.1,Citrobacter spp,0
SAMN47823672,CP187120.1,Citrobacter spp,0
SAMN47823672,CP187121.1,Citrobacter spp,0
SAMN47732629,CP187263.1,Streptococcus agalactiae,0
SAMN47732628,CP187264.1,Streptococcus agalactiae,0
SAMN47784081,CP187269.1,Pseudomonas aeruginosa,3
SAMN47784078,CP187272.1,Pseudomonas aeruginosa,3
SAMN48002405,CP187577.1,Bacillus subtilis,2
SAMN48002405,CP187578.1,Bacillus subtilis,0
SAMN48008029,CP187579.1,Acinetobacter baumannii,4
SAMN48008029,CP187580.1,Acinetobacter baumannii,0
SAMN48008029,CP187581.1,Acinetobacter baumannii,0
SAMN48008029,CP187582.1,Acinetobacter baumannii,0
SAMN46777069,CP187730.1,Pseudomonas aeruginosa,5
SAMN46777069,CP187731.1,Pseudomonas aeruginosa,0
SAMN48049884,CP187944.1,Proteus spp,4
SAMN48076195,CP188116.1,Bacillus subtilis,2
SAMN47804650,CP188268.1,Helicobacter pylori,0
SAMN48110907,CP188291.1,Acinetobacter baumannii,0
SAMN48110907,CP188292.1,Acinetobacter baumannii,0
SAMN48110907,CP188293.1,Acinetobacter baumannii,0
SAMN48140729,CP189712.1,Enterococcus faecium,1
SAMN48140729,CP189713.1,Enterococcus faecium,0
SAMN48140729,CP189714.1,Enterococcus faecium,0
SAMN48140729,CP189715.1,Enterococcus faecium,0
SAMN48179116,CP189754.1,Proteus spp,4
SAMN48179135,CP189755.1,Proteus spp,4
SAMN48179157,CP189757.1,Proteus spp,2
SAMN48179273,CP189758.1,Proteus spp,4
SAMN48176790,CP189768.1,Proteus spp,3
SAMN48176839,CP189769.1,Proteus spp,3
SAMN48176840,CP189770.1,Proteus spp,5
SAMN48177063,CP189771.1,Proteus spp,3
SAMN48177285,CP189772.1,Proteus spp,3
SAMN48177315,CP189773.1,Proteus spp,3
SAMN48175400,CP189777.1,Proteus spp,5
SAMN48147354,CP189877.1,Salmonella enterica,0
SAMN48147354,CP189878.1,Salmonella enterica,0
SAMN48147354,CP189879.1,Salmonella enterica,6
SAMN48265412,CP189885.1,Enterobacter spp,4
SAMN48265412,CP189886.1,Enterobacter spp,0
SAMN48265412,CP189887.1,Enterobacter spp,0
SAMN41936526,CP190370.1,Acinetobacter baumannii,1
SAMN41936526,CP190371.1,Acinetobacter baumannii,1
SAMN41936526,CP190372.1,Acinetobacter baumannii,0
SAMN41936526,CP190373.1,Acinetobacter baumannii,0
SAMN41936526,CP190374.1,Acinetobacter baumannii,0
SAMN41934855,CP190387.1,Acinetobacter baumannii,3
SAMN41934855,CP190388.1,Acinetobacter baumannii,0
SAMN48324061,CP190400.1,Enterococcus faecium,2
SAMN48324061,CP190401.1,Enterococcus faecium,0
SAMN48324061,CP190402.1,Enterococcus faecium,0
SAMN48373674,CP191185.1,Enterobacter spp,1
SAMN48373674,CP191186.1,Enterobacter spp,0
SAMN48131564,CP191190.1,Streptococcus agalactiae,2
SAMN48131565,CP191191.1,Streptococcus agalactiae,2
SAMN48131567,CP191192.1,Streptococcus agalactiae,2
SAMN48131568,CP191193.1,Streptococcus agalactiae,2
SAMN48131569,CP191194.1,Streptococcus agalactiae,3
SAMN48131570,CP191195.1,Streptococcus agalactiae,3
SAMN48131571,CP191196.1,Streptococcus agalactiae,2
SAMN48131572,CP191197.1,Streptococcus agalactiae,2
SAMN48131573,CP191198.1,Streptococcus agalactiae,2
SAMN48131574,CP191199.1,Streptococcus agalactiae,2
SAMN48251357,CP191236.1,Staphylococcus aureus,3
SAMN48251357,CP191237.1,Staphylococcus aureus,0
SAMN48287891,CP191244.1,Acinetobacter baumannii,2
SAMN48287891,CP191245.1,Acinetobacter baumannii,0
SAMN48287891,CP191246.1,Acinetobacter baumannii,0
SAMN48287891,CP191247.1,Acinetobacter baumannii,0
SAMN48387115,CP191283.1,Enterococcus faecalis,2
SAMN48387115,CP191284.1,Enterococcus faecalis,0
SAMN48387111,CP191290.1,Enterococcus faecalis,2
SAMN48387106,CP191302.1,Enterococcus faecalis,1
SAMN48387106,CP191303.1,Enterococcus faecalis,0
SAMN48387106,CP191304.1,Enterococcus faecalis,0
SAMN48387105,CP191305.1,Enterococcus faecalis,1
SAMN48387105,CP191306.1,Enterococcus faecalis,0
SAMN48387105,CP191307.1,Enterococcus faecalis,0
SAMN48387105,CP191308.1,Enterococcus faecalis,0
SAMN48387104,CP191309.1,Enterococcus faecalis,3
SAMN48387104,CP191310.1,Enterococcus faecalis,0
SAMN48387104,CP191311.1,Enterococcus faecalis,0
SAMN48387104,CP191312.1,Enterococcus faecalis,0
SAMN48387103,CP191313.1,Enterococcus faecalis,1
SAMN48387103,CP191314.1,Enterococcus faecalis,0
SAMN48387103,CP191315.1,Enterococcus faecalis,0
SAMN48387103,CP191316.1,Enterococcus faecalis,0
SAMN48387103,CP191317.1,Enterococcus faecalis,0
SAMN48387103,CP191318.1,Enterococcus faecalis,0
SAMN48439641,CP191367.1,Vibrio cholerae,0
SAMN48439641,CP191368.1,Vibrio cholerae,0
SAMN48433961,CP191461.1,Serratia spp,5
SAMN48433961,CP191462.1,Serratia spp,0
SAMN48433961,CP191463.1,Serratia spp,0
SAMN47409569,CP191542.1,Proteus spp,3
SAMN47409569,CP191543.1,Proteus spp,0
SAMN48311433,CP191634.1,Acinetobacter baumannii,5
SAMN48311433,CP191635.1,Acinetobacter baumannii,0
SAMN48311433,CP191636.1,Acinetobacter baumannii,0
SAMN48311433,CP191637.1,Acinetobacter baumannii,0
SAMN48330209,CP191658.1,Acinetobacter baumannii,3
SAMN48330209,CP191659.1,Acinetobacter baumannii,0
SAMN48330209,CP191660.1,Acinetobacter baumannii,0
SAMN48330209,CP191661.1,Acinetobacter baumannii,0
SAMN48541670,CP191789.1,Enterococcus faecium,0
SAMN48541670,CP191790.1,Enterococcus faecium,0
SAMN48541670,CP191791.1,Enterococcus faecium,0
SAMN48541670,CP191792.1,Enterococcus faecium,0
SAMN48541670,CP191793.1,Enterococcus faecium,0
SAMN48541670,CP191794.1,Enterococcus faecium,0
SAMN48541670,CP191795.1,Enterococcus faecium,0
SAMN48541670,CP191796.1,Enterococcus faecium,0
SAMN48541670,CP191797.1,Enterococcus faecium,0
SAMN48541670,CP191798.1,Enterococcus faecium,0
SAMN48537162,CP192213.1,Staphylococcus aureus,2
SAMN48537165,CP192214.1,Staphylococcus aureus,2
SAMN38505510,CP192222.1,Enterobacter spp,6
SAMN38505510,CP192223.1,Enterobacter spp,0
SAMN38505510,CP192224.1,Enterobacter spp,0
SAMN38505510,CP192225.1,Enterobacter spp,0
SAMN38505510,CP192226.1,Enterobacter spp,0
SAMN38505510,CP192227.1,Enterobacter spp,0
SAMN48528241,CP192230.1,Enterococcus faecium,0
SAMN48528241,CP192231.1,Enterococcus faecium,0
SAMN48528241,CP192232.1,Enterococcus faecium,0
SAMN48528241,CP192233.1,Enterococcus faecium,0
SAMN48528241,CP192234.1,Enterococcus faecium,0
SAMN48528241,CP192235.1,Enterococcus faecium,0
SAMN48528241,CP192236.1,Enterococcus faecium,0
SAMN48528241,CP192237.1,Enterococcus faecium,0
SAMN48528241,CP192238.1,Enterococcus faecium,0
SAMN48528241,CP192239.1,Enterococcus faecium,0
SAMN48599184,CP192440.1,Bacillus subtilis,1
SAMN47409567,CP192503.1,Proteus spp,2
SAMN47409567,CP192504.1,Proteus spp,0
SAMN47409568,CP192505.1,Proteus spp,3
SAMN47409568,CP192506.1,Proteus spp,0
SAMN48627459,CP192508.2,Serratia spp,4
SAMN48692201,CP192613.1,Enterococcus faecium,2
SAMN48692201,CP192614.1,Enterococcus faecium,0
SAMN48692201,CP192615.1,Enterococcus faecium,0
SAMN48692201,CP192616.1,Enterococcus faecium,0
SAMN48692201,CP192617.1,Enterococcus faecium,0
SAMN48692201,CP192618.1,Enterococcus faecium,0
SAMN48403495,CP192817.1,Staphylococcus aureus,3
SAMN48403495,CP192818.1,Staphylococcus aureus,0
SAMN48403503,CP192834.1,Staphylococcus aureus,0
SAMN48403503,CP192835.1,Staphylococcus aureus,2
SAMN48673917,CP193906.1,Pseudomonas aeruginosa,4
SAMN48634510,CP193956.1,Salmonella enterica,4
SAMN48634510,CP193957.1,Salmonella enterica,0
SAMN48480600,CP193986.1,Serratia spp,5
SAMN48480601,CP193987.1,Serratia spp,5
SAMN48480602,CP193988.1,Serratia spp,5
SAMN48529848,CP193989.1,Klebsiella pneumoniae,2
SAMN48529848,CP193990.1,Klebsiella pneumoniae,0
SAMN48529849,CP193991.1,Klebsiella pneumoniae,5
SAMN48529849,CP193992.1,Klebsiella pneumoniae,0
SAMN48529849,CP193993.1,Klebsiella pneumoniae,0
SAMN48529850,CP193994.1,Klebsiella pneumoniae,5
SAMN48529850,CP193995.1,Klebsiella pneumoniae,0
SAMN48529850,CP193996.1,Klebsiella pneumoniae,0
SAMN48529850,CP193997.1,Klebsiella pneumoniae,0
SAMN48800047,CP194217.1,Bacillus subtilis,2
SAMN48800046,CP194218.1,Bacillus subtilis,2
SAMN48785412,CP194220.1,Enterococcus faecalis,2
SAMN48785412,CP194221.1,Enterococcus faecalis,0
SAMN48785412,CP194222.1,Enterococcus faecalis,0
SAMN48785412,CP194223.1,Enterococcus faecalis,0
SAMN48785412,CP194224.1,Enterococcus faecalis,0
SAMN48627458,CP194226.1,Serratia spp,4
SAMN48737546,CP194263.1,Salmonella enterica,3
SAMN48737546,CP194264.1,Salmonella enterica,0
SAMN48737546,CP194265.1,Salmonella enterica,0
SAMN48737546,CP194266.1,Salmonella enterica,0
SAMN48737546,CP194267.1,Salmonella enterica,0
SAMN48762826,CP194345.1,Citrobacter spp,4
SAMN48696004,CP194356.1,Morganella morganii,3
SAMN48554265,CP194385.1,Acinetobacter baumannii,4
SAMN44771345,CP194674.1,Vibrio cholerae,0
SAMN44771345,CP194675.1,Vibrio cholerae,0
SAMN44771345,CP194676.1,Vibrio cholerae,0
SAMN48924555,CP194919.1,Citrobacter spp,5
SAMN48924555,CP194920.1,Citrobacter spp,0
SAMN48924555,CP194921.1,Citrobacter spp,0
SAMN48924555,CP194922.1,Citrobacter spp,0
SAMN48924555,CP194923.1,Citrobacter spp,0
SAMN48924555,CP194924.1,Citrobacter spp,0
SAMN48924555,CP194925.1,Citrobacter spp,0
SAMN48924555,CP194926.1,Citrobacter spp,0
SAMN49463586,CP195229.1,Serratia spp,1
SAMN49510496,CP195298.1,Enterococcus faecium,0
SAMN49510496,CP195299.1,Enterococcus faecium,0
SAMN49510496,CP195300.1,Enterococcus faecium,0
SAMN49510496,CP195301.1,Enterococcus faecium,0
SAMN49510496,CP195302.1,Enterococcus faecium,0
SAMN48941823,CP195313.1,Enterococcus faecalis,0
SAMN49607949,CP195320.1,Pseudomonas aeruginosa,6
SAMN49607935,CP195324.1,Pseudomonas aeruginosa,6
SAMN49607935,CP195325.1,Pseudomonas aeruginosa,0
SAMN49276936,CP195633.1,Pseudomonas aeruginosa,4
SAMN49276936,CP195634.1,Pseudomonas aeruginosa,0
SAMN49672667,CP195675.1,Acinetobacter baumannii,3
SAMN49672667,CP195676.1,Acinetobacter baumannii,0
SAMN49672667,CP195677.1,Acinetobacter baumannii,0
SAMN49672667,CP195678.1,Acinetobacter baumannii,0
SAMN49672662,CP195693.1,Acinetobacter baumannii,2
SAMN49672662,CP195694.1,Acinetobacter baumannii,0
SAMN49672661,CP195695.1,Acinetobacter baumannii,1
SAMN49672661,CP195696.1,Acinetobacter baumannii,0
SAMN49672661,CP195697.1,Acinetobacter baumannii,0
SAMN49672660,CP195698.1,Acinetobacter baumannii,1
SAMN49672660,CP195699.1,Acinetobacter baumannii,0
SAMN49672657,CP195705.1,Acinetobacter baumannii,3
SAMN49672657,CP195706.1,Acinetobacter baumannii,0
SAMN49880609,CP195881.1,Staphylococcus aureus,2
SAMN49880609,CP195882.1,Staphylococcus aureus,0
SAMN49275896,CP195991.1,Acinetobacter baumannii,3
SAMN49275896,CP195992.1,Acinetobacter baumannii,1
SAMN49275896,CP195993.1,Acinetobacter baumannii,0
SAMN49745972,CP195994.1,Acinetobacter baumannii,1
SAMN49745972,CP195995.1,Acinetobacter baumannii,0
SAMN49745971,CP195996.1,Acinetobacter baumannii,2
SAMN49745971,CP195997.1,Acinetobacter baumannii,0
SAMN49745971,CP195998.1,Acinetobacter baumannii,0
SAMN49745971,CP195999.1,Acinetobacter baumannii,0
SAMN49745971,CP196000.1,Acinetobacter baumannii,0
SAMN49815919,CP196011.1,Enterococcus faecalis,2
SAMN49815919,CP196012.1,Enterococcus faecalis,0
SAMN49815919,CP196013.1,Enterococcus faecalis,0
SAMN49815919,CP196014.1,Enterococcus faecalis,0
SAMN49815919,CP196015.1,Enterococcus faecalis,0
SAMN49947234,CP196035.1,Enterococcus faecium,2
SAMN49947234,CP196036.1,Enterococcus faecium,0
SAMN49947234,CP196037.1,Enterococcus faecium,0
SAMN49947234,CP196038.1,Enterococcus faecium,0
SAMN49947234,CP196039.1,Enterococcus faecium,0
SAMN49815850,CP196195.1,Proteus spp,5
SAMN49815850,CP196196.1,Proteus spp,0
SAMN49815850,CP196197.1,Proteus spp,0
SAMN49815850,CP196198.1,Proteus spp,0
SAMN49815850,CP196199.1,Proteus spp,0
SAMN49815850,CP196200.1,Proteus spp,0
SAMN49815849,CP196207.1,Proteus spp,2
SAMN49815849,CP196208.1,Proteus spp,0
SAMN49815849,CP196209.1,Proteus spp,0
SAMN49815849,CP196210.1,Proteus spp,0
SAMN49815532,CP196282.1,Enterobacter spp,4
SAMN49815532,CP196283.1,Enterobacter spp,0
SAMN49815532,CP196284.1,Enterobacter spp,0
SAMN48998441,CP196503.1,Serratia spp,2
SAMN48998441,CP196504.1,Serratia spp,0
SAMN48998442,CP196505.1,Serratia spp,1
SAMN48998442,CP196506.1,Serratia spp,0
SAMN48998443,CP196510.1,Serratia spp,1
SAMN48998443,CP196511.1,Serratia spp,0
SAMN48998444,CP196512.1,Serratia spp,1
SAMN48998444,CP196513.1,Serratia spp,0
SAMN48998445,CP196517.1,Serratia spp,1
SAMN48998447,CP196529.1,Serratia spp,1
SAMN48998448,CP196531.1,Serratia spp,0
SAMN48998448,CP196532.1,Serratia spp,0
SAMN48998448,CP196533.1,Serratia spp,0
SAMN48998456,CP196534.1,Serratia spp,1
SAMN48998450,CP196541.1,Serratia spp,4
SAMN48998450,CP196542.1,Serratia spp,0
SAMN48998454,CP196543.1,Serratia spp,0
SAMN48998451,CP196545.1,Serratia spp,4
SAMN48998451,CP196546.1,Serratia spp,0
SAMN49713707,CP196621.1,Vibrio cholerae,2
SAMN49713707,CP196622.1,Vibrio cholerae,1
SAMN49713706,CP196623.1,Vibrio cholerae,2
SAMN49713706,CP196624.1,Vibrio cholerae,1
SAMN49713705,CP196625.1,Vibrio cholerae,2
SAMN49713705,CP196626.1,Vibrio cholerae,1
SAMN49530532,CP196627.1,Neisseria spp,1
SAMN49530532,CP196628.1,Neisseria spp,0
SAMN49715297,CP196652.1,Klebsiella pneumoniae,1
SAMN49715297,CP196653.1,Klebsiella pneumoniae,0
SAMN49764163,CP196749.1,Pseudomonas aeruginosa,5
SAMN50219890,CP196825.1,Bacillus subtilis,2
SAMN50220374,CP196826.1,Bacillus subtilis,2
SAMN50220374,CP196827.1,Bacillus subtilis,0
SAMN50012554,CP196885.1,Acinetobacter baumannii,1
SAMN50012554,CP196886.1,Acinetobacter baumannii,0
SAMN48008028,CP196930.1,Acinetobacter baumannii,4
SAMN48008028,CP196931.1,Acinetobacter baumannii,0
SAMN48008028,CP196932.1,Acinetobacter baumannii,0
SAMN50224400,CP196940.1,Serratia spp,2
SAMN48008033,CP196985.1,Acinetobacter baumannii,3
SAMN48008033,CP196986.1,Acinetobacter baumannii,0
SAMN48144074,CP197036.1,Enterococcus faecium,0
SAMN48144074,CP197037.1,Enterococcus faecium,0
SAMN48144074,CP197038.1,Enterococcus faecium,1
SAMN48144074,CP197039.1,Enterococcus faecium,0
SAMN48144074,CP197040.1,Enterococcus faecium,0
SAMN48144074,CP197041.1,Enterococcus faecium,0
SAMN48144074,CP197042.1,Enterococcus faecium,0
SAMN48144074,CP197043.1,Enterococcus faecium,0
SAMN48144074,CP197044.1,Enterococcus faecium,0
SAMN48144074,CP197045.1,Enterococcus faecium,0
SAMN48144073,CP197046.1,Enterococcus faecium,0
SAMN48144073,CP197047.1,Enterococcus faecium,0
SAMN48144073,CP197048.1,Enterococcus faecium,0
SAMN48144073,CP197049.1,Enterococcus faecium,0
SAMN48144073,CP197050.1,Enterococcus faecium,2
SAMN48144073,CP197051.1,Enterococcus faecium,0
SAMN48144073,CP197052.1,Enterococcus faecium,0
SAMN50044680,CP197159.1,Salmonella enterica,6
SAMN50044680,CP197160.1,Salmonella enterica,0
SAMN50044680,CP197161.1,Salmonella enterica,0
SAMN50044680,CP197162.1,Salmonella enterica,0
SAMN49980336,CP197183.1,Serratia spp,3
SAMN49980336,CP197184.1,Serratia spp,0
SAMN49972400,CP197294.1,Enterococcus faecalis,0
SAMN49972400,CP197295.1,Enterococcus faecalis,0
SAMN49972395,CP197305.1,Enterococcus faecalis,0
SAMN49972395,CP197306.1,Enterococcus faecalis,0
SAMN49972395,CP197307.1,Enterococcus faecalis,5
SAMN49972395,CP197308.1,Enterococcus faecalis,0
SAMN49972395,CP197309.1,Enterococcus faecalis,0
SAMN49972394,CP197310.1,Enterococcus faecalis,0
SAMN49972394,CP197311.1,Enterococcus faecalis,0
SAMN49972394,CP197312.1,Enterococcus faecalis,2
SAMN49972391,CP197315.1,Enterococcus faecalis,0
SAMN49972391,CP197316.1,Enterococcus faecalis,2
SAMN49972391,CP197317.1,Enterococcus faecalis,0
SAMN49972390,CP197318.1,Enterococcus faecalis,0
SAMN49972390,CP197319.1,Enterococcus faecalis,1
SAMN49972389,CP197320.1,Enterococcus faecalis,2
SAMN49972389,CP197321.1,Enterococcus faecalis,0
SAMN49972392,CP197322.1,Enterococcus faecalis,2
SAMN49972392,CP197323.1,Enterococcus faecalis,0
SAMN50488490,CP197340.1,Bacillus subtilis,3
SAMN50488492,CP197342.1,Bacillus subtilis,3
SAMN50229541,CP197381.1,Citrobacter spp,4
SAMN50577968,CP197440.1,Neisseria spp,0
SAMN50577969,CP197441.1,Neisseria spp,0
SAMN50577974,CP197445.1,Neisseria spp,0
SAMN50577975,CP197446.1,Neisseria spp,0
SAMN50577976,CP197447.1,Neisseria spp,0
SAMN50577971,CP197451.1,Neisseria spp,0
SAMN49384630,CP197452.1,Enterococcus faecium,2
SAMN49384630,CP197453.1,Enterococcus faecium,0
SAMN49384630,CP197454.1,Enterococcus faecium,0
SAMN49384630,CP197455.1,Enterococcus faecium,0
SAMN49384630,CP197456.1,Enterococcus faecium,0
SAMN49384630,CP197457.1,Enterococcus faecium,0
SAMN49384630,CP197458.1,Enterococcus faecium,0
SAMN49384630,CP197459.1,Enterococcus faecium,0
SAMN49384630,CP197460.1,Enterococcus faecium,0
SAMN49384630,CP197461.1,Enterococcus faecium,0
SAMN49384630,CP197462.1,Enterococcus faecium,0
SAMN50651635,CP197592.1,Acinetobacter baumannii,0
SAMN50672281,CP197656.1,Bacillus subtilis,2
SAMN50253103,CP198952.1,Staphylococcus aureus,1
SAMN50262439,CP198967.1,Bacillus subtilis,2
SAMN49764496,CP199502.1,Streptococcus pneumoniae,0
SAMN49764495,CP199503.1,Streptococcus pneumoniae,0
SAMN49764495,CP199504.1,Streptococcus pneumoniae,0
SAMN49790976,CP199525.1,Enterobacter spp,6
SAMN49790976,CP199526.1,Enterobacter spp,0
SAMN49790976,CP199527.1,Enterobacter spp,0
SAMN49790976,CP199528.1,Enterobacter spp,0
SAMN49790976,CP199529.1,Enterobacter spp,0
SAMN49790976,CP199530.1,Enterobacter spp,0
SAMN51164848,CP199762.1,Citrobacter spp,4
SAMN51164389,CP199763.1,Citrobacter spp,4
SAMN49516966,CP199765.1,Pseudomonas aeruginosa,2
SAMN49516966,CP199766.1,Pseudomonas aeruginosa,0
SAMN49516964,CP199768.1,Pseudomonas aeruginosa,2
SAMN49516964,CP199769.1,Pseudomonas aeruginosa,0
SAMN51178349,CP199779.1,Citrobacter spp,4
SAMN49516932,CP199792.1,Pseudomonas aeruginosa,4
SAMN49516870,CP199815.1,Pseudomonas aeruginosa,0
SAMN49516858,CP199818.1,Pseudomonas aeruginosa,4
SAMN49516795,CP199824.1,Pseudomonas aeruginosa,1
SAMN49516795,CP199825.1,Pseudomonas aeruginosa,0
SAMN51304262,CP199919.1,Streptococcus agalactiae,1
SAMN48840878,CP199963.1,Acinetobacter baumannii,0
SAMN48840878,CP199964.1,Acinetobacter baumannii,2
SAMN48840878,CP199965.1,Acinetobacter baumannii,0
SAMN48840878,CP199966.1,Acinetobacter baumannii,0
SAMN48840878,CP199967.1,Acinetobacter baumannii,0
SAMN48840878,CP199968.1,Acinetobacter baumannii,0
SAMN48840875,CP199975.1,Acinetobacter baumannii,0
SAMN48840875,CP199976.1,Acinetobacter baumannii,0
SAMN48840875,CP199977.1,Acinetobacter baumannii,3
SAMN50926487,CP199996.1,Staphylococcus aureus,1
SAMN49649500,CP200006.1,Klebsiella pneumoniae,3
SAMEA1705947,FM211187.1,Streptococcus pneumoniae,1
SAMEA2272745,FM999788.1,Neisseria spp,0
SAMEA2272698,FN598874.1,Helicobacter pylori,0
SAMEA2272698,FN665651.1,Helicobacter pylori,0
SAMEA3138387,FQ312027.1,Streptococcus pneumoniae,1
SAMEA3138386,FQ312029.1,Streptococcus pneumoniae,0
SAMEA3138393,FQ312039.1,Streptococcus pneumoniae,0
SAMEA3138390,FQ312043.1,Streptococcus pneumoniae,1
SAMEA3138392,FQ312044.2,Streptococcus pneumoniae,1
SAMEA3138389,FQ312045.1,Streptococcus pneumoniae,1
SAMEA3138342,FQ670178.1,Haemophilus influenzae,4
SAMEA2272570,FQ670204.1,Haemophilus influenzae,4
SAMEA2272690,FR774048.1,Neisseria spp,3
SAMEA2272272,HF952104.1,Streptococcus agalactiae,1
SAMEA2272371,HF952105.1,Streptococcus agalactiae,1
SAMEA3865279,HG316453.2,Streptococcus pyogenes,0
SAMEA2272227,HG326213.1,Salmonella enterica,4
SAMEA3138834,HG326223.1,Serratia spp,1
SAMEA3139000,HG939456.1,Streptococcus agalactiae,0
SAMEA2247639,LN680001.1,Bacillus subtilis,2
SAMEA2479571,LN831025.1,Campylobacter spp,0
SAMEA2479569,LN831034.1,Streptococcus pyogenes,4
SAMEA3751109,LN868200.1,Acinetobacter baumannii,0
SAMEA2517359,LN868943.1,Salmonella enterica,1
SAMEA2517359,LN868944.1,Salmonella enterica,0
SAMEA2517359,LN868945.1,Salmonella enterica,0
SAMEA2517359,LN868946.1,Salmonella enterica,0
SAMEA3485223,LN871187.1,Pseudomonas aeruginosa,1
SAMEA1904401,LN890520.1,Salmonella enterica,6
SAMEA1904401,LN890521.1,Salmonella enterica,0
SAMEA3715145,LN997846.1,Acinetobacter baumannii,1
SAMEA3715145,LN997847.1,Acinetobacter baumannii,0
SAMEA2272227,LN999012.1,Salmonella enterica,0
SAMEA104317636,LR027877.1,Staphylococcus aureus,2
SAMEA4805863,LR031521.1,Streptococcus pyogenes,2
SAMEA5092020,LR129840.1,Streptococcus pneumoniae,1
SAMEA5092023,LR129843.1,Streptococcus pneumoniae,1
SAMEA5092024,LR129844.1,Streptococcus pneumoniae,1
SAMEA5096234,LR130237.1,Streptococcus pyogenes,0
SAMEA5096236,LR130239.1,Streptococcus pyogenes,2
SAMEA4884426,LR132067.1,Enterococcus faecium,0
SAMEA4884426,LR132068.1,Enterococcus faecium,0
SAMEA4884531,LR134095.1,Enterococcus faecium,1
SAMEA4884531,LR134096.1,Enterococcus faecium,0
SAMEA4884531,LR134097.1,Enterococcus faecium,0
SAMEA4884790,LR134105.1,Enterococcus faecium,1
SAMEA4884790,LR134106.1,Enterococcus faecium,0
SAMEA4884790,LR134107.1,Enterococcus faecium,0
SAMEA4884790,LR134108.1,Enterococcus faecium,0
SAMEA4884790,LR134109.1,Enterococcus faecium,0
SAMEA4884790,LR134110.1,Enterococcus faecium,0
SAMEA4884790,LR134111.1,Enterococcus faecium,0
SAMEA4884790,LR134112.1,Enterococcus faecium,0
SAMEA4884790,LR134113.1,Enterococcus faecium,0
SAMEA3207623,LR134168.1,Haemophilus influenzae,1
SAMEA3222067,LR134205.1,Proteus spp,1
SAMEA3529271,LR134265.1,Streptococcus agalactiae,2
SAMEA3499041,LR134271.1,Staphylococcus aureus,3
SAMEA3632070,LR134284.1,Streptococcus pyogenes,4
SAMEA3679170,LR134294.1,Streptococcus pneumoniae,1
SAMEA3724096,LR134305.1,Staphylococcus aureus,2
SAMEA1046663,LR134312.1,Enterococcus faecalis,0
SAMEA3729937,LR134314.1,Streptococcus pyogenes,1
SAMEA104200675,LR134490.1,Haemophilus influenzae,3
SAMEA104167179,LR134497.1,Campylobacter spp,1
SAMEA104167186,LR134502.1,Campylobacter spp,0
SAMEA104167203,LR134507.1,Campylobacter spp,0
SAMEA104210798,LR134512.1,Streptococcus agalactiae,1
SAMEA104224786,LR134519.1,Helicobacter pylori,0
SAMEA104224788,LR134520.1,Streptococcus agalactiae,1
SAMEA104307687,LR134522.1,Neisseria spp,2
SAMEA104307690,LR134528.1,Neisseria spp,2
SAMEA4884646,LR135170.1,Enterococcus faecium,1
SAMEA4884646,LR135171.1,Enterococcus faecium,0
SAMEA4884646,LR135172.1,Enterococcus faecium,0
SAMEA4884646,LR135173.1,Enterococcus faecium,0
SAMEA4884683,LR135174.1,Enterococcus faecium,0
SAMEA4884683,LR135175.1,Enterococcus faecium,0
SAMEA4884683,LR135176.1,Enterococcus faecium,0
SAMEA4884683,LR135177.1,Enterococcus faecium,0
SAMEA4884683,LR135178.1,Enterococcus faecium,0
SAMEA4884718,LR135191.1,Enterococcus faecium,1
SAMEA4884718,LR135192.1,Enterococcus faecium,0
SAMEA4884718,LR135193.1,Enterococcus faecium,0
SAMEA4884718,LR135194.1,Enterococcus faecium,0
SAMEA4884718,LR135195.1,Enterococcus faecium,0
SAMEA4884718,LR135196.1,Enterococcus faecium,0
SAMEA4884801,LR135197.1,Enterococcus faecium,0
SAMEA4884801,LR135198.1,Enterococcus faecium,0
SAMEA4884801,LR135199.1,Enterococcus faecium,0
SAMEA4884801,LR135200.1,Enterococcus faecium,0
SAMEA4884801,LR135201.1,Enterococcus faecium,0
SAMEA4884801,LR135202.1,Enterococcus faecium,0
SAMEA4884924,LR135219.1,Enterococcus faecium,1
SAMEA4884924,LR135220.1,Enterococcus faecium,0
SAMEA4884924,LR135221.1,Enterococcus faecium,0
SAMEA4884924,LR135222.1,Enterococcus faecium,0
SAMEA4884924,LR135223.1,Enterococcus faecium,0
SAMEA4884924,LR135224.1,Enterococcus faecium,0
SAMEA4884924,LR135225.1,Enterococcus faecium,0
SAMEA4884910,LR135226.1,Enterococcus faecium,1
SAMEA4884910,LR135227.1,Enterococcus faecium,0
SAMEA4884910,LR135228.1,Enterococcus faecium,0
SAMEA4884910,LR135229.1,Enterococcus faecium,0
SAMEA4884910,LR135230.1,Enterococcus faecium,0
SAMEA4884910,LR135231.1,Enterococcus faecium,0
SAMEA4884910,LR135232.1,Enterococcus faecium,0
SAMEA4884910,LR135233.1,Enterococcus faecium,0
SAMEA4884910,LR135234.1,Enterococcus faecium,0
SAMEA4884945,LR135235.1,Enterococcus faecium,2
SAMEA4884945,LR135236.1,Enterococcus faecium,0
SAMEA4884945,LR135237.1,Enterococcus faecium,0
SAMEA4884945,LR135238.1,Enterococcus faecium,0
SAMEA4884945,LR135239.1,Enterococcus faecium,0
SAMEA4884945,LR135240.1,Enterococcus faecium,0
SAMEA4884945,LR135241.1,Enterococcus faecium,0
SAMEA4884945,LR135242.1,Enterococcus faecium,0
SAMEA4884735,LR135258.1,Enterococcus faecium,0
SAMEA4884735,LR135259.1,Enterococcus faecium,0
SAMEA4884735,LR135260.1,Enterococcus faecium,0
SAMEA4884735,LR135261.1,Enterococcus faecium,0
SAMEA4884735,LR135262.1,Enterococcus faecium,0
SAMEA4884735,LR135263.1,Enterococcus faecium,0
SAMEA4884735,LR135264.1,Enterococcus faecium,0
SAMEA4884735,LR135265.1,Enterococcus faecium,0
SAMEA4884735,LR135266.1,Enterococcus faecium,0
SAMEA4884735,LR135267.1,Enterococcus faecium,0
SAMEA4884735,LR135268.1,Enterococcus faecium,0
SAMEA4884735,LR135269.1,Enterococcus faecium,0
SAMEA4884860,LR135278.1,Enterococcus faecium,3
SAMEA4884860,LR135279.1,Enterococcus faecium,0
SAMEA4884860,LR135280.1,Enterococcus faecium,0
SAMEA4884860,LR135281.1,Enterococcus faecium,0
SAMEA4884860,LR135282.1,Enterococcus faecium,0
SAMEA4884860,LR135283.1,Enterococcus faecium,0
SAMEA4884860,LR135284.1,Enterococcus faecium,0
SAMEA4884860,LR135285.1,Enterococcus faecium,0
SAMEA4884860,LR135286.1,Enterococcus faecium,0
SAMEA4885211,LR135297.1,Enterococcus faecium,2
SAMEA4885211,LR135298.1,Enterococcus faecium,0
SAMEA4885211,LR135299.1,Enterococcus faecium,0
SAMEA4885211,LR135300.1,Enterococcus faecium,0
SAMEA4885211,LR135301.1,Enterococcus faecium,0
SAMEA4885211,LR135302.1,Enterococcus faecium,0
SAMEA4885211,LR135303.1,Enterococcus faecium,0
SAMEA4885211,LR135304.1,Enterococcus faecium,0
SAMEA4885211,LR135305.1,Enterococcus faecium,0
SAMEA4885211,LR135306.1,Enterococcus faecium,0
SAMEA4885360,LR135317.1,Enterococcus faecium,2
SAMEA4885360,LR135318.1,Enterococcus faecium,0
SAMEA4885360,LR135319.1,Enterococcus faecium,0
SAMEA4885360,LR135320.1,Enterococcus faecium,0
SAMEA4885360,LR135321.1,Enterococcus faecium,0
SAMEA4885360,LR135322.1,Enterococcus faecium,0
SAMEA4885360,LR135323.1,Enterococcus faecium,0
SAMEA4885156,LR135339.1,Enterococcus faecium,1
SAMEA4885156,LR135340.1,Enterococcus faecium,0
SAMEA4885156,LR135341.1,Enterococcus faecium,0
SAMEA4885156,LR135342.1,Enterococcus faecium,0
SAMEA4885156,LR135343.1,Enterococcus faecium,0
SAMEA4885631,LR135344.1,Enterococcus faecium,3
SAMEA4885631,LR135345.1,Enterococcus faecium,0
SAMEA4885631,LR135346.1,Enterococcus faecium,0
SAMEA4885631,LR135347.1,Enterococcus faecium,0
SAMEA4885631,LR135348.1,Enterococcus faecium,0
SAMEA4885631,LR135349.1,Enterococcus faecium,0
SAMEA4885631,LR135350.1,Enterococcus faecium,0
SAMEA4885529,LR135351.1,Enterococcus faecium,2
SAMEA4885529,LR135352.1,Enterococcus faecium,0
SAMEA4885529,LR135353.1,Enterococcus faecium,0
SAMEA4885529,LR135354.1,Enterococcus faecium,0
SAMEA4885529,LR135355.1,Enterococcus faecium,0
SAMEA4885529,LR135356.1,Enterococcus faecium,0
SAMEA4885488,LR135357.1,Enterococcus faecium,1
SAMEA4885488,LR135358.1,Enterococcus faecium,0
SAMEA4885488,LR135359.1,Enterococcus faecium,0
SAMEA4885488,LR135360.1,Enterococcus faecium,0
SAMEA4885488,LR135361.1,Enterococcus faecium,0
SAMEA4885488,LR135362.1,Enterococcus faecium,0
SAMEA4885488,LR135363.1,Enterococcus faecium,0
SAMEA4885602,LR135372.1,Enterococcus faecium,0
SAMEA4885602,LR135373.1,Enterococcus faecium,0
SAMEA4885602,LR135374.1,Enterococcus faecium,0
SAMEA4885602,LR135375.1,Enterococcus faecium,0
SAMEA4885602,LR135376.1,Enterococcus faecium,0
SAMEA4885602,LR135377.1,Enterococcus faecium,0
SAMEA4885602,LR135378.1,Enterococcus faecium,0
SAMEA4885602,LR135379.1,Enterococcus faecium,0
SAMEA4885602,LR135380.1,Enterococcus faecium,0
SAMEA4885602,LR135381.1,Enterococcus faecium,0
SAMEA4885602,LR135382.1,Enterococcus faecium,0
SAMEA4885602,LR135383.1,Enterococcus faecium,0
SAMEA4885473,LR135384.1,Enterococcus faecium,2
SAMEA4885473,LR135385.1,Enterococcus faecium,0
SAMEA4885473,LR135386.1,Enterococcus faecium,0
SAMEA4885473,LR135387.1,Enterococcus faecium,0
SAMEA4885473,LR135388.1,Enterococcus faecium,0
SAMEA4885473,LR135389.1,Enterococcus faecium,0
SAMEA4885473,LR135390.1,Enterococcus faecium,0
SAMEA4885473,LR135391.1,Enterococcus faecium,0
SAMEA4885473,LR135392.1,Enterococcus faecium,0
SAMEA4885473,LR135393.1,Enterococcus faecium,0
SAMEA4885694,LR135394.1,Enterococcus faecium,2
SAMEA4885694,LR135395.1,Enterococcus faecium,0
SAMEA4885694,LR135396.1,Enterococcus faecium,0
SAMEA4885694,LR135397.1,Enterococcus faecium,0
SAMEA4885694,LR135398.1,Enterococcus faecium,0
SAMEA4885694,LR135399.1,Enterococcus faecium,0
SAMEA4885694,LR135400.1,Enterococcus faecium,0
SAMEA4885812,LR135419.1,Enterococcus faecium,2
SAMEA4885812,LR135420.1,Enterococcus faecium,0
SAMEA4885812,LR135421.1,Enterococcus faecium,0
SAMEA4885812,LR135422.1,Enterococcus faecium,0
SAMEA4885812,LR135423.1,Enterococcus faecium,0
SAMEA4885812,LR135424.1,Enterococcus faecium,0
SAMEA4885812,LR135425.1,Enterococcus faecium,0
SAMEA4885812,LR135426.1,Enterococcus faecium,0
SAMEA4885812,LR135427.1,Enterococcus faecium,0
SAMEA4885878,LR135435.1,Enterococcus faecium,1
SAMEA4885878,LR135436.1,Enterococcus faecium,0
SAMEA4885878,LR135437.1,Enterococcus faecium,0
SAMEA4885878,LR135438.1,Enterococcus faecium,0
SAMEA4885878,LR135439.1,Enterococcus faecium,0
SAMEA4885878,LR135440.1,Enterococcus faecium,0
SAMEA4885878,LR135441.1,Enterococcus faecium,0
SAMEA4885878,LR135442.1,Enterococcus faecium,0
SAMEA4885972,LR135474.1,Enterococcus faecium,0
SAMEA4885795,LR135475.1,Enterococcus faecium,1
SAMEA4885795,LR135476.1,Enterococcus faecium,0
SAMEA4885795,LR135477.1,Enterococcus faecium,0
SAMEA4884734,LR135482.1,Enterococcus faecium,0
SAMEA4884734,LR135483.1,Enterococcus faecium,0
SAMEA4884734,LR135484.1,Enterococcus faecium,0
SAMEA4884734,LR135485.1,Enterococcus faecium,0
SAMEA4884734,LR135486.1,Enterococcus faecium,0
SAMEA4884734,LR135487.1,Enterococcus faecium,0
SAMEA4884658,LR135782.1,Enterococcus faecium,1
SAMEA4884658,LR135783.1,Enterococcus faecium,0
SAMEA4884658,LR135784.1,Enterococcus faecium,0
SAMEA4884658,LR135785.1,Enterococcus faecium,0
SAMEA3614259,LR215968.1,Enterococcus faecium,1
SAMEA3431333,LR216050.1,Streptococcus pneumoniae,0
SAMEA3713867,LR216060.1,Streptococcus pneumoniae,1
SAMEA3714520,LR216064.1,Streptococcus pneumoniae,0
SAMEA3714487,LR216065.1,Streptococcus pneumoniae,0
SAMEA3222080,LR590465.1,Haemophilus influenzae,2
SAMEA3222082,LR590466.1,Streptococcus pyogenes,4
SAMEA3597581,LR590483.1,Streptococcus pyogenes,1
SAMEA3614265,LR594051.1,Enterococcus faecalis,2
SAMEA5092022,LR595848.1,Streptococcus pneumoniae,1
SAMEA5092022,LR595849.1,Streptococcus pneumoniae,0
SAMEA5852017,LR699007.1,Morganella morganii,4
SAMEA7292288,LR881463.1,Salmonella enterica,6
SAMEA7292288,LR881464.1,Salmonella enterica,0
SAMEA7313125,LR881934.1,Citrobacter spp,4
SAMEA7313125,LR881935.1,Citrobacter spp,0
SAMEA3357462,LR890181.1,Citrobacter spp,3
SAMEA3357462,LR890182.1,Citrobacter spp,0
SAMEA3357462,LR890183.1,Citrobacter spp,0
SAMEA3356968,LR890209.1,Klebsiella pneumoniae,0
SAMEA3356968,LR890210.1,Klebsiella pneumoniae,0
SAMEA3356968,LR890211.1,Klebsiella pneumoniae,0
SAMEA3356968,LR890212.1,Klebsiella pneumoniae,0
SAMEA3356968,LR890213.1,Klebsiella pneumoniae,0
SAMEA3356968,LR890214.1,Klebsiella pneumoniae,0
SAMEA3357214,LR890235.1,Klebsiella pneumoniae,3
SAMEA3357214,LR890236.1,Klebsiella pneumoniae,0
SAMEA3357214,LR890237.1,Klebsiella pneumoniae,0
SAMEA3357214,LR890238.1,Klebsiella pneumoniae,0
SAMEA3357214,LR890239.1,Klebsiella pneumoniae,0
SAMEA3357009,LR890600.1,Klebsiella pneumoniae,3
SAMEA3357009,LR890601.1,Klebsiella pneumoniae,0
SAMEA3357009,LR890602.1,Klebsiella pneumoniae,0
SAMN06112198,LR890627.1,Klebsiella pneumoniae,1
SAMN06112198,LR890628.1,Klebsiella pneumoniae,0
SAMN06112198,LR890629.1,Klebsiella pneumoniae,0
SAMN06112198,LR890630.1,Klebsiella pneumoniae,0
SAMN06112198,LR890631.1,Klebsiella pneumoniae,0
SAMEA3357273,LR890679.1,Klebsiella pneumoniae,3
SAMEA3357273,LR890680.1,Klebsiella pneumoniae,0
SAMEA3357273,LR890681.1,Klebsiella pneumoniae,0
SAMEA3357273,LR890682.1,Klebsiella pneumoniae,0
SAMEA3357273,LR890683.1,Klebsiella pneumoniae,0
SAMEA3357273,LR890684.1,Klebsiella pneumoniae,0
SAMEA3357273,LR890685.1,Klebsiella pneumoniae,0
SAMEA3357500,LR898867.1,Pseudomonas aeruginosa,5
SAMEA3597579,LS483298.1,Streptococcus pyogenes,3
SAMEA3491711,LS483301.1,Staphylococcus aureus,2
SAMEA3539724,LS483307.1,Streptococcus pyogenes,3
SAMEA3504580,LS483317.1,Staphylococcus aureus,2
SAMEA3491706,LS483319.1,Staphylococcus aureus,3
SAMEA3542433,LS483320.1,Streptococcus pyogenes,3
SAMEA3542449,LS483322.1,Streptococcus pyogenes,1
SAMEA3542440,LS483323.1,Streptococcus pyogenes,1
SAMEA3542444,LS483326.1,Streptococcus pyogenes,1
SAMEA3542450,LS483327.1,Streptococcus pyogenes,2
SAMEA3594346,LS483331.1,Streptococcus pyogenes,1
SAMEA3542442,LS483335.1,Streptococcus pyogenes,3
SAMEA3594357,LS483338.1,Streptococcus pyogenes,1
SAMEA3597587,LS483342.1,Streptococcus agalactiae,0
SAMEA3632058,LS483347.1,Streptococcus pyogenes,3
SAMEA3594345,LS483352.1,Streptococcus pyogenes,2
SAMEA3594351,LS483355.1,Streptococcus pyogenes,1
SAMEA3614262,LS483357.1,Streptococcus pyogenes,2
SAMEA3594352,LS483359.1,Streptococcus pyogenes,0
SAMEA3662939,LS483360.1,Streptococcus pyogenes,2
SAMEA3672890,LS483362.1,Campylobacter spp,0
SAMEA3714884,LS483374.1,Streptococcus pneumoniae,0
SAMEA3729940,LS483379.1,Streptococcus pyogenes,1
SAMEA3871791,LS483382.1,Streptococcus pyogenes,2
SAMEA3879489,LS483384.1,Streptococcus pyogenes,1
SAMEA3871794,LS483386.1,Streptococcus pyogenes,2
SAMEA3856681,LS483387.1,Streptococcus agalactiae,0
SAMEA3871783,LS483389.1,Streptococcus pyogenes,1
SAMEA3649044,LS483390.1,Streptococcus pneumoniae,0
SAMEA3867450,LS483392.1,Haemophilus influenzae,2
SAMEA3662931,LS483394.1,Streptococcus pyogenes,1
SAMEA3881058,LS483401.1,Streptococcus pyogenes,1
SAMEA3879490,LS483407.1,Streptococcus pyogenes,2
SAMEA3893456,LS483411.1,Haemophilus influenzae,1
SAMEA4557824,LS483415.1,Streptococcus pyogenes,1
SAMEA3956100,LS483417.1,Streptococcus pneumoniae,0
SAMEA3923596,LS483432.1,Streptococcus pyogenes,2
SAMEA4017721,LS483437.1,Streptococcus pyogenes,4
SAMEA4030739,LS483438.1,Haemophilus influenzae,1
SAMEA4364215,LS483442.1,Streptococcus pyogenes,1
SAMEA4076728,LS483445.1,Moraxella catarrhalis,0
SAMEA104042953,LS483448.1,Streptococcus pneumoniae,1
SAMEA104042956,LS483449.1,Streptococcus pneumoniae,0
SAMEA3221101,LS483480.1,Haemophilus influenzae,1
SAMEA3207620,LS483486.1,Haemophilus influenzae,3
SAMEA3178013,LS483488.1,Helicobacter pylori,0
SAMEA2822163,LS483496.1,Haemophilus influenzae,2
SAMEA2709025,LS483498.1,Morganella morganii,4
SAMEA3597580,LS483521.1,Streptococcus pyogenes,0
SAMEA53411668,LS483522.1,Streptococcus pyogenes,1
SAMEA4830817,LS992175.1,Citrobacter spp,7
SAMEA4830817,LS992176.1,Citrobacter spp,0
SAMEA4830817,LS992177.1,Citrobacter spp,0
SAMEA4830817,LS992178.1,Citrobacter spp,0
SAMEA4830818,LS992183.1,Citrobacter spp,4
SAMEA4830818,LS992184.1,Citrobacter spp,0
SAMEA3888151,LT545678.1,Streptococcus agalactiae,1
SAMEA3468845,LT571437.1,Salmonella enterica,3
SAMEA2448461,LT591898.1,Neisseria spp,1
SAMEA2448461,LT591899.1,Neisseria spp,0
SAMEA2448461,LT591900.1,Neisseria spp,0
SAMEA2448464,LT591904.1,Neisseria spp,1
SAMEA2448464,LT591905.1,Neisseria spp,0
SAMEA2448464,LT591906.1,Neisseria spp,0
SAMEA2448464,LT591907.1,Neisseria spp,0
SAMEA2448465,LT591910.1,Neisseria spp,1
SAMEA2448465,LT591911.1,Neisseria spp,0
SAMEA2448465,LT591912.1,Neisseria spp,0
SAMEA2448465,LT591913.1,Neisseria spp,0
SAMEA2448466,LT592146.1,Neisseria spp,1
SAMEA2448466,LT592147.1,Neisseria spp,0
SAMEA2448466,LT592148.1,Neisseria spp,0
SAMEA2448466,LT592149.1,Neisseria spp,0
SAMEA2796328,LT592150.1,Neisseria spp,1
SAMEA2796328,LT592151.1,Neisseria spp,0
SAMEA2796328,LT592152.1,Neisseria spp,0
SAMEA2796326,LT592153.1,Neisseria spp,1
SAMEA2796326,LT592154.1,Neisseria spp,0
SAMEA2448468,LT592155.1,Neisseria spp,1
SAMEA2448468,LT592156.1,Neisseria spp,0
SAMEA2796327,LT592159.1,Neisseria spp,1
SAMEA2796327,LT592160.1,Neisseria spp,0
SAMEA2448469,LT592161.1,Neisseria spp,1
SAMEA2448469,LT592162.1,Neisseria spp,0
SAMEA2448470,LT592163.1,Neisseria spp,1
SAMEA2448470,LT592164.1,Neisseria spp,0
SAMEA2448470,LT592165.1,Neisseria spp,0
SAMEA4072170,LT598688.1,Staphylococcus aureus,4
SAMEA4554832,LT635459.1,Helicobacter pylori,0
SAMEA4554839,LT635472.1,Helicobacter pylori,0
SAMEA4554834,LT635473.1,Helicobacter pylori,0
SAMEA4554833,LT635476.1,Helicobacter pylori,0
SAMEA4554836,LT635478.1,Helicobacter pylori,0
SAMEA46071418,LT714196.1,Streptococcus agalactiae,2
SAMEA104115281,LT897797.1,Vibrio cholerae,0
SAMEA104115281,LT897798.1,Vibrio cholerae,1
SAMEA2564027,LT905062.1,Salmonella enterica,4
SAMEA2072647,LT905140.1,Salmonella enterica,5
SAMEA4076741,LT906440.1,Neisseria spp,1
SAMEA4076768,LT906472.1,Neisseria spp,1
SAMEA104223503,LT906614.1,Vibrio cholerae,0
SAMEA104223503,LT906615.1,Vibrio cholerae,0
SAMEA889328,LT907989.1,Vibrio cholerae,0
SAMEA889328,LT907990.1,Vibrio cholerae,0
SAMEA104710491,LT992458.1,Staphylococcus aureus,2
SAMEA104710490,LT992465.1,Staphylococcus aureus,2
SAMEA4374366,LT992486.1,Vibrio cholerae,0
SAMEA4374366,LT992487.1,Vibrio cholerae,0
SAMEA4374367,LT992488.1,Vibrio cholerae,0
SAMEA4374367,LT992489.1,Vibrio cholerae,0
SAMEA4374365,LT992490.1,Vibrio cholerae,0
SAMEA4374365,LT992491.1,Vibrio cholerae,0
SAMEA4374368,LT992492.1,Vibrio cholerae,0
SAMEA4374368,LT992493.1,Vibrio cholerae,0
SAMEA104667427,LT996889.1,Staphylococcus aureus,1
SAMEA104667426,LT996890.1,Staphylococcus aureus,1
SAMN28016853,MF344582.1,Citrobacter spp,0
SAMEA8520472,OU015345.1,Enterococcus faecium,1
SAMEA8520472,OU015346.1,Enterococcus faecium,0
SAMEA8520472,OU015347.1,Enterococcus faecium,0
SAMEA8520472,OU015348.1,Enterococcus faecium,0
SAMEA8520472,OU015349.1,Enterococcus faecium,0
SAMEA8520473,OU015350.1,Enterococcus faecium,1
SAMEA8520473,OU015351.1,Enterococcus faecium,0
SAMEA8520473,OU015352.1,Enterococcus faecium,0
SAMEA8520473,OU015353.1,Enterococcus faecium,0
SAMEA8520473,OU015354.1,Enterococcus faecium,0
SAMEA8659956,OU015708.1,Enterococcus faecium,1
SAMEA8659956,OU015709.1,Enterococcus faecium,0
SAMEA8659956,OU015710.1,Enterococcus faecium,0
SAMEA8659956,OU015711.1,Enterococcus faecium,0
SAMEA8659956,OU015712.1,Enterococcus faecium,0
SAMEA8659956,OU015713.1,Enterococcus faecium,0
SAMEA8659956,OU015714.1,Enterococcus faecium,0
SAMEA8659956,OU015715.1,Enterococcus faecium,0
SAMEA8659956,OU015716.1,Enterococcus faecium,0
SAMEA8659929,OU015946.1,Enterococcus faecium,2
SAMEA8659929,OU015947.1,Enterococcus faecium,0
SAMEA8659929,OU015948.1,Enterococcus faecium,0
SAMEA8659929,OU015949.1,Enterococcus faecium,0
SAMEA8659929,OU015950.1,Enterococcus faecium,0
SAMEA8659929,OU015951.1,Enterococcus faecium,0
SAMEA8659929,OU015952.1,Enterococcus faecium,0
SAMEA8659929,OU015953.1,Enterococcus faecium,0
SAMEA8659929,OU015954.1,Enterococcus faecium,0
SAMEA8659991,OU016027.1,Enterococcus faecium,2
SAMEA8659991,OU016028.1,Enterococcus faecium,0
SAMEA8659991,OU016029.1,Enterococcus faecium,0
SAMEA8659991,OU016030.1,Enterococcus faecium,0
SAMEA8659991,OU016031.1,Enterococcus faecium,0
SAMEA8659991,OU016032.1,Enterococcus faecium,0
SAMEA8659991,OU016033.1,Enterococcus faecium,0
SAMEA8659991,OU016034.1,Enterococcus faecium,0
SAMEA8659991,OU016035.1,Enterococcus faecium,0
SAMEA8659977,OU016036.1,Enterococcus faecium,2
SAMEA8659977,OU016037.1,Enterococcus faecium,0
SAMEA8659977,OU016038.1,Enterococcus faecium,0
SAMEA8659977,OU016039.1,Enterococcus faecium,0
SAMEA8659977,OU016040.1,Enterococcus faecium,0
SAMEA8659977,OU016041.1,Enterococcus faecium,0
SAMEA8659977,OU016042.1,Enterococcus faecium,0
SAMEA8659977,OU016043.1,Enterococcus faecium,0
SAMEA8659977,OU016044.1,Enterococcus faecium,0
SAMEA8659977,OU016045.1,Enterococcus faecium,0
SAMEA8911316,OU532556.1,Campylobacter spp,1
SAMEA8911316,OU532557.1,Campylobacter spp,0
SAMEA10987108,OV040584.1,Haemophilus influenzae,1
SAMEA10982446,OV040719.1,Haemophilus influenzae,3
SAMEA4657913,OV904788.1,Streptococcus pneumoniae,0
SAMEA9995373,OW443147.1,Vibrio cholerae,0
SAMEA9995373,OW443148.1,Vibrio cholerae,0
SAMEA9995373,OW443149.1,Vibrio cholerae,0
SAMEA9995352,OW443150.1,Vibrio cholerae,1
SAMEA9995352,OW443151.1,Vibrio cholerae,0
SAMEA14291307,OW704291.1,Salmonella enterica,4
SAMEA7853238,OW848788.1,Citrobacter spp,7
SAMEA7853238,OW848790.1,Citrobacter spp,0
SAMEA7853256,OW849082.1,Citrobacter spp,6
SAMEA7853256,OW849083.1,Citrobacter spp,0
SAMEA7853256,OW849084.1,Citrobacter spp,0
SAMEA7853256,OW849085.1,Citrobacter spp,0
SAMEA7962729,OW849099.1,Citrobacter spp,3
SAMEA7962729,OW849100.1,Citrobacter spp,0
SAMEA7962734,OW849111.1,Serratia spp,3
SAMEA7962734,OW849112.1,Serratia spp,0
SAMEA7962734,OW849113.1,Serratia spp,0
SAMEA7962734,OW849114.1,Serratia spp,0
SAMEA7962811,OW849139.1,Serratia spp,3
SAMEA7962811,OW849140.1,Serratia spp,0
SAMEA7962811,OW849141.1,Serratia spp,0
SAMEA7962736,OW849155.1,Serratia spp,2
SAMEA7962736,OW849156.1,Serratia spp,0
SAMEA7962736,OW849157.1,Serratia spp,0
SAMEA7962736,OW849158.1,Serratia spp,0
SAMEA7962736,OW849159.1,Serratia spp,0
SAMEA7962736,OW849160.1,Serratia spp,0
SAMEA7962736,OW849161.1,Serratia spp,0
SAMEA7962748,OW849208.1,Citrobacter spp,6
SAMEA7962748,OW849209.1,Citrobacter spp,0
SAMEA7962748,OW849210.1,Citrobacter spp,0
SAMEA7962748,OW849211.1,Citrobacter spp,0
SAMEA7962748,OW849212.1,Citrobacter spp,0
SAMEA7962748,OW849213.1,Citrobacter spp,0
SAMEA7962748,OW849214.1,Citrobacter spp,0
SAMEA7962746,OW849256.1,Citrobacter spp,6
SAMEA7962746,OW849257.1,Citrobacter spp,0
SAMEA7962746,OW849258.1,Citrobacter spp,0
SAMEA7962746,OW849259.1,Citrobacter spp,0
SAMEA7962746,OW849260.1,Citrobacter spp,0
SAMEA7962746,OW849261.1,Citrobacter spp,0
SAMEA7962735,OW849491.1,Serratia spp,3
SAMEA7962735,OW849492.1,Serratia spp,0
SAMEA7962735,OW849493.1,Serratia spp,0
SAMEA7962735,OW849494.1,Serratia spp,0
SAMEA7962735,OW849495.1,Serratia spp,0
SAMEA7962735,OW849496.1,Serratia spp,0
SAMEA7962742,OW849527.1,Citrobacter spp,7
SAMEA7962742,OW849528.1,Citrobacter spp,0
SAMEA7962742,OW849529.1,Citrobacter spp,0
SAMEA7962742,OW849530.1,Citrobacter spp,0
SAMEA7962742,OW849531.1,Citrobacter spp,0
SAMEA8065677,OW967263.1,Citrobacter spp,6
SAMEA8065677,OW967264.1,Citrobacter spp,0
SAMEA8065677,OW967265.1,Citrobacter spp,0
SAMEA8065677,OW967266.1,Citrobacter spp,0
SAMEA8065677,OW967267.1,Citrobacter spp,0
SAMEA8065677,OW967268.1,Citrobacter spp,0
SAMEA8065730,OW967830.1,Serratia spp,3
SAMEA8065730,OW967831.1,Serratia spp,0
SAMEA8065745,OW967878.1,Serratia spp,3
SAMEA8065745,OW967879.1,Serratia spp,0
SAMEA8065745,OW967880.1,Serratia spp,0
SAMEA8065715,OW967953.1,Serratia spp,0
SAMEA8065715,OW967954.1,Serratia spp,0
SAMEA8065742,OW968016.1,Serratia spp,3
SAMEA8065742,OW968017.1,Serratia spp,0
SAMEA8158487,OW969875.1,Citrobacter spp,8
SAMEA8158487,OW969876.1,Citrobacter spp,0
SAMEA8158487,OW969877.1,Citrobacter spp,0
SAMEA8158487,OW969878.1,Citrobacter spp,0
SAMEA8158487,OW969879.1,Citrobacter spp,0
SAMEA8158487,OW969880.1,Citrobacter spp,0
SAMEA8158487,OW969881.1,Citrobacter spp,0
SAMEA8158487,OW969882.1,Citrobacter spp,0
SAMEA8158485,OW969904.1,Citrobacter spp,5
SAMEA8158485,OW969905.1,Citrobacter spp,0
SAMEA8158485,OW969906.1,Citrobacter spp,0
SAMEA8158485,OW969907.1,Citrobacter spp,0
SAMEA8158485,OW969908.1,Citrobacter spp,0
SAMEA8158485,OW969909.1,Citrobacter spp,0
SAMEA8158485,OW969910.1,Citrobacter spp,0
SAMEA8158485,OW969911.1,Citrobacter spp,0
SAMEA7082324,OW970436.1,Klebsiella pneumoniae,3
SAMEA7082324,OW970437.1,Klebsiella pneumoniae,0
SAMEA7082324,OW970438.1,Klebsiella pneumoniae,0
SAMEA7082324,OW970439.1,Klebsiella pneumoniae,0
SAMEA7082324,OW970440.1,Klebsiella pneumoniae,0
SAMEA7082324,OW970441.1,Klebsiella pneumoniae,0
SAMEA7082324,OW970442.1,Klebsiella pneumoniae,0
SAMEA7082324,OW970443.1,Klebsiella pneumoniae,0
SAMEA7082326,OW970452.1,Klebsiella pneumoniae,3
SAMEA7082326,OW970453.1,Klebsiella pneumoniae,0
SAMEA7082326,OW970454.1,Klebsiella pneumoniae,0
SAMEA7082326,OW970455.1,Klebsiella pneumoniae,0
SAMEA7082326,OW970456.1,Klebsiella pneumoniae,0
SAMEA7082326,OW970457.1,Klebsiella pneumoniae,0
SAMEA7082326,OW970458.1,Klebsiella pneumoniae,0
SAMEA7082326,OW970459.1,Klebsiella pneumoniae,0
SAMEA8065770,OW995941.1,Citrobacter spp,5
SAMEA8065770,OW995942.1,Citrobacter spp,0
SAMEA8065770,OW995943.1,Citrobacter spp,0
SAMEA8065770,OW995944.1,Citrobacter spp,0
SAMEA8065770,OW995945.1,Citrobacter spp,0
SAMEA1463109,OX244288.1,Streptococcus pneumoniae,1
SAMEA13201014,OX291470.1,Serratia spp,3
SAMEA13201014,OX291471.1,Serratia spp,0
SAMEA13201014,OX291472.1,Serratia spp,0
SAMEA13201014,OX291473.1,Serratia spp,0
SAMEA13201030,OX291474.1,Serratia spp,2
SAMEA13201030,OX291475.1,Serratia spp,0
SAMEA13201030,OX291476.1,Serratia spp,0
SAMEA13201030,OX291477.1,Serratia spp,0
SAMEA13201030,OX291478.1,Serratia spp,0
SAMEA13201030,OX291479.1,Serratia spp,0
SAMEA13201030,OX291480.1,Serratia spp,0
SAMEA13201022,OX291528.1,Serratia spp,3
SAMEA13201022,OX291529.1,Serratia spp,0
SAMEA13201022,OX291530.1,Serratia spp,0
SAMEA13201022,OX291531.1,Serratia spp,0
SAMEA13201012,OX291532.1,Serratia spp,2
SAMEA13201012,OX291533.1,Serratia spp,0
SAMEA13201012,OX291534.1,Serratia spp,0
SAMEA13201012,OX291535.1,Serratia spp,0
SAMEA13201010,OX291536.1,Serratia spp,3
SAMEA13201010,OX291537.1,Serratia spp,0
SAMEA13201010,OX291538.1,Serratia spp,0
SAMEA13201010,OX291539.1,Serratia spp,0
SAMEA13201015,OX291586.1,Serratia spp,3
SAMEA13201015,OX291587.1,Serratia spp,0
SAMEA13201015,OX291588.1,Serratia spp,0
SAMEA13201015,OX291589.1,Serratia spp,0
SAMEA13201007,OX291654.1,Serratia spp,1
SAMEA13201021,OX291705.1,Serratia spp,3
SAMEA13201021,OX291706.1,Serratia spp,0
SAMEA13201021,OX291707.1,Serratia spp,0
SAMEA13201021,OX291708.1,Serratia spp,0
SAMEA13201026,OX291724.1,Serratia spp,2
SAMEA13201026,OX291725.1,Serratia spp,0
SAMEA13201026,OX291726.1,Serratia spp,0
SAMEA13201026,OX291727.1,Serratia spp,0
SAMEA13201026,OX291728.1,Serratia spp,0
SAMEA13201026,OX291729.1,Serratia spp,0
SAMEA13201019,OX291746.1,Serratia spp,4
SAMEA13201019,OX291747.1,Serratia spp,0
SAMEA13201019,OX291748.1,Serratia spp,0
SAMEA13201019,OX291749.1,Serratia spp,0
SAMEA13201013,OX291771.1,Serratia spp,3
SAMEA13201013,OX291772.1,Serratia spp,0
SAMEA13201013,OX291773.1,Serratia spp,0
SAMEA13201013,OX291774.1,Serratia spp,0
SAMEA13201017,OX291796.1,Serratia spp,3
SAMEA13201017,OX291797.1,Serratia spp,0
SAMEA13201017,OX291798.1,Serratia spp,0
SAMEA13201017,OX291799.1,Serratia spp,0
SAMEA8103454,OX419551.1,Bacillus subtilis,3
SAMEA8103454,OX419552.1,Bacillus subtilis,0
SAMEA8103450,OX419553.1,Bacillus subtilis,3
SAMEA8103449,OX419555.1,Bacillus subtilis,5
SAMEA8103449,OX419556.1,Bacillus subtilis,0
SAMEA8103452,OX419557.1,Bacillus subtilis,2
SAMEA8103452,OX419558.1,Bacillus subtilis,0
SAMEA8103440,OX419560.1,Bacillus subtilis,2
SAMEA8103440,OX419561.1,Bacillus subtilis,0
SAMEA8103446,OX419563.1,Bacillus subtilis,5
SAMEA8103437,OX419564.1,Bacillus subtilis,2
SAMEA8103441,OX419570.1,Bacillus subtilis,4
SAMEA8103441,OX419571.1,Bacillus subtilis,0
SAMEA8103441,OX419572.1,Bacillus subtilis,0
SAMEA8103436,OX419575.1,Bacillus subtilis,3
SAMEA8103438,OX419578.1,Bacillus subtilis,1
SAMEA112658472,OX437058.1,Campylobacter spp,1
SAMEA8908802,OX460906.1,Streptococcus agalactiae,0
SAMEA8908802,OX460907.1,Streptococcus agalactiae,0
SAMEA8908799,OX460911.1,Streptococcus agalactiae,0
SAMEA8908800,OX460931.1,Streptococcus agalactiae,0
SAMEA8908800,OX460932.1,Streptococcus agalactiae,0
SAMEA8908794,OX460934.1,Streptococcus agalactiae,1
SAMEA8908811,OX460935.1,Streptococcus agalactiae,1
SAMEA8908797,OX460938.1,Streptococcus agalactiae,1
SAMEA8908803,OX460940.1,Streptococcus agalactiae,1
SAMEA8908806,OX460942.1,Streptococcus agalactiae,1
SAMEA8908795,OX460943.1,Streptococcus agalactiae,1
SAMEA112774570,OX460951.1,Morganella morganii,3
SAMEA112774570,OX460952.1,Morganella morganii,0
SAMEA8908801,OX460960.1,Streptococcus agalactiae,4
SAMEA8908801,OX460961.1,Streptococcus agalactiae,0
SAMEA8908801,OX460962.1,Streptococcus agalactiae,0
SAMEA8908798,OX460968.1,Streptococcus agalactiae,2
SAMEA8908809,OX460984.1,Streptococcus agalactiae,2
SAMEA8908808,OX460985.1,Streptococcus agalactiae,1
SAMEA8908793,OX461088.1,Streptococcus agalactiae,1
SAMEA8908792,OX461090.1,Streptococcus agalactiae,3
SAMEA8908792,OX461091.1,Streptococcus agalactiae,0
SAMEA8908792,OX461092.1,Streptococcus agalactiae,0
SAMEA8908810,OX461103.1,Streptococcus agalactiae,1
SAMEA8908796,OX465025.1,Streptococcus agalactiae,1
SAMEA8908805,OX595791.1,Streptococcus agalactiae,0
SAMEA114565971,OY754852.1,Campylobacter spp,1
SAMEA114857254,OY970406.1,Serratia spp,2
SAMEA114857254,OY970407.1,Serratia spp,0
SAMEA114857254,OY970408.1,Serratia spp,0
SAMEA114857254,OY970409.1,Serratia spp,0
SAMEA114857469,OY970410.1,Serratia spp,2
SAMEA114857469,OY970411.1,Serratia spp,0
SAMEA114857469,OY970412.1,Serratia spp,0
SAMEA114785895,OY978234.1,Klebsiella pneumoniae,2
SAMEA114785895,OY978235.1,Klebsiella pneumoniae,0
SAMEA114785895,OY978236.1,Klebsiella pneumoniae,0
SAMEA114785895,OY978237.1,Klebsiella pneumoniae,0
SAMEA114785895,OY978238.1,Klebsiella pneumoniae,0
SAMEA114785895,OY978239.1,Klebsiella pneumoniae,0
SAMEA114785895,OY978240.1,Klebsiella pneumoniae,0
SAMEA115526700,OZ059823.1,Staphylococcus aureus,4
SAMEA115720024,OZ111304.1,Klebsiella pneumoniae,3
SAMEA115720024,OZ111305.1,Klebsiella pneumoniae,0
SAMEA115720024,OZ111306.1,Klebsiella pneumoniae,0
SAMEA115720024,OZ111307.1,Klebsiella pneumoniae,0
SAMEA115720024,OZ111308.1,Klebsiella pneumoniae,0
SAMEA115720024,OZ111309.1,Klebsiella pneumoniae,0
SAMEA115720009,OZ111324.1,Klebsiella pneumoniae,2
SAMEA115720009,OZ111325.1,Klebsiella pneumoniae,0
SAMEA115720009,OZ111326.1,Klebsiella pneumoniae,0
SAMEA115720009,OZ111327.1,Klebsiella pneumoniae,0
SAMEA115720009,OZ111328.1,Klebsiella pneumoniae,0
SAMEA115720040,OZ111397.1,Klebsiella pneumoniae,3
SAMEA115720040,OZ111398.1,Klebsiella pneumoniae,0
SAMEA115720040,OZ111399.1,Klebsiella pneumoniae,0
SAMEA115720040,OZ111400.1,Klebsiella pneumoniae,0
SAMEA115720040,OZ111401.1,Klebsiella pneumoniae,0
SAMEA115720040,OZ111402.1,Klebsiella pneumoniae,0
SAMEA115720040,OZ111403.1,Klebsiella pneumoniae,0
SAMEA115720040,OZ111404.1,Klebsiella pneumoniae,0
SAMEA115720040,OZ111405.1,Klebsiella pneumoniae,0
SAMEA115720040,OZ111406.1,Klebsiella pneumoniae,0
SAMEA115720040,OZ111407.1,Klebsiella pneumoniae,0
SAMEA115720008,OZ111475.1,Klebsiella pneumoniae,3
SAMEA115720008,OZ111476.1,Klebsiella pneumoniae,0
SAMEA115720008,OZ111477.1,Klebsiella pneumoniae,0
SAMEA115720008,OZ111478.1,Klebsiella pneumoniae,0
SAMEA115720008,OZ111479.1,Klebsiella pneumoniae,0
SAMEA115720008,OZ111480.1,Klebsiella pneumoniae,0
SAMEA115720008,OZ111481.1,Klebsiella pneumoniae,0
SAMEA115720008,OZ111482.1,Klebsiella pneumoniae,0
SAMEA115720008,OZ111483.1,Klebsiella pneumoniae,0
SAMEA115720008,OZ111484.1,Klebsiella pneumoniae,0
SAMEA115720008,OZ111485.1,Klebsiella pneumoniae,0
SAMEA115720042,OZ111486.1,Klebsiella pneumoniae,4
SAMEA115720042,OZ111487.1,Klebsiella pneumoniae,0
SAMEA115720042,OZ111488.1,Klebsiella pneumoniae,0
SAMEA115720042,OZ111489.1,Klebsiella pneumoniae,0
SAMEA115720042,OZ111490.1,Klebsiella pneumoniae,0
SAMEA115720049,OZ111550.1,Klebsiella pneumoniae,3
SAMEA115720049,OZ111551.1,Klebsiella pneumoniae,0
SAMEA115720049,OZ111552.1,Klebsiella pneumoniae,0
SAMEA115720049,OZ111553.1,Klebsiella pneumoniae,0
SAMEA115720049,OZ111554.1,Klebsiella pneumoniae,0
SAMEA115720049,OZ111555.1,Klebsiella pneumoniae,0
SAMEA115720049,OZ111556.1,Klebsiella pneumoniae,0
SAMEA116142472,OZ197087.1,Staphylococcus aureus,3
SAMEA116142481,OZ197092.1,Staphylococcus aureus,1
SAMEA116142521,OZ197095.1,Acinetobacter baumannii,1
SAMEA117791999,OZ241822.1,Haemophilus influenzae,2
SAMEA117792000,OZ241823.1,Haemophilus influenzae,1
SAMEA117813799,OZ242472.1,Haemophilus influenzae,4
SAMEA117813795,OZ242473.1,Haemophilus influenzae,2
SAMEA117813800,OZ242525.1,Haemophilus influenzae,2
SAMEA117813798,OZ242526.1,Haemophilus influenzae,1
SAMEA117813797,OZ242548.1,Haemophilus influenzae,3
SAMEA117852476,OZ282462.1,Enterococcus faecalis,2
SAMEA117852476,OZ282463.1,Enterococcus faecalis,0
SAMEA117852476,OZ282464.1,Enterococcus faecalis,0
SAMEA117852475,OZ282467.1,Staphylococcus aureus,3
SAMEA117852475,OZ282468.1,Staphylococcus aureus,0
SAMEA117852477,OZ282469.1,Enterococcus faecium,0
SAMEA117852477,OZ282470.1,Enterococcus faecium,0
SAMEA117852477,OZ282471.1,Enterococcus faecium,0
SAMEA120322943,OZ345263.1,Serratia spp,0
