Biosample,Species,Prophage,Count
SAMD00000355,Streptococcus pyogenes,Prophage,6
SAMD00016353,Bacillus subtilis,Prophage,2
SAMD00018700,Pseudomonas aeruginosa,Prophage,5
SAMD00019082,Pseudomonas aeruginosa,Prophage,6
SAMD00020223,Acinetobacter baumannii,Prophage,3
SAMD00020283,Staphylococcus aureus,Prophage,1
SAMD00020284,Staphylococcus aureus,Prophage,1
SAMD00020552,Pseudomonas aeruginosa,Prophage,8
SAMD00027370,Pseudomonas aeruginosa,Prophage,3
SAMD00034144,Staphylococcus aureus,Prophage,1
SAMD00034931,Streptococcus pyogenes,Prophage,1
SAMD00039082,Staphylococcus aureus,Prophage,1
SAMD00042491,Pseudomonas aeruginosa,Prophage,4
SAMD00043228,Staphylococcus aureus,Prophage,2
SAMD00044982,Staphylococcus aureus,Prophage,3
SAMD00059694,Acinetobacter baumannii,Prophage,2
SAMD00059741,Klebsiella pneumoniae,Prophage,3
SAMD00059744,Klebsiella pneumoniae,Prophage,3
SAMD00059754,Escherichia coli,Prophage,2
SAMD00060910,Staphylococcus aureus,Prophage,2
SAMD00060913,Staphylococcus aureus,Prophage,3
SAMD00060923,Escherichia coli,Prophage,1
SAMD00060934,Klebsiella pneumoniae,Prophage,0
SAMD00060955,Escherichia coli,Prophage,13
SAMD00060956,Escherichia coli,Prophage,11
SAMD00060957,Escherichia coli,Prophage,13
SAMD00060971,Helicobacter pylori,Prophage,0
SAMD00060972,Helicobacter pylori,Prophage,0
SAMD00060973,Helicobacter pylori,Prophage,0
SAMD00060974,Helicobacter pylori,Prophage,0
SAMD00060976,Escherichia coli,Prophage,1
SAMD00061003,Pseudomonas aeruginosa,Prophage,2
SAMD00061007,Bacillus subtilis,Prophage,2
SAMD00061011,Streptococcus pyogenes,Prophage,3
SAMD00061013,Streptococcus pyogenes,Prophage,1
SAMD00061015,Helicobacter pylori,Prophage,0
SAMD00061016,Helicobacter pylori,Prophage,0
SAMD00061017,Helicobacter pylori,Prophage,0
SAMD00061019,Acinetobacter baumannii,Prophage,2
SAMD00061025,Vibrio cholerae,Prophage,0
SAMD00061026,Helicobacter pylori,Prophage,1
SAMD00061056,Helicobacter pylori,Prophage,0
SAMD00061057,Helicobacter pylori,Prophage,0
SAMD00061081,Escherichia coli,Prophage,1
SAMD00061087,Escherichia coli,Prophage,6
SAMD00073590,Streptococcus pneumoniae,Prophage,0
SAMD00077025,Escherichia coli,Prophage,4
SAMD00084336,Streptococcus pyogenes,Prophage,6
SAMD00089953,Staphylococcus aureus,Prophage,1
SAMD00092833,Neisseria spp,Prophage,1
SAMD00092837,Neisseria spp,Prophage,1
SAMD00092841,Neisseria spp,Prophage,1
SAMD00096762,Streptococcus pneumoniae,Prophage,0
SAMD00097506,Salmonella enterica,Prophage,4
SAMD00099774,Escherichia coli,Prophage,2
SAMD00108492,Escherichia coli,Prophage,9
SAMD00108729,Escherichia coli,Prophage,3
SAMD00110695,Streptococcus pneumoniae,Prophage,0
SAMD00112300,Enterococcus faecium,Prophage,1
SAMD00113788,Enterococcus faecalis,Prophage,2
SAMD00113789,Enterococcus faecalis,Prophage,2
SAMD00116246,Klebsiella pneumoniae,Prophage,6
SAMD00118470,Vibrio cholerae,Prophage,0
SAMD00119525,Haemophilus influenzae,Prophage,4
SAMD00119526,Haemophilus influenzae,Prophage,4
SAMD00119527,Haemophilus influenzae,Prophage,1
SAMD00119528,Haemophilus influenzae,Prophage,0
SAMD00119530,Haemophilus influenzae,Prophage,0
SAMD00119531,Haemophilus influenzae,Prophage,2
SAMD00119532,Haemophilus influenzae,Prophage,3
SAMD00119533,Haemophilus influenzae,Prophage,0
SAMD00119534,Haemophilus influenzae,Prophage,2
SAMD00119535,Haemophilus influenzae,Prophage,0
SAMD00119536,Haemophilus influenzae,Prophage,0
SAMD00119537,Haemophilus influenzae,Prophage,0
SAMD00127374,Escherichia coli,Prophage,0
SAMD00129666,Escherichia coli,Prophage,13
SAMD00129667,Escherichia coli,Prophage,12
SAMD00129668,Escherichia coli,Prophage,13
SAMD00134209,Staphylococcus aureus,Prophage,2
SAMD00134450,Staphylococcus aureus,Prophage,0
SAMD00137662,Streptococcus agalactiae,Prophage,0
SAMD00137663,Streptococcus pneumoniae,Prophage,0
SAMD00137664,Streptococcus pneumoniae,Prophage,0
SAMD00137665,Streptococcus pneumoniae,Prophage,1
SAMD00141414,Klebsiella pneumoniae,Prophage,1
SAMD00143521,Serratia spp,Prophage,1
SAMD00148192,Staphylococcus aureus,Prophage,4
SAMD00148193,Staphylococcus aureus,Prophage,4
SAMD00157542,Escherichia coli,Prophage,0
SAMD00157544,Escherichia coli,Prophage,2
SAMD00157545,Escherichia coli,Prophage,0
SAMD00157547,Escherichia coli,Prophage,4
SAMD00157562,Escherichia coli,Prophage,0
SAMD00163109,Bacillus subtilis,Prophage,2
SAMD00163110,Bacillus subtilis,Prophage,2
SAMD00163111,Bacillus subtilis,Prophage,2
SAMD00163112,Bacillus subtilis,Prophage,2
SAMD00163113,Bacillus subtilis,Prophage,2
SAMD00163114,Bacillus subtilis,Prophage,2
SAMD00163115,Bacillus subtilis,Prophage,2
SAMD00163116,Bacillus subtilis,Prophage,2
SAMD00163748,Klebsiella pneumoniae,Prophage,3
SAMD00164371,Escherichia coli,Prophage,4
SAMD00164374,Staphylococcus aureus,Prophage,3
SAMD00164376,Staphylococcus aureus,Prophage,3
SAMD00164378,Staphylococcus aureus,Prophage,3
SAMD00167169,Enterobacter spp,Prophage,2
SAMD00168435,Escherichia coli,Prophage,4
SAMD00169822,Bacillus subtilis,Prophage,2
SAMD00169927,Acinetobacter baumannii,Prophage,3
SAMD00171749,Salmonella enterica,Prophage,4
SAMD00172295,Escherichia coli,Prophage,9
SAMD00172786,Escherichia coli,Prophage,0
SAMD00172787,Escherichia coli,Prophage,0
SAMD00172788,Escherichia coli,Prophage,2
SAMD00172962,Staphylococcus aureus,Prophage,2
SAMD00173301,Streptococcus agalactiae,Prophage,1
SAMD00179457,Escherichia coli,Prophage,3
SAMD00179626,Neisseria spp,Prophage,0
SAMD00180470,Staphylococcus aureus,Prophage,2
SAMD00180471,Staphylococcus aureus,Prophage,0
SAMD00180472,Staphylococcus aureus,Prophage,1
SAMD00180474,Staphylococcus aureus,Prophage,0
SAMD00180475,Staphylococcus aureus,Prophage,1
SAMD00180476,Staphylococcus aureus,Prophage,2
SAMD00180477,Staphylococcus aureus,Prophage,1
SAMD00186795,Klebsiella pneumoniae,Prophage,3
SAMD00186874,Escherichia coli,Prophage,5
SAMD00190245,Escherichia coli,Prophage,2
SAMD00190246,Escherichia coli,Prophage,2
SAMD00190249,Escherichia coli,Prophage,2
SAMD00190251,Escherichia coli,Prophage,4
SAMD00190253,Escherichia coli,Prophage,3
SAMD00190255,Escherichia coli,Prophage,1
SAMD00190256,Escherichia coli,Prophage,6
SAMD00191436,Serratia spp,Prophage,1
SAMD00194339,Klebsiella pneumoniae,Prophage,2
SAMD00194355,Klebsiella pneumoniae,Prophage,2
SAMD00194357,Escherichia coli,Prophage,2
SAMD00194359,Escherichia coli,Prophage,1
SAMD00194405,Escherichia coli,Prophage,4
SAMD00194414,Escherichia coli,Prophage,5
SAMD00194455,Escherichia coli,Prophage,3
SAMD00194470,Acinetobacter baumannii,Prophage,2
SAMD00194474,Klebsiella pneumoniae,Prophage,5
SAMD00194506,Escherichia coli,Prophage,4
SAMD00194529,Klebsiella pneumoniae,Prophage,2
SAMD00194533,Escherichia coli,Prophage,4
SAMD00194535,Escherichia coli,Prophage,3
SAMD00194553,Escherichia coli,Prophage,4
SAMD00194600,Escherichia coli,Prophage,2
SAMD00194604,Escherichia coli,Prophage,3
SAMD00194616,Acinetobacter baumannii,Prophage,2
SAMD00194629,Escherichia coli,Prophage,4
SAMD00194670,Escherichia coli,Prophage,3
SAMD00194704,Escherichia coli,Prophage,2
SAMD00194706,Escherichia coli,Prophage,4
SAMD00195931,Escherichia coli,Prophage,4
SAMD00196002,Klebsiella pneumoniae,Prophage,3
SAMD00196004,Escherichia coli,Prophage,4
SAMD00196006,Escherichia coli,Prophage,4
SAMD00197816,Escherichia coli,Prophage,9
SAMD00197820,Escherichia coli,Prophage,10
SAMD00198301,Escherichia coli,Prophage,6
SAMD00202474,Enterococcus faecium,Prophage,1
SAMD00212273,Staphylococcus aureus,Prophage,2
SAMD00217347,Neisseria spp,Prophage,0
SAMD00217348,Neisseria spp,Prophage,0
SAMD00220608,Neisseria spp,Prophage,0
SAMD00220609,Neisseria spp,Prophage,0
SAMD00220610,Neisseria spp,Prophage,0
SAMD00222555,Klebsiella pneumoniae,Prophage,0
SAMD00225532,Staphylococcus aureus,Prophage,2
SAMD00232837,Helicobacter pylori,Prophage,0
SAMD00232838,Helicobacter pylori,Prophage,0
SAMD00232839,Helicobacter pylori,Prophage,0
SAMD00234746,Salmonella enterica,Prophage,4
SAMD00238717,Streptococcus pyogenes,Prophage,6
SAMD00238718,Streptococcus pyogenes,Prophage,1
SAMD00238719,Streptococcus pyogenes,Prophage,3
SAMD00238720,Streptococcus pyogenes,Prophage,0
SAMD00257605,Neisseria spp,Prophage,0
SAMD00258369,Acinetobacter baumannii,Prophage,1
SAMD00258402,Staphylococcus aureus,Prophage,0
SAMD00260231,Staphylococcus aureus,Prophage,0
SAMD00260312,Staphylococcus aureus,Prophage,0
SAMD00269944,Staphylococcus aureus,Prophage,0
SAMD00269945,Staphylococcus aureus,Prophage,0
SAMD00276649,Staphylococcus aureus,Prophage,3
SAMD00276650,Pseudomonas aeruginosa,Prophage,2
SAMD00283124,Escherichia coli,Prophage,4
SAMD00283125,Escherichia coli,Prophage,4
SAMD00291287,Staphylococcus aureus,Prophage,1
SAMD00296812,Helicobacter pylori,Prophage,0
SAMD00324535,Enterococcus faecium,Prophage,1
SAMD00324536,Enterococcus faecium,Prophage,1
SAMD00330123,Acinetobacter baumannii,Prophage,3
SAMD00391659,Serratia spp,Prophage,5
SAMD00392799,Helicobacter pylori,Prophage,0
SAMD00392800,Helicobacter pylori,Prophage,0
SAMD00392801,Helicobacter pylori,Prophage,0
SAMD00392802,Helicobacter pylori,Prophage,0
SAMD00393828,Bacillus subtilis,Prophage,2
SAMD00407182,Escherichia coli,Prophage,3
SAMD00411241,Escherichia coli,Prophage,2
SAMD00441897,Escherichia coli,Prophage,2
SAMD00441898,Escherichia coli,Prophage,2
SAMD00453552,Streptococcus pneumoniae,Prophage,0
SAMD00453553,Streptococcus pneumoniae,Prophage,0
SAMD00453554,Streptococcus pneumoniae,Prophage,0
SAMD00453558,Streptococcus pneumoniae,Prophage,0
SAMD00466802,Enterococcus faecium,Prophage,4
SAMD00466807,Enterococcus faecium,Prophage,5
SAMD00467119,Acinetobacter baumannii,Prophage,2
SAMD00502403,Escherichia coli,Prophage,7
SAMD00509734,Helicobacter pylori,Prophage,1
SAMD00515064,Citrobacter spp,Prophage,2
SAMD00520112,Enterococcus faecalis,Prophage,3
SAMD00521555,Enterococcus faecalis,Prophage,2
SAMD00547688,Streptococcus pneumoniae,Prophage,0
SAMD00547689,Streptococcus pneumoniae,Prophage,0
SAMD00547690,Streptococcus pneumoniae,Prophage,1
SAMD00547691,Streptococcus pneumoniae,Prophage,0
SAMD00547692,Streptococcus pneumoniae,Prophage,0
SAMD00547693,Streptococcus pneumoniae,Prophage,1
SAMD00547694,Streptococcus pneumoniae,Prophage,1
SAMD00547695,Streptococcus pneumoniae,Prophage,1
SAMD00547696,Streptococcus pneumoniae,Prophage,1
SAMD00547697,Streptococcus pneumoniae,Prophage,0
SAMD00547698,Streptococcus pneumoniae,Prophage,2
SAMD00547699,Streptococcus pneumoniae,Prophage,0
SAMD00547700,Streptococcus pneumoniae,Prophage,1
SAMD00547701,Streptococcus pneumoniae,Prophage,0
SAMD00547702,Streptococcus pneumoniae,Prophage,0
SAMD00547703,Streptococcus pneumoniae,Prophage,0
SAMD00547704,Streptococcus pneumoniae,Prophage,0
SAMD00547705,Streptococcus pneumoniae,Prophage,0
SAMD00547706,Streptococcus pneumoniae,Prophage,0
SAMD00562497,Escherichia coli,Prophage,5
SAMD00562527,Escherichia coli,Prophage,2
SAMD00562545,Escherichia coli,Prophage,4
SAMD00562561,Escherichia coli,Prophage,4
SAMD00562573,Escherichia coli,Prophage,2
SAMD00562605,Escherichia coli,Prophage,4
SAMD00562622,Escherichia coli,Prophage,3
SAMD00566110,Escherichia coli,Prophage,6
SAMD00566111,Escherichia coli,Prophage,8
SAMD00566463,Escherichia coli,Prophage,9
SAMD00566464,Escherichia coli,Prophage,8
SAMD00566465,Escherichia coli,Prophage,6
SAMD00566466,Escherichia coli,Prophage,7
SAMD00577372,Enterococcus faecium,Prophage,2
SAMD00577373,Enterococcus faecalis,Prophage,1
SAMD00577375,Enterococcus faecalis,Prophage,1
SAMD00585621,Escherichia coli,Prophage,4
SAMD00585622,Escherichia coli,Prophage,5
SAMD00585623,Escherichia coli,Prophage,5
SAMD00587233,Escherichia coli,Prophage,1
SAMD00587235,Escherichia coli,Prophage,1
SAMD00599739,Bacillus subtilis,Prophage,2
SAMD00602882,Streptococcus pneumoniae,Prophage,1
SAMD00602883,Streptococcus pneumoniae,Prophage,0
SAMD00602884,Streptococcus pneumoniae,Prophage,2
SAMD00602885,Streptococcus pneumoniae,Prophage,2
SAMD00602886,Streptococcus pneumoniae,Prophage,0
SAMD00602887,Streptococcus pneumoniae,Prophage,0
SAMD00602888,Streptococcus pneumoniae,Prophage,0
SAMD00602889,Streptococcus pneumoniae,Prophage,0
SAMD00602890,Streptococcus pneumoniae,Prophage,0
SAMD00602891,Streptococcus pneumoniae,Prophage,0
SAMD00602892,Streptococcus pneumoniae,Prophage,0
SAMD00608481,Escherichia coli,Prophage,9
SAMD00620662,Campylobacter spp,Prophage,0
SAMD00620663,Campylobacter spp,Prophage,0
SAMD00620664,Campylobacter spp,Prophage,1
SAMD00620666,Campylobacter spp,Prophage,0
SAMD00620667,Campylobacter spp,Prophage,1
SAMD00620671,Campylobacter spp,Prophage,2
SAMD00620672,Campylobacter spp,Prophage,0
SAMD00620673,Campylobacter spp,Prophage,0
SAMD00620674,Campylobacter spp,Prophage,0
SAMD00620675,Campylobacter spp,Prophage,1
SAMD00620676,Campylobacter spp,Prophage,0
SAMD00620677,Campylobacter spp,Prophage,0
SAMD00620679,Campylobacter spp,Prophage,0
SAMD00620683,Campylobacter spp,Prophage,0
SAMD00620684,Campylobacter spp,Prophage,0
SAMD00620686,Campylobacter spp,Prophage,0
SAMD00620687,Campylobacter spp,Prophage,0
SAMD00620688,Campylobacter spp,Prophage,0
SAMD00620689,Campylobacter spp,Prophage,1
SAMD00620690,Campylobacter spp,Prophage,0
SAMD00620693,Campylobacter spp,Prophage,0
SAMD00620694,Campylobacter spp,Prophage,0
SAMD00620695,Campylobacter spp,Prophage,0
SAMD00620697,Campylobacter spp,Prophage,1
SAMD00620698,Campylobacter spp,Prophage,0
SAMD00620700,Campylobacter spp,Prophage,2
SAMD00620702,Campylobacter spp,Prophage,0
SAMD00620707,Campylobacter spp,Prophage,0
SAMD00620708,Campylobacter spp,Prophage,0
SAMD00620712,Campylobacter spp,Prophage,0
SAMD00620716,Campylobacter spp,Prophage,0
SAMD00620717,Campylobacter spp,Prophage,1
SAMD00620719,Campylobacter spp,Prophage,0
SAMD00620720,Campylobacter spp,Prophage,0
SAMD00620724,Campylobacter spp,Prophage,1
SAMD00620726,Campylobacter spp,Prophage,0
SAMD00620727,Campylobacter spp,Prophage,1
SAMD00620728,Campylobacter spp,Prophage,1
SAMD00620730,Campylobacter spp,Prophage,0
SAMD00620731,Campylobacter spp,Prophage,1
SAMD00620736,Campylobacter spp,Prophage,0
SAMD00620738,Campylobacter spp,Prophage,0
SAMD00620739,Campylobacter spp,Prophage,0
SAMD00620740,Campylobacter spp,Prophage,1
SAMD00620741,Campylobacter spp,Prophage,0
SAMD00620742,Campylobacter spp,Prophage,1
SAMD00620744,Campylobacter spp,Prophage,0
SAMD00620754,Campylobacter spp,Prophage,0
SAMD00620758,Campylobacter spp,Prophage,0
SAMD00620759,Campylobacter spp,Prophage,0
SAMD00620763,Campylobacter spp,Prophage,0
SAMD00620769,Campylobacter spp,Prophage,0
SAMD00620770,Campylobacter spp,Prophage,0
SAMD00622804,Citrobacter spp,Prophage,10
SAMD00623430,Enterococcus faecium,Prophage,1
SAMD00638583,Streptococcus pneumoniae,Prophage,0
SAMD00650365,Bacillus subtilis,Prophage,1
SAMD00651223,Escherichia coli,Prophage,6
SAMD00748008,Enterococcus faecalis,Prophage,2
SAMD00778487,Acinetobacter baumannii,Prophage,0
SAMEA103957791,Helicobacter pylori,Prophage,0
SAMEA104035599,Streptococcus pneumoniae,Prophage,0
SAMEA104042952,Streptococcus pneumoniae,Prophage,2
SAMEA104042953,Streptococcus pneumoniae,Prophage,1
SAMEA104042955,Streptococcus pneumoniae,Prophage,0
SAMEA104042956,Streptococcus pneumoniae,Prophage,0
SAMEA104083446,Pseudomonas aeruginosa,Prophage,0
SAMEA104087369,Salmonella enterica,Prophage,3
SAMEA104093909,Escherichia coli,Prophage,5
SAMEA104109193,Salmonella enterica,Prophage,2
SAMEA104115281,Vibrio cholerae,Prophage,1
SAMEA104167178,Campylobacter spp,Prophage,1
SAMEA104167179,Campylobacter spp,Prophage,1
SAMEA104167180,Campylobacter spp,Prophage,2
SAMEA104167185,Campylobacter spp,Prophage,1
SAMEA104167186,Campylobacter spp,Prophage,0
SAMEA104167187,Campylobacter spp,Prophage,0
SAMEA104167192,Campylobacter spp,Prophage,0
SAMEA104167203,Campylobacter spp,Prophage,0
SAMEA104200675,Haemophilus influenzae,Prophage,3
SAMEA104210759,Campylobacter spp,Prophage,0
SAMEA104210798,Streptococcus agalactiae,Prophage,1
SAMEA104223503,Vibrio cholerae,Prophage,0
SAMEA104224776,Helicobacter pylori,Prophage,0
SAMEA104224786,Helicobacter pylori,Prophage,0
SAMEA104224788,Streptococcus agalactiae,Prophage,0
SAMEA104307683,Neisseria spp,Prophage,2
SAMEA104307687,Neisseria spp,Prophage,2
SAMEA104307689,Neisseria spp,Prophage,1
SAMEA104307690,Neisseria spp,Prophage,2
SAMEA104317472,Staphylococcus aureus,Prophage,2
SAMEA104317636,Staphylococcus aureus,Prophage,2
SAMEA104569902,Klebsiella pneumoniae,Prophage,3
SAMEA1046663,Enterococcus faecalis,Prophage,0
SAMEA104667422,Staphylococcus aureus,Prophage,1
SAMEA104667423,Staphylococcus aureus,Prophage,1
SAMEA104667424,Staphylococcus aureus,Prophage,1
SAMEA104667425,Staphylococcus aureus,Prophage,1
SAMEA104667426,Staphylococcus aureus,Prophage,1
SAMEA104667427,Staphylococcus aureus,Prophage,1
SAMEA104710485,Staphylococcus aureus,Prophage,2
SAMEA104710486,Staphylococcus aureus,Prophage,2
SAMEA104710487,Staphylococcus aureus,Prophage,3
SAMEA104710488,Staphylococcus aureus,Prophage,1
SAMEA104710489,Staphylococcus aureus,Prophage,4
SAMEA104710490,Staphylococcus aureus,Prophage,1
SAMEA104710491,Staphylococcus aureus,Prophage,2
SAMEA104710492,Staphylococcus aureus,Prophage,3
SAMEA104710493,Staphylococcus aureus,Prophage,3
SAMEA104710494,Staphylococcus aureus,Prophage,1
SAMEA104710496,Staphylococcus aureus,Prophage,2
SAMEA104710497,Staphylococcus aureus,Prophage,2
SAMEA104710498,Staphylococcus aureus,Prophage,2
SAMEA104710499,Staphylococcus aureus,Prophage,1
SAMEA104710500,Staphylococcus aureus,Prophage,1
SAMEA104710501,Staphylococcus aureus,Prophage,3
SAMEA104710503,Staphylococcus aureus,Prophage,1
SAMEA104710504,Staphylococcus aureus,Prophage,3
SAMEA104710505,Staphylococcus aureus,Prophage,3
SAMEA104710506,Staphylococcus aureus,Prophage,2
SAMEA112356745,Escherichia coli,Prophage,3
SAMEA112356747,Escherichia coli,Prophage,7
SAMEA112356748,Escherichia coli,Prophage,3
SAMEA112658472,Campylobacter spp,Prophage,1
SAMEA112658473,Campylobacter spp,Prophage,1
SAMEA112658474,Campylobacter spp,Prophage,0
SAMEA112658475,Campylobacter spp,Prophage,1
SAMEA112658476,Campylobacter spp,Prophage,0
SAMEA112658477,Campylobacter spp,Prophage,1
SAMEA112702328,Campylobacter spp,Prophage,2
SAMEA113542884,Escherichia coli,Prophage,6
SAMEA113542958,Escherichia coli,Prophage,9
SAMEA113543026,Escherichia coli,Prophage,6
SAMEA113543029,Escherichia coli,Prophage,3
SAMEA13201010,Serratia spp,Prophage,3
SAMEA13201012,Serratia spp,Prophage,1
SAMEA13201013,Serratia spp,Prophage,3
SAMEA13201014,Serratia spp,Prophage,3
SAMEA13201015,Serratia spp,Prophage,3
SAMEA13201017,Serratia spp,Prophage,3
SAMEA13201019,Serratia spp,Prophage,3
SAMEA13201021,Serratia spp,Prophage,3
SAMEA13201022,Serratia spp,Prophage,3
SAMEA13201026,Serratia spp,Prophage,2
SAMEA13201030,Serratia spp,Prophage,2
SAMEA1463109,Streptococcus pneumoniae,Prophage,1
SAMEA1695737,Pseudomonas aeruginosa,Prophage,1
SAMEA1705914,Salmonella enterica,Prophage,6
SAMEA1705916,Pseudomonas aeruginosa,Prophage,1
SAMEA1705922,Staphylococcus aureus,Prophage,2
SAMEA1705927,Salmonella enterica,Prophage,1
SAMEA1705929,Campylobacter spp,Prophage,0
SAMEA1705935,Staphylococcus aureus,Prophage,2
SAMEA1705939,Neisseria spp,Prophage,0
SAMEA1705941,Salmonella enterica,Prophage,1
SAMEA1705947,Streptococcus pneumoniae,Prophage,1
SAMEA1705949,Neisseria spp,Prophage,1
SAMEA1705953,Salmonella enterica,Prophage,1
SAMEA1705956,Streptococcus pyogenes,Prophage,3
SAMEA1705959,Escherichia coli,Prophage,9
SAMEA17757418,Staphylococcus aureus,Prophage,1
SAMEA1904377,Salmonella enterica,Prophage,8
SAMEA1904401,Salmonella enterica,Prophage,7
SAMEA19195168,Escherichia coli,Prophage,3
SAMEA19195918,Escherichia coli,Prophage,3
SAMEA2058419,Salmonella enterica,Prophage,4
SAMEA2072647,Salmonella enterica,Prophage,5
SAMEA2247639,Bacillus subtilis,Prophage,2
SAMEA2271917,Campylobacter spp,Prophage,0
SAMEA2271964,Staphylococcus aureus,Prophage,1
SAMEA2272019,Escherichia coli,Prophage,6
SAMEA2272087,Enterococcus faecalis,Prophage,2
SAMEA2272227,Salmonella enterica,Prophage,3
SAMEA2272237,Escherichia coli,Prophage,8
SAMEA2272246,Campylobacter spp,Prophage,0
SAMEA2272272,Streptococcus agalactiae,Prophage,0
SAMEA2272277,Escherichia coli,Prophage,5
SAMEA2272282,Staphylococcus aureus,Prophage,2
SAMEA2272299,Staphylococcus aureus,Prophage,0
SAMEA2272371,Streptococcus agalactiae,Prophage,1
SAMEA2272458,Staphylococcus aureus,Prophage,0
SAMEA2272502,Staphylococcus aureus,Prophage,0
SAMEA2272552,Staphylococcus aureus,Prophage,2
SAMEA2272558,Escherichia coli,Prophage,1
SAMEA2272570,Haemophilus influenzae,Prophage,1
SAMEA2272644,Staphylococcus aureus,Prophage,2
SAMEA2272690,Neisseria spp,Prophage,3
SAMEA2272698,Helicobacter pylori,Prophage,0
SAMEA2272745,Neisseria spp,Prophage,1
SAMEA2272771,Staphylococcus aureus,Prophage,1
SAMEA2272777,Salmonella enterica,Prophage,4
SAMEA2336231,Salmonella enterica,Prophage,3
SAMEA2336232,Salmonella enterica,Prophage,5
SAMEA2439285,Acinetobacter baumannii,Prophage,4
SAMEA2448460,Neisseria spp,Prophage,2
SAMEA2448461,Neisseria spp,Prophage,2
SAMEA2448462,Neisseria spp,Prophage,2
SAMEA2448463,Neisseria spp,Prophage,2
SAMEA2448464,Neisseria spp,Prophage,2
SAMEA2448465,Neisseria spp,Prophage,2
SAMEA2448466,Neisseria spp,Prophage,2
SAMEA2448467,Neisseria spp,Prophage,2
SAMEA2448468,Neisseria spp,Prophage,2
SAMEA2448469,Neisseria spp,Prophage,2
SAMEA2448470,Neisseria spp,Prophage,2
SAMEA2467787,Salmonella enterica,Prophage,2
SAMEA2479566,Staphylococcus aureus,Prophage,2
SAMEA2479568,Streptococcus pneumoniae,Prophage,1
SAMEA2479569,Streptococcus pyogenes,Prophage,4
SAMEA2479570,Pseudomonas aeruginosa,Prophage,1
SAMEA2479571,Campylobacter spp,Prophage,0
SAMEA2498480,Haemophilus influenzae,Prophage,2
SAMEA2547782,Escherichia coli,Prophage,2
SAMEA2547783,Escherichia coli,Prophage,2
SAMEA2564024,Salmonella enterica,Prophage,4
SAMEA2564026,Salmonella enterica,Prophage,4
SAMEA2564027,Salmonella enterica,Prophage,3
SAMEA26686918,Pseudomonas aeruginosa,Prophage,0
SAMEA2689768,Escherichia coli,Prophage,0
SAMEA2709017,Enterobacter spp,Prophage,0
SAMEA2709025,Morganella morganii,Prophage,3
SAMEA2743223,Staphylococcus aureus,Prophage,3
SAMEA2771254,Staphylococcus aureus,Prophage,1
SAMEA2780588,Bacillus subtilis,Prophage,2
SAMEA2796326,Neisseria spp,Prophage,1
SAMEA2796327,Neisseria spp,Prophage,2
SAMEA2796328,Neisseria spp,Prophage,2
SAMEA2822163,Haemophilus influenzae,Prophage,2
SAMEA3106395,Salmonella enterica,Prophage,3
SAMEA3109638,Salmonella enterica,Prophage,3
SAMEA3138186,Staphylococcus aureus,Prophage,1
SAMEA3138188,Bacillus subtilis,Prophage,3
SAMEA3138289,Neisseria spp,Prophage,0
SAMEA3138296,Helicobacter pylori,Prophage,0
SAMEA3138342,Haemophilus influenzae,Prophage,3
SAMEA3138382,Salmonella enterica,Prophage,4
SAMEA3138383,Haemophilus influenzae,Prophage,2
SAMEA3138386,Streptococcus pneumoniae,Prophage,0
SAMEA3138387,Streptococcus pneumoniae,Prophage,0
SAMEA3138388,Streptococcus pneumoniae,Prophage,0
SAMEA3138389,Streptococcus pneumoniae,Prophage,0
SAMEA3138390,Streptococcus pneumoniae,Prophage,0
SAMEA3138391,Streptococcus pneumoniae,Prophage,0
SAMEA3138392,Streptococcus pneumoniae,Prophage,0
SAMEA3138393,Streptococcus pneumoniae,Prophage,0
SAMEA3138816,Escherichia coli,Prophage,0
SAMEA3138834,Serratia spp,Prophage,1
SAMEA3139000,Streptococcus agalactiae,Prophage,0
SAMEA3143339,Escherichia coli,Prophage,0
SAMEA3146530,Acinetobacter baumannii,Prophage,0
SAMEA3178013,Helicobacter pylori,Prophage,0
SAMEA3207620,Haemophilus influenzae,Prophage,2
SAMEA3207623,Haemophilus influenzae,Prophage,0
SAMEA3221100,Haemophilus influenzae,Prophage,0
SAMEA3221101,Haemophilus influenzae,Prophage,0
SAMEA3222080,Haemophilus influenzae,Prophage,2
SAMEA3222082,Streptococcus pyogenes,Prophage,3
SAMEA3233551,Staphylococcus aureus,Prophage,2
SAMEA3251419,Staphylococcus aureus,Prophage,2
SAMEA3251435,Klebsiella pneumoniae,Prophage,1
SAMEA3257677,Klebsiella pneumoniae,Prophage,6
SAMEA3283117,Klebsiella pneumoniae,Prophage,4
SAMEA3283121,Staphylococcus aureus,Prophage,0
SAMEA3283124,Staphylococcus aureus,Prophage,0
SAMEA3283125,Staphylococcus aureus,Prophage,0
SAMEA33005668,Helicobacter pylori,Prophage,0
SAMEA3310339,Acinetobacter baumannii,Prophage,1
SAMEA3356952,Klebsiella pneumoniae,Prophage,4
SAMEA3356997,Klebsiella pneumoniae,Prophage,2
SAMEA3357009,Klebsiella pneumoniae,Prophage,3
SAMEA3357010,Klebsiella pneumoniae,Prophage,3
SAMEA3357013,Klebsiella pneumoniae,Prophage,4
SAMEA3357016,Klebsiella pneumoniae,Prophage,1
SAMEA3357043,Klebsiella pneumoniae,Prophage,3
SAMEA3357077,Klebsiella pneumoniae,Prophage,2
SAMEA3357079,Klebsiella pneumoniae,Prophage,3
SAMEA3357080,Klebsiella pneumoniae,Prophage,2
SAMEA3357101,Klebsiella pneumoniae,Prophage,3
SAMEA3357145,Klebsiella pneumoniae,Prophage,5
SAMEA3357177,Klebsiella pneumoniae,Prophage,3
SAMEA3357198,Klebsiella pneumoniae,Prophage,0
SAMEA3357223,Klebsiella pneumoniae,Prophage,4
SAMEA3357225,Klebsiella pneumoniae,Prophage,3
SAMEA3357253,Klebsiella pneumoniae,Prophage,3
SAMEA3357254,Klebsiella pneumoniae,Prophage,3
SAMEA3357268,Klebsiella pneumoniae,Prophage,2
SAMEA3357272,Klebsiella pneumoniae,Prophage,2
SAMEA3357273,Klebsiella pneumoniae,Prophage,3
SAMEA3357328,Klebsiella pneumoniae,Prophage,2
SAMEA3357337,Klebsiella pneumoniae,Prophage,3
SAMEA3357358,Klebsiella pneumoniae,Prophage,2
SAMEA3357374,Klebsiella pneumoniae,Prophage,0
SAMEA3357384,Escherichia coli,Prophage,4
SAMEA3357386,Escherichia coli,Prophage,5
SAMEA3357389,Serratia spp,Prophage,2
SAMEA3357463,Escherichia coli,Prophage,4
SAMEA3357466,Klebsiella pneumoniae,Prophage,8
SAMEA3357475,Escherichia coli,Prophage,4
SAMEA3357497,Escherichia coli,Prophage,0
SAMEA3357500,Pseudomonas aeruginosa,Prophage,1
SAMEA3357502,Pseudomonas aeruginosa,Prophage,0
SAMEA3357519,Escherichia coli,Prophage,3
SAMEA3357523,Escherichia coli,Prophage,4
SAMEA3367470,Streptococcus pneumoniae,Prophage,0
SAMEA3368254,Klebsiella pneumoniae,Prophage,3
SAMEA3368261,Klebsiella pneumoniae,Prophage,0
SAMEA3368272,Escherichia coli,Prophage,2
SAMEA3368289,Escherichia coli,Prophage,3
SAMEA3368339,Escherichia coli,Prophage,3
SAMEA3376909,Escherichia coli,Prophage,1
SAMEA3376924,Escherichia coli,Prophage,1
SAMEA3376927,Escherichia coli,Prophage,7
SAMEA3376930,Escherichia coli,Prophage,7
SAMEA3403040,Escherichia coli,Prophage,3
SAMEA3403043,Escherichia coli,Prophage,5
SAMEA3403050,Escherichia coli,Prophage,10
SAMEA3431333,Streptococcus pneumoniae,Prophage,0
SAMEA3432862,Staphylococcus aureus,Prophage,3
SAMEA3443760,Escherichia coli,Prophage,4
SAMEA3443763,Escherichia coli,Prophage,3
SAMEA3443772,Escherichia coli,Prophage,1
SAMEA3446331,Escherichia coli,Prophage,6
SAMEA3446340,Escherichia coli,Prophage,2
SAMEA3446350,Escherichia coli,Prophage,5
SAMEA3449716,Acinetobacter baumannii,Prophage,1
SAMEA3451123,Escherichia coli,Prophage,0
SAMEA3451135,Escherichia coli,Prophage,3
SAMEA3468845,Salmonella enterica,Prophage,3
SAMEA3468848,Escherichia coli,Prophage,2
SAMEA3468857,Escherichia coli,Prophage,1
SAMEA3484633,Pseudomonas aeruginosa,Prophage,0
SAMEA3485223,Pseudomonas aeruginosa,Prophage,1
SAMEA3491692,Staphylococcus aureus,Prophage,2
SAMEA3491695,Staphylococcus aureus,Prophage,2
SAMEA3491698,Staphylococcus aureus,Prophage,2
SAMEA3491703,Staphylococcus aureus,Prophage,1
SAMEA3491706,Staphylococcus aureus,Prophage,0
SAMEA3491711,Staphylococcus aureus,Prophage,2
SAMEA3491715,Staphylococcus aureus,Prophage,1
SAMEA3492649,Klebsiella pneumoniae,Prophage,2
SAMEA3492660,Escherichia coli,Prophage,2
SAMEA3499041,Staphylococcus aureus,Prophage,2
SAMEA3500267,Staphylococcus aureus,Prophage,0
SAMEA3504573,Staphylococcus aureus,Prophage,2
SAMEA3504578,Staphylococcus aureus,Prophage,0
SAMEA3504579,Staphylococcus aureus,Prophage,1
SAMEA3504580,Staphylococcus aureus,Prophage,1
SAMEA3504582,Staphylococcus aureus,Prophage,3
SAMEA3505365,Escherichia coli,Prophage,4
SAMEA3506109,Salmonella enterica,Prophage,6
SAMEA3518004,Staphylococcus aureus,Prophage,1
SAMEA3518006,Staphylococcus aureus,Prophage,1
SAMEA3518008,Staphylococcus aureus,Prophage,1
SAMEA3518011,Staphylococcus aureus,Prophage,3
SAMEA35192668,Escherichia coli,Prophage,8
SAMEA35194168,Escherichia coli,Prophage,8
SAMEA3529258,Escherichia coli,Prophage,4
SAMEA3529261,Staphylococcus aureus,Prophage,1
SAMEA3529271,Streptococcus agalactiae,Prophage,1
SAMEA3539724,Streptococcus pyogenes,Prophage,4
SAMEA3542433,Streptococcus pyogenes,Prophage,4
SAMEA3542440,Streptococcus pyogenes,Prophage,2
SAMEA3542441,Streptococcus pyogenes,Prophage,3
SAMEA3542442,Streptococcus pyogenes,Prophage,4
SAMEA3542444,Streptococcus pyogenes,Prophage,1
SAMEA3542447,Streptococcus pyogenes,Prophage,2
SAMEA3542449,Streptococcus pyogenes,Prophage,1
SAMEA3542450,Streptococcus pyogenes,Prophage,2
SAMEA3572417,Streptococcus pyogenes,Prophage,1
SAMEA3572419,Streptococcus pyogenes,Prophage,3
SAMEA3572427,Streptococcus pyogenes,Prophage,2
SAMEA3572429,Streptococcus pyogenes,Prophage,1
SAMEA3572431,Streptococcus pyogenes,Prophage,1
SAMEA3572435,Streptococcus pyogenes,Prophage,1
SAMEA3594345,Streptococcus pyogenes,Prophage,3
SAMEA3594346,Streptococcus pyogenes,Prophage,0
SAMEA3594347,Streptococcus pyogenes,Prophage,1
SAMEA3594349,Streptococcus pyogenes,Prophage,2
SAMEA3594351,Streptococcus pyogenes,Prophage,1
SAMEA3594352,Streptococcus pyogenes,Prophage,0
SAMEA3594357,Streptococcus pyogenes,Prophage,1
SAMEA3594360,Streptococcus pyogenes,Prophage,1
SAMEA3597579,Streptococcus pyogenes,Prophage,4
SAMEA3597580,Streptococcus pyogenes,Prophage,0
SAMEA3597581,Streptococcus pyogenes,Prophage,2
SAMEA3597587,Streptococcus agalactiae,Prophage,0
SAMEA3597589,Streptococcus pyogenes,Prophage,3
SAMEA3597594,Klebsiella pneumoniae,Prophage,2
SAMEA3614259,Enterococcus faecium,Prophage,1
SAMEA3614262,Streptococcus pyogenes,Prophage,2
SAMEA3614265,Enterococcus faecalis,Prophage,3
SAMEA3614277,Staphylococcus aureus,Prophage,0
SAMEA3632058,Streptococcus pyogenes,Prophage,4
SAMEA3632069,Streptococcus pyogenes,Prophage,4
SAMEA3632070,Streptococcus pyogenes,Prophage,4
SAMEA3649042,Streptococcus pyogenes,Prophage,5
SAMEA3649044,Streptococcus pneumoniae,Prophage,0
SAMEA3662931,Streptococcus pyogenes,Prophage,1
SAMEA3662939,Streptococcus pyogenes,Prophage,2
SAMEA3672878,Escherichia coli,Prophage,0
SAMEA3672879,Escherichia coli,Prophage,2
SAMEA3672889,Staphylococcus aureus,Prophage,3
SAMEA3672890,Campylobacter spp,Prophage,0
SAMEA3679170,Streptococcus pneumoniae,Prophage,1
SAMEA3713867,Streptococcus pneumoniae,Prophage,1
SAMEA3714487,Streptococcus pneumoniae,Prophage,1
SAMEA3714520,Streptococcus pneumoniae,Prophage,0
SAMEA3714884,Streptococcus pneumoniae,Prophage,0
SAMEA3715145,Acinetobacter baumannii,Prophage,1
SAMEA3724096,Staphylococcus aureus,Prophage,1
SAMEA3726428,Enterococcus faecium,Prophage,3
SAMEA3729937,Streptococcus pyogenes,Prophage,3
SAMEA3729940,Streptococcus pyogenes,Prophage,1
SAMEA3733527,Staphylococcus aureus,Prophage,2
SAMEA3751109,Acinetobacter baumannii,Prophage,2
SAMEA3856675,Pseudomonas aeruginosa,Prophage,3
SAMEA3856677,Pseudomonas aeruginosa,Prophage,4
SAMEA3856681,Streptococcus agalactiae,Prophage,0
SAMEA3861969,Escherichia coli,Prophage,2
SAMEA3865278,Escherichia coli,Prophage,5
SAMEA3865279,Streptococcus pyogenes,Prophage,0
SAMEA3865280,Serratia spp,Prophage,1
SAMEA3867446,Escherichia coli,Prophage,2
SAMEA3867450,Haemophilus influenzae,Prophage,2
SAMEA3871782,Streptococcus pyogenes,Prophage,3
SAMEA3871783,Streptococcus pyogenes,Prophage,4
SAMEA3871791,Streptococcus pyogenes,Prophage,3
SAMEA3871794,Streptococcus pyogenes,Prophage,1
SAMEA3879489,Streptococcus pyogenes,Prophage,1
SAMEA3879490,Streptococcus pyogenes,Prophage,2
SAMEA3881058,Streptococcus pyogenes,Prophage,2
SAMEA3888151,Streptococcus agalactiae,Prophage,2
SAMEA3893456,Haemophilus influenzae,Prophage,1
SAMEA3923580,Pseudomonas aeruginosa,Prophage,2
SAMEA3923596,Streptococcus pyogenes,Prophage,2
SAMEA3956097,Streptococcus pyogenes,Prophage,1
SAMEA3956099,Streptococcus pyogenes,Prophage,1
SAMEA3956100,Streptococcus pneumoniae,Prophage,0
SAMEA3988096,Escherichia coli,Prophage,2
SAMEA3996552,Escherichia coli,Prophage,2
SAMEA4007823,Pseudomonas aeruginosa,Prophage,1
SAMEA4012328,Streptococcus pyogenes,Prophage,4
SAMEA4017717,Salmonella enterica,Prophage,2
SAMEA4017719,Salmonella enterica,Prophage,2
SAMEA4017720,Streptococcus pyogenes,Prophage,0
SAMEA4017721,Streptococcus pyogenes,Prophage,3
SAMEA4028451,Salmonella enterica,Prophage,3
SAMEA4030739,Haemophilus influenzae,Prophage,1
SAMEA4072170,Staphylococcus aureus,Prophage,4
SAMEA4076710,Staphylococcus aureus,Prophage,2
SAMEA4076728,Moraxella catarrhalis,Prophage,0
SAMEA4076741,Neisseria spp,Prophage,1
SAMEA4076765,Neisseria spp,Prophage,1
SAMEA4076768,Neisseria spp,Prophage,1
SAMEA4364215,Streptococcus pyogenes,Prophage,2
SAMEA4364219,Escherichia coli,Prophage,0
SAMEA4364223,Neisseria spp,Prophage,1
SAMEA4374365,Vibrio cholerae,Prophage,0
SAMEA4374366,Vibrio cholerae,Prophage,1
SAMEA4374367,Vibrio cholerae,Prophage,1
SAMEA4374368,Vibrio cholerae,Prophage,1
SAMEA4393802,Pseudomonas aeruginosa,Prophage,1
SAMEA4443152,Staphylococcus aureus,Prophage,2
SAMEA4444104,Escherichia coli,Prophage,1
SAMEA4444107,Escherichia coli,Prophage,1
SAMEA4469815,Streptococcus pneumoniae,Prophage,0
SAMEA4554831,Helicobacter pylori,Prophage,0
SAMEA4554832,Helicobacter pylori,Prophage,0
SAMEA4554833,Helicobacter pylori,Prophage,0
SAMEA4554834,Helicobacter pylori,Prophage,0
SAMEA4554835,Helicobacter pylori,Prophage,0
SAMEA4554836,Helicobacter pylori,Prophage,0
SAMEA4554838,Helicobacter pylori,Prophage,0
SAMEA4554839,Helicobacter pylori,Prophage,0
SAMEA4554840,Helicobacter pylori,Prophage,0
SAMEA4554841,Helicobacter pylori,Prophage,0
SAMEA4557824,Streptococcus pyogenes,Prophage,2
SAMEA4557825,Enterococcus faecium,Prophage,0
SAMEA46071418,Streptococcus agalactiae,Prophage,0
SAMEA4657913,Streptococcus pneumoniae,Prophage,0
SAMEA4682257,Escherichia coli,Prophage,3
SAMEA4682258,Escherichia coli,Prophage,4
SAMEA4732083,Escherichia coli,Prophage,0
SAMEA4785251,Pseudomonas aeruginosa,Prophage,4
SAMEA4785252,Klebsiella pneumoniae,Prophage,4
SAMEA4785253,Klebsiella pneumoniae,Prophage,4
SAMEA4785257,Enterobacter spp,Prophage,6
SAMEA4785258,Escherichia coli,Prophage,0
SAMEA4786450,Escherichia coli,Prophage,5
SAMEA4786452,Escherichia coli,Prophage,4
SAMEA4786454,Escherichia coli,Prophage,4
SAMEA4786455,Klebsiella pneumoniae,Prophage,3
SAMEA4805863,Streptococcus pyogenes,Prophage,4
SAMEA4830523,Escherichia coli,Prophage,2
SAMEA4830524,Escherichia coli,Prophage,6
SAMEA4830525,Escherichia coli,Prophage,5
SAMEA4830526,Escherichia coli,Prophage,9
SAMEA4830527,Escherichia coli,Prophage,6
SAMEA4830818,Citrobacter spp,Prophage,4
SAMEA4830819,Escherichia coli,Prophage,5
SAMEA4830820,Escherichia coli,Prophage,6
SAMEA4884426,Enterococcus faecium,Prophage,0
SAMEA4884467,Enterococcus faecium,Prophage,0
SAMEA4884531,Enterococcus faecium,Prophage,1
SAMEA4884544,Enterococcus faecium,Prophage,1
SAMEA4884567,Enterococcus faecium,Prophage,1
SAMEA4884646,Enterococcus faecium,Prophage,1
SAMEA4884658,Enterococcus faecium,Prophage,1
SAMEA4884683,Enterococcus faecium,Prophage,0
SAMEA4884718,Enterococcus faecium,Prophage,1
SAMEA4884734,Enterococcus faecium,Prophage,1
SAMEA4884735,Enterococcus faecium,Prophage,1
SAMEA4884790,Enterococcus faecium,Prophage,1
SAMEA4884801,Enterococcus faecium,Prophage,1
SAMEA4884860,Enterococcus faecium,Prophage,4
SAMEA4884873,Enterococcus faecium,Prophage,2
SAMEA4884910,Enterococcus faecium,Prophage,2
SAMEA4884924,Enterococcus faecium,Prophage,2
SAMEA4884945,Enterococcus faecium,Prophage,3
SAMEA4884974,Enterococcus faecium,Prophage,2
SAMEA4884989,Enterococcus faecium,Prophage,2
SAMEA4885012,Enterococcus faecium,Prophage,2
SAMEA4885040,Enterococcus faecium,Prophage,2
SAMEA4885076,Enterococcus faecium,Prophage,1
SAMEA4885079,Enterococcus faecium,Prophage,3
SAMEA4885156,Enterococcus faecium,Prophage,1
SAMEA4885211,Enterococcus faecium,Prophage,3
SAMEA4885231,Enterococcus faecium,Prophage,2
SAMEA4885352,Enterococcus faecium,Prophage,3
SAMEA4885360,Enterococcus faecium,Prophage,3
SAMEA4885473,Enterococcus faecium,Prophage,3
SAMEA4885488,Enterococcus faecium,Prophage,1
SAMEA4885529,Enterococcus faecium,Prophage,2
SAMEA4885602,Enterococcus faecium,Prophage,1
SAMEA4885624,Enterococcus faecium,Prophage,2
SAMEA4885631,Enterococcus faecium,Prophage,4
SAMEA4885688,Enterococcus faecium,Prophage,3
SAMEA4885694,Enterococcus faecium,Prophage,3
SAMEA4885722,Enterococcus faecium,Prophage,3
SAMEA4885755,Enterococcus faecium,Prophage,3
SAMEA4885787,Enterococcus faecium,Prophage,4
SAMEA4885795,Enterococcus faecium,Prophage,1
SAMEA4885812,Enterococcus faecium,Prophage,2
SAMEA4885878,Enterococcus faecium,Prophage,1
SAMEA4885924,Enterococcus faecium,Prophage,2
SAMEA4885972,Enterococcus faecium,Prophage,0
SAMEA4916038,Pseudomonas aeruginosa,Prophage,1
SAMEA4916049,Pseudomonas aeruginosa,Prophage,0
SAMEA4916059,Pseudomonas aeruginosa,Prophage,0
SAMEA4916061,Pseudomonas aeruginosa,Prophage,0
SAMEA4916069,Pseudomonas aeruginosa,Prophage,2
SAMEA4916090,Escherichia coli,Prophage,3
SAMEA4916107,Pseudomonas aeruginosa,Prophage,2
SAMEA4916108,Pseudomonas aeruginosa,Prophage,0
SAMEA4916113,Pseudomonas aeruginosa,Prophage,0
SAMEA4916123,Pseudomonas aeruginosa,Prophage,0
SAMEA5047398,Staphylococcus aureus,Prophage,2
SAMEA5047399,Staphylococcus aureus,Prophage,1
SAMEA5047400,Staphylococcus aureus,Prophage,1
SAMEA5047401,Staphylococcus aureus,Prophage,1
SAMEA5047402,Staphylococcus aureus,Prophage,2
SAMEA5063299,Klebsiella pneumoniae,Prophage,1
SAMEA5092020,Streptococcus pneumoniae,Prophage,1
SAMEA5092021,Streptococcus pneumoniae,Prophage,0
SAMEA5092022,Streptococcus pneumoniae,Prophage,0
SAMEA5092023,Streptococcus pneumoniae,Prophage,0
SAMEA5092024,Streptococcus pneumoniae,Prophage,0
SAMEA5096233,Streptococcus pyogenes,Prophage,3
SAMEA5096234,Streptococcus pyogenes,Prophage,0
SAMEA5096235,Streptococcus pyogenes,Prophage,4
SAMEA5096236,Streptococcus pyogenes,Prophage,2
SAMEA5096237,Streptococcus pyogenes,Prophage,1
SAMEA5099550,Staphylococcus aureus,Prophage,0
SAMEA5099551,Staphylococcus aureus,Prophage,1
SAMEA5099552,Staphylococcus aureus,Prophage,2
SAMEA5099553,Staphylococcus aureus,Prophage,2
SAMEA5099554,Staphylococcus aureus,Prophage,3
SAMEA5128437,Klebsiella pneumoniae,Prophage,3
SAMEA5128438,Klebsiella pneumoniae,Prophage,4
SAMEA5128441,Escherichia coli,Prophage,7
SAMEA5128442,Escherichia coli,Prophage,6
SAMEA5128443,Escherichia coli,Prophage,2
SAMEA5128444,Escherichia coli,Prophage,4
SAMEA5128445,Escherichia coli,Prophage,5
SAMEA53411668,Streptococcus pyogenes,Prophage,3
SAMEA53413168,Streptococcus pyogenes,Prophage,3
SAMEA53434918,Streptococcus pyogenes,Prophage,1
SAMEA5577690,Salmonella enterica,Prophage,5
SAMEA5577693,Salmonella enterica,Prophage,4
SAMEA5850860,Helicobacter pylori,Prophage,0
SAMEA5851198,Enterococcus faecalis,Prophage,3
SAMEA5852017,Morganella morganii,Prophage,2
SAMEA6109568,Escherichia coli,Prophage,6
SAMEA6109570,Escherichia coli,Prophage,7
SAMEA6246859,Pseudomonas aeruginosa,Prophage,2
SAMEA6246860,Pseudomonas aeruginosa,Prophage,3
SAMEA6246861,Pseudomonas aeruginosa,Prophage,3
SAMEA6377381,Staphylococcus aureus,Prophage,0
SAMEA6471229,Escherichia coli,Prophage,0
SAMEA6471236,Escherichia coli,Prophage,5
SAMEA6595217,Escherichia coli,Prophage,4
SAMEA6595238,Escherichia coli,Prophage,2
SAMEA6634591,Klebsiella pneumoniae,Prophage,2
SAMEA7287978,Escherichia coli,Prophage,4
SAMEA7301478,Serratia spp,Prophage,3
SAMEA7301484,Serratia spp,Prophage,3
SAMEA7306517,Escherichia coli,Prophage,0
SAMEA7368282,Escherichia coli,Prophage,3
SAMEA7853256,Citrobacter spp,Prophage,6
SAMEA7962735,Serratia spp,Prophage,3
SAMEA7962736,Serratia spp,Prophage,2
SAMEA8065684,Escherichia coli,Prophage,3
SAMEA8065689,Escherichia coli,Prophage,5
SAMEA8065748,Escherichia coli,Prophage,3
SAMEA8065770,Citrobacter spp,Prophage,5
SAMEA8065773,Escherichia coli,Prophage,3
SAMEA8065790,Escherichia coli,Prophage,6
SAMEA8103422,Bacillus subtilis,Prophage,1
SAMEA8103426,Bacillus subtilis,Prophage,0
SAMEA8103427,Bacillus subtilis,Prophage,1
SAMEA8103428,Bacillus subtilis,Prophage,1
SAMEA8103429,Bacillus subtilis,Prophage,1
SAMEA8103433,Bacillus subtilis,Prophage,2
SAMEA8103434,Bacillus subtilis,Prophage,2
SAMEA8103436,Bacillus subtilis,Prophage,1
SAMEA8103437,Bacillus subtilis,Prophage,1
SAMEA8103438,Bacillus subtilis,Prophage,1
SAMEA8103439,Bacillus subtilis,Prophage,1
SAMEA8103440,Bacillus subtilis,Prophage,0
SAMEA8103441,Bacillus subtilis,Prophage,1
SAMEA8103444,Bacillus subtilis,Prophage,1
SAMEA8103446,Bacillus subtilis,Prophage,1
SAMEA8103447,Bacillus subtilis,Prophage,0
SAMEA8103449,Bacillus subtilis,Prophage,2
SAMEA8103450,Bacillus subtilis,Prophage,1
SAMEA8103452,Bacillus subtilis,Prophage,1
SAMEA8103453,Bacillus subtilis,Prophage,0
SAMEA8103454,Bacillus subtilis,Prophage,1
SAMEA889328,Vibrio cholerae,Prophage,0
SAMEA8908792,Streptococcus agalactiae,Prophage,2
SAMEA8908793,Streptococcus agalactiae,Prophage,0
SAMEA8908794,Streptococcus agalactiae,Prophage,1
SAMEA8908795,Streptococcus agalactiae,Prophage,0
SAMEA8908796,Streptococcus agalactiae,Prophage,0
SAMEA8908797,Streptococcus agalactiae,Prophage,0
SAMEA8908798,Streptococcus agalactiae,Prophage,1
SAMEA8908799,Streptococcus agalactiae,Prophage,0
SAMEA8908800,Streptococcus agalactiae,Prophage,0
SAMEA8908801,Streptococcus agalactiae,Prophage,1
SAMEA8908802,Streptococcus agalactiae,Prophage,0
SAMEA8908803,Streptococcus agalactiae,Prophage,0
SAMEA8908804,Streptococcus agalactiae,Prophage,1
SAMEA8908805,Streptococcus agalactiae,Prophage,0
SAMEA8908806,Streptococcus agalactiae,Prophage,1
SAMEA8908808,Streptococcus agalactiae,Prophage,0
SAMEA8908809,Streptococcus agalactiae,Prophage,1
SAMEA8908810,Streptococcus agalactiae,Prophage,0
SAMEA8908811,Streptococcus agalactiae,Prophage,1
SAMN00000110,Escherichia coli,Prophage,6
SAMN00002223,Streptococcus pneumoniae,Prophage,0
SAMN00002237,Enterococcus faecium,Prophage,1
SAMN00002240,Staphylococcus aureus,Prophage,0
SAMN00002656,Escherichia coli,Prophage,1
SAMN00003101,Helicobacter pylori,Prophage,0
SAMN00013012,Streptococcus pyogenes,Prophage,4
SAMN00017915,Escherichia coli,Prophage,4
SAMN00103091,Staphylococcus aureus,Prophage,1
SAMN00189522,Helicobacter pylori,Prophage,0
SAMN00253845,Staphylococcus aureus,Prophage,2
SAMN00710627,Salmonella enterica,Prophage,2
SAMN00754299,Salmonella enterica,Prophage,3
SAMN00754430,Salmonella enterica,Prophage,1
SAMN00765529,Vibrio cholerae,Prophage,0
SAMN00808929,Enterococcus faecalis,Prophage,1
SAMN00811241,Salmonella enterica,Prophage,1
SAMN00860590,Salmonella enterica,Prophage,1
SAMN00862340,Salmonella enterica,Prophage,2
SAMN00862341,Salmonella enterica,Prophage,1
SAMN00989085,Salmonella enterica,Prophage,1
SAMN00991046,Salmonella enterica,Prophage,1
SAMN00991048,Salmonella enterica,Prophage,1
SAMN00996491,Staphylococcus aureus,Prophage,1
SAMN01041081,Salmonella enterica,Prophage,3
SAMN01041085,Salmonella enterica,Prophage,2
SAMN01041143,Salmonella enterica,Prophage,2
SAMN01057611,Klebsiella pneumoniae,Prophage,6
SAMN01087969,Salmonella enterica,Prophage,2
SAMN01765627,Salmonella enterica,Prophage,5
SAMN01765628,Salmonella enterica,Prophage,4
SAMN01805317,Salmonella enterica,Prophage,2
SAMN01805325,Salmonella enterica,Prophage,5
SAMN01805326,Salmonella enterica,Prophage,1
SAMN01805327,Salmonella enterica,Prophage,1
SAMN01805328,Salmonella enterica,Prophage,0
SAMN01805331,Salmonella enterica,Prophage,1
SAMN01805332,Salmonella enterica,Prophage,0
SAMN01813420,Salmonella enterica,Prophage,4
SAMN01813424,Salmonella enterica,Prophage,3
SAMN01813481,Salmonella enterica,Prophage,5
SAMN01813482,Salmonella enterica,Prophage,6
SAMN01816110,Salmonella enterica,Prophage,0
SAMN01816118,Salmonella enterica,Prophage,0
SAMN01816351,Salmonella enterica,Prophage,1
SAMN01816352,Salmonella enterica,Prophage,1
SAMN01816358,Salmonella enterica,Prophage,1
SAMN01816359,Salmonella enterica,Prophage,1
SAMN01823701,Salmonella enterica,Prophage,1
SAMN01823708,Salmonella enterica,Prophage,1
SAMN01823711,Salmonella enterica,Prophage,3
SAMN01823712,Salmonella enterica,Prophage,4
SAMN01823716,Salmonella enterica,Prophage,5
SAMN01823720,Salmonella enterica,Prophage,2
SAMN01823721,Salmonella enterica,Prophage,1
SAMN01823726,Salmonella enterica,Prophage,3
SAMN01823732,Salmonella enterica,Prophage,1
SAMN01823736,Salmonella enterica,Prophage,1
SAMN01831188,Escherichia coli,Prophage,7
SAMN01831189,Escherichia coli,Prophage,6
SAMN01831190,Escherichia coli,Prophage,8
SAMN01832085,Salmonella enterica,Prophage,2
SAMN01832087,Salmonella enterica,Prophage,3
SAMN01832088,Salmonella enterica,Prophage,3
SAMN01832089,Salmonella enterica,Prophage,2
SAMN01916927,Escherichia coli,Prophage,12
SAMN01916957,Escherichia coli,Prophage,7
SAMN01917241,Escherichia coli,Prophage,7
SAMN01933202,Salmonella enterica,Prophage,2
SAMN01942233,Salmonella enterica,Prophage,1
SAMN01942244,Salmonella enterica,Prophage,1
SAMN01942246,Salmonella enterica,Prophage,1
SAMN01942253,Salmonella enterica,Prophage,1
SAMN01942254,Salmonella enterica,Prophage,1
SAMN01942268,Salmonella enterica,Prophage,1
SAMN01942296,Salmonella enterica,Prophage,1
SAMN01942300,Salmonella enterica,Prophage,1
SAMN01942313,Salmonella enterica,Prophage,1
SAMN02141972,Klebsiella pneumoniae,Prophage,3
SAMN02141981,Klebsiella pneumoniae,Prophage,5
SAMN02141993,Klebsiella pneumoniae,Prophage,3
SAMN02147037,Escherichia coli,Prophage,4
SAMN02152539,Klebsiella pneumoniae,Prophage,5
SAMN02179883,Campylobacter spp,Prophage,0
SAMN02183432,Bacillus subtilis,Prophage,2
SAMN02194078,Enterococcus faecium,Prophage,1
SAMN02212496,Salmonella enterica,Prophage,4
SAMN02230257,Helicobacter pylori,Prophage,0
SAMN02230259,Helicobacter pylori,Prophage,0
SAMN02230271,Helicobacter pylori,Prophage,0
SAMN02261218,Salmonella enterica,Prophage,3
SAMN02261725,Staphylococcus aureus,Prophage,2
SAMN02265272,Salmonella enterica,Prophage,2
SAMN02297856,Salmonella enterica,Prophage,6
SAMN02299423,Helicobacter pylori,Prophage,0
SAMN02299431,Streptococcus pneumoniae,Prophage,0
SAMN02304041,Escherichia coli,Prophage,10
SAMN02316405,Campylobacter spp,Prophage,0
SAMN02316406,Campylobacter spp,Prophage,0
SAMN02316407,Campylobacter spp,Prophage,0
SAMN02316408,Campylobacter spp,Prophage,0
SAMN02316409,Campylobacter spp,Prophage,0
SAMN02352702,Salmonella enterica,Prophage,2
SAMN02353067,Escherichia coli,Prophage,2
SAMN02353134,Escherichia coli,Prophage,9
SAMN02380725,Neisseria spp,Prophage,0
SAMN02383553,Pseudomonas aeruginosa,Prophage,7
SAMN02383555,Salmonella enterica,Prophage,2
SAMN02384160,Salmonella enterica,Prophage,2
SAMN02384161,Salmonella enterica,Prophage,2
SAMN02384162,Salmonella enterica,Prophage,2
SAMN02384163,Salmonella enterica,Prophage,2
SAMN02384164,Salmonella enterica,Prophage,3
SAMN02384166,Salmonella enterica,Prophage,2
SAMN02384167,Salmonella enterica,Prophage,2
SAMN02384168,Salmonella enterica,Prophage,2
SAMN02384169,Salmonella enterica,Prophage,2
SAMN02384171,Salmonella enterica,Prophage,2
SAMN02384172,Salmonella enterica,Prophage,3
SAMN02384173,Salmonella enterica,Prophage,2
SAMN02384174,Salmonella enterica,Prophage,3
SAMN02384176,Salmonella enterica,Prophage,2
SAMN02384177,Salmonella enterica,Prophage,2
SAMN02384178,Salmonella enterica,Prophage,2
SAMN02384187,Salmonella enterica,Prophage,2
SAMN02384189,Salmonella enterica,Prophage,2
SAMN02384191,Salmonella enterica,Prophage,2
SAMN02384193,Salmonella enterica,Prophage,2
SAMN02384194,Salmonella enterica,Prophage,2
SAMN02384195,Salmonella enterica,Prophage,2
SAMN02384206,Salmonella enterica,Prophage,2
SAMN02384207,Salmonella enterica,Prophage,2
SAMN02384208,Salmonella enterica,Prophage,2
SAMN02384209,Salmonella enterica,Prophage,2
SAMN02384212,Salmonella enterica,Prophage,2
SAMN02384220,Salmonella enterica,Prophage,2
SAMN02384250,Salmonella enterica,Prophage,2
SAMN02384313,Salmonella enterica,Prophage,2
SAMN02384315,Salmonella enterica,Prophage,2
SAMN02384316,Salmonella enterica,Prophage,2
SAMN02384317,Salmonella enterica,Prophage,2
SAMN02384318,Salmonella enterica,Prophage,2
SAMN02384321,Salmonella enterica,Prophage,2
SAMN02404590,Escherichia coli,Prophage,0
SAMN02404591,Escherichia coli,Prophage,0
SAMN02415150,Salmonella enterica,Prophage,2
SAMN02415169,Salmonella enterica,Prophage,2
SAMN02415193,Salmonella enterica,Prophage,1
SAMN02435896,Escherichia coli,Prophage,7
SAMN02440167,Escherichia coli,Prophage,0
SAMN02469619,Escherichia coli,Prophage,5
SAMN02469731,Streptococcus pyogenes,Prophage,1
SAMN02469934,Staphylococcus aureus,Prophage,2
SAMN02470137,Acinetobacter baumannii,Prophage,6
SAMN02470575,Klebsiella pneumoniae,Prophage,2
SAMN02470701,Campylobacter spp,Prophage,0
SAMN02470830,Helicobacter pylori,Prophage,0
SAMN02470939,Pseudomonas aeruginosa,Prophage,0
SAMN02568587,Salmonella enterica,Prophage,7
SAMN02580208,Escherichia coli,Prophage,4
SAMN02595590,Neisseria spp,Prophage,0
SAMN02595591,Neisseria spp,Prophage,1
SAMN02595593,Moraxella catarrhalis,Prophage,0
SAMN02595602,Haemophilus influenzae,Prophage,1
SAMN02595604,Haemophilus influenzae,Prophage,1
SAMN02595605,Haemophilus influenzae,Prophage,2
SAMN02596923,Neisseria spp,Prophage,0
SAMN02598343,Staphylococcus aureus,Prophage,3
SAMN02598470,Escherichia coli,Prophage,1
SAMN02602959,Klebsiella pneumoniae,Prophage,5
SAMN02602961,Bacillus subtilis,Prophage,1
SAMN02602965,Serratia spp,Prophage,1
SAMN02602978,Escherichia coli,Prophage,7
SAMN02602986,Salmonella enterica,Prophage,3
SAMN02602988,Salmonella enterica,Prophage,5
SAMN02603002,Enterococcus faecalis,Prophage,0
SAMN02603015,Streptococcus pneumoniae,Prophage,0
SAMN02603023,Helicobacter pylori,Prophage,0
SAMN02603024,Helicobacter pylori,Prophage,1
SAMN02603025,Helicobacter pylori,Prophage,0
SAMN02603026,Helicobacter pylori,Prophage,1
SAMN02603101,Salmonella enterica,Prophage,5
SAMN02603104,Acinetobacter baumannii,Prophage,5
SAMN02603109,Salmonella enterica,Prophage,4
SAMN02603110,Staphylococcus aureus,Prophage,0
SAMN02603113,Morganella morganii,Prophage,4
SAMN02603149,Salmonella enterica,Prophage,2
SAMN02603157,Haemophilus influenzae,Prophage,1
SAMN02603174,Campylobacter spp,Prophage,0
SAMN02603191,Pseudomonas aeruginosa,Prophage,3
SAMN02603192,Pseudomonas aeruginosa,Prophage,3
SAMN02603193,Helicobacter pylori,Prophage,0
SAMN02603194,Helicobacter pylori,Prophage,0
SAMN02603195,Helicobacter pylori,Prophage,0
SAMN02603196,Helicobacter pylori,Prophage,0
SAMN02603197,Helicobacter pylori,Prophage,0
SAMN02603200,Helicobacter pylori,Prophage,0
SAMN02603202,Helicobacter pylori,Prophage,0
SAMN02603203,Helicobacter pylori,Prophage,0
SAMN02603204,Helicobacter pylori,Prophage,1
SAMN02603210,Salmonella enterica,Prophage,3
SAMN02603218,Streptococcus pneumoniae,Prophage,0
SAMN02603234,Campylobacter spp,Prophage,0
SAMN02603258,Escherichia coli,Prophage,3
SAMN02603273,Bacillus subtilis,Prophage,1
SAMN02603297,Serratia spp,Prophage,0
SAMN02603300,Helicobacter pylori,Prophage,0
SAMN02603303,Proteus spp,Prophage,2
SAMN02603334,Escherichia coli,Prophage,11
SAMN02603351,Bacillus subtilis,Prophage,1
SAMN02603353,Streptococcus pyogenes,Prophage,3
SAMN02603357,Helicobacter pylori,Prophage,0
SAMN02603384,Neisseria spp,Prophage,1
SAMN02603390,Campylobacter spp,Prophage,0
SAMN02603393,Staphylococcus aureus,Prophage,0
SAMN02603406,Escherichia coli,Prophage,9
SAMN02603415,Vibrio cholerae,Prophage,0
SAMN02603420,Staphylococcus aureus,Prophage,1
SAMN02603425,Campylobacter spp,Prophage,0
SAMN02603426,Escherichia coli,Prophage,5
SAMN02603475,Neisseria spp,Prophage,1
SAMN02603478,Escherichia coli,Prophage,2
SAMN02603494,Acinetobacter baumannii,Prophage,3
SAMN02603495,Streptococcus pyogenes,Prophage,4
SAMN02603496,Streptococcus pyogenes,Prophage,6
SAMN02603497,Streptococcus pyogenes,Prophage,3
SAMN02603499,Streptococcus pyogenes,Prophage,2
SAMN02603500,Streptococcus pyogenes,Prophage,2
SAMN02603501,Streptococcus pyogenes,Prophage,1
SAMN02603509,Enterococcus faecalis,Prophage,3
SAMN02603524,Staphylococcus aureus,Prophage,2
SAMN02603569,Vibrio cholerae,Prophage,1
SAMN02603575,Haemophilus influenzae,Prophage,1
SAMN02603576,Acinetobacter baumannii,Prophage,1
SAMN02603582,Klebsiella pneumoniae,Prophage,2
SAMN02603619,Staphylococcus aureus,Prophage,0
SAMN02603636,Escherichia coli,Prophage,11
SAMN02603640,Streptococcus pyogenes,Prophage,2
SAMN02603643,Staphylococcus aureus,Prophage,1
SAMN02603645,Escherichia coli,Prophage,9
SAMN02603668,Klebsiella pneumoniae,Prophage,1
SAMN02603669,Pseudomonas aeruginosa,Prophage,0
SAMN02603712,Helicobacter pylori,Prophage,0
SAMN02603713,Helicobacter pylori,Prophage,0
SAMN02603719,Bacillus subtilis,Prophage,1
SAMN02603723,Campylobacter spp,Prophage,1
SAMN02603724,Campylobacter spp,Prophage,0
SAMN02603725,Campylobacter spp,Prophage,1
SAMN02603726,Campylobacter spp,Prophage,1
SAMN02603727,Escherichia coli,Prophage,3
SAMN02603761,Helicobacter pylori,Prophage,0
SAMN02603762,Helicobacter pylori,Prophage,0
SAMN02603763,Helicobacter pylori,Prophage,0
SAMN02603764,Staphylococcus aureus,Prophage,2
SAMN02603765,Enterococcus faecalis,Prophage,4
SAMN02603771,Pseudomonas aeruginosa,Prophage,0
SAMN02603777,Moraxella catarrhalis,Prophage,0
SAMN02603849,Pseudomonas aeruginosa,Prophage,1
SAMN02603875,Bacillus subtilis,Prophage,2
SAMN02603878,Acinetobacter baumannii,Prophage,4
SAMN02603886,Staphylococcus aureus,Prophage,3
SAMN02603895,Pseudomonas aeruginosa,Prophage,0
SAMN02603900,Escherichia coli,Prophage,1
SAMN02603902,Escherichia coli,Prophage,3
SAMN02603903,Escherichia coli,Prophage,3
SAMN02603905,Staphylococcus aureus,Prophage,1
SAMN02603909,Staphylococcus aureus,Prophage,2
SAMN02603941,Klebsiella pneumoniae,Prophage,1
SAMN02603944,Streptococcus pyogenes,Prophage,0
SAMN02603945,Streptococcus pyogenes,Prophage,1
SAMN02603954,Campylobacter spp,Prophage,1
SAMN02603978,Enterococcus faecalis,Prophage,1
SAMN02603996,Staphylococcus aureus,Prophage,1
SAMN02604004,Streptococcus pneumoniae,Prophage,1
SAMN02604007,Campylobacter spp,Prophage,1
SAMN02604011,Streptococcus agalactiae,Prophage,1
SAMN02604013,Streptococcus agalactiae,Prophage,1
SAMN02604037,Escherichia coli,Prophage,2
SAMN02604038,Escherichia coli,Prophage,2
SAMN02604040,Vibrio cholerae,Prophage,3
SAMN02604062,Salmonella enterica,Prophage,5
SAMN02604064,Salmonella enterica,Prophage,0
SAMN02604067,Salmonella enterica,Prophage,3
SAMN02604071,Streptococcus pneumoniae,Prophage,1
SAMN02604094,Escherichia coli,Prophage,5
SAMN02604095,Salmonella enterica,Prophage,3
SAMN02604137,Salmonella enterica,Prophage,4
SAMN02604149,Enterococcus faecium,Prophage,1
SAMN02604150,Staphylococcus aureus,Prophage,2
SAMN02604165,Staphylococcus aureus,Prophage,1
SAMN02604166,Staphylococcus aureus,Prophage,0
SAMN02604168,Escherichia coli,Prophage,6
SAMN02604169,Escherichia coli,Prophage,7
SAMN02604176,Escherichia coli,Prophage,4
SAMN02604181,Escherichia coli,Prophage,1
SAMN02604194,Helicobacter pylori,Prophage,1
SAMN02604196,Neisseria spp,Prophage,1
SAMN02604197,Neisseria spp,Prophage,0
SAMN02604198,Neisseria spp,Prophage,0
SAMN02604199,Neisseria spp,Prophage,1
SAMN02604200,Neisseria spp,Prophage,0
SAMN02604201,Neisseria spp,Prophage,0
SAMN02604217,Staphylococcus aureus,Prophage,0
SAMN02604218,Enterococcus faecium,Prophage,0
SAMN02604221,Escherichia coli,Prophage,10
SAMN02604223,Salmonella enterica,Prophage,4
SAMN02604234,Campylobacter spp,Prophage,0
SAMN02604235,Staphylococcus aureus,Prophage,3
SAMN02604255,Escherichia coli,Prophage,12
SAMN02604259,Haemophilus influenzae,Prophage,2
SAMN02604260,Haemophilus influenzae,Prophage,0
SAMN02604264,Staphylococcus aureus,Prophage,0
SAMN02604278,Escherichia coli,Prophage,9
SAMN02604282,Salmonella enterica,Prophage,1
SAMN02604311,Helicobacter pylori,Prophage,0
SAMN02604316,Salmonella enterica,Prophage,2
SAMN02604317,Streptococcus pyogenes,Prophage,3
SAMN02604318,Helicobacter pylori,Prophage,0
SAMN02604319,Helicobacter pylori,Prophage,0
SAMN02604320,Helicobacter pylori,Prophage,0
SAMN02604321,Helicobacter pylori,Prophage,0
SAMN02604322,Helicobacter pylori,Prophage,0
SAMN02604323,Helicobacter pylori,Prophage,0
SAMN02604324,Helicobacter pylori,Prophage,0
SAMN02630630,Campylobacter spp,Prophage,5
SAMN02630631,Campylobacter spp,Prophage,0
SAMN02630632,Campylobacter spp,Prophage,0
SAMN02630633,Campylobacter spp,Prophage,0
SAMN02630634,Campylobacter spp,Prophage,0
SAMN02630635,Campylobacter spp,Prophage,0
SAMN02641383,Escherichia coli,Prophage,16
SAMN02641384,Escherichia coli,Prophage,11
SAMN02641520,Klebsiella pneumoniae,Prophage,2
SAMN02641530,Acinetobacter baumannii,Prophage,0
SAMN02641597,Helicobacter pylori,Prophage,0
SAMN02641599,Pseudomonas aeruginosa,Prophage,1
SAMN02644974,Streptococcus pyogenes,Prophage,0
SAMN02647163,Escherichia coli,Prophage,1
SAMN02649400,Klebsiella pneumoniae,Prophage,1
SAMN02649402,Streptococcus pyogenes,Prophage,0
SAMN02666434,Escherichia coli,Prophage,1
SAMN02666437,Escherichia coli,Prophage,7
SAMN02666695,Escherichia coli,Prophage,1
SAMN02666696,Escherichia coli,Prophage,3
SAMN02666697,Escherichia coli,Prophage,2
SAMN02666698,Escherichia coli,Prophage,2
SAMN02673193,Bacillus subtilis,Prophage,2
SAMN02673269,Pseudomonas aeruginosa,Prophage,2
SAMN02678532,Salmonella enterica,Prophage,2
SAMN02678831,Salmonella enterica,Prophage,0
SAMN02688212,Escherichia coli,Prophage,11
SAMN02688213,Escherichia coli,Prophage,8
SAMN02688215,Escherichia coli,Prophage,13
SAMN02690781,Staphylococcus aureus,Prophage,2
SAMN02709589,Escherichia coli,Prophage,7
SAMN02712059,Salmonella enterica,Prophage,0
SAMN02712195,Salmonella enterica,Prophage,0
SAMN02712196,Salmonella enterica,Prophage,1
SAMN02712197,Salmonella enterica,Prophage,1
SAMN02712198,Salmonella enterica,Prophage,4
SAMN02712199,Salmonella enterica,Prophage,2
SAMN02713646,Enterobacter spp,Prophage,0
SAMN02713683,Enterobacter spp,Prophage,0
SAMN02716848,Salmonella enterica,Prophage,1
SAMN02716849,Salmonella enterica,Prophage,4
SAMN02716850,Salmonella enterica,Prophage,6
SAMN02716851,Salmonella enterica,Prophage,3
SAMN02716853,Salmonella enterica,Prophage,2
SAMN02716855,Salmonella enterica,Prophage,8
SAMN02716856,Salmonella enterica,Prophage,2
SAMN02716858,Salmonella enterica,Prophage,0
SAMN02716860,Salmonella enterica,Prophage,2
SAMN02716861,Salmonella enterica,Prophage,5
SAMN02716863,Salmonella enterica,Prophage,6
SAMN02716865,Salmonella enterica,Prophage,4
SAMN02716867,Salmonella enterica,Prophage,3
SAMN02716869,Salmonella enterica,Prophage,4
SAMN02716871,Salmonella enterica,Prophage,2
SAMN02716872,Salmonella enterica,Prophage,2
SAMN02716873,Salmonella enterica,Prophage,2
SAMN02716875,Salmonella enterica,Prophage,1
SAMN02716877,Salmonella enterica,Prophage,5
SAMN02716878,Salmonella enterica,Prophage,3
SAMN02716879,Salmonella enterica,Prophage,2
SAMN02716880,Salmonella enterica,Prophage,4
SAMN02716882,Salmonella enterica,Prophage,0
SAMN02716883,Salmonella enterica,Prophage,8
SAMN02716884,Salmonella enterica,Prophage,3
SAMN02716885,Salmonella enterica,Prophage,2
SAMN02716886,Salmonella enterica,Prophage,1
SAMN02716887,Salmonella enterica,Prophage,2
SAMN02716888,Salmonella enterica,Prophage,2
SAMN02716889,Salmonella enterica,Prophage,3
SAMN02716890,Salmonella enterica,Prophage,2
SAMN02716893,Salmonella enterica,Prophage,7
SAMN02716894,Salmonella enterica,Prophage,6
SAMN02716895,Salmonella enterica,Prophage,4
SAMN02716896,Salmonella enterica,Prophage,5
SAMN02716897,Salmonella enterica,Prophage,4
SAMN02716898,Salmonella enterica,Prophage,6
SAMN02716901,Salmonella enterica,Prophage,6
SAMN02716905,Salmonella enterica,Prophage,8
SAMN02716906,Salmonella enterica,Prophage,3
SAMN02720898,Klebsiella pneumoniae,Prophage,5
SAMN02724990,Helicobacter pylori,Prophage,0
SAMN02731778,Helicobacter pylori,Prophage,0
SAMN02731779,Helicobacter pylori,Prophage,0
SAMN02731780,Helicobacter pylori,Prophage,0
SAMN02731781,Helicobacter pylori,Prophage,0
SAMN02731783,Helicobacter pylori,Prophage,0
SAMN02731784,Helicobacter pylori,Prophage,0
SAMN02732380,Pseudomonas aeruginosa,Prophage,0
SAMN02736809,Helicobacter pylori,Prophage,0
SAMN02736816,Helicobacter pylori,Prophage,0
SAMN02736817,Helicobacter pylori,Prophage,0
SAMN02736818,Helicobacter pylori,Prophage,0
SAMN02741042,Salmonella enterica,Prophage,4
SAMN02741687,Streptococcus agalactiae,Prophage,1
SAMN02741688,Streptococcus agalactiae,Prophage,0
SAMN02741837,Vibrio cholerae,Prophage,1
SAMN02743420,Escherichia coli,Prophage,0
SAMN02743812,Staphylococcus aureus,Prophage,1
SAMN02743854,Campylobacter spp,Prophage,0
SAMN02743855,Campylobacter spp,Prophage,2
SAMN02743856,Campylobacter spp,Prophage,0
SAMN02746692,Staphylococcus aureus,Prophage,3
SAMN02767090,Staphylococcus aureus,Prophage,2
SAMN02767179,Staphylococcus aureus,Prophage,1
SAMN02767311,Staphylococcus aureus,Prophage,2
SAMN02767598,Staphylococcus aureus,Prophage,2
SAMN02768808,Klebsiella pneumoniae,Prophage,2
SAMN02777327,Staphylococcus aureus,Prophage,0
SAMN02777842,Klebsiella pneumoniae,Prophage,3
SAMN02786855,Klebsiella pneumoniae,Prophage,5
SAMN02786856,Klebsiella pneumoniae,Prophage,3
SAMN02794012,Escherichia coli,Prophage,2
SAMN02800345,Haemophilus influenzae,Prophage,0
SAMN02800681,Bacillus subtilis,Prophage,1
SAMN02800743,Streptococcus pyogenes,Prophage,0
SAMN02800875,Escherichia coli,Prophage,4
SAMN02803823,Klebsiella pneumoniae,Prophage,3
SAMN02808332,Escherichia coli,Prophage,10
SAMN02808333,Escherichia coli,Prophage,10
SAMN02820977,Klebsiella pneumoniae,Prophage,4
SAMN02820980,Klebsiella pneumoniae,Prophage,3
SAMN02820981,Klebsiella pneumoniae,Prophage,4
SAMN02841094,Bacillus subtilis,Prophage,1
SAMN02850626,Streptococcus agalactiae,Prophage,1
SAMN02864993,Campylobacter spp,Prophage,0
SAMN02866032,Streptococcus pyogenes,Prophage,3
SAMN02870637,Enterococcus faecalis,Prophage,1
SAMN02870719,Moraxella catarrhalis,Prophage,0
SAMN02872945,Escherichia coli,Prophage,11
SAMN02885365,Klebsiella pneumoniae,Prophage,1
SAMN02887043,Pseudomonas aeruginosa,Prophage,4
SAMN02894342,Pseudomonas aeruginosa,Prophage,1
SAMN02894343,Pseudomonas aeruginosa,Prophage,1
SAMN02894344,Pseudomonas aeruginosa,Prophage,3
SAMN02894345,Pseudomonas aeruginosa,Prophage,1
SAMN02894346,Pseudomonas aeruginosa,Prophage,4
SAMN02894347,Pseudomonas aeruginosa,Prophage,2
SAMN02894348,Pseudomonas aeruginosa,Prophage,0
SAMN02894349,Pseudomonas aeruginosa,Prophage,1
SAMN02894350,Pseudomonas aeruginosa,Prophage,2
SAMN02894351,Pseudomonas aeruginosa,Prophage,3
SAMN02894353,Pseudomonas aeruginosa,Prophage,2
SAMN02894354,Pseudomonas aeruginosa,Prophage,1
SAMN02894355,Pseudomonas aeruginosa,Prophage,1
SAMN02894356,Pseudomonas aeruginosa,Prophage,4
SAMN02894357,Pseudomonas aeruginosa,Prophage,2
SAMN02894358,Pseudomonas aeruginosa,Prophage,1
SAMN02894359,Pseudomonas aeruginosa,Prophage,1
SAMN02894434,Acinetobacter baumannii,Prophage,1
SAMN02904629,Salmonella enterica,Prophage,2
SAMN02905033,Streptococcus pyogenes,Prophage,3
SAMN02905113,Escherichia coli,Prophage,10
SAMN02909989,Salmonella enterica,Prophage,3
SAMN02910521,Salmonella enterica,Prophage,0
SAMN02928187,Vibrio cholerae,Prophage,0
SAMN02928551,Escherichia coli,Prophage,7
SAMN02929659,Escherichia coli,Prophage,4
SAMN02934509,Proteus spp,Prophage,4
SAMN02934512,Morganella morganii,Prophage,2
SAMN02934514,Serratia spp,Prophage,2
SAMN02934516,Proteus spp,Prophage,1
SAMN02934521,Salmonella enterica,Prophage,0
SAMN02934525,Citrobacter spp,Prophage,4
SAMN02934535,Proteus spp,Prophage,0
SAMN02934536,Proteus spp,Prophage,5
SAMN02937347,Salmonella enterica,Prophage,2
SAMN02937348,Salmonella enterica,Prophage,2
SAMN02937349,Salmonella enterica,Prophage,2
SAMN02937350,Salmonella enterica,Prophage,2
SAMN02937351,Salmonella enterica,Prophage,2
SAMN02937352,Salmonella enterica,Prophage,2
SAMN02940899,Acinetobacter baumannii,Prophage,3
SAMN02940901,Acinetobacter baumannii,Prophage,3
SAMN02941163,Salmonella enterica,Prophage,3
SAMN02941164,Salmonella enterica,Prophage,2
SAMN02941165,Salmonella enterica,Prophage,2
SAMN02941166,Salmonella enterica,Prophage,3
SAMN02941167,Salmonella enterica,Prophage,3
SAMN02943003,Vibrio cholerae,Prophage,1
SAMN02943517,Salmonella enterica,Prophage,3
SAMN02947975,Pseudomonas aeruginosa,Prophage,3
SAMN02949643,Escherichia coli,Prophage,5
SAMN02949644,Escherichia coli,Prophage,3
SAMN02951658,Escherichia coli,Prophage,2
SAMN02953006,Staphylococcus aureus,Prophage,0
SAMN02980885,Streptococcus pyogenes,Prophage,3
SAMN02982872,Klebsiella pneumoniae,Prophage,2
SAMN02991226,Escherichia coli,Prophage,7
SAMN02991240,Escherichia coli,Prophage,10
SAMN02991250,Escherichia coli,Prophage,5
SAMN02991570,Streptococcus agalactiae,Prophage,0
SAMN02992126,Streptococcus agalactiae,Prophage,0
SAMN03009478,Staphylococcus aureus,Prophage,2
SAMN03013572,Escherichia coli,Prophage,1
SAMN03020254,Neisseria spp,Prophage,0
SAMN03020302,Neisseria spp,Prophage,0
SAMN03020600,Neisseria spp,Prophage,0
SAMN03022885,Neisseria spp,Prophage,0
SAMN03024573,Klebsiella pneumoniae,Prophage,4
SAMN03024583,Klebsiella pneumoniae,Prophage,4
SAMN03024590,Klebsiella pneumoniae,Prophage,4
SAMN03024610,Klebsiella pneumoniae,Prophage,3
SAMN03067414,Enterobacter spp,Prophage,3
SAMN03067415,Enterobacter spp,Prophage,6
SAMN03067416,Enterobacter spp,Prophage,0
SAMN03067417,Enterobacter spp,Prophage,0
SAMN03067418,Enterobacter spp,Prophage,6
SAMN03067424,Klebsiella pneumoniae,Prophage,3
SAMN03069713,Salmonella enterica,Prophage,5
SAMN03077634,Campylobacter spp,Prophage,4
SAMN03081447,Enterococcus faecalis,Prophage,2
SAMN03081524,Streptococcus pyogenes,Prophage,6
SAMN03081526,Escherichia coli,Prophage,11
SAMN03081527,Escherichia coli,Prophage,15
SAMN03081531,Staphylococcus aureus,Prophage,3
SAMN03083542,Escherichia coli,Prophage,4
SAMN03093203,Escherichia coli,Prophage,0
SAMN03093440,Haemophilus influenzae,Prophage,1
SAMN03093451,Staphylococcus aureus,Prophage,2
SAMN03097203,Klebsiella pneumoniae,Prophage,0
SAMN03098211,Escherichia coli,Prophage,13
SAMN03104885,Vibrio cholerae,Prophage,1
SAMN03105739,Pseudomonas aeruginosa,Prophage,0
SAMN03107000,Escherichia coli,Prophage,0
SAMN03108598,Streptococcus agalactiae,Prophage,0
SAMN03140319,Salmonella enterica,Prophage,2
SAMN03144721,Staphylococcus aureus,Prophage,4
SAMN03144736,Helicobacter pylori,Prophage,0
SAMN03145713,Bacillus subtilis,Prophage,1
SAMN03145716,Pseudomonas aeruginosa,Prophage,2
SAMN03161558,Streptococcus pyogenes,Prophage,0
SAMN03203069,Neisseria spp,Prophage,0
SAMN03203487,Escherichia coli,Prophage,0
SAMN03203488,Escherichia coli,Prophage,0
SAMN03203489,Escherichia coli,Prophage,0
SAMN03216759,Campylobacter spp,Prophage,2
SAMN03216760,Campylobacter spp,Prophage,0
SAMN03216761,Campylobacter spp,Prophage,0
SAMN03216762,Campylobacter spp,Prophage,2
SAMN03222589,Bacillus subtilis,Prophage,2
SAMN03222590,Bacillus subtilis,Prophage,2
SAMN03246003,Campylobacter spp,Prophage,0
SAMN03246004,Campylobacter spp,Prophage,0
SAMN03246006,Campylobacter spp,Prophage,0
SAMN03246007,Campylobacter spp,Prophage,0
SAMN03246008,Campylobacter spp,Prophage,0
SAMN03246009,Campylobacter spp,Prophage,0
SAMN03246010,Campylobacter spp,Prophage,0
SAMN03246011,Campylobacter spp,Prophage,0
SAMN03246012,Campylobacter spp,Prophage,0
SAMN03246013,Campylobacter spp,Prophage,0
SAMN03246014,Campylobacter spp,Prophage,0
SAMN03246015,Campylobacter spp,Prophage,0
SAMN03246016,Campylobacter spp,Prophage,0
SAMN03246017,Campylobacter spp,Prophage,0
SAMN03246018,Campylobacter spp,Prophage,0
SAMN03246019,Campylobacter spp,Prophage,0
SAMN03246020,Campylobacter spp,Prophage,0
SAMN03246021,Campylobacter spp,Prophage,0
SAMN03246022,Campylobacter spp,Prophage,0
SAMN03246023,Campylobacter spp,Prophage,0
SAMN03246024,Campylobacter spp,Prophage,0
SAMN03246025,Campylobacter spp,Prophage,0
SAMN03246026,Campylobacter spp,Prophage,0
SAMN03246027,Campylobacter spp,Prophage,0
SAMN03246028,Campylobacter spp,Prophage,0
SAMN03246029,Campylobacter spp,Prophage,1
SAMN03246030,Campylobacter spp,Prophage,0
SAMN03246031,Campylobacter spp,Prophage,0
SAMN03246032,Campylobacter spp,Prophage,0
SAMN03246033,Campylobacter spp,Prophage,0
SAMN03246034,Campylobacter spp,Prophage,0
SAMN03246035,Campylobacter spp,Prophage,0
SAMN03246036,Campylobacter spp,Prophage,0
SAMN03246037,Campylobacter spp,Prophage,0
SAMN03246038,Campylobacter spp,Prophage,0
SAMN03246039,Campylobacter spp,Prophage,0
SAMN03246040,Campylobacter spp,Prophage,0
SAMN03246041,Campylobacter spp,Prophage,0
SAMN03246042,Campylobacter spp,Prophage,0
SAMN03246043,Campylobacter spp,Prophage,0
SAMN03246044,Campylobacter spp,Prophage,0
SAMN03246045,Campylobacter spp,Prophage,0
SAMN03246046,Campylobacter spp,Prophage,0
SAMN03246047,Campylobacter spp,Prophage,0
SAMN03246048,Campylobacter spp,Prophage,0
SAMN03246049,Campylobacter spp,Prophage,0
SAMN03246050,Campylobacter spp,Prophage,0
SAMN03246051,Campylobacter spp,Prophage,0
SAMN03246052,Campylobacter spp,Prophage,0
SAMN03246053,Campylobacter spp,Prophage,0
SAMN03246054,Campylobacter spp,Prophage,0
SAMN03246055,Campylobacter spp,Prophage,0
SAMN03246056,Campylobacter spp,Prophage,0
SAMN03246057,Campylobacter spp,Prophage,0
SAMN03246887,Campylobacter spp,Prophage,0
SAMN03248305,Vibrio cholerae,Prophage,2
SAMN03248306,Vibrio cholerae,Prophage,1
SAMN03248539,Acinetobacter baumannii,Prophage,2
SAMN03251894,Staphylococcus aureus,Prophage,2
SAMN03251895,Staphylococcus aureus,Prophage,2
SAMN03251896,Staphylococcus aureus,Prophage,2
SAMN03251897,Staphylococcus aureus,Prophage,2
SAMN03251898,Staphylococcus aureus,Prophage,2
SAMN03251899,Staphylococcus aureus,Prophage,2
SAMN03252409,Escherichia coli,Prophage,4
SAMN03252410,Escherichia coli,Prophage,5
SAMN03252411,Escherichia coli,Prophage,11
SAMN03252412,Escherichia coli,Prophage,6
SAMN03252413,Escherichia coli,Prophage,5
SAMN03252414,Escherichia coli,Prophage,10
SAMN03252415,Escherichia coli,Prophage,4
SAMN03252416,Escherichia coli,Prophage,3
SAMN03252417,Escherichia coli,Prophage,3
SAMN03252418,Escherichia coli,Prophage,3
SAMN03252419,Escherichia coli,Prophage,5
SAMN03252420,Escherichia coli,Prophage,1
SAMN03252421,Escherichia coli,Prophage,7
SAMN03252422,Escherichia coli,Prophage,3
SAMN03252423,Escherichia coli,Prophage,4
SAMN03252424,Escherichia coli,Prophage,3
SAMN03252425,Escherichia coli,Prophage,2
SAMN03252426,Escherichia coli,Prophage,1
SAMN03252427,Escherichia coli,Prophage,3
SAMN03252428,Escherichia coli,Prophage,4
SAMN03252429,Escherichia coli,Prophage,4
SAMN03252430,Escherichia coli,Prophage,1
SAMN03252431,Escherichia coli,Prophage,1
SAMN03252432,Escherichia coli,Prophage,2
SAMN03252433,Escherichia coli,Prophage,2
SAMN03252434,Escherichia coli,Prophage,3
SAMN03252435,Escherichia coli,Prophage,3
SAMN03252436,Escherichia coli,Prophage,3
SAMN03252437,Escherichia coli,Prophage,4
SAMN03252438,Escherichia coli,Prophage,4
SAMN03252439,Escherichia coli,Prophage,4
SAMN03252440,Escherichia coli,Prophage,4
SAMN03252441,Escherichia coli,Prophage,4
SAMN03252442,Escherichia coli,Prophage,5
SAMN03252443,Escherichia coli,Prophage,4
SAMN03252444,Escherichia coli,Prophage,0
SAMN03252445,Escherichia coli,Prophage,3
SAMN03252446,Escherichia coli,Prophage,3
SAMN03252447,Escherichia coli,Prophage,3
SAMN03252448,Escherichia coli,Prophage,3
SAMN03252449,Escherichia coli,Prophage,2
SAMN03252450,Escherichia coli,Prophage,0
SAMN03252451,Escherichia coli,Prophage,5
SAMN03252452,Escherichia coli,Prophage,0
SAMN03252453,Escherichia coli,Prophage,0
SAMN03252454,Escherichia coli,Prophage,4
SAMN03252455,Escherichia coli,Prophage,5
SAMN03252456,Escherichia coli,Prophage,0
SAMN03252458,Escherichia coli,Prophage,4
SAMN03255434,Salmonella enterica,Prophage,2
SAMN03255441,Staphylococcus aureus,Prophage,2
SAMN03255442,Staphylococcus aureus,Prophage,2
SAMN03255444,Staphylococcus aureus,Prophage,2
SAMN03255445,Staphylococcus aureus,Prophage,0
SAMN03255446,Staphylococcus aureus,Prophage,0
SAMN03255448,Staphylococcus aureus,Prophage,1
SAMN03255449,Staphylococcus aureus,Prophage,4
SAMN03255451,Staphylococcus aureus,Prophage,0
SAMN03255453,Staphylococcus aureus,Prophage,2
SAMN03255454,Staphylococcus aureus,Prophage,3
SAMN03255458,Staphylococcus aureus,Prophage,2
SAMN03255459,Staphylococcus aureus,Prophage,1
SAMN03255460,Staphylococcus aureus,Prophage,3
SAMN03255463,Staphylococcus aureus,Prophage,0
SAMN03255464,Staphylococcus aureus,Prophage,2
SAMN03255466,Staphylococcus aureus,Prophage,1
SAMN03255469,Staphylococcus aureus,Prophage,0
SAMN03255474,Staphylococcus aureus,Prophage,0
SAMN03255479,Staphylococcus aureus,Prophage,2
SAMN03255481,Staphylococcus aureus,Prophage,2
SAMN03255482,Staphylococcus aureus,Prophage,2
SAMN03255486,Staphylococcus aureus,Prophage,1
SAMN03255487,Staphylococcus aureus,Prophage,2
SAMN03256350,Escherichia coli,Prophage,0
SAMN03262652,Escherichia coli,Prophage,4
SAMN03263950,Escherichia coli,Prophage,4
SAMN03263969,Acinetobacter baumannii,Prophage,4
SAMN03264844,Escherichia coli,Prophage,4
SAMN03265100,Escherichia coli,Prophage,12
SAMN03265456,Bacillus subtilis,Prophage,2
SAMN03267304,Staphylococcus aureus,Prophage,2
SAMN03267711,Staphylococcus aureus,Prophage,2
SAMN03268345,Staphylococcus aureus,Prophage,2
SAMN03268365,Helicobacter pylori,Prophage,0
SAMN03268385,Helicobacter pylori,Prophage,0
SAMN03274236,Escherichia coli,Prophage,0
SAMN03274239,Klebsiella pneumoniae,Prophage,1
SAMN03274509,Streptococcus pyogenes,Prophage,1
SAMN03274510,Streptococcus pyogenes,Prophage,2
SAMN03277612,Escherichia coli,Prophage,0
SAMN03277613,Escherichia coli,Prophage,0
SAMN03277614,Escherichia coli,Prophage,0
SAMN03277615,Escherichia coli,Prophage,0
SAMN03277616,Escherichia coli,Prophage,0
SAMN03277617,Escherichia coli,Prophage,0
SAMN03277618,Escherichia coli,Prophage,0
SAMN03277619,Escherichia coli,Prophage,0
SAMN03287565,Escherichia coli,Prophage,7
SAMN03290686,Acinetobacter baumannii,Prophage,3
SAMN03290990,Staphylococcus aureus,Prophage,3
SAMN03292179,Escherichia coli,Prophage,1
SAMN03294311,Escherichia coli,Prophage,1
SAMN03301757,Escherichia coli,Prophage,0
SAMN03328998,Salmonella enterica,Prophage,2
SAMN03329869,Streptococcus agalactiae,Prophage,0
SAMN03329878,Streptococcus agalactiae,Prophage,1
SAMN03329879,Streptococcus agalactiae,Prophage,1
SAMN03329918,Streptococcus agalactiae,Prophage,0
SAMN03329919,Streptococcus agalactiae,Prophage,0
SAMN03329970,Streptococcus agalactiae,Prophage,0
SAMN03329971,Streptococcus agalactiae,Prophage,0
SAMN03331743,Helicobacter pylori,Prophage,0
SAMN03331944,Streptococcus agalactiae,Prophage,0
SAMN03331945,Streptococcus agalactiae,Prophage,1
SAMN03339922,Enterococcus faecium,Prophage,1
SAMN03344735,Campylobacter spp,Prophage,0
SAMN03371464,Salmonella enterica,Prophage,0
SAMN03371465,Salmonella enterica,Prophage,0
SAMN03371466,Salmonella enterica,Prophage,0
SAMN03371467,Escherichia coli,Prophage,5
SAMN03380191,Campylobacter spp,Prophage,0
SAMN03380192,Campylobacter spp,Prophage,1
SAMN03380193,Campylobacter spp,Prophage,1
SAMN03381357,Campylobacter spp,Prophage,0
SAMN03384316,Escherichia coli,Prophage,0
SAMN03387935,Staphylococcus aureus,Prophage,2
SAMN03389320,Pseudomonas aeruginosa,Prophage,8
SAMN03390066,Escherichia coli,Prophage,6
SAMN03394574,Bacillus subtilis,Prophage,2
SAMN03418290,Streptococcus pyogenes,Prophage,1
SAMN03418291,Streptococcus pyogenes,Prophage,2
SAMN03444404,Staphylococcus aureus,Prophage,2
SAMN03450976,Haemophilus influenzae,Prophage,4
SAMN03455930,Klebsiella pneumoniae,Prophage,3
SAMN03455931,Escherichia coli,Prophage,4
SAMN03455970,Klebsiella pneumoniae,Prophage,3
SAMN03455974,Escherichia coli,Prophage,4
SAMN03455975,Klebsiella pneumoniae,Prophage,4
SAMN03455976,Klebsiella pneumoniae,Prophage,4
SAMN03455977,Klebsiella pneumoniae,Prophage,3
SAMN03455989,Klebsiella pneumoniae,Prophage,3
SAMN03455990,Klebsiella pneumoniae,Prophage,5
SAMN03455995,Klebsiella pneumoniae,Prophage,3
SAMN03455998,Escherichia coli,Prophage,9
SAMN03459415,Neisseria spp,Prophage,1
SAMN03459416,Neisseria spp,Prophage,0
SAMN03459417,Neisseria spp,Prophage,0
SAMN03463818,Salmonella enterica,Prophage,3
SAMN03465493,Salmonella enterica,Prophage,2
SAMN03468068,Salmonella enterica,Prophage,2
SAMN03470707,Salmonella enterica,Prophage,0
SAMN03470763,Salmonella enterica,Prophage,2
SAMN03481691,Serratia spp,Prophage,2
SAMN03485833,Salmonella enterica,Prophage,1
SAMN03485849,Salmonella enterica,Prophage,3
SAMN03486724,Enterococcus faecium,Prophage,2
SAMN03487572,Helicobacter pylori,Prophage,0
SAMN03492038,Bacillus subtilis,Prophage,1
SAMN03568791,Salmonella enterica,Prophage,1
SAMN03610013,Streptococcus pyogenes,Prophage,3
SAMN03610015,Streptococcus pyogenes,Prophage,3
SAMN03612246,Escherichia coli,Prophage,7
SAMN03651231,Staphylococcus aureus,Prophage,1
SAMN03652743,Campylobacter spp,Prophage,1
SAMN03652757,Campylobacter spp,Prophage,1
SAMN03653812,Salmonella enterica,Prophage,0
SAMN03657213,Klebsiella pneumoniae,Prophage,2
SAMN03659038,Escherichia coli,Prophage,1
SAMN03699895,Staphylococcus aureus,Prophage,0
SAMN03701301,Bacillus subtilis,Prophage,1
SAMN03701676,Klebsiella pneumoniae,Prophage,6
SAMN03702837,Salmonella enterica,Prophage,2
SAMN03702839,Salmonella enterica,Prophage,2
SAMN03733572,Serratia spp,Prophage,5
SAMN03733610,Streptococcus pyogenes,Prophage,2
SAMN03733725,Klebsiella pneumoniae,Prophage,4
SAMN03733727,Enterobacter spp,Prophage,4
SAMN03733741,Citrobacter spp,Prophage,4
SAMN03733748,Enterobacter spp,Prophage,4
SAMN03733754,Citrobacter spp,Prophage,1
SAMN03733769,Enterobacter spp,Prophage,4
SAMN03733805,Serratia spp,Prophage,2
SAMN03733827,Enterobacter spp,Prophage,4
SAMN03733830,Enterobacter spp,Prophage,4
SAMN03742530,Staphylococcus aureus,Prophage,1
SAMN03744300,Salmonella enterica,Prophage,5
SAMN03744308,Bacillus subtilis,Prophage,1
SAMN03761153,Pseudomonas aeruginosa,Prophage,1
SAMN03761398,Escherichia coli,Prophage,1
SAMN03763989,Staphylococcus aureus,Prophage,1
SAMN03763991,Staphylococcus aureus,Prophage,2
SAMN03764478,Bacillus subtilis,Prophage,2
SAMN03765122,Escherichia coli,Prophage,2
SAMN03765155,Staphylococcus aureus,Prophage,2
SAMN03765654,Salmonella enterica,Prophage,4
SAMN03768474,Escherichia coli,Prophage,0
SAMN03770534,Acinetobacter baumannii,Prophage,0
SAMN03770912,Klebsiella pneumoniae,Prophage,5
SAMN03771402,Acinetobacter baumannii,Prophage,2
SAMN03774891,Pseudomonas aeruginosa,Prophage,2
SAMN03775331,Streptococcus pyogenes,Prophage,0
SAMN03777299,Staphylococcus aureus,Prophage,0
SAMN03783363,Escherichia coli,Prophage,3
SAMN03787328,Staphylococcus aureus,Prophage,0
SAMN03787340,Staphylococcus aureus,Prophage,2
SAMN03792044,Streptococcus pyogenes,Prophage,2
SAMN03795193,Salmonella enterica,Prophage,2
SAMN03795199,Salmonella enterica,Prophage,5
SAMN03798428,Salmonella enterica,Prophage,6
SAMN03799496,Staphylococcus aureus,Prophage,0
SAMN03817043,Acinetobacter baumannii,Prophage,1
SAMN03817045,Acinetobacter baumannii,Prophage,2
SAMN03835466,Staphylococcus aureus,Prophage,3
SAMN03835488,Staphylococcus aureus,Prophage,2
SAMN03835492,Staphylococcus aureus,Prophage,3
SAMN03835494,Staphylococcus aureus,Prophage,2
SAMN03837761,Salmonella enterica,Prophage,2
SAMN03838469,Campylobacter spp,Prophage,0
SAMN03839051,Salmonella enterica,Prophage,4
SAMN03841798,Serratia spp,Prophage,1
SAMN03841799,Serratia spp,Prophage,1
SAMN03846812,Streptococcus pyogenes,Prophage,4
SAMN03852256,Pseudomonas aeruginosa,Prophage,0
SAMN03852615,Escherichia coli,Prophage,3
SAMN03856947,Escherichia coli,Prophage,5
SAMN03861948,Escherichia coli,Prophage,0
SAMN03863255,Escherichia coli,Prophage,0
SAMN03863378,Escherichia coli,Prophage,0
SAMN03890253,Acinetobacter baumannii,Prophage,2
SAMN03890255,Acinetobacter baumannii,Prophage,1
SAMN03890256,Acinetobacter baumannii,Prophage,3
SAMN03890257,Acinetobacter baumannii,Prophage,2
SAMN03890258,Acinetobacter baumannii,Prophage,2
SAMN03894186,Salmonella enterica,Prophage,3
SAMN03896006,Salmonella enterica,Prophage,2
SAMN03941550,Acinetobacter baumannii,Prophage,3
SAMN03944748,Neisseria spp,Prophage,1
SAMN03944749,Neisseria spp,Prophage,1
SAMN03944750,Neisseria spp,Prophage,1
SAMN03944751,Neisseria spp,Prophage,1
SAMN03952643,Escherichia coli,Prophage,12
SAMN03955396,Staphylococcus aureus,Prophage,2
SAMN03959817,Salmonella enterica,Prophage,1
SAMN03959818,Salmonella enterica,Prophage,1
SAMN03963234,Escherichia coli,Prophage,4
SAMN03963238,Escherichia coli,Prophage,3
SAMN03963241,Escherichia coli,Prophage,5
SAMN03968923,Proteus spp,Prophage,0
SAMN03968924,Proteus spp,Prophage,0
SAMN03988299,Salmonella enterica,Prophage,3
SAMN03988471,Salmonella enterica,Prophage,3
SAMN03988624,Enterococcus faecium,Prophage,0
SAMN03988630,Enterococcus faecium,Prophage,0
SAMN03988632,Enterococcus faecium,Prophage,2
SAMN03996249,Salmonella enterica,Prophage,4
SAMN03996271,Serratia spp,Prophage,1
SAMN03996288,Escherichia coli,Prophage,5
SAMN03996295,Streptococcus pyogenes,Prophage,3
SAMN03996301,Klebsiella pneumoniae,Prophage,0
SAMN03996304,Staphylococcus aureus,Prophage,2
SAMN03996316,Morganella morganii,Prophage,5
SAMN04002524,Streptococcus agalactiae,Prophage,1
SAMN04007140,Streptococcus agalactiae,Prophage,0
SAMN04007152,Streptococcus agalactiae,Prophage,0
SAMN04008874,Staphylococcus aureus,Prophage,2
SAMN04008891,Klebsiella pneumoniae,Prophage,4
SAMN04008892,Klebsiella pneumoniae,Prophage,5
SAMN04008893,Klebsiella pneumoniae,Prophage,6
SAMN04009964,Enterococcus faecium,Prophage,2
SAMN04011426,Klebsiella pneumoniae,Prophage,5
SAMN04014847,Escherichia coli,Prophage,5
SAMN04014852,Escherichia coli,Prophage,2
SAMN04014855,Escherichia coli,Prophage,0
SAMN04014856,Escherichia coli,Prophage,6
SAMN04014858,Escherichia coli,Prophage,6
SAMN04014860,Escherichia coli,Prophage,1
SAMN04014863,Citrobacter spp,Prophage,3
SAMN04014868,Serratia spp,Prophage,3
SAMN04014870,Proteus spp,Prophage,2
SAMN04014872,Salmonella enterica,Prophage,4
SAMN04014879,Enterobacter spp,Prophage,0
SAMN04014888,Klebsiella pneumoniae,Prophage,5
SAMN04014893,Acinetobacter baumannii,Prophage,2
SAMN04014896,Escherichia coli,Prophage,7
SAMN04014898,Morganella morganii,Prophage,4
SAMN04014899,Escherichia coli,Prophage,7
SAMN04014900,Proteus spp,Prophage,3
SAMN04014902,Escherichia coli,Prophage,1
SAMN04014904,Acinetobacter baumannii,Prophage,3
SAMN04014907,Klebsiella pneumoniae,Prophage,5
SAMN04014909,Klebsiella pneumoniae,Prophage,4
SAMN04014910,Escherichia coli,Prophage,1
SAMN04014911,Acinetobacter baumannii,Prophage,4
SAMN04014917,Klebsiella pneumoniae,Prophage,0
SAMN04014918,Escherichia coli,Prophage,5
SAMN04014919,Acinetobacter baumannii,Prophage,1
SAMN04014920,Klebsiella pneumoniae,Prophage,6
SAMN04014926,Escherichia coli,Prophage,5
SAMN04014928,Klebsiella pneumoniae,Prophage,4
SAMN04014939,Klebsiella pneumoniae,Prophage,5
SAMN04014945,Escherichia coli,Prophage,5
SAMN04014948,Klebsiella pneumoniae,Prophage,9
SAMN04014951,Pseudomonas aeruginosa,Prophage,2
SAMN04014953,Klebsiella pneumoniae,Prophage,5
SAMN04014954,Klebsiella pneumoniae,Prophage,5
SAMN04014955,Escherichia coli,Prophage,2
SAMN04014956,Klebsiella pneumoniae,Prophage,5
SAMN04014958,Klebsiella pneumoniae,Prophage,3
SAMN04014959,Escherichia coli,Prophage,4
SAMN04014960,Escherichia coli,Prophage,4
SAMN04014961,Klebsiella pneumoniae,Prophage,5
SAMN04014962,Serratia spp,Prophage,2
SAMN04014963,Serratia spp,Prophage,2
SAMN04014964,Serratia spp,Prophage,2
SAMN04014965,Serratia spp,Prophage,3
SAMN04014966,Klebsiella pneumoniae,Prophage,4
SAMN04014967,Klebsiella pneumoniae,Prophage,5
SAMN04014969,Escherichia coli,Prophage,2
SAMN04014970,Klebsiella pneumoniae,Prophage,5
SAMN04014971,Serratia spp,Prophage,2
SAMN04014972,Serratia spp,Prophage,2
SAMN04014974,Morganella morganii,Prophage,7
SAMN04014978,Escherichia coli,Prophage,0
SAMN04014979,Klebsiella pneumoniae,Prophage,1
SAMN04014980,Klebsiella pneumoniae,Prophage,6
SAMN04014981,Klebsiella pneumoniae,Prophage,3
SAMN04014982,Klebsiella pneumoniae,Prophage,3
SAMN04014983,Klebsiella pneumoniae,Prophage,4
SAMN04014984,Klebsiella pneumoniae,Prophage,4
SAMN04014986,Klebsiella pneumoniae,Prophage,4
SAMN04014987,Klebsiella pneumoniae,Prophage,3
SAMN04014989,Klebsiella pneumoniae,Prophage,3
SAMN04014990,Escherichia coli,Prophage,2
SAMN04014991,Escherichia coli,Prophage,0
SAMN04014992,Escherichia coli,Prophage,3
SAMN04014993,Klebsiella pneumoniae,Prophage,4
SAMN04014994,Klebsiella pneumoniae,Prophage,2
SAMN04014997,Proteus spp,Prophage,0
SAMN04014999,Klebsiella pneumoniae,Prophage,3
SAMN04015000,Proteus spp,Prophage,2
SAMN04015003,Escherichia coli,Prophage,3
SAMN04018777,Acinetobacter baumannii,Prophage,0
SAMN04022954,Serratia spp,Prophage,1
SAMN04023208,Neisseria spp,Prophage,0
SAMN04026225,Escherichia coli,Prophage,5
SAMN04026226,Escherichia coli,Prophage,2
SAMN04026227,Escherichia coli,Prophage,6
SAMN04026228,Escherichia coli,Prophage,10
SAMN04026657,Escherichia coli,Prophage,13
SAMN04029108,Serratia spp,Prophage,0
SAMN04029125,Acinetobacter baumannii,Prophage,4
SAMN04038553,Salmonella enterica,Prophage,5
SAMN04044480,Klebsiella pneumoniae,Prophage,3
SAMN04045274,Enterococcus faecium,Prophage,3
SAMN04046233,Staphylococcus aureus,Prophage,3
SAMN04054191,Campylobacter spp,Prophage,0
SAMN04074798,Pseudomonas aeruginosa,Prophage,3
SAMN04087461,Klebsiella pneumoniae,Prophage,4
SAMN04087462,Klebsiella pneumoniae,Prophage,4
SAMN04087463,Klebsiella pneumoniae,Prophage,4
SAMN04088947,Salmonella enterica,Prophage,6
SAMN04096281,Escherichia coli,Prophage,6
SAMN04100022,Escherichia coli,Prophage,6
SAMN04100024,Escherichia coli,Prophage,3
SAMN04100025,Escherichia coli,Prophage,2
SAMN04100030,Escherichia coli,Prophage,2
SAMN04100033,Escherichia coli,Prophage,4
SAMN04100036,Escherichia coli,Prophage,2
SAMN04100043,Escherichia coli,Prophage,4
SAMN04100044,Escherichia coli,Prophage,3
SAMN04100045,Escherichia coli,Prophage,2
SAMN04100047,Escherichia coli,Prophage,4
SAMN04100049,Escherichia coli,Prophage,3
SAMN04100055,Escherichia coli,Prophage,2
SAMN04100056,Escherichia coli,Prophage,3
SAMN04100058,Escherichia coli,Prophage,2
SAMN04100059,Escherichia coli,Prophage,5
SAMN04103124,Escherichia coli,Prophage,9
SAMN04108365,Pseudomonas aeruginosa,Prophage,5
SAMN04111187,Streptococcus agalactiae,Prophage,0
SAMN04125698,Salmonella enterica,Prophage,3
SAMN04125827,Salmonella enterica,Prophage,5
SAMN04156715,Salmonella enterica,Prophage,0
SAMN04156727,Salmonella enterica,Prophage,0
SAMN04156749,Salmonella enterica,Prophage,2
SAMN04158281,Escherichia coli,Prophage,0
SAMN04158282,Klebsiella pneumoniae,Prophage,3
SAMN04158502,Pseudomonas aeruginosa,Prophage,1
SAMN04159541,Escherichia coli,Prophage,0
SAMN04160800,Salmonella enterica,Prophage,3
SAMN04160801,Salmonella enterica,Prophage,3
SAMN04160802,Salmonella enterica,Prophage,3
SAMN04160803,Salmonella enterica,Prophage,4
SAMN04160804,Salmonella enterica,Prophage,1
SAMN04160805,Salmonella enterica,Prophage,1
SAMN04160806,Salmonella enterica,Prophage,0
SAMN04160808,Salmonella enterica,Prophage,6
SAMN04160810,Salmonella enterica,Prophage,3
SAMN04160811,Salmonella enterica,Prophage,7
SAMN04160812,Salmonella enterica,Prophage,2
SAMN04160813,Salmonella enterica,Prophage,0
SAMN04160814,Salmonella enterica,Prophage,3
SAMN04160815,Salmonella enterica,Prophage,5
SAMN04160816,Salmonella enterica,Prophage,2
SAMN04160817,Salmonella enterica,Prophage,2
SAMN04160821,Salmonella enterica,Prophage,1
SAMN04160822,Salmonella enterica,Prophage,3
SAMN04160823,Salmonella enterica,Prophage,3
SAMN04160824,Salmonella enterica,Prophage,1
SAMN04160825,Salmonella enterica,Prophage,6
SAMN04160826,Salmonella enterica,Prophage,3
SAMN04160827,Salmonella enterica,Prophage,2
SAMN04160828,Salmonella enterica,Prophage,0
SAMN04160829,Salmonella enterica,Prophage,0
SAMN04160830,Salmonella enterica,Prophage,2
SAMN04160831,Salmonella enterica,Prophage,3
SAMN04166246,Staphylococcus aureus,Prophage,1
SAMN04166389,Staphylococcus aureus,Prophage,1
SAMN04166494,Staphylococcus aureus,Prophage,0
SAMN04166543,Staphylococcus aureus,Prophage,0
SAMN04166544,Staphylococcus aureus,Prophage,1
SAMN04166545,Staphylococcus aureus,Prophage,1
SAMN04168649,Klebsiella pneumoniae,Prophage,4
SAMN04168654,Klebsiella pneumoniae,Prophage,4
SAMN04168691,Vibrio cholerae,Prophage,1
SAMN04191551,Escherichia coli,Prophage,14
SAMN04191553,Escherichia coli,Prophage,14
SAMN04192176,Salmonella enterica,Prophage,0
SAMN04201208,Enterococcus faecium,Prophage,2
SAMN04202539,Escherichia coli,Prophage,13
SAMN04202540,Escherichia coli,Prophage,11
SAMN04202590,Campylobacter spp,Prophage,0
SAMN04209275,Pseudomonas aeruginosa,Prophage,1
SAMN04209666,Escherichia coli,Prophage,2
SAMN04214975,Serratia spp,Prophage,3
SAMN04219574,Staphylococcus aureus,Prophage,3
SAMN04219577,Staphylococcus aureus,Prophage,4
SAMN04219581,Staphylococcus aureus,Prophage,4
SAMN04227566,Escherichia coli,Prophage,1
SAMN04230441,Streptococcus pyogenes,Prophage,0
SAMN04233132,Neisseria spp,Prophage,0
SAMN04243988,Staphylococcus aureus,Prophage,0
SAMN04243989,Escherichia coli,Prophage,5
SAMN04244588,Klebsiella pneumoniae,Prophage,3
SAMN04253017,Staphylococcus aureus,Prophage,3
SAMN04256431,Vibrio cholerae,Prophage,1
SAMN04256432,Vibrio cholerae,Prophage,1
SAMN04256433,Vibrio cholerae,Prophage,1
SAMN04256434,Vibrio cholerae,Prophage,1
SAMN04256435,Vibrio cholerae,Prophage,0
SAMN04256436,Vibrio cholerae,Prophage,1
SAMN04256437,Vibrio cholerae,Prophage,1
SAMN04256438,Vibrio cholerae,Prophage,0
SAMN04256439,Vibrio cholerae,Prophage,2
SAMN04256440,Vibrio cholerae,Prophage,1
SAMN04263915,Staphylococcus aureus,Prophage,1
SAMN04271271,Campylobacter spp,Prophage,2
SAMN04273154,Acinetobacter baumannii,Prophage,1
SAMN04274532,Salmonella enterica,Prophage,3
SAMN04274533,Salmonella enterica,Prophage,4
SAMN04276914,Serratia spp,Prophage,0
SAMN04276915,Serratia spp,Prophage,1
SAMN04276964,Staphylococcus aureus,Prophage,2
SAMN04281244,Bacillus subtilis,Prophage,2
SAMN04284690,Pseudomonas aeruginosa,Prophage,0
SAMN04285042,Salmonella enterica,Prophage,3
SAMN04296382,Salmonella enterica,Prophage,6
SAMN04320556,Bacillus subtilis,Prophage,1
SAMN04321475,Neisseria spp,Prophage,1
SAMN04323384,Campylobacter spp,Prophage,0
SAMN04325935,Staphylococcus aureus,Prophage,1
SAMN04325938,Staphylococcus aureus,Prophage,0
SAMN04325940,Staphylococcus aureus,Prophage,2
SAMN04334485,Streptococcus pyogenes,Prophage,3
SAMN04334629,Salmonella enterica,Prophage,2
SAMN04334633,Salmonella enterica,Prophage,2
SAMN04334640,Salmonella enterica,Prophage,2
SAMN04334642,Salmonella enterica,Prophage,2
SAMN04334653,Salmonella enterica,Prophage,2
SAMN04334672,Salmonella enterica,Prophage,2
SAMN04351367,Pseudomonas aeruginosa,Prophage,2
SAMN04357099,Klebsiella pneumoniae,Prophage,2
SAMN04364135,Salmonella enterica,Prophage,1
SAMN04364590,Salmonella enterica,Prophage,3
SAMN04376007,Streptococcus agalactiae,Prophage,0
SAMN04377968,Klebsiella pneumoniae,Prophage,3
SAMN04377969,Klebsiella pneumoniae,Prophage,1
SAMN04381845,Escherichia coli,Prophage,6
SAMN04381846,Escherichia coli,Prophage,6
SAMN04381849,Escherichia coli,Prophage,5
SAMN04381851,Escherichia coli,Prophage,6
SAMN04381853,Escherichia coli,Prophage,4
SAMN04381854,Escherichia coli,Prophage,8
SAMN04385793,Escherichia coli,Prophage,4
SAMN04393397,Escherichia coli,Prophage,5
SAMN04396805,Escherichia coli,Prophage,3
SAMN04403366,Escherichia coli,Prophage,1
SAMN04418075,Enterococcus faecium,Prophage,4
SAMN04420251,Bacillus subtilis,Prophage,1
SAMN04421276,Klebsiella pneumoniae,Prophage,4
SAMN04437026,Bacillus subtilis,Prophage,2
SAMN04447623,Escherichia coli,Prophage,10
SAMN04447624,Escherichia coli,Prophage,10
SAMN04447629,Escherichia coli,Prophage,10
SAMN04447630,Escherichia coli,Prophage,10
SAMN04447632,Escherichia coli,Prophage,10
SAMN04447635,Escherichia coli,Prophage,10
SAMN04447636,Escherichia coli,Prophage,10
SAMN04448219,Klebsiella pneumoniae,Prophage,3
SAMN04448229,Klebsiella pneumoniae,Prophage,1
SAMN04448241,Klebsiella pneumoniae,Prophage,2
SAMN04448498,Enterobacter spp,Prophage,4
SAMN04448499,Enterobacter spp,Prophage,0
SAMN04448503,Escherichia coli,Prophage,1
SAMN04448505,Klebsiella pneumoniae,Prophage,4
SAMN04448506,Enterobacter spp,Prophage,0
SAMN04448797,Acinetobacter baumannii,Prophage,5
SAMN04451263,Salmonella enterica,Prophage,0
SAMN04451264,Salmonella enterica,Prophage,2
SAMN04452263,Pseudomonas aeruginosa,Prophage,0
SAMN04452273,Pseudomonas aeruginosa,Prophage,1
SAMN04455104,Pseudomonas aeruginosa,Prophage,3
SAMN04455155,Pseudomonas aeruginosa,Prophage,6
SAMN04455156,Pseudomonas aeruginosa,Prophage,5
SAMN04455162,Pseudomonas aeruginosa,Prophage,7
SAMN04482320,Escherichia coli,Prophage,15
SAMN04485290,Acinetobacter baumannii,Prophage,2
SAMN04497595,Staphylococcus aureus,Prophage,3
SAMN04497596,Staphylococcus aureus,Prophage,3
SAMN04497597,Staphylococcus aureus,Prophage,3
SAMN04497598,Staphylococcus aureus,Prophage,3
SAMN04497599,Staphylococcus aureus,Prophage,3
SAMN04497600,Staphylococcus aureus,Prophage,3
SAMN04497601,Staphylococcus aureus,Prophage,3
SAMN04497602,Staphylococcus aureus,Prophage,3
SAMN04497603,Staphylococcus aureus,Prophage,0
SAMN04497604,Staphylococcus aureus,Prophage,0
SAMN04497605,Staphylococcus aureus,Prophage,0
SAMN04497606,Staphylococcus aureus,Prophage,2
SAMN04497607,Staphylococcus aureus,Prophage,3
SAMN04497608,Staphylococcus aureus,Prophage,3
SAMN04497609,Staphylococcus aureus,Prophage,0
SAMN04497610,Staphylococcus aureus,Prophage,3
SAMN04497611,Staphylococcus aureus,Prophage,3
SAMN04497612,Staphylococcus aureus,Prophage,3
SAMN04497613,Staphylococcus aureus,Prophage,3
SAMN04497614,Staphylococcus aureus,Prophage,3
SAMN04497615,Staphylococcus aureus,Prophage,3
SAMN04497616,Staphylococcus aureus,Prophage,3
SAMN04497617,Staphylococcus aureus,Prophage,3
SAMN04497618,Staphylococcus aureus,Prophage,3
SAMN04497926,Escherichia coli,Prophage,0
SAMN04498485,Escherichia coli,Prophage,11
SAMN04498549,Escherichia coli,Prophage,14
SAMN04500791,Streptococcus pyogenes,Prophage,3
SAMN04504880,Escherichia coli,Prophage,12
SAMN04504881,Escherichia coli,Prophage,10
SAMN04505650,Escherichia coli,Prophage,12
SAMN04505873,Escherichia coli,Prophage,0
SAMN04510563,Escherichia coli,Prophage,16
SAMN04516926,Escherichia coli,Prophage,10
SAMN04531139,Escherichia coli,Prophage,12
SAMN04531170,Escherichia coli,Prophage,12
SAMN04531998,Escherichia coli,Prophage,14
SAMN04545450,Campylobacter spp,Prophage,1
SAMN04545451,Campylobacter spp,Prophage,1
SAMN04549535,Salmonella enterica,Prophage,1
SAMN04549651,Escherichia coli,Prophage,12
SAMN04549845,Escherichia coli,Prophage,12
SAMN04571756,Staphylococcus aureus,Prophage,2
SAMN04571767,Staphylococcus aureus,Prophage,2
SAMN04578538,Escherichia coli,Prophage,4
SAMN04585399,Bacillus subtilis,Prophage,2
SAMN04585513,Enterococcus faecalis,Prophage,0
SAMN04589231,Pseudomonas aeruginosa,Prophage,4
SAMN04590095,Escherichia coli,Prophage,3
SAMN04590096,Escherichia coli,Prophage,1
SAMN04590097,Escherichia coli,Prophage,4
SAMN04590098,Staphylococcus aureus,Prophage,2
SAMN04600271,Salmonella enterica,Prophage,4
SAMN04605558,Escherichia coli,Prophage,1
SAMN04621179,Klebsiella pneumoniae,Prophage,1
SAMN04621185,Acinetobacter baumannii,Prophage,3
SAMN04621488,Escherichia coli,Prophage,1
SAMN04621616,Enterococcus faecalis,Prophage,0
SAMN04621897,Escherichia coli,Prophage,5
SAMN04622917,Escherichia coli,Prophage,6
SAMN04623227,Escherichia coli,Prophage,6
SAMN04625459,Escherichia coli,Prophage,3
SAMN04625972,Streptococcus pyogenes,Prophage,0
SAMN04849646,Salmonella enterica,Prophage,6
SAMN04849770,Proteus spp,Prophage,5
SAMN04851091,Escherichia coli,Prophage,9
SAMN04851092,Escherichia coli,Prophage,6
SAMN04851094,Escherichia coli,Prophage,11
SAMN04851096,Escherichia coli,Prophage,7
SAMN04859054,Enterococcus faecalis,Prophage,0
SAMN04868721,Klebsiella pneumoniae,Prophage,2
SAMN04868722,Klebsiella pneumoniae,Prophage,4
SAMN04868736,Klebsiella pneumoniae,Prophage,3
SAMN04868740,Klebsiella pneumoniae,Prophage,3
SAMN04875536,Haemophilus influenzae,Prophage,1
SAMN04875541,Neisseria spp,Prophage,1
SAMN04875542,Neisseria spp,Prophage,0
SAMN04875544,Neisseria spp,Prophage,0
SAMN04875546,Neisseria spp,Prophage,2
SAMN04875547,Neisseria spp,Prophage,1
SAMN04875548,Neisseria spp,Prophage,1
SAMN04875549,Neisseria spp,Prophage,0
SAMN04875550,Moraxella catarrhalis,Prophage,0
SAMN04875551,Neisseria spp,Prophage,1
SAMN04875552,Neisseria spp,Prophage,1
SAMN04875560,Vibrio cholerae,Prophage,0
SAMN04875580,Streptococcus agalactiae,Prophage,1
SAMN04875588,Campylobacter spp,Prophage,0
SAMN04875589,Campylobacter spp,Prophage,0
SAMN04875591,Campylobacter spp,Prophage,0
SAMN04875592,Campylobacter spp,Prophage,0
SAMN04883361,Neisseria spp,Prophage,0
SAMN04883364,Neisseria spp,Prophage,0
SAMN04883365,Neisseria spp,Prophage,0
SAMN04883368,Neisseria spp,Prophage,0
SAMN04883369,Neisseria spp,Prophage,0
SAMN04883370,Neisseria spp,Prophage,0
SAMN04883371,Neisseria spp,Prophage,0
SAMN04883372,Neisseria spp,Prophage,0
SAMN04883373,Neisseria spp,Prophage,0
SAMN04883374,Neisseria spp,Prophage,0
SAMN04883375,Neisseria spp,Prophage,0
SAMN04883376,Neisseria spp,Prophage,0
SAMN04883377,Neisseria spp,Prophage,0
SAMN04883378,Neisseria spp,Prophage,0
SAMN04883379,Neisseria spp,Prophage,0
SAMN04883381,Neisseria spp,Prophage,0
SAMN04883382,Neisseria spp,Prophage,0
SAMN04883384,Neisseria spp,Prophage,0
SAMN04883385,Neisseria spp,Prophage,0
SAMN04883386,Neisseria spp,Prophage,1
SAMN04883389,Neisseria spp,Prophage,0
SAMN04883390,Neisseria spp,Prophage,1
SAMN04883391,Neisseria spp,Prophage,1
SAMN04883392,Neisseria spp,Prophage,1
SAMN04883393,Neisseria spp,Prophage,1
SAMN04883394,Neisseria spp,Prophage,1
SAMN04883395,Neisseria spp,Prophage,1
SAMN04883396,Neisseria spp,Prophage,0
SAMN04883402,Neisseria spp,Prophage,1
SAMN04883405,Neisseria spp,Prophage,0
SAMN04883408,Neisseria spp,Prophage,0
SAMN04883421,Neisseria spp,Prophage,0
SAMN04883430,Neisseria spp,Prophage,0
SAMN04883437,Neisseria spp,Prophage,0
SAMN04883439,Neisseria spp,Prophage,0
SAMN04883440,Neisseria spp,Prophage,0
SAMN04883441,Neisseria spp,Prophage,0
SAMN04883448,Neisseria spp,Prophage,0
SAMN04883450,Neisseria spp,Prophage,0
SAMN04883451,Neisseria spp,Prophage,0
SAMN04883452,Neisseria spp,Prophage,0
SAMN04883459,Campylobacter spp,Prophage,0
SAMN04889855,Klebsiella pneumoniae,Prophage,2
SAMN04889856,Klebsiella pneumoniae,Prophage,4
SAMN04889857,Klebsiella pneumoniae,Prophage,3
SAMN04893615,Pseudomonas aeruginosa,Prophage,5
SAMN04901605,Staphylococcus aureus,Prophage,4
SAMN04901606,Staphylococcus aureus,Prophage,0
SAMN04901609,Staphylococcus aureus,Prophage,2
SAMN04901610,Staphylococcus aureus,Prophage,1
SAMN04901612,Staphylococcus aureus,Prophage,0
SAMN04901613,Staphylococcus aureus,Prophage,2
SAMN04901615,Staphylococcus aureus,Prophage,3
SAMN04901616,Staphylococcus aureus,Prophage,2
SAMN04901618,Staphylococcus aureus,Prophage,3
SAMN04901620,Pseudomonas aeruginosa,Prophage,2
SAMN04903357,Staphylococcus aureus,Prophage,3
SAMN04910034,Pseudomonas aeruginosa,Prophage,3
SAMN04910045,Pseudomonas aeruginosa,Prophage,3
SAMN04910061,Pseudomonas aeruginosa,Prophage,3
SAMN04910066,Pseudomonas aeruginosa,Prophage,3
SAMN04914381,Pseudomonas aeruginosa,Prophage,3
SAMN04914386,Pseudomonas aeruginosa,Prophage,3
SAMN04914475,Pseudomonas aeruginosa,Prophage,3
SAMN04914479,Pseudomonas aeruginosa,Prophage,3
SAMN04917370,Klebsiella pneumoniae,Prophage,6
SAMN04917414,Escherichia coli,Prophage,0
SAMN04917420,Escherichia coli,Prophage,7
SAMN04924824,Salmonella enterica,Prophage,2
SAMN04924825,Salmonella enterica,Prophage,2
SAMN04932651,Salmonella enterica,Prophage,1
SAMN04939501,Escherichia coli,Prophage,6
SAMN04939716,Staphylococcus aureus,Prophage,2
SAMN04939717,Staphylococcus aureus,Prophage,1
SAMN04961653,Salmonella enterica,Prophage,3
SAMN04964640,Staphylococcus aureus,Prophage,2
SAMN04965119,Escherichia coli,Prophage,4
SAMN04966145,Staphylococcus aureus,Prophage,0
SAMN04966146,Staphylococcus aureus,Prophage,0
SAMN04966147,Staphylococcus aureus,Prophage,0
SAMN04966148,Staphylococcus aureus,Prophage,1
SAMN04966149,Staphylococcus aureus,Prophage,2
SAMN04966150,Staphylococcus aureus,Prophage,0
SAMN04992856,Klebsiella pneumoniae,Prophage,0
SAMN04995068,Staphylococcus aureus,Prophage,2
SAMN05007044,Escherichia coli,Prophage,12
SAMN05007045,Escherichia coli,Prophage,13
SAMN05020321,Pseudomonas aeruginosa,Prophage,5
SAMN05020322,Pseudomonas aeruginosa,Prophage,3
SAMN05020323,Pseudomonas aeruginosa,Prophage,3
SAMN05020324,Pseudomonas aeruginosa,Prophage,5
SAMN05020325,Pseudomonas aeruginosa,Prophage,3
SAMN05020326,Pseudomonas aeruginosa,Prophage,4
SAMN05149976,Klebsiella pneumoniae,Prophage,5
SAMN05150066,Bacillus subtilis,Prophage,0
SAMN05170048,Klebsiella pneumoniae,Prophage,3
SAMN05172397,Salmonella enterica,Prophage,4
SAMN05172398,Salmonella enterica,Prophage,5
SAMN05172400,Salmonella enterica,Prophage,4
SAMN05172401,Salmonella enterica,Prophage,0
SAMN05172402,Salmonella enterica,Prophage,7
SAMN05177221,Escherichia coli,Prophage,6
SAMN05181543,Salmonella enterica,Prophage,3
SAMN05181544,Salmonella enterica,Prophage,2
SAMN05187216,Streptococcus agalactiae,Prophage,0
SAMN05188406,Klebsiella pneumoniae,Prophage,1
SAMN05190012,Escherichia coli,Prophage,7
SAMN05194365,Escherichia coli,Prophage,2
SAMN05194389,Escherichia coli,Prophage,4
SAMN05194390,Escherichia coli,Prophage,6
SAMN05210135,Neisseria spp,Prophage,0
SAMN05210257,Neisseria spp,Prophage,1
SAMN05210771,Escherichia coli,Prophage,1
SAMN05210898,Escherichia coli,Prophage,8
SAMN05231874,Klebsiella pneumoniae,Prophage,1
SAMN05255999,Salmonella enterica,Prophage,3
SAMN05263504,Salmonella enterica,Prophage,0
SAMN05263513,Salmonella enterica,Prophage,0
SAMN05263514,Salmonella enterica,Prophage,0
SAMN05263515,Salmonella enterica,Prophage,0
SAMN05263516,Salmonella enterica,Prophage,2
SAMN05263517,Salmonella enterica,Prophage,2
SAMN05263538,Salmonella enterica,Prophage,0
SAMN05263546,Salmonella enterica,Prophage,0
SAMN05263553,Salmonella enterica,Prophage,2
SAMN05277889,Salmonella enterica,Prophage,2
SAMN05277890,Salmonella enterica,Prophage,2
SAMN05290638,Escherichia coli,Prophage,0
SAMN05291917,Escherichia coli,Prophage,3
SAMN05292960,Staphylococcus aureus,Prophage,1
SAMN05346848,Escherichia coli,Prophage,3
SAMN05356919,Salmonella enterica,Prophage,0
SAMN05360149,Escherichia coli,Prophage,10
SAMN05360158,Escherichia coli,Prophage,10
SAMN05360162,Escherichia coli,Prophage,8
SAMN05360163,Escherichia coli,Prophage,10
SAMN05360170,Escherichia coli,Prophage,10
SAMN05360171,Escherichia coli,Prophage,10
SAMN05360175,Escherichia coli,Prophage,9
SAMN05360178,Escherichia coli,Prophage,11
SAMN05360191,Escherichia coli,Prophage,11
SAMN05360196,Escherichia coli,Prophage,12
SAMN05360202,Escherichia coli,Prophage,12
SAMN05360204,Escherichia coli,Prophage,10
SAMN05360205,Escherichia coli,Prophage,10
SAMN05360216,Escherichia coli,Prophage,10
SAMN05360221,Escherichia coli,Prophage,11
SAMN05360231,Escherichia coli,Prophage,12
SAMN05363482,Salmonella enterica,Prophage,2
SAMN05370985,Streptococcus agalactiae,Prophage,1
SAMN05383898,Pseudomonas aeruginosa,Prophage,2
SAMN05384054,Streptococcus agalactiae,Prophage,0
SAMN05384056,Streptococcus agalactiae,Prophage,1
SAMN05384057,Streptococcus agalactiae,Prophage,0
SAMN05384059,Streptococcus agalactiae,Prophage,1
SAMN05384060,Streptococcus agalactiae,Prophage,0
SAMN05384089,Streptococcus agalactiae,Prophage,1
SAMN05384092,Streptococcus agalactiae,Prophage,1
SAMN05384163,Streptococcus agalactiae,Prophage,1
SAMN05384208,Streptococcus agalactiae,Prophage,1
SAMN05392487,Escherichia coli,Prophage,4
SAMN05407982,Escherichia coli,Prophage,6
SAMN05411282,Campylobacter spp,Prophage,0
SAMN05412444,Klebsiella pneumoniae,Prophage,3
SAMN05412453,Klebsiella pneumoniae,Prophage,2
SAMN05412455,Klebsiella pneumoniae,Prophage,6
SAMN05412456,Klebsiella pneumoniae,Prophage,6
SAMN05412796,Klebsiella pneumoniae,Prophage,4
SAMN05414452,Salmonella enterica,Prophage,2
SAMN05414625,Escherichia coli,Prophage,5
SAMN05417814,Escherichia coli,Prophage,11
SAMN05425525,Klebsiella pneumoniae,Prophage,1
SAMN05425526,Klebsiella pneumoniae,Prophage,3
SAMN05464624,Citrobacter spp,Prophage,5
SAMN05468123,Escherichia coli,Prophage,1
SAMN05510455,Enterobacter spp,Prophage,4
SAMN05511148,Escherichia coli,Prophage,6
SAMN05511150,Escherichia coli,Prophage,7
SAMN05511152,Escherichia coli,Prophage,11
SAMN05511157,Escherichia coli,Prophage,4
SAMN05511159,Escherichia coli,Prophage,4
SAMN05511160,Escherichia coli,Prophage,5
SAMN05511161,Escherichia coli,Prophage,8
SAMN05511166,Escherichia coli,Prophage,4
SAMN05511168,Escherichia coli,Prophage,3
SAMN05511169,Escherichia coli,Prophage,6
SAMN05511177,Escherichia coli,Prophage,5
SAMN05511179,Escherichia coli,Prophage,0
SAMN05511182,Escherichia coli,Prophage,3
SAMN05511183,Escherichia coli,Prophage,4
SAMN05511184,Escherichia coli,Prophage,6
SAMN05511185,Escherichia coli,Prophage,6
SAMN05511186,Escherichia coli,Prophage,12
SAMN05514141,Salmonella enterica,Prophage,2
SAMN05520947,Bacillus subtilis,Prophage,2
SAMN05520965,Escherichia coli,Prophage,5
SAMN05520967,Staphylococcus aureus,Prophage,2
SAMN05526243,Bacillus subtilis,Prophage,2
SAMN05544764,Escherichia coli,Prophage,11
SAMN05544766,Escherichia coli,Prophage,11
SAMN05544801,Campylobacter spp,Prophage,1
SAMN05544802,Campylobacter spp,Prophage,0
SAMN05560575,Neisseria spp,Prophage,0
SAMN05567318,Vibrio cholerae,Prophage,0
SAMN05570461,Citrobacter spp,Prophage,2
SAMN05581746,Enterobacter spp,Prophage,2
SAMN05581748,Enterobacter spp,Prophage,3
SAMN05581749,Enterobacter spp,Prophage,3
SAMN05581751,Enterobacter spp,Prophage,4
SAMN05583819,Pseudomonas aeruginosa,Prophage,7
SAMN05589873,Salmonella enterica,Prophage,2
SAMN05631013,Salmonella enterica,Prophage,2
SAMN05714732,Haemophilus influenzae,Prophage,0
SAMN05715193,Pseudomonas aeruginosa,Prophage,1
SAMN05715220,Proteus spp,Prophage,4
SAMN05715221,Proteus spp,Prophage,2
SAMN05717667,Bacillus subtilis,Prophage,0
SAMN05717668,Bacillus subtilis,Prophage,1
SAMN05725120,Escherichia coli,Prophage,2
SAMN05729608,Pseudomonas aeruginosa,Prophage,5
SAMN05729956,Escherichia coli,Prophage,11
SAMN05729957,Escherichia coli,Prophage,11
SAMN05756207,Salmonella enterica,Prophage,2
SAMN05762409,Escherichia coli,Prophage,6
SAMN05773092,Pseudomonas aeruginosa,Prophage,2
SAMN05774083,Klebsiella pneumoniae,Prophage,2
SAMN05830826,Campylobacter spp,Prophage,1
SAMN05831964,Campylobacter spp,Prophage,1
SAMN05831965,Campylobacter spp,Prophage,0
SAMN05831969,Campylobacter spp,Prophage,1
SAMN05831970,Campylobacter spp,Prophage,0
SAMN05831973,Campylobacter spp,Prophage,0
SAMN05831976,Campylobacter spp,Prophage,0
SAMN05831977,Campylobacter spp,Prophage,0
SAMN05831978,Campylobacter spp,Prophage,0
SAMN05831980,Campylobacter spp,Prophage,0
SAMN05831981,Campylobacter spp,Prophage,1
SAMN05831982,Campylobacter spp,Prophage,0
SAMN05831983,Campylobacter spp,Prophage,0
SAMN05831984,Campylobacter spp,Prophage,0
SAMN05831985,Campylobacter spp,Prophage,0
SAMN05831986,Campylobacter spp,Prophage,0
SAMN05831987,Campylobacter spp,Prophage,0
SAMN05831988,Campylobacter spp,Prophage,1
SAMN05831989,Campylobacter spp,Prophage,0
SAMN05831990,Campylobacter spp,Prophage,0
SAMN05831991,Campylobacter spp,Prophage,1
SAMN05831992,Campylobacter spp,Prophage,1
SAMN05831993,Campylobacter spp,Prophage,0
SAMN05831994,Campylobacter spp,Prophage,0
SAMN05860146,Staphylococcus aureus,Prophage,2
SAMN05871073,Campylobacter spp,Prophage,0
SAMN05871074,Campylobacter spp,Prophage,0
SAMN05908511,Klebsiella pneumoniae,Prophage,5
SAMN05915911,Salmonella enterica,Prophage,2
SAMN05915912,Salmonella enterica,Prophage,2
SAMN05915913,Salmonella enterica,Prophage,2
SAMN05920240,Bacillus subtilis,Prophage,2
SAMN05928590,Klebsiella pneumoniae,Prophage,3
SAMN05933398,Enterococcus faecium,Prophage,0
SAMN05933399,Enterococcus faecium,Prophage,0
SAMN05933400,Enterococcus faecium,Prophage,0
SAMN05942178,Campylobacter spp,Prophage,0
SAMN05942179,Campylobacter spp,Prophage,1
SAMN05942180,Campylobacter spp,Prophage,0
SAMN05942181,Campylobacter spp,Prophage,1
SAMN05942182,Campylobacter spp,Prophage,0
SAMN05942183,Campylobacter spp,Prophage,1
SAMN05942184,Campylobacter spp,Prophage,0
SAMN05942185,Campylobacter spp,Prophage,0
SAMN05942186,Campylobacter spp,Prophage,0
SAMN05942187,Campylobacter spp,Prophage,0
SAMN05942188,Campylobacter spp,Prophage,0
SAMN05945146,Escherichia coli,Prophage,2
SAMN05949222,Moraxella catarrhalis,Prophage,2
SAMN05949357,Salmonella enterica,Prophage,4
SAMN05969160,Pseudomonas aeruginosa,Prophage,0
SAMN05981365,Streptococcus pneumoniae,Prophage,1
SAMN06006823,Enterococcus faecium,Prophage,3
SAMN06009945,Streptococcus pneumoniae,Prophage,0
SAMN06009955,Streptococcus pneumoniae,Prophage,0
SAMN06018903,Enterococcus faecium,Prophage,2
SAMN06019522,Klebsiella pneumoniae,Prophage,6
SAMN06019523,Klebsiella pneumoniae,Prophage,3
SAMN06019998,Enterococcus faecium,Prophage,3
SAMN06029893,Escherichia coli,Prophage,3
SAMN06029894,Escherichia coli,Prophage,3
SAMN06029895,Escherichia coli,Prophage,3
SAMN06029896,Escherichia coli,Prophage,3
SAMN06030081,Salmonella enterica,Prophage,5
SAMN06030177,Salmonella enterica,Prophage,0
SAMN06040387,Klebsiella pneumoniae,Prophage,6
SAMN06044983,Salmonella enterica,Prophage,3
SAMN06044987,Salmonella enterica,Prophage,0
SAMN06044996,Salmonella enterica,Prophage,3
SAMN06044997,Salmonella enterica,Prophage,2
SAMN06045011,Salmonella enterica,Prophage,0
SAMN06045028,Salmonella enterica,Prophage,2
SAMN06045033,Salmonella enterica,Prophage,0
SAMN06045055,Salmonella enterica,Prophage,0
SAMN06045058,Salmonella enterica,Prophage,0
SAMN06045063,Salmonella enterica,Prophage,0
SAMN06045066,Salmonella enterica,Prophage,2
SAMN06045068,Salmonella enterica,Prophage,0
SAMN06045069,Salmonella enterica,Prophage,2
SAMN06045071,Salmonella enterica,Prophage,3
SAMN06045089,Salmonella enterica,Prophage,2
SAMN06045121,Salmonella enterica,Prophage,2
SAMN06045123,Salmonella enterica,Prophage,9
SAMN06045126,Salmonella enterica,Prophage,2
SAMN06045172,Salmonella enterica,Prophage,0
SAMN06045182,Salmonella enterica,Prophage,1
SAMN06045193,Salmonella enterica,Prophage,2
SAMN06045239,Salmonella enterica,Prophage,0
SAMN06046790,Acinetobacter baumannii,Prophage,2
SAMN06050725,Salmonella enterica,Prophage,2
SAMN06050726,Salmonella enterica,Prophage,2
SAMN06050727,Salmonella enterica,Prophage,2
SAMN06050728,Salmonella enterica,Prophage,2
SAMN06060088,Bacillus subtilis,Prophage,2
SAMN06062108,Staphylococcus aureus,Prophage,3
SAMN06067844,Klebsiella pneumoniae,Prophage,6
SAMN06067845,Klebsiella pneumoniae,Prophage,6
SAMN06067846,Klebsiella pneumoniae,Prophage,6
SAMN06067968,Escherichia coli,Prophage,5
SAMN06109054,Klebsiella pneumoniae,Prophage,4
SAMN06109232,Acinetobacter baumannii,Prophage,2
SAMN06112188,Klebsiella pneumoniae,Prophage,1
SAMN06112197,Klebsiella pneumoniae,Prophage,2
SAMN06130958,Staphylococcus aureus,Prophage,3
SAMN06144986,Neisseria spp,Prophage,0
SAMN06161238,Salmonella enterica,Prophage,2
SAMN06164056,Serratia spp,Prophage,0
SAMN06164057,Serratia spp,Prophage,1
SAMN06164058,Serratia spp,Prophage,3
SAMN06164059,Serratia spp,Prophage,3
SAMN06164060,Serratia spp,Prophage,3
SAMN06164061,Serratia spp,Prophage,4
SAMN06164062,Serratia spp,Prophage,3
SAMN06164063,Serratia spp,Prophage,0
SAMN06164064,Serratia spp,Prophage,0
SAMN06164065,Serratia spp,Prophage,0
SAMN06164066,Serratia spp,Prophage,2
SAMN06165999,Escherichia coli,Prophage,3
SAMN06166007,Escherichia coli,Prophage,3
SAMN06173306,Escherichia coli,Prophage,12
SAMN06173311,Helicobacter pylori,Prophage,0
SAMN06173325,Salmonella enterica,Prophage,0
SAMN06173326,Salmonella enterica,Prophage,0
SAMN06173334,Salmonella enterica,Prophage,0
SAMN06173337,Enterococcus faecalis,Prophage,0
SAMN06173351,Enterococcus faecalis,Prophage,2
SAMN06173361,Escherichia coli,Prophage,5
SAMN06173362,Escherichia coli,Prophage,5
SAMN06185755,Salmonella enterica,Prophage,0
SAMN06186500,Enterococcus faecium,Prophage,2
SAMN06192066,Salmonella enterica,Prophage,1
SAMN06197014,Escherichia coli,Prophage,2
SAMN06198937,Escherichia coli,Prophage,4
SAMN06198938,Escherichia coli,Prophage,2
SAMN06200256,Staphylococcus aureus,Prophage,2
SAMN06200334,Klebsiella pneumoniae,Prophage,2
SAMN06203483,Haemophilus influenzae,Prophage,0
SAMN06203601,Haemophilus influenzae,Prophage,0
SAMN06203603,Haemophilus influenzae,Prophage,0
SAMN06203638,Haemophilus influenzae,Prophage,1
SAMN06203639,Haemophilus influenzae,Prophage,1
SAMN06203648,Haemophilus influenzae,Prophage,0
SAMN06203650,Haemophilus influenzae,Prophage,0
SAMN06203655,Haemophilus influenzae,Prophage,1
SAMN06203656,Haemophilus influenzae,Prophage,1
SAMN06209723,Escherichia coli,Prophage,3
SAMN06209728,Escherichia coli,Prophage,5
SAMN06211572,Acinetobacter baumannii,Prophage,2
SAMN06216064,Helicobacter pylori,Prophage,0
SAMN06216070,Helicobacter pylori,Prophage,0
SAMN06216071,Helicobacter pylori,Prophage,0
SAMN06216072,Helicobacter pylori,Prophage,0
SAMN06216073,Helicobacter pylori,Prophage,0
SAMN06216074,Helicobacter pylori,Prophage,0
SAMN06216075,Helicobacter pylori,Prophage,0
SAMN06216076,Helicobacter pylori,Prophage,0
SAMN06216077,Helicobacter pylori,Prophage,0
SAMN06216078,Helicobacter pylori,Prophage,0
SAMN06216085,Helicobacter pylori,Prophage,0
SAMN06216086,Helicobacter pylori,Prophage,0
SAMN06216087,Helicobacter pylori,Prophage,0
SAMN06216564,Klebsiella pneumoniae,Prophage,2
SAMN06219545,Acinetobacter baumannii,Prophage,2
SAMN06219546,Escherichia coli,Prophage,6
SAMN06219547,Escherichia coli,Prophage,3
SAMN06219548,Escherichia coli,Prophage,4
SAMN06219549,Escherichia coli,Prophage,5
SAMN06219550,Escherichia coli,Prophage,1
SAMN06219551,Escherichia coli,Prophage,0
SAMN06219552,Escherichia coli,Prophage,1
SAMN06219553,Escherichia coli,Prophage,7
SAMN06219554,Escherichia coli,Prophage,2
SAMN06227049,Escherichia coli,Prophage,2
SAMN06231252,Escherichia coli,Prophage,4
SAMN06233407,Streptococcus pneumoniae,Prophage,0
SAMN06234157,Pseudomonas aeruginosa,Prophage,2
SAMN06236809,Escherichia coli,Prophage,3
SAMN06238073,Staphylococcus aureus,Prophage,3
SAMN06250205,Escherichia coli,Prophage,5
SAMN06251153,Staphylococcus aureus,Prophage,1
SAMN06251593,Neisseria spp,Prophage,0
SAMN06251594,Neisseria spp,Prophage,0
SAMN06252387,Enterococcus faecium,Prophage,3
SAMN06270347,Enterococcus faecalis,Prophage,3
SAMN06274061,Staphylococcus aureus,Prophage,1
SAMN06274062,Staphylococcus aureus,Prophage,1
SAMN06274093,Staphylococcus aureus,Prophage,3
SAMN06274241,Staphylococcus aureus,Prophage,1
SAMN06277866,Staphylococcus aureus,Prophage,1
SAMN06290126,Campylobacter spp,Prophage,1
SAMN06309456,Salmonella enterica,Prophage,5
SAMN06311389,Salmonella enterica,Prophage,2
SAMN06311524,Serratia spp,Prophage,4
SAMN06314223,Escherichia coli,Prophage,6
SAMN06314933,Escherichia coli,Prophage,2
SAMN06329441,Streptococcus agalactiae,Prophage,1
SAMN06329538,Helicobacter pylori,Prophage,1
SAMN06339750,Campylobacter spp,Prophage,0
SAMN06341081,Escherichia coli,Prophage,0
SAMN06344228,Enterobacter spp,Prophage,5
SAMN06344815,Escherichia coli,Prophage,4
SAMN06434185,Escherichia coli,Prophage,7
SAMN06434935,Streptococcus pyogenes,Prophage,5
SAMN06437491,Klebsiella pneumoniae,Prophage,3
SAMN06438459,Klebsiella pneumoniae,Prophage,5
SAMN06445344,Streptococcus agalactiae,Prophage,2
SAMN06445833,Escherichia coli,Prophage,5
SAMN06448755,Escherichia coli,Prophage,2
SAMN06449041,Campylobacter spp,Prophage,0
SAMN06456893,Campylobacter spp,Prophage,2
SAMN06459520,Escherichia coli,Prophage,4
SAMN06463381,Enterococcus faecium,Prophage,0
SAMN06472805,Bacillus subtilis,Prophage,3
SAMN06472829,Enterococcus faecium,Prophage,2
SAMN06472830,Enterococcus faecium,Prophage,2
SAMN06473357,Streptococcus pyogenes,Prophage,3
SAMN06480665,Staphylococcus aureus,Prophage,1
SAMN06480668,Staphylococcus aureus,Prophage,1
SAMN06480776,Staphylococcus aureus,Prophage,1
SAMN06544785,Bacillus subtilis,Prophage,2
SAMN06547042,Pseudomonas aeruginosa,Prophage,0
SAMN06554007,Campylobacter spp,Prophage,0
SAMN06554460,Streptococcus pyogenes,Prophage,3
SAMN06554468,Escherichia coli,Prophage,9
SAMN06560104,Salmonella enterica,Prophage,1
SAMN06560523,Staphylococcus aureus,Prophage,1
SAMN06563569,Escherichia coli,Prophage,14
SAMN06563579,Escherichia coli,Prophage,7
SAMN06578843,Staphylococcus aureus,Prophage,0
SAMN06618433,Bacillus subtilis,Prophage,1
SAMN06619924,Escherichia coli,Prophage,1
SAMN06621457,Enterococcus faecium,Prophage,3
SAMN06621458,Enterococcus faecium,Prophage,3
SAMN06622672,Salmonella enterica,Prophage,4
SAMN06645125,Escherichia coli,Prophage,0
SAMN06645218,Salmonella enterica,Prophage,2
SAMN06646159,Salmonella enterica,Prophage,0
SAMN06649969,Escherichia coli,Prophage,2
SAMN06671956,Klebsiella pneumoniae,Prophage,3
SAMN06671960,Klebsiella pneumoniae,Prophage,5
SAMN06671967,Klebsiella pneumoniae,Prophage,4
SAMN06671971,Klebsiella pneumoniae,Prophage,3
SAMN06689794,Pseudomonas aeruginosa,Prophage,5
SAMN06689795,Pseudomonas aeruginosa,Prophage,5
SAMN06701573,Klebsiella pneumoniae,Prophage,6
SAMN06702660,Staphylococcus aureus,Prophage,1
SAMN06702662,Staphylococcus aureus,Prophage,1
SAMN06703161,Staphylococcus aureus,Prophage,1
SAMN06765483,Enterobacter spp,Prophage,4
SAMN06806502,Bacillus subtilis,Prophage,0
SAMN06808253,Escherichia coli,Prophage,4
SAMN06808294,Bacillus subtilis,Prophage,0
SAMN06819205,Escherichia coli,Prophage,4
SAMN06828737,Escherichia coli,Prophage,5
SAMN06830421,Staphylococcus aureus,Prophage,2
SAMN06830422,Staphylococcus aureus,Prophage,2
SAMN06830441,Staphylococcus aureus,Prophage,0
SAMN06830443,Staphylococcus aureus,Prophage,4
SAMN06856373,Staphylococcus aureus,Prophage,1
SAMN06885112,Bacillus subtilis,Prophage,2
SAMN06887342,Enterobacter spp,Prophage,4
SAMN06909152,Escherichia coli,Prophage,4
SAMN06909160,Klebsiella pneumoniae,Prophage,6
SAMN06909161,Klebsiella pneumoniae,Prophage,5
SAMN06909172,Escherichia coli,Prophage,2
SAMN06909177,Escherichia coli,Prophage,3
SAMN06920354,Escherichia coli,Prophage,5
SAMN06924970,Escherichia coli,Prophage,12
SAMN06924979,Escherichia coli,Prophage,6
SAMN06925129,Escherichia coli,Prophage,6
SAMN06928084,Escherichia coli,Prophage,4
SAMN06928086,Escherichia coli,Prophage,8
SAMN06928087,Escherichia coli,Prophage,3
SAMN06947002,Escherichia coli,Prophage,12
SAMN07125723,Acinetobacter baumannii,Prophage,1
SAMN07125936,Bacillus subtilis,Prophage,1
SAMN07125937,Bacillus subtilis,Prophage,1
SAMN07125938,Bacillus subtilis,Prophage,1
SAMN07135563,Acinetobacter baumannii,Prophage,2
SAMN07135565,Acinetobacter baumannii,Prophage,5
SAMN07137406,Neisseria spp,Prophage,1
SAMN07137407,Neisseria spp,Prophage,1
SAMN07137408,Neisseria spp,Prophage,1
SAMN07137409,Neisseria spp,Prophage,1
SAMN07137410,Neisseria spp,Prophage,1
SAMN07137411,Neisseria spp,Prophage,1
SAMN07137412,Neisseria spp,Prophage,1
SAMN07137414,Neisseria spp,Prophage,1
SAMN07137415,Neisseria spp,Prophage,1
SAMN07137416,Neisseria spp,Prophage,1
SAMN07162922,Escherichia coli,Prophage,4
SAMN07172369,Escherichia coli,Prophage,1
SAMN07174848,Streptococcus pyogenes,Prophage,1
SAMN07178057,Streptococcus agalactiae,Prophage,0
SAMN07178058,Streptococcus agalactiae,Prophage,0
SAMN07178059,Streptococcus agalactiae,Prophage,0
SAMN07178060,Streptococcus agalactiae,Prophage,0
SAMN07178061,Streptococcus agalactiae,Prophage,0
SAMN07187263,Klebsiella pneumoniae,Prophage,2
SAMN07187744,Escherichia coli,Prophage,4
SAMN07192703,Escherichia coli,Prophage,2
SAMN07192704,Escherichia coli,Prophage,2
SAMN07197446,Escherichia coli,Prophage,1
SAMN07204268,Bacillus subtilis,Prophage,1
SAMN07210972,Escherichia coli,Prophage,3
SAMN07211279,Klebsiella pneumoniae,Prophage,2
SAMN07211280,Klebsiella pneumoniae,Prophage,2
SAMN07211282,Klebsiella pneumoniae,Prophage,2
SAMN07211315,Enterococcus faecium,Prophage,0
SAMN07211386,Bacillus subtilis,Prophage,1
SAMN07212162,Bacillus subtilis,Prophage,1
SAMN07212543,Staphylococcus aureus,Prophage,2
SAMN07212544,Staphylococcus aureus,Prophage,2
SAMN07235708,Klebsiella pneumoniae,Prophage,3
SAMN07235710,Klebsiella pneumoniae,Prophage,5
SAMN07235711,Klebsiella pneumoniae,Prophage,6
SAMN07251590,Escherichia coli,Prophage,4
SAMN07256503,Pseudomonas aeruginosa,Prophage,2
SAMN07258640,Acinetobacter baumannii,Prophage,3
SAMN07258642,Acinetobacter baumannii,Prophage,3
SAMN07258645,Acinetobacter baumannii,Prophage,2
SAMN07258647,Acinetobacter baumannii,Prophage,2
SAMN07258648,Acinetobacter baumannii,Prophage,2
SAMN07258672,Acinetobacter baumannii,Prophage,2
SAMN07258673,Acinetobacter baumannii,Prophage,2
SAMN07258679,Acinetobacter baumannii,Prophage,2
SAMN07258689,Acinetobacter baumannii,Prophage,2
SAMN07259745,Bacillus subtilis,Prophage,1
SAMN07260758,Citrobacter spp,Prophage,7
SAMN07260764,Escherichia coli,Prophage,5
SAMN07265011,Klebsiella pneumoniae,Prophage,2
SAMN07267217,Salmonella enterica,Prophage,4
SAMN07273977,Escherichia coli,Prophage,4
SAMN07285687,Staphylococcus aureus,Prophage,1
SAMN07291496,Pseudomonas aeruginosa,Prophage,4
SAMN07291497,Pseudomonas aeruginosa,Prophage,0
SAMN07291500,Pseudomonas aeruginosa,Prophage,7
SAMN07291503,Pseudomonas aeruginosa,Prophage,1
SAMN07291504,Klebsiella pneumoniae,Prophage,1
SAMN07291505,Klebsiella pneumoniae,Prophage,5
SAMN07291506,Klebsiella pneumoniae,Prophage,2
SAMN07291508,Enterobacter spp,Prophage,0
SAMN07291512,Escherichia coli,Prophage,2
SAMN07291515,Escherichia coli,Prophage,6
SAMN07291517,Escherichia coli,Prophage,3
SAMN07291519,Klebsiella pneumoniae,Prophage,2
SAMN07291522,Proteus spp,Prophage,0
SAMN07291525,Enterobacter spp,Prophage,0
SAMN07291527,Escherichia coli,Prophage,0
SAMN07291528,Escherichia coli,Prophage,3
SAMN07291529,Escherichia coli,Prophage,3
SAMN07291530,Escherichia coli,Prophage,1
SAMN07291531,Klebsiella pneumoniae,Prophage,5
SAMN07291532,Pseudomonas aeruginosa,Prophage,3
SAMN07291535,Pseudomonas aeruginosa,Prophage,10
SAMN07291537,Pseudomonas aeruginosa,Prophage,3
SAMN07291538,Pseudomonas aeruginosa,Prophage,1
SAMN07291539,Pseudomonas aeruginosa,Prophage,3
SAMN07291544,Escherichia coli,Prophage,5
SAMN07291545,Escherichia coli,Prophage,3
SAMN07291551,Pseudomonas aeruginosa,Prophage,2
SAMN07291553,Pseudomonas aeruginosa,Prophage,0
SAMN07291554,Staphylococcus aureus,Prophage,2
SAMN07291555,Staphylococcus aureus,Prophage,1
SAMN07291557,Staphylococcus aureus,Prophage,2
SAMN07291558,Staphylococcus aureus,Prophage,4
SAMN07291559,Staphylococcus aureus,Prophage,1
SAMN07291560,Staphylococcus aureus,Prophage,4
SAMN07291561,Staphylococcus aureus,Prophage,4
SAMN07291562,Staphylococcus aureus,Prophage,1
SAMN07291563,Staphylococcus aureus,Prophage,1
SAMN07291564,Staphylococcus aureus,Prophage,0
SAMN07291565,Staphylococcus aureus,Prophage,1
SAMN07291566,Staphylococcus aureus,Prophage,1
SAMN07291567,Staphylococcus aureus,Prophage,4
SAMN07291568,Staphylococcus aureus,Prophage,1
SAMN07312409,Morganella morganii,Prophage,5
SAMN07312412,Salmonella enterica,Prophage,2
SAMN07312417,Salmonella enterica,Prophage,4
SAMN07312445,Escherichia coli,Prophage,6
SAMN07312447,Escherichia coli,Prophage,5
SAMN07312456,Staphylococcus aureus,Prophage,1
SAMN07312465,Campylobacter spp,Prophage,1
SAMN07312466,Campylobacter spp,Prophage,1
SAMN07312477,Escherichia coli,Prophage,4
SAMN07312483,Klebsiella pneumoniae,Prophage,0
SAMN07312488,Klebsiella pneumoniae,Prophage,6
SAMN07312490,Klebsiella pneumoniae,Prophage,5
SAMN07312492,Escherichia coli,Prophage,6
SAMN07334225,Salmonella enterica,Prophage,7
SAMN07338981,Helicobacter pylori,Prophage,0
SAMN07339706,Escherichia coli,Prophage,11
SAMN07340891,Staphylococcus aureus,Prophage,3
SAMN07340892,Staphylococcus aureus,Prophage,3
SAMN07340893,Staphylococcus aureus,Prophage,0
SAMN07340894,Staphylococcus aureus,Prophage,0
SAMN07340895,Staphylococcus aureus,Prophage,0
SAMN07340896,Staphylococcus aureus,Prophage,1
SAMN07340897,Staphylococcus aureus,Prophage,1
SAMN07340898,Staphylococcus aureus,Prophage,1
SAMN07340899,Staphylococcus aureus,Prophage,1
SAMN07340900,Staphylococcus aureus,Prophage,1
SAMN07340901,Staphylococcus aureus,Prophage,2
SAMN07340902,Staphylococcus aureus,Prophage,2
SAMN07340903,Staphylococcus aureus,Prophage,0
SAMN07340904,Staphylococcus aureus,Prophage,0
SAMN07340905,Staphylococcus aureus,Prophage,0
SAMN07340906,Staphylococcus aureus,Prophage,2
SAMN07340907,Staphylococcus aureus,Prophage,2
SAMN07340908,Staphylococcus aureus,Prophage,2
SAMN07340909,Staphylococcus aureus,Prophage,1
SAMN07340910,Staphylococcus aureus,Prophage,1
SAMN07340911,Staphylococcus aureus,Prophage,1
SAMN07344413,Salmonella enterica,Prophage,0
SAMN07347483,Pseudomonas aeruginosa,Prophage,4
SAMN07347485,Pseudomonas aeruginosa,Prophage,5
SAMN07357094,Campylobacter spp,Prophage,0
SAMN07357174,Campylobacter spp,Prophage,0
SAMN07371835,Enterococcus faecalis,Prophage,2
SAMN07372047,Staphylococcus aureus,Prophage,1
SAMN07373332,Klebsiella pneumoniae,Prophage,4
SAMN07374522,Streptococcus agalactiae,Prophage,0
SAMN07407571,Staphylococcus aureus,Prophage,3
SAMN07411561,Escherichia coli,Prophage,1
SAMN07411885,Staphylococcus aureus,Prophage,1
SAMN07411973,Escherichia coli,Prophage,3
SAMN07419044,Klebsiella pneumoniae,Prophage,5
SAMN07421000,Klebsiella pneumoniae,Prophage,2
SAMN07421004,Klebsiella pneumoniae,Prophage,2
SAMN07421005,Klebsiella pneumoniae,Prophage,2
SAMN07421006,Klebsiella pneumoniae,Prophage,2
SAMN07421872,Haemophilus influenzae,Prophage,1
SAMN07421892,Haemophilus influenzae,Prophage,2
SAMN07421894,Haemophilus influenzae,Prophage,1
SAMN07421898,Haemophilus influenzae,Prophage,2
SAMN07421913,Haemophilus influenzae,Prophage,0
SAMN07421918,Haemophilus influenzae,Prophage,1
SAMN07421919,Haemophilus influenzae,Prophage,2
SAMN07421927,Haemophilus influenzae,Prophage,1
SAMN07421929,Haemophilus influenzae,Prophage,0
SAMN07421937,Haemophilus influenzae,Prophage,2
SAMN07421940,Haemophilus influenzae,Prophage,3
SAMN07421944,Haemophilus influenzae,Prophage,5
SAMN07421947,Haemophilus influenzae,Prophage,2
SAMN07421951,Haemophilus influenzae,Prophage,1
SAMN07421955,Haemophilus influenzae,Prophage,1
SAMN07424172,Pseudomonas aeruginosa,Prophage,5
SAMN07424174,Pseudomonas aeruginosa,Prophage,5
SAMN07436715,Escherichia coli,Prophage,5
SAMN07445112,Acinetobacter baumannii,Prophage,4
SAMN07450602,Klebsiella pneumoniae,Prophage,3
SAMN07450608,Klebsiella pneumoniae,Prophage,1
SAMN07450616,Escherichia coli,Prophage,3
SAMN07451663,Escherichia coli,Prophage,2
SAMN07452560,Serratia spp,Prophage,0
SAMN07452764,Klebsiella pneumoniae,Prophage,5
SAMN07460133,Bacillus subtilis,Prophage,2
SAMN07482639,Bacillus subtilis,Prophage,1
SAMN07482641,Bacillus subtilis,Prophage,2
SAMN07503088,Klebsiella pneumoniae,Prophage,4
SAMN07503096,Klebsiella pneumoniae,Prophage,5
SAMN07503733,Escherichia coli,Prophage,5
SAMN07503734,Escherichia coli,Prophage,8
SAMN07507058,Salmonella enterica,Prophage,4
SAMN07508215,Klebsiella pneumoniae,Prophage,5
SAMN07509121,Escherichia coli,Prophage,3
SAMN07510673,Escherichia coli,Prophage,2
SAMN07520235,Acinetobacter baumannii,Prophage,4
SAMN07572687,Klebsiella pneumoniae,Prophage,3
SAMN07572761,Enterococcus faecalis,Prophage,2
SAMN07580859,Salmonella enterica,Prophage,3
SAMN07580891,Acinetobacter baumannii,Prophage,2
SAMN07594018,Escherichia coli,Prophage,4
SAMN07594151,Salmonella enterica,Prophage,1
SAMN07598856,Bacillus subtilis,Prophage,1
SAMN07602569,Pseudomonas aeruginosa,Prophage,4
SAMN07602587,Klebsiella pneumoniae,Prophage,2
SAMN07604329,Salmonella enterica,Prophage,2
SAMN07609088,Klebsiella pneumoniae,Prophage,2
SAMN07609091,Klebsiella pneumoniae,Prophage,5
SAMN07609113,Klebsiella pneumoniae,Prophage,3
SAMN07609114,Klebsiella pneumoniae,Prophage,5
SAMN07609117,Klebsiella pneumoniae,Prophage,7
SAMN07609123,Klebsiella pneumoniae,Prophage,7
SAMN07609144,Klebsiella pneumoniae,Prophage,6
SAMN07615714,Neisseria spp,Prophage,1
SAMN07618120,Escherichia coli,Prophage,2
SAMN07618121,Escherichia coli,Prophage,5
SAMN07618122,Escherichia coli,Prophage,1
SAMN07618123,Escherichia coli,Prophage,5
SAMN07618124,Escherichia coli,Prophage,2
SAMN07618125,Escherichia coli,Prophage,4
SAMN07618126,Escherichia coli,Prophage,4
SAMN07618127,Escherichia coli,Prophage,4
SAMN07618128,Escherichia coli,Prophage,4
SAMN07618129,Escherichia coli,Prophage,3
SAMN07629846,Staphylococcus aureus,Prophage,4
SAMN07629847,Staphylococcus aureus,Prophage,4
SAMN07633032,Salmonella enterica,Prophage,2
SAMN07638053,Enterococcus faecium,Prophage,0
SAMN07638733,Klebsiella pneumoniae,Prophage,5
SAMN07638908,Escherichia coli,Prophage,2
SAMN07656205,Escherichia coli,Prophage,5
SAMN07656206,Escherichia coli,Prophage,5
SAMN07656209,Escherichia coli,Prophage,5
SAMN07656210,Escherichia coli,Prophage,2
SAMN07656212,Escherichia coli,Prophage,2
SAMN07663062,Salmonella enterica,Prophage,2
SAMN07672549,Klebsiella pneumoniae,Prophage,4
SAMN07679728,Enterococcus faecium,Prophage,3
SAMN07679729,Enterococcus faecium,Prophage,3
SAMN07679730,Enterococcus faecium,Prophage,3
SAMN07679731,Enterococcus faecium,Prophage,3
SAMN07679732,Enterococcus faecium,Prophage,3
SAMN07679733,Enterococcus faecium,Prophage,3
SAMN07679734,Enterococcus faecium,Prophage,3
SAMN07684567,Vibrio cholerae,Prophage,0
SAMN07684573,Staphylococcus aureus,Prophage,1
SAMN07692432,Escherichia coli,Prophage,3
SAMN07692716,Enterobacter spp,Prophage,2
SAMN07692776,Pseudomonas aeruginosa,Prophage,5
SAMN07709120,Pseudomonas aeruginosa,Prophage,4
SAMN07716515,Escherichia coli,Prophage,9
SAMN07723175,Escherichia coli,Prophage,6
SAMN07729545,Citrobacter spp,Prophage,1
SAMN07729546,Citrobacter spp,Prophage,1
SAMN07729547,Citrobacter spp,Prophage,7
SAMN07729548,Citrobacter spp,Prophage,6
SAMN07729551,Citrobacter spp,Prophage,3
SAMN07729552,Citrobacter spp,Prophage,4
SAMN07731009,Escherichia coli,Prophage,1
SAMN07736509,Acinetobacter baumannii,Prophage,2
SAMN07757765,Streptococcus pyogenes,Prophage,1
SAMN07759721,Escherichia coli,Prophage,2
SAMN07760925,Escherichia coli,Prophage,6
SAMN07760930,Escherichia coli,Prophage,7
SAMN07760931,Escherichia coli,Prophage,8
SAMN07760932,Klebsiella pneumoniae,Prophage,3
SAMN07760933,Escherichia coli,Prophage,2
SAMN07760938,Escherichia coli,Prophage,8
SAMN07760941,Escherichia coli,Prophage,5
SAMN07765387,Escherichia coli,Prophage,3
SAMN07767837,Escherichia coli,Prophage,9
SAMN07768275,Escherichia coli,Prophage,3
SAMN07792096,Klebsiella pneumoniae,Prophage,5
SAMN07792166,Klebsiella pneumoniae,Prophage,2
SAMN07792806,Escherichia coli,Prophage,9
SAMN07795410,Salmonella enterica,Prophage,0
SAMN07795414,Salmonella enterica,Prophage,2
SAMN07806871,Escherichia coli,Prophage,11
SAMN07807399,Escherichia coli,Prophage,9
SAMN07807400,Escherichia coli,Prophage,8
SAMN07807401,Escherichia coli,Prophage,5
SAMN07807402,Escherichia coli,Prophage,5
SAMN07807403,Escherichia coli,Prophage,0
SAMN07807404,Escherichia coli,Prophage,8
SAMN07811429,Klebsiella pneumoniae,Prophage,1
SAMN07819355,Escherichia coli,Prophage,0
SAMN07821484,Vibrio cholerae,Prophage,1
SAMN07831757,Pseudomonas aeruginosa,Prophage,1
SAMN07943353,Acinetobacter baumannii,Prophage,4
SAMN07943354,Acinetobacter baumannii,Prophage,3
SAMN07943355,Acinetobacter baumannii,Prophage,3
SAMN07944237,Klebsiella pneumoniae,Prophage,5
SAMN07944238,Klebsiella pneumoniae,Prophage,5
SAMN07944239,Escherichia coli,Prophage,3
SAMN07944240,Escherichia coli,Prophage,2
SAMN07944241,Escherichia coli,Prophage,6
SAMN07944243,Escherichia coli,Prophage,4
SAMN07945345,Acinetobacter baumannii,Prophage,4
SAMN07958398,Pseudomonas aeruginosa,Prophage,7
SAMN07974340,Vibrio cholerae,Prophage,1
SAMN07974445,Escherichia coli,Prophage,6
SAMN07977663,Escherichia coli,Prophage,0
SAMN07980821,Escherichia coli,Prophage,8
SAMN07980822,Escherichia coli,Prophage,8
SAMN07983336,Escherichia coli,Prophage,0
SAMN07988874,Enterobacter spp,Prophage,8
SAMN08022168,Klebsiella pneumoniae,Prophage,2
SAMN08024196,Staphylococcus aureus,Prophage,2
SAMN08026708,Klebsiella pneumoniae,Prophage,4
SAMN08027257,Enterobacter spp,Prophage,5
SAMN08027258,Enterobacter spp,Prophage,0
SAMN08027262,Klebsiella pneumoniae,Prophage,4
SAMN08054861,Acinetobacter baumannii,Prophage,3
SAMN08055030,Helicobacter pylori,Prophage,0
SAMN08055031,Helicobacter pylori,Prophage,0
SAMN08055032,Helicobacter pylori,Prophage,0
SAMN08055033,Helicobacter pylori,Prophage,0
SAMN08055034,Helicobacter pylori,Prophage,0
SAMN08055035,Helicobacter pylori,Prophage,1
SAMN08055036,Helicobacter pylori,Prophage,0
SAMN08055037,Helicobacter pylori,Prophage,0
SAMN08093640,Escherichia coli,Prophage,5
SAMN08101542,Pseudomonas aeruginosa,Prophage,3
SAMN08101543,Pseudomonas aeruginosa,Prophage,3
SAMN08101544,Pseudomonas aeruginosa,Prophage,5
SAMN08101545,Pseudomonas aeruginosa,Prophage,5
SAMN08101546,Pseudomonas aeruginosa,Prophage,4
SAMN08102919,Pseudomonas aeruginosa,Prophage,4
SAMN08102921,Enterococcus faecium,Prophage,1
SAMN08104834,Escherichia coli,Prophage,3
SAMN08105887,Streptococcus pneumoniae,Prophage,0
SAMN08111037,Klebsiella pneumoniae,Prophage,6
SAMN08111300,Streptococcus agalactiae,Prophage,1
SAMN08111301,Streptococcus agalactiae,Prophage,1
SAMN08111302,Streptococcus agalactiae,Prophage,0
SAMN08111303,Streptococcus agalactiae,Prophage,0
SAMN08117235,Escherichia coli,Prophage,3
SAMN08125525,Salmonella enterica,Prophage,0
SAMN08125531,Salmonella enterica,Prophage,4
SAMN08125532,Salmonella enterica,Prophage,0
SAMN08148171,Escherichia coli,Prophage,8
SAMN08148591,Escherichia coli,Prophage,9
SAMN08150418,Salmonella enterica,Prophage,4
SAMN08150419,Salmonella enterica,Prophage,2
SAMN08155818,Streptococcus pneumoniae,Prophage,0
SAMN08158212,Escherichia coli,Prophage,2
SAMN08160608,Campylobacter spp,Prophage,0
SAMN08161146,Escherichia coli,Prophage,3
SAMN08161195,Escherichia coli,Prophage,2
SAMN08161196,Escherichia coli,Prophage,6
SAMN08161256,Escherichia coli,Prophage,9
SAMN08161259,Escherichia coli,Prophage,9
SAMN08161275,Escherichia coli,Prophage,6
SAMN08161280,Escherichia coli,Prophage,9
SAMN08161306,Escherichia coli,Prophage,3
SAMN08161308,Escherichia coli,Prophage,5
SAMN08161311,Escherichia coli,Prophage,4
SAMN08161312,Escherichia coli,Prophage,4
SAMN08161313,Escherichia coli,Prophage,7
SAMN08161314,Escherichia coli,Prophage,6
SAMN08161317,Escherichia coli,Prophage,3
SAMN08161318,Escherichia coli,Prophage,7
SAMN08161340,Escherichia coli,Prophage,7
SAMN08161344,Escherichia coli,Prophage,7
SAMN08166690,Klebsiella pneumoniae,Prophage,3
SAMN08167607,Escherichia coli,Prophage,11
SAMN08174306,Enterococcus faecium,Prophage,2
SAMN08177984,Salmonella enterica,Prophage,1
SAMN08177985,Salmonella enterica,Prophage,2
SAMN08178012,Salmonella enterica,Prophage,1
SAMN08178024,Salmonella enterica,Prophage,1
SAMN08178026,Salmonella enterica,Prophage,1
SAMN08178051,Salmonella enterica,Prophage,1
SAMN08178053,Salmonella enterica,Prophage,1
SAMN08178170,Salmonella enterica,Prophage,1
SAMN08178172,Salmonella enterica,Prophage,1
SAMN08178174,Salmonella enterica,Prophage,1
SAMN08180551,Klebsiella pneumoniae,Prophage,6
SAMN08180798,Klebsiella pneumoniae,Prophage,6
SAMN08180799,Klebsiella pneumoniae,Prophage,4
SAMN08195713,Helicobacter pylori,Prophage,0
SAMN08202527,Escherichia coli,Prophage,0
SAMN08212052,Escherichia coli,Prophage,2
SAMN08222594,Escherichia coli,Prophage,6
SAMN08222595,Klebsiella pneumoniae,Prophage,2
SAMN08222601,Klebsiella pneumoniae,Prophage,3
SAMN08222723,Serratia spp,Prophage,0
SAMN08272061,Salmonella enterica,Prophage,2
SAMN08272629,Escherichia coli,Prophage,3
SAMN08274661,Salmonella enterica,Prophage,4
SAMN08277293,Salmonella enterica,Prophage,4
SAMN08281024,Escherichia coli,Prophage,2
SAMN08281173,Klebsiella pneumoniae,Prophage,1
SAMN08289536,Enterococcus faecium,Prophage,2
SAMN08323710,Salmonella enterica,Prophage,2
SAMN08323859,Vibrio cholerae,Prophage,1
SAMN08326676,Escherichia coli,Prophage,7
SAMN08335225,Morganella morganii,Prophage,3
SAMN08362704,Escherichia coli,Prophage,4
SAMN08362825,Bacillus subtilis,Prophage,1
SAMN08362826,Bacillus subtilis,Prophage,1
SAMN08362827,Bacillus subtilis,Prophage,0
SAMN08362828,Bacillus subtilis,Prophage,0
SAMN08362829,Bacillus subtilis,Prophage,1
SAMN08362830,Bacillus subtilis,Prophage,0
SAMN08362834,Bacillus subtilis,Prophage,0
SAMN08364584,Acinetobacter baumannii,Prophage,2
SAMN08364585,Acinetobacter baumannii,Prophage,2
SAMN08366843,Klebsiella pneumoniae,Prophage,3
SAMN08366844,Klebsiella pneumoniae,Prophage,3
SAMN08366845,Klebsiella pneumoniae,Prophage,2
SAMN08366847,Klebsiella pneumoniae,Prophage,0
SAMN08367764,Escherichia coli,Prophage,0
SAMN08367768,Escherichia coli,Prophage,0
SAMN08367769,Escherichia coli,Prophage,0
SAMN08369073,Escherichia coli,Prophage,0
SAMN08369795,Staphylococcus aureus,Prophage,2
SAMN08369990,Staphylococcus aureus,Prophage,4
SAMN08374174,Streptococcus agalactiae,Prophage,2
SAMN08374240,Streptococcus agalactiae,Prophage,0
SAMN08382661,Escherichia coli,Prophage,5
SAMN08388637,Helicobacter pylori,Prophage,0
SAMN08389138,Klebsiella pneumoniae,Prophage,3
SAMN08391417,Klebsiella pneumoniae,Prophage,1
SAMN08409128,Escherichia coli,Prophage,7
SAMN08435059,Pseudomonas aeruginosa,Prophage,3
SAMN08449845,Salmonella enterica,Prophage,2
SAMN08450093,Escherichia coli,Prophage,6
SAMN08450188,Proteus spp,Prophage,4
SAMN08455837,Klebsiella pneumoniae,Prophage,4
SAMN08463802,Proteus spp,Prophage,2
SAMN08469740,Escherichia coli,Prophage,9
SAMN08470240,Salmonella enterica,Prophage,0
SAMN08472240,Vibrio cholerae,Prophage,0
SAMN08475067,Salmonella enterica,Prophage,2
SAMN08498861,Escherichia coli,Prophage,8
SAMN08501023,Streptococcus pneumoniae,Prophage,1
SAMN08522703,Escherichia coli,Prophage,0
SAMN08522730,Escherichia coli,Prophage,0
SAMN08522749,Escherichia coli,Prophage,0
SAMN08522770,Escherichia coli,Prophage,0
SAMN08524370,Pseudomonas aeruginosa,Prophage,2
SAMN08554725,Enterobacter spp,Prophage,2
SAMN08555522,Streptococcus pyogenes,Prophage,2
SAMN08555548,Streptococcus pyogenes,Prophage,1
SAMN08555653,Streptococcus pyogenes,Prophage,1
SAMN08555729,Streptococcus pyogenes,Prophage,3
SAMN08555766,Streptococcus pyogenes,Prophage,1
SAMN08555770,Streptococcus pyogenes,Prophage,1
SAMN08555796,Streptococcus pyogenes,Prophage,1
SAMN08555801,Streptococcus pyogenes,Prophage,1
SAMN08555909,Streptococcus pyogenes,Prophage,1
SAMN08556024,Streptococcus pyogenes,Prophage,2
SAMN08556030,Streptococcus pyogenes,Prophage,1
SAMN08556116,Streptococcus pyogenes,Prophage,2
SAMN08556190,Streptococcus pyogenes,Prophage,1
SAMN08556197,Streptococcus pyogenes,Prophage,2
SAMN08556245,Streptococcus pyogenes,Prophage,1
SAMN08556272,Streptococcus pyogenes,Prophage,2
SAMN08556297,Streptococcus pyogenes,Prophage,1
SAMN08556433,Streptococcus pyogenes,Prophage,2
SAMN08562449,Streptococcus pyogenes,Prophage,1
SAMN08562467,Streptococcus pyogenes,Prophage,2
SAMN08562482,Streptococcus pyogenes,Prophage,2
SAMN08562542,Streptococcus pyogenes,Prophage,1
SAMN08562766,Streptococcus pyogenes,Prophage,1
SAMN08562978,Streptococcus pyogenes,Prophage,3
SAMN08563018,Streptococcus pyogenes,Prophage,1
SAMN08563099,Streptococcus pyogenes,Prophage,2
SAMN08579553,Escherichia coli,Prophage,11
SAMN08579554,Escherichia coli,Prophage,10
SAMN08579555,Escherichia coli,Prophage,12
SAMN08579556,Escherichia coli,Prophage,3
SAMN08579558,Escherichia coli,Prophage,14
SAMN08579559,Escherichia coli,Prophage,11
SAMN08579560,Escherichia coli,Prophage,12
SAMN08579564,Escherichia coli,Prophage,12
SAMN08579565,Escherichia coli,Prophage,11
SAMN08579566,Escherichia coli,Prophage,7
SAMN08579568,Escherichia coli,Prophage,11
SAMN08579569,Escherichia coli,Prophage,12
SAMN08579571,Escherichia coli,Prophage,8
SAMN08579572,Escherichia coli,Prophage,7
SAMN08579573,Escherichia coli,Prophage,5
SAMN08579574,Escherichia coli,Prophage,5
SAMN08579576,Escherichia coli,Prophage,13
SAMN08579577,Escherichia coli,Prophage,12
SAMN08579610,Escherichia coli,Prophage,13
SAMN08579613,Klebsiella pneumoniae,Prophage,6
SAMN08580535,Staphylococcus aureus,Prophage,1
SAMN08580907,Staphylococcus aureus,Prophage,1
SAMN08581173,Escherichia coli,Prophage,2
SAMN08581175,Escherichia coli,Prophage,6
SAMN08582315,Klebsiella pneumoniae,Prophage,3
SAMN08605586,Klebsiella pneumoniae,Prophage,6
SAMN08619547,Escherichia coli,Prophage,6
SAMN08624619,Klebsiella pneumoniae,Prophage,5
SAMN08624622,Klebsiella pneumoniae,Prophage,5
SAMN08624626,Klebsiella pneumoniae,Prophage,0
SAMN08624668,Klebsiella pneumoniae,Prophage,6
SAMN08637757,Campylobacter spp,Prophage,0
SAMN08637771,Escherichia coli,Prophage,0
SAMN08647280,Streptococcus pneumoniae,Prophage,0
SAMN08647361,Streptococcus pneumoniae,Prophage,0
SAMN08647378,Streptococcus pneumoniae,Prophage,0
SAMN08647548,Streptococcus pneumoniae,Prophage,0
SAMN08647626,Streptococcus pneumoniae,Prophage,0
SAMN08647706,Streptococcus pneumoniae,Prophage,0
SAMN08647831,Streptococcus pneumoniae,Prophage,0
SAMN08647838,Streptococcus pneumoniae,Prophage,0
SAMN08647902,Streptococcus pneumoniae,Prophage,0
SAMN08660891,Escherichia coli,Prophage,3
SAMN08663432,Campylobacter spp,Prophage,1
SAMN08663433,Salmonella enterica,Prophage,0
SAMN08663434,Salmonella enterica,Prophage,0
SAMN08663435,Escherichia coli,Prophage,4
SAMN08663436,Staphylococcus aureus,Prophage,1
SAMN08663441,Escherichia coli,Prophage,6
SAMN08663442,Campylobacter spp,Prophage,0
SAMN08663444,Salmonella enterica,Prophage,0
SAMN08663446,Salmonella enterica,Prophage,0
SAMN08663447,Staphylococcus aureus,Prophage,0
SAMN08663449,Klebsiella pneumoniae,Prophage,2
SAMN08663763,Staphylococcus aureus,Prophage,0
SAMN08668598,Escherichia coli,Prophage,6
SAMN08668672,Staphylococcus aureus,Prophage,3
SAMN08685598,Salmonella enterica,Prophage,1
SAMN08687180,Campylobacter spp,Prophage,0
SAMN08689723,Enterococcus faecium,Prophage,0
SAMN08689724,Enterococcus faecalis,Prophage,0
SAMN08689725,Enterococcus faecalis,Prophage,1
SAMN08707581,Bacillus subtilis,Prophage,1
SAMN08707582,Bacillus subtilis,Prophage,1
SAMN08707588,Bacillus subtilis,Prophage,1
SAMN08707591,Bacillus subtilis,Prophage,3
SAMN08707592,Bacillus subtilis,Prophage,2
SAMN08707593,Bacillus subtilis,Prophage,0
SAMN08707594,Bacillus subtilis,Prophage,1
SAMN08707595,Bacillus subtilis,Prophage,0
SAMN08714459,Streptococcus pyogenes,Prophage,1
SAMN08717045,Staphylococcus aureus,Prophage,2
SAMN08717048,Staphylococcus aureus,Prophage,3
SAMN08722738,Pseudomonas aeruginosa,Prophage,1
SAMN08724661,Escherichia coli,Prophage,11
SAMN08724662,Escherichia coli,Prophage,9
SAMN08737531,Salmonella enterica,Prophage,3
SAMN08737532,Escherichia coli,Prophage,4
SAMN08737533,Salmonella enterica,Prophage,2
SAMN08765149,Escherichia coli,Prophage,3
SAMN08768102,Escherichia coli,Prophage,13
SAMN08768103,Escherichia coli,Prophage,12
SAMN08768104,Escherichia coli,Prophage,10
SAMN08768105,Escherichia coli,Prophage,9
SAMN08768106,Escherichia coli,Prophage,8
SAMN08768107,Escherichia coli,Prophage,11
SAMN08768108,Escherichia coli,Prophage,9
SAMN08768109,Escherichia coli,Prophage,6
SAMN08768110,Escherichia coli,Prophage,4
SAMN08768111,Escherichia coli,Prophage,6
SAMN08773017,Escherichia coli,Prophage,9
SAMN08773018,Escherichia coli,Prophage,8
SAMN08773019,Escherichia coli,Prophage,10
SAMN08773020,Escherichia coli,Prophage,9
SAMN08773021,Escherichia coli,Prophage,10
SAMN08773022,Escherichia coli,Prophage,10
SAMN08773023,Escherichia coli,Prophage,9
SAMN08773024,Escherichia coli,Prophage,9
SAMN08773025,Escherichia coli,Prophage,11
SAMN08773026,Escherichia coli,Prophage,11
SAMN08773027,Escherichia coli,Prophage,10
SAMN08773028,Escherichia coli,Prophage,11
SAMN08773029,Escherichia coli,Prophage,11
SAMN08773030,Escherichia coli,Prophage,11
SAMN08773031,Escherichia coli,Prophage,11
SAMN08773032,Escherichia coli,Prophage,11
SAMN08773033,Escherichia coli,Prophage,11
SAMN08773034,Escherichia coli,Prophage,10
SAMN08773035,Escherichia coli,Prophage,9
SAMN08773036,Escherichia coli,Prophage,9
SAMN08773037,Escherichia coli,Prophage,11
SAMN08773038,Escherichia coli,Prophage,11
SAMN08773039,Escherichia coli,Prophage,11
SAMN08773040,Escherichia coli,Prophage,11
SAMN08773041,Escherichia coli,Prophage,11
SAMN08773042,Escherichia coli,Prophage,11
SAMN08773043,Escherichia coli,Prophage,11
SAMN08773044,Escherichia coli,Prophage,11
SAMN08773045,Escherichia coli,Prophage,11
SAMN08773046,Escherichia coli,Prophage,11
SAMN08773047,Escherichia coli,Prophage,11
SAMN08773048,Escherichia coli,Prophage,11
SAMN08773049,Escherichia coli,Prophage,10
SAMN08773050,Escherichia coli,Prophage,11
SAMN08773051,Escherichia coli,Prophage,10
SAMN08773052,Escherichia coli,Prophage,9
SAMN08773053,Escherichia coli,Prophage,9
SAMN08773054,Escherichia coli,Prophage,9
SAMN08773055,Escherichia coli,Prophage,11
SAMN08775946,Salmonella enterica,Prophage,4
SAMN08813238,Vibrio cholerae,Prophage,0
SAMN08822914,Vibrio cholerae,Prophage,0
SAMN08822959,Escherichia coli,Prophage,8
SAMN08823043,Escherichia coli,Prophage,8
SAMN08823450,Escherichia coli,Prophage,2
SAMN08824586,Escherichia coli,Prophage,2
SAMN08828864,Klebsiella pneumoniae,Prophage,3
SAMN08848079,Klebsiella pneumoniae,Prophage,3
SAMN08848549,Salmonella enterica,Prophage,2
SAMN08848556,Salmonella enterica,Prophage,1
SAMN08848595,Salmonella enterica,Prophage,0
SAMN08848603,Salmonella enterica,Prophage,3
SAMN08849631,Campylobacter spp,Prophage,0
SAMN08849636,Campylobacter spp,Prophage,0
SAMN08849650,Campylobacter spp,Prophage,0
SAMN08849677,Campylobacter spp,Prophage,0
SAMN08863465,Bacillus subtilis,Prophage,1
SAMN08866462,Pseudomonas aeruginosa,Prophage,1
SAMN08868674,Salmonella enterica,Prophage,3
SAMN08868685,Salmonella enterica,Prophage,3
SAMN08868707,Salmonella enterica,Prophage,3
SAMN08874679,Escherichia coli,Prophage,3
SAMN08874680,Escherichia coli,Prophage,2
SAMN08896638,Vibrio cholerae,Prophage,1
SAMN08903161,Salmonella enterica,Prophage,1
SAMN08903186,Salmonella enterica,Prophage,2
SAMN08915456,Pseudomonas aeruginosa,Prophage,2
SAMN08915618,Pseudomonas aeruginosa,Prophage,2
SAMN08915690,Streptococcus pyogenes,Prophage,4
SAMN08918338,Pseudomonas aeruginosa,Prophage,2
SAMN08924866,Campylobacter spp,Prophage,1
SAMN08932127,Escherichia coli,Prophage,6
SAMN08932733,Escherichia coli,Prophage,0
SAMN08932768,Escherichia coli,Prophage,2
SAMN08932863,Klebsiella pneumoniae,Prophage,0
SAMN08944422,Salmonella enterica,Prophage,1
SAMN08954392,Pseudomonas aeruginosa,Prophage,5
SAMN08963276,Staphylococcus aureus,Prophage,1
SAMN08963293,Staphylococcus aureus,Prophage,2
SAMN08963307,Staphylococcus aureus,Prophage,2
SAMN08993917,Escherichia coli,Prophage,3
SAMN08997831,Staphylococcus aureus,Prophage,2
SAMN08997832,Staphylococcus aureus,Prophage,2
SAMN08997833,Staphylococcus aureus,Prophage,2
SAMN08997834,Staphylococcus aureus,Prophage,2
SAMN08997835,Staphylococcus aureus,Prophage,2
SAMN08999370,Staphylococcus aureus,Prophage,0
SAMN08999457,Staphylococcus aureus,Prophage,1
SAMN09071586,Enterobacter spp,Prophage,0
SAMN09078534,Escherichia coli,Prophage,4
SAMN09104544,Klebsiella pneumoniae,Prophage,5
SAMN09199078,Escherichia coli,Prophage,1
SAMN09202772,Escherichia coli,Prophage,2
SAMN09205456,Serratia spp,Prophage,3
SAMN09208111,Salmonella enterica,Prophage,3
SAMN09212889,Bacillus subtilis,Prophage,0
SAMN09220587,Staphylococcus aureus,Prophage,0
SAMN09227133,Escherichia coli,Prophage,2
SAMN09229090,Streptococcus agalactiae,Prophage,1
SAMN09237638,Salmonella enterica,Prophage,2
SAMN09237639,Salmonella enterica,Prophage,0
SAMN09237640,Salmonella enterica,Prophage,0
SAMN09237641,Salmonella enterica,Prophage,1
SAMN09237642,Salmonella enterica,Prophage,2
SAMN09237644,Salmonella enterica,Prophage,3
SAMN09237646,Salmonella enterica,Prophage,1
SAMN09241862,Acinetobacter baumannii,Prophage,4
SAMN09244200,Acinetobacter baumannii,Prophage,3
SAMN09244924,Acinetobacter baumannii,Prophage,3
SAMN09245645,Escherichia coli,Prophage,1
SAMN09245647,Escherichia coli,Prophage,7
SAMN09245744,Escherichia coli,Prophage,4
SAMN09245749,Klebsiella pneumoniae,Prophage,3
SAMN09245752,Klebsiella pneumoniae,Prophage,5
SAMN09245753,Klebsiella pneumoniae,Prophage,5
SAMN09245755,Salmonella enterica,Prophage,3
SAMN09245756,Salmonella enterica,Prophage,5
SAMN09245758,Salmonella enterica,Prophage,5
SAMN09245760,Salmonella enterica,Prophage,5
SAMN09253995,Staphylococcus aureus,Prophage,2
SAMN09254008,Staphylococcus aureus,Prophage,1
SAMN09260320,Escherichia coli,Prophage,2
SAMN09267180,Streptococcus agalactiae,Prophage,1
SAMN09271081,Klebsiella pneumoniae,Prophage,4
SAMN09273200,Bacillus subtilis,Prophage,1
SAMN09278797,Escherichia coli,Prophage,11
SAMN09279554,Klebsiella pneumoniae,Prophage,5
SAMN09284928,Streptococcus pyogenes,Prophage,4
SAMN09302593,Acinetobacter baumannii,Prophage,2
SAMN09302771,Salmonella enterica,Prophage,4
SAMN09320506,Salmonella enterica,Prophage,3
SAMN09320507,Salmonella enterica,Prophage,4
SAMN09320508,Salmonella enterica,Prophage,3
SAMN09320509,Salmonella enterica,Prophage,3
SAMN09320510,Salmonella enterica,Prophage,3
SAMN09320511,Salmonella enterica,Prophage,4
SAMN09320512,Salmonella enterica,Prophage,3
SAMN09320513,Salmonella enterica,Prophage,3
SAMN09320514,Salmonella enterica,Prophage,3
SAMN09320515,Salmonella enterica,Prophage,3
SAMN09320516,Salmonella enterica,Prophage,3
SAMN09320517,Salmonella enterica,Prophage,3
SAMN09320518,Salmonella enterica,Prophage,3
SAMN09320519,Salmonella enterica,Prophage,3
SAMN09320520,Salmonella enterica,Prophage,3
SAMN09320521,Salmonella enterica,Prophage,3
SAMN09320522,Salmonella enterica,Prophage,4
SAMN09320523,Salmonella enterica,Prophage,3
SAMN09320525,Salmonella enterica,Prophage,3
SAMN09320526,Salmonella enterica,Prophage,3
SAMN09320527,Salmonella enterica,Prophage,3
SAMN09320528,Salmonella enterica,Prophage,3
SAMN09320529,Salmonella enterica,Prophage,4
SAMN09320530,Salmonella enterica,Prophage,3
SAMN09320531,Salmonella enterica,Prophage,3
SAMN09320532,Salmonella enterica,Prophage,3
SAMN09320533,Salmonella enterica,Prophage,3
SAMN09320534,Salmonella enterica,Prophage,3
SAMN09320535,Salmonella enterica,Prophage,3
SAMN09320536,Salmonella enterica,Prophage,3
SAMN09320537,Salmonella enterica,Prophage,3
SAMN09320538,Salmonella enterica,Prophage,3
SAMN09320539,Salmonella enterica,Prophage,3
SAMN09320540,Salmonella enterica,Prophage,3
SAMN09320541,Salmonella enterica,Prophage,3
SAMN09320542,Salmonella enterica,Prophage,3
SAMN09320543,Salmonella enterica,Prophage,3
SAMN09320544,Salmonella enterica,Prophage,3
SAMN09320545,Salmonella enterica,Prophage,3
SAMN09320546,Salmonella enterica,Prophage,3
SAMN09320547,Salmonella enterica,Prophage,3
SAMN09320548,Salmonella enterica,Prophage,3
SAMN09320549,Salmonella enterica,Prophage,3
SAMN09320550,Salmonella enterica,Prophage,3
SAMN09320551,Salmonella enterica,Prophage,4
SAMN09320552,Salmonella enterica,Prophage,4
SAMN09320553,Salmonella enterica,Prophage,3
SAMN09320554,Salmonella enterica,Prophage,3
SAMN09320555,Salmonella enterica,Prophage,3
SAMN09320556,Salmonella enterica,Prophage,3
SAMN09320557,Salmonella enterica,Prophage,4
SAMN09320558,Salmonella enterica,Prophage,3
SAMN09320559,Salmonella enterica,Prophage,0
SAMN09320560,Salmonella enterica,Prophage,3
SAMN09320561,Salmonella enterica,Prophage,4
SAMN09320562,Salmonella enterica,Prophage,3
SAMN09320563,Salmonella enterica,Prophage,3
SAMN09320564,Salmonella enterica,Prophage,3
SAMN09320565,Salmonella enterica,Prophage,3
SAMN09320566,Salmonella enterica,Prophage,3
SAMN09320567,Salmonella enterica,Prophage,4
SAMN09320568,Salmonella enterica,Prophage,3
SAMN09320569,Salmonella enterica,Prophage,3
SAMN09320570,Salmonella enterica,Prophage,3
SAMN09320571,Salmonella enterica,Prophage,3
SAMN09320572,Salmonella enterica,Prophage,3
SAMN09320573,Salmonella enterica,Prophage,3
SAMN09320574,Salmonella enterica,Prophage,3
SAMN09320575,Salmonella enterica,Prophage,3
SAMN09320576,Salmonella enterica,Prophage,4
SAMN09320577,Salmonella enterica,Prophage,3
SAMN09320578,Salmonella enterica,Prophage,3
SAMN09373897,Salmonella enterica,Prophage,0
SAMN09378347,Salmonella enterica,Prophage,2
SAMN09379579,Streptococcus agalactiae,Prophage,0
SAMN09381942,Escherichia coli,Prophage,3
SAMN09389154,Enterobacter spp,Prophage,0
SAMN09389171,Acinetobacter baumannii,Prophage,1
SAMN09407355,Pseudomonas aeruginosa,Prophage,4
SAMN09425565,Enterobacter spp,Prophage,0
SAMN09428129,Enterococcus faecalis,Prophage,2
SAMN09428130,Enterococcus faecalis,Prophage,1
SAMN09429003,Neisseria spp,Prophage,0
SAMN09429005,Neisseria spp,Prophage,0
SAMN09429012,Neisseria spp,Prophage,0
SAMN09429014,Neisseria spp,Prophage,0
SAMN09460321,Acinetobacter baumannii,Prophage,2
SAMN09462202,Escherichia coli,Prophage,3
SAMN09464428,Enterococcus faecium,Prophage,1
SAMN09469079,Serratia spp,Prophage,1
SAMN09469677,Pseudomonas aeruginosa,Prophage,0
SAMN09469727,Pseudomonas aeruginosa,Prophage,5
SAMN09469732,Pseudomonas aeruginosa,Prophage,3
SAMN09469733,Pseudomonas aeruginosa,Prophage,5
SAMN09476115,Klebsiella pneumoniae,Prophage,1
SAMN09476129,Klebsiella pneumoniae,Prophage,7
SAMN09483841,Escherichia coli,Prophage,2
SAMN09487268,Klebsiella pneumoniae,Prophage,2
SAMN09487516,Klebsiella pneumoniae,Prophage,6
SAMN09487517,Klebsiella pneumoniae,Prophage,6
SAMN09487518,Klebsiella pneumoniae,Prophage,6
SAMN09499316,Escherichia coli,Prophage,4
SAMN09499693,Klebsiella pneumoniae,Prophage,0
SAMN09519168,Salmonella enterica,Prophage,5
SAMN09533786,Escherichia coli,Prophage,11
SAMN09534371,Salmonella enterica,Prophage,0
SAMN09534372,Escherichia coli,Prophage,7
SAMN09534373,Escherichia coli,Prophage,10
SAMN09606624,Streptococcus agalactiae,Prophage,1
SAMN09621896,Campylobacter spp,Prophage,1
SAMN09630238,Escherichia coli,Prophage,4
SAMN09630429,Campylobacter spp,Prophage,0
SAMN09630442,Salmonella enterica,Prophage,4
SAMN09638204,Klebsiella pneumoniae,Prophage,2
SAMN09640158,Escherichia coli,Prophage,9
SAMN09640605,Enterococcus faecalis,Prophage,4
SAMN09662618,Escherichia coli,Prophage,4
SAMN09668080,Staphylococcus aureus,Prophage,2
SAMN09668081,Staphylococcus aureus,Prophage,2
SAMN09688180,Klebsiella pneumoniae,Prophage,4
SAMN09688181,Klebsiella pneumoniae,Prophage,6
SAMN09691066,Klebsiella pneumoniae,Prophage,3
SAMN09692822,Klebsiella pneumoniae,Prophage,3
SAMN09704646,Streptococcus pneumoniae,Prophage,1
SAMN09704656,Streptococcus pneumoniae,Prophage,1
SAMN09704657,Streptococcus pneumoniae,Prophage,0
SAMN09704658,Streptococcus pneumoniae,Prophage,0
SAMN09704670,Neisseria spp,Prophage,1
SAMN09704671,Neisseria spp,Prophage,0
SAMN09704682,Neisseria spp,Prophage,0
SAMN09704687,Neisseria spp,Prophage,0
SAMN09704690,Neisseria spp,Prophage,1
SAMN09704693,Neisseria spp,Prophage,1
SAMN09704694,Neisseria spp,Prophage,1
SAMN09704702,Neisseria spp,Prophage,1
SAMN09704705,Neisseria spp,Prophage,0
SAMN09704706,Neisseria spp,Prophage,1
SAMN09704892,Haemophilus influenzae,Prophage,0
SAMN09704896,Haemophilus influenzae,Prophage,1
SAMN09704905,Haemophilus influenzae,Prophage,2
SAMN09704911,Haemophilus influenzae,Prophage,0
SAMN09704916,Haemophilus influenzae,Prophage,1
SAMN09704917,Haemophilus influenzae,Prophage,1
SAMN09704927,Haemophilus influenzae,Prophage,2
SAMN09704928,Haemophilus influenzae,Prophage,1
SAMN09704974,Escherichia coli,Prophage,3
SAMN09710898,Escherichia coli,Prophage,5
SAMN09714411,Staphylococcus aureus,Prophage,1
SAMN09717320,Escherichia coli,Prophage,2
SAMN09724428,Staphylococcus aureus,Prophage,1
SAMN09729056,Escherichia coli,Prophage,3
SAMN09741727,Salmonella enterica,Prophage,2
SAMN09742410,Escherichia coli,Prophage,0
SAMN09742411,Escherichia coli,Prophage,0
SAMN09742412,Escherichia coli,Prophage,0
SAMN09742413,Escherichia coli,Prophage,0
SAMN09742414,Escherichia coli,Prophage,0
SAMN09742415,Escherichia coli,Prophage,0
SAMN09742416,Escherichia coli,Prophage,14
SAMN09759286,Bacillus subtilis,Prophage,2
SAMN09759467,Salmonella enterica,Prophage,0
SAMN09769497,Acinetobacter baumannii,Prophage,4
SAMN09789228,Streptococcus agalactiae,Prophage,1
SAMN09791862,Salmonella enterica,Prophage,3
SAMN09791864,Salmonella enterica,Prophage,3
SAMN09791878,Salmonella enterica,Prophage,3
SAMN09791879,Salmonella enterica,Prophage,0
SAMN09829654,Escherichia coli,Prophage,0
SAMN09831327,Pseudomonas aeruginosa,Prophage,2
SAMN09831332,Pseudomonas aeruginosa,Prophage,2
SAMN09831360,Pseudomonas aeruginosa,Prophage,2
SAMN09845189,Enterobacter spp,Prophage,4
SAMN09845286,Escherichia coli,Prophage,3
SAMN09847825,Staphylococcus aureus,Prophage,1
SAMN09867132,Streptococcus pyogenes,Prophage,2
SAMN09874175,Bacillus subtilis,Prophage,0
SAMN09874192,Bacillus subtilis,Prophage,0
SAMN09882578,Staphylococcus aureus,Prophage,2
SAMN09882579,Staphylococcus aureus,Prophage,2
SAMN09882580,Staphylococcus aureus,Prophage,2
SAMN09906394,Staphylococcus aureus,Prophage,1
SAMN09906500,Staphylococcus aureus,Prophage,1
SAMN09908145,Proteus spp,Prophage,4
SAMN09912217,Klebsiella pneumoniae,Prophage,5
SAMN09925542,Klebsiella pneumoniae,Prophage,7
SAMN09930433,Escherichia coli,Prophage,3
SAMN09939624,Escherichia coli,Prophage,2
SAMN09939627,Escherichia coli,Prophage,4
SAMN09943619,Salmonella enterica,Prophage,2
SAMN09943628,Salmonella enterica,Prophage,2
SAMN09943633,Salmonella enterica,Prophage,3
SAMN09951375,Pseudomonas aeruginosa,Prophage,1
SAMN09976386,Escherichia coli,Prophage,4
SAMN09977093,Klebsiella pneumoniae,Prophage,7
SAMN10023796,Escherichia coli,Prophage,4
SAMN10031335,Neisseria spp,Prophage,0
SAMN10035124,Neisseria spp,Prophage,1
SAMN10039799,Staphylococcus aureus,Prophage,2
SAMN10040537,Staphylococcus aureus,Prophage,2
SAMN10053382,Helicobacter pylori,Prophage,0
SAMN10053419,Helicobacter pylori,Prophage,0
SAMN10053444,Helicobacter pylori,Prophage,1
SAMN10053452,Helicobacter pylori,Prophage,1
SAMN10053472,Helicobacter pylori,Prophage,0
SAMN10053502,Helicobacter pylori,Prophage,0
SAMN10053522,Helicobacter pylori,Prophage,0
SAMN10053532,Helicobacter pylori,Prophage,0
SAMN10053562,Helicobacter pylori,Prophage,0
SAMN10053592,Helicobacter pylori,Prophage,0
SAMN10053600,Helicobacter pylori,Prophage,0
SAMN10053622,Helicobacter pylori,Prophage,0
SAMN10053703,Helicobacter pylori,Prophage,0
SAMN10053716,Helicobacter pylori,Prophage,0
SAMN10053719,Helicobacter pylori,Prophage,0
SAMN10053739,Helicobacter pylori,Prophage,0
SAMN10053762,Helicobacter pylori,Prophage,0
SAMN10053769,Helicobacter pylori,Prophage,0
SAMN10053787,Helicobacter pylori,Prophage,0
SAMN10053793,Helicobacter pylori,Prophage,0
SAMN10053800,Helicobacter pylori,Prophage,0
SAMN10053808,Helicobacter pylori,Prophage,0
SAMN10053819,Helicobacter pylori,Prophage,0
SAMN10053852,Helicobacter pylori,Prophage,0
SAMN10053855,Helicobacter pylori,Prophage,0
SAMN10053865,Helicobacter pylori,Prophage,0
SAMN10059065,Staphylococcus aureus,Prophage,1
SAMN10076455,Salmonella enterica,Prophage,1
SAMN10076456,Salmonella enterica,Prophage,4
SAMN10076457,Salmonella enterica,Prophage,4
SAMN10083778,Helicobacter pylori,Prophage,0
SAMN10101901,Campylobacter spp,Prophage,0
SAMN10107914,Klebsiella pneumoniae,Prophage,4
SAMN10112494,Escherichia coli,Prophage,7
SAMN10135988,Pseudomonas aeruginosa,Prophage,1
SAMN10139565,Escherichia coli,Prophage,0
SAMN10141433,Escherichia coli,Prophage,3
SAMN10141460,Escherichia coli,Prophage,3
SAMN10141490,Escherichia coli,Prophage,3
SAMN10144109,Escherichia coli,Prophage,0
SAMN10172638,Streptococcus pyogenes,Prophage,2
SAMN10172651,Streptococcus pyogenes,Prophage,0
SAMN10172669,Streptococcus pyogenes,Prophage,0
SAMN10172674,Streptococcus pyogenes,Prophage,2
SAMN10172691,Streptococcus pyogenes,Prophage,1
SAMN10174734,Enterobacter spp,Prophage,3
SAMN10181238,Helicobacter pylori,Prophage,0
SAMN10187562,Pseudomonas aeruginosa,Prophage,0
SAMN10218950,Morganella morganii,Prophage,4
SAMN10219252,Escherichia coli,Prophage,6
SAMN10219678,Enterobacter spp,Prophage,4
SAMN10225133,Bacillus subtilis,Prophage,2
SAMN10225144,Bacillus subtilis,Prophage,1
SAMN10225145,Bacillus subtilis,Prophage,1
SAMN10225147,Bacillus subtilis,Prophage,1
SAMN10225188,Bacillus subtilis,Prophage,1
SAMN10225190,Bacillus subtilis,Prophage,1
SAMN10225254,Bacillus subtilis,Prophage,2
SAMN10225269,Bacillus subtilis,Prophage,2
SAMN10225276,Bacillus subtilis,Prophage,1
SAMN10230266,Escherichia coli,Prophage,0
SAMN10230267,Escherichia coli,Prophage,1
SAMN10230268,Escherichia coli,Prophage,0
SAMN10243028,Salmonella enterica,Prophage,1
SAMN10243029,Salmonella enterica,Prophage,1
SAMN10243030,Salmonella enterica,Prophage,2
SAMN10243031,Salmonella enterica,Prophage,1
SAMN10246265,Escherichia coli,Prophage,3
SAMN10250173,Escherichia coli,Prophage,2
SAMN10250222,Salmonella enterica,Prophage,2
SAMN10251108,Staphylococcus aureus,Prophage,1
SAMN10252913,Escherichia coli,Prophage,3
SAMN10261265,Salmonella enterica,Prophage,6
SAMN10261267,Salmonella enterica,Prophage,2
SAMN10261268,Salmonella enterica,Prophage,1
SAMN10261535,Acinetobacter baumannii,Prophage,0
SAMN10261537,Acinetobacter baumannii,Prophage,1
SAMN10261544,Acinetobacter baumannii,Prophage,4
SAMN10261584,Acinetobacter baumannii,Prophage,3
SAMN10261589,Acinetobacter baumannii,Prophage,3
SAMN10261613,Acinetobacter baumannii,Prophage,0
SAMN10272908,Salmonella enterica,Prophage,3
SAMN10273305,Enterococcus faecium,Prophage,1
SAMN10279393,Salmonella enterica,Prophage,4
SAMN10290237,Salmonella enterica,Prophage,4
SAMN10290244,Salmonella enterica,Prophage,4
SAMN10290269,Pseudomonas aeruginosa,Prophage,3
SAMN10291458,Salmonella enterica,Prophage,2
SAMN10291561,Salmonella enterica,Prophage,1
SAMN10291586,Salmonella enterica,Prophage,4
SAMN10292850,Salmonella enterica,Prophage,2
SAMN10316363,Salmonella enterica,Prophage,1
SAMN10319560,Salmonella enterica,Prophage,0
SAMN10319563,Salmonella enterica,Prophage,0
SAMN10319568,Escherichia coli,Prophage,4
SAMN10343201,Klebsiella pneumoniae,Prophage,5
SAMN10346774,Pseudomonas aeruginosa,Prophage,4
SAMN10346775,Enterococcus faecalis,Prophage,0
SAMN10352160,Salmonella enterica,Prophage,5
SAMN10353651,Klebsiella pneumoniae,Prophage,6
SAMN10364850,Vibrio cholerae,Prophage,0
SAMN10364854,Escherichia coli,Prophage,12
SAMN10374624,Pseudomonas aeruginosa,Prophage,2
SAMN10374625,Pseudomonas aeruginosa,Prophage,3
SAMN10374626,Pseudomonas aeruginosa,Prophage,2
SAMN10374685,Staphylococcus aureus,Prophage,2
SAMN10374686,Staphylococcus aureus,Prophage,2
SAMN10374687,Staphylococcus aureus,Prophage,2
SAMN10374688,Staphylococcus aureus,Prophage,2
SAMN10374689,Staphylococcus aureus,Prophage,2
SAMN10374690,Staphylococcus aureus,Prophage,2
SAMN10374691,Staphylococcus aureus,Prophage,2
SAMN10374692,Staphylococcus aureus,Prophage,2
SAMN10374693,Staphylococcus aureus,Prophage,2
SAMN10374694,Staphylococcus aureus,Prophage,2
SAMN10374695,Staphylococcus aureus,Prophage,2
SAMN10374696,Staphylococcus aureus,Prophage,2
SAMN10390469,Klebsiella pneumoniae,Prophage,4
SAMN10393815,Serratia spp,Prophage,2
SAMN10395914,Neisseria spp,Prophage,1
SAMN10395915,Neisseria spp,Prophage,0
SAMN10395916,Neisseria spp,Prophage,1
SAMN10395917,Neisseria spp,Prophage,0
SAMN10395918,Neisseria spp,Prophage,1
SAMN10395998,Neisseria spp,Prophage,0
SAMN10395999,Neisseria spp,Prophage,0
SAMN10396000,Neisseria spp,Prophage,1
SAMN10396003,Neisseria spp,Prophage,0
SAMN10397505,Streptococcus pyogenes,Prophage,3
SAMN10416086,Streptococcus pyogenes,Prophage,2
SAMN10416088,Streptococcus pyogenes,Prophage,2
SAMN10425227,Salmonella enterica,Prophage,0
SAMN10432823,Klebsiella pneumoniae,Prophage,1
SAMN10433884,Klebsiella pneumoniae,Prophage,6
SAMN10434199,Klebsiella pneumoniae,Prophage,6
SAMN10439690,Klebsiella pneumoniae,Prophage,1
SAMN10439712,Klebsiella pneumoniae,Prophage,1
SAMN10441121,Acinetobacter baumannii,Prophage,2
SAMN10449072,Pseudomonas aeruginosa,Prophage,1
SAMN10458635,Staphylococcus aureus,Prophage,0
SAMN10461767,Helicobacter pylori,Prophage,0
SAMN10461964,Klebsiella pneumoniae,Prophage,2
SAMN10473953,Klebsiella pneumoniae,Prophage,6
SAMN10485461,Salmonella enterica,Prophage,0
SAMN10485462,Salmonella enterica,Prophage,2
SAMN10485463,Salmonella enterica,Prophage,4
SAMN10497376,Klebsiella pneumoniae,Prophage,4
SAMN10498876,Salmonella enterica,Prophage,2
SAMN10501886,Salmonella enterica,Prophage,4
SAMN10503341,Pseudomonas aeruginosa,Prophage,1
SAMN10503922,Klebsiella pneumoniae,Prophage,5
SAMN10522466,Klebsiella pneumoniae,Prophage,3
SAMN10525000,Enterobacter spp,Prophage,3
SAMN10531264,Escherichia coli,Prophage,11
SAMN10531954,Escherichia coli,Prophage,3
SAMN10535911,Escherichia coli,Prophage,5
SAMN10536188,Moraxella catarrhalis,Prophage,0
SAMN10536190,Moraxella catarrhalis,Prophage,0
SAMN10536191,Moraxella catarrhalis,Prophage,1
SAMN10536192,Moraxella catarrhalis,Prophage,1
SAMN10536193,Moraxella catarrhalis,Prophage,1
SAMN10536214,Campylobacter spp,Prophage,2
SAMN10537194,Klebsiella pneumoniae,Prophage,6
SAMN10537407,Salmonella enterica,Prophage,4
SAMN10537431,Bacillus subtilis,Prophage,3
SAMN10574722,Escherichia coli,Prophage,7
SAMN10574726,Klebsiella pneumoniae,Prophage,2
SAMN10574818,Pseudomonas aeruginosa,Prophage,1
SAMN10578733,Staphylococcus aureus,Prophage,3
SAMN10601610,Escherichia coli,Prophage,0
SAMN10604454,Escherichia coli,Prophage,13
SAMN10604455,Escherichia coli,Prophage,11
SAMN10604456,Escherichia coli,Prophage,10
SAMN10606937,Escherichia coli,Prophage,2
SAMN10623993,Escherichia coli,Prophage,4
SAMN10638888,Salmonella enterica,Prophage,2
SAMN10638893,Salmonella enterica,Prophage,3
SAMN10638913,Salmonella enterica,Prophage,0
SAMN10638924,Salmonella enterica,Prophage,2
SAMN10638926,Salmonella enterica,Prophage,3
SAMN10654518,Enterobacter spp,Prophage,6
SAMN10662038,Klebsiella pneumoniae,Prophage,3
SAMN10663081,Helicobacter pylori,Prophage,0
SAMN10663175,Helicobacter pylori,Prophage,0
SAMN10667090,Escherichia coli,Prophage,1
SAMN10678732,Klebsiella pneumoniae,Prophage,2
SAMN10691120,Escherichia coli,Prophage,3
SAMN10697223,Pseudomonas aeruginosa,Prophage,1
SAMN10721859,Klebsiella pneumoniae,Prophage,1
SAMN10724437,Klebsiella pneumoniae,Prophage,1
SAMN10734509,Streptococcus pneumoniae,Prophage,1
SAMN10734511,Streptococcus pneumoniae,Prophage,0
SAMN10734512,Streptococcus pneumoniae,Prophage,0
SAMN10734513,Streptococcus pneumoniae,Prophage,1
SAMN10734514,Streptococcus pneumoniae,Prophage,0
SAMN10734515,Streptococcus pneumoniae,Prophage,0
SAMN10734518,Streptococcus pneumoniae,Prophage,1
SAMN10734522,Streptococcus pneumoniae,Prophage,1
SAMN10734523,Streptococcus pneumoniae,Prophage,0
SAMN10734525,Streptococcus pneumoniae,Prophage,0
SAMN10734526,Streptococcus pneumoniae,Prophage,0
SAMN10734527,Streptococcus pneumoniae,Prophage,0
SAMN10734528,Streptococcus pneumoniae,Prophage,0
SAMN10734530,Streptococcus pneumoniae,Prophage,0
SAMN10734531,Streptococcus pneumoniae,Prophage,1
SAMN10734532,Streptococcus pneumoniae,Prophage,1
SAMN10734535,Streptococcus pneumoniae,Prophage,0
SAMN10734536,Streptococcus pneumoniae,Prophage,0
SAMN10734538,Streptococcus pneumoniae,Prophage,0
SAMN10734539,Streptococcus pneumoniae,Prophage,1
SAMN10739543,Staphylococcus aureus,Prophage,1
SAMN10740161,Escherichia coli,Prophage,6
SAMN10740431,Klebsiella pneumoniae,Prophage,2
SAMN10740630,Klebsiella pneumoniae,Prophage,4
SAMN10742270,Bacillus subtilis,Prophage,1
SAMN10742278,Bacillus subtilis,Prophage,1
SAMN10742280,Bacillus subtilis,Prophage,1
SAMN10742281,Enterococcus faecium,Prophage,1
SAMN10742282,Bacillus subtilis,Prophage,0
SAMN10742284,Bacillus subtilis,Prophage,0
SAMN10742484,Bacillus subtilis,Prophage,0
SAMN10743274,Bacillus subtilis,Prophage,0
SAMN10743314,Bacillus subtilis,Prophage,0
SAMN10743440,Escherichia coli,Prophage,1
SAMN10754017,Enterococcus faecium,Prophage,4
SAMN10754103,Bacillus subtilis,Prophage,2
SAMN10754253,Bacillus subtilis,Prophage,0
SAMN10754256,Bacillus subtilis,Prophage,0
SAMN10754625,Citrobacter spp,Prophage,0
SAMN10755318,Enterobacter spp,Prophage,8
SAMN10768946,Escherichia coli,Prophage,3
SAMN10779665,Staphylococcus aureus,Prophage,1
SAMN10779666,Staphylococcus aureus,Prophage,1
SAMN10790219,Escherichia coli,Prophage,11
SAMN10790856,Bacillus subtilis,Prophage,2
SAMN10790857,Klebsiella pneumoniae,Prophage,3
SAMN10790858,Bacillus subtilis,Prophage,1
SAMN10790860,Bacillus subtilis,Prophage,1
SAMN10790877,Bacillus subtilis,Prophage,1
SAMN10790878,Bacillus subtilis,Prophage,1
SAMN10790879,Bacillus subtilis,Prophage,0
SAMN10790882,Bacillus subtilis,Prophage,2
SAMN10790883,Bacillus subtilis,Prophage,0
SAMN10790884,Bacillus subtilis,Prophage,0
SAMN10793299,Streptococcus pyogenes,Prophage,2
SAMN10793300,Streptococcus pyogenes,Prophage,0
SAMN10793301,Streptococcus pyogenes,Prophage,2
SAMN10793302,Streptococcus pyogenes,Prophage,0
SAMN10793303,Streptococcus pyogenes,Prophage,3
SAMN10793304,Streptococcus pyogenes,Prophage,0
SAMN10793305,Streptococcus pyogenes,Prophage,1
SAMN10793306,Streptococcus pyogenes,Prophage,1
SAMN10793307,Streptococcus pyogenes,Prophage,1
SAMN10793308,Streptococcus pyogenes,Prophage,0
SAMN10793309,Streptococcus pyogenes,Prophage,1
SAMN10793310,Streptococcus pyogenes,Prophage,0
SAMN10793311,Streptococcus pyogenes,Prophage,2
SAMN10793312,Streptococcus pyogenes,Prophage,2
SAMN10793313,Streptococcus pyogenes,Prophage,3
SAMN10793314,Streptococcus pyogenes,Prophage,0
SAMN10793315,Streptococcus pyogenes,Prophage,1
SAMN10793316,Streptococcus pyogenes,Prophage,2
SAMN10793317,Streptococcus pyogenes,Prophage,1
SAMN10793318,Streptococcus pyogenes,Prophage,1
SAMN10793319,Streptococcus pyogenes,Prophage,1
SAMN10793320,Streptococcus pyogenes,Prophage,1
SAMN10793321,Streptococcus pyogenes,Prophage,1
SAMN10793322,Streptococcus pyogenes,Prophage,2
SAMN10793323,Streptococcus pyogenes,Prophage,1
SAMN10793324,Streptococcus pyogenes,Prophage,3
SAMN10793325,Streptococcus pyogenes,Prophage,2
SAMN10793326,Streptococcus pyogenes,Prophage,1
SAMN10793327,Streptococcus pyogenes,Prophage,3
SAMN10793328,Streptococcus pyogenes,Prophage,1
SAMN10796306,Bacillus subtilis,Prophage,3
SAMN10796308,Bacillus subtilis,Prophage,1
SAMN10797245,Bacillus subtilis,Prophage,1
SAMN10797246,Bacillus subtilis,Prophage,0
SAMN10817475,Escherichia coli,Prophage,5
SAMN10817700,Escherichia coli,Prophage,5
SAMN10824104,Escherichia coli,Prophage,2
SAMN10833327,Salmonella enterica,Prophage,6
SAMN10833328,Salmonella enterica,Prophage,5
SAMN10833329,Salmonella enterica,Prophage,6
SAMN10836813,Escherichia coli,Prophage,5
SAMN10837069,Escherichia coli,Prophage,5
SAMN10863479,Enterococcus faecium,Prophage,1
SAMN10863491,Enterococcus faecium,Prophage,1
SAMN10863492,Enterococcus faecium,Prophage,3
SAMN10867605,Enterococcus faecium,Prophage,1
SAMN10868425,Staphylococcus aureus,Prophage,1
SAMN10879429,Escherichia coli,Prophage,7
SAMN10880118,Pseudomonas aeruginosa,Prophage,3
SAMN10887315,Escherichia coli,Prophage,0
SAMN10887316,Escherichia coli,Prophage,0
SAMN10887317,Escherichia coli,Prophage,0
SAMN10887318,Escherichia coli,Prophage,0
SAMN10887812,Escherichia coli,Prophage,6
SAMN10907844,Streptococcus agalactiae,Prophage,1
SAMN10910564,Klebsiella pneumoniae,Prophage,0
SAMN10913631,Campylobacter spp,Prophage,0
SAMN10914546,Salmonella enterica,Prophage,3
SAMN10914547,Salmonella enterica,Prophage,5
SAMN10920452,Neisseria spp,Prophage,0
SAMN10924275,Escherichia coli,Prophage,2
SAMN10953951,Salmonella enterica,Prophage,4
SAMN10953952,Salmonella enterica,Prophage,4
SAMN10953953,Salmonella enterica,Prophage,3
SAMN10953954,Salmonella enterica,Prophage,5
SAMN10953955,Salmonella enterica,Prophage,6
SAMN10953956,Salmonella enterica,Prophage,5
SAMN10956393,Escherichia coli,Prophage,3
SAMN10956433,Klebsiella pneumoniae,Prophage,4
SAMN10956502,Klebsiella pneumoniae,Prophage,4
SAMN10961629,Helicobacter pylori,Prophage,0
SAMN10961630,Helicobacter pylori,Prophage,0
SAMN10961631,Helicobacter pylori,Prophage,0
SAMN10961632,Helicobacter pylori,Prophage,0
SAMN10961633,Helicobacter pylori,Prophage,0
SAMN10961634,Helicobacter pylori,Prophage,0
SAMN10961635,Helicobacter pylori,Prophage,0
SAMN10961636,Helicobacter pylori,Prophage,0
SAMN10961637,Helicobacter pylori,Prophage,0
SAMN10961638,Helicobacter pylori,Prophage,0
SAMN10961639,Helicobacter pylori,Prophage,0
SAMN10961640,Helicobacter pylori,Prophage,0
SAMN10961641,Helicobacter pylori,Prophage,0
SAMN10961642,Helicobacter pylori,Prophage,0
SAMN10961643,Helicobacter pylori,Prophage,0
SAMN10961644,Helicobacter pylori,Prophage,0
SAMN10961645,Helicobacter pylori,Prophage,0
SAMN10961646,Helicobacter pylori,Prophage,0
SAMN10961647,Helicobacter pylori,Prophage,0
SAMN10961648,Helicobacter pylori,Prophage,0
SAMN10961649,Helicobacter pylori,Prophage,0
SAMN10962800,Enterococcus faecalis,Prophage,2
SAMN10963497,Klebsiella pneumoniae,Prophage,4
SAMN10986381,Escherichia coli,Prophage,2
SAMN11008224,Escherichia coli,Prophage,11
SAMN11029189,Streptococcus pyogenes,Prophage,0
SAMN11029208,Vibrio cholerae,Prophage,0
SAMN11032819,Streptococcus pyogenes,Prophage,0
SAMN11042946,Escherichia coli,Prophage,3
SAMN11054834,Klebsiella pneumoniae,Prophage,2
SAMN11055879,Citrobacter spp,Prophage,3
SAMN11056357,Enterobacter spp,Prophage,1
SAMN11056375,Staphylococcus aureus,Prophage,2
SAMN11056383,Streptococcus pyogenes,Prophage,2
SAMN11056384,Streptococcus agalactiae,Prophage,1
SAMN11056385,Streptococcus agalactiae,Prophage,2
SAMN11056402,Salmonella enterica,Prophage,5
SAMN11056403,Salmonella enterica,Prophage,1
SAMN11056422,Salmonella enterica,Prophage,1
SAMN11056423,Salmonella enterica,Prophage,4
SAMN11056425,Salmonella enterica,Prophage,2
SAMN11056427,Salmonella enterica,Prophage,1
SAMN11056450,Campylobacter spp,Prophage,0
SAMN11056481,Staphylococcus aureus,Prophage,4
SAMN11056482,Pseudomonas aeruginosa,Prophage,1
SAMN11056483,Salmonella enterica,Prophage,4
SAMN11056487,Escherichia coli,Prophage,2
SAMN11056488,Staphylococcus aureus,Prophage,1
SAMN11056489,Streptococcus pyogenes,Prophage,4
SAMN11056490,Klebsiella pneumoniae,Prophage,2
SAMN11080426,Escherichia coli,Prophage,0
SAMN11080949,Staphylococcus aureus,Prophage,0
SAMN11087507,Pseudomonas aeruginosa,Prophage,1
SAMN11087508,Pseudomonas aeruginosa,Prophage,1
SAMN11087649,Escherichia coli,Prophage,3
SAMN11087650,Escherichia coli,Prophage,1
SAMN11105635,Klebsiella pneumoniae,Prophage,4
SAMN11126830,Pseudomonas aeruginosa,Prophage,2
SAMN11129919,Salmonella enterica,Prophage,0
SAMN11130353,Escherichia coli,Prophage,3
SAMN11157607,Staphylococcus aureus,Prophage,2
SAMN11157689,Staphylococcus aureus,Prophage,2
SAMN11157690,Staphylococcus aureus,Prophage,2
SAMN11174938,Escherichia coli,Prophage,4
SAMN11175587,Staphylococcus aureus,Prophage,1
SAMN11175588,Staphylococcus aureus,Prophage,1
SAMN11175589,Staphylococcus aureus,Prophage,2
SAMN11175590,Staphylococcus aureus,Prophage,1
SAMN11175591,Staphylococcus aureus,Prophage,1
SAMN11175592,Staphylococcus aureus,Prophage,2
SAMN11175593,Staphylococcus aureus,Prophage,2
SAMN11175594,Staphylococcus aureus,Prophage,2
SAMN11175595,Staphylococcus aureus,Prophage,1
SAMN11175596,Staphylococcus aureus,Prophage,2
SAMN11175598,Staphylococcus aureus,Prophage,1
SAMN11175599,Staphylococcus aureus,Prophage,0
SAMN11175600,Staphylococcus aureus,Prophage,2
SAMN11175601,Staphylococcus aureus,Prophage,1
SAMN11175602,Staphylococcus aureus,Prophage,1
SAMN11175603,Staphylococcus aureus,Prophage,1
SAMN11175604,Staphylococcus aureus,Prophage,0
SAMN11175605,Staphylococcus aureus,Prophage,2
SAMN11175606,Staphylococcus aureus,Prophage,2
SAMN11175607,Staphylococcus aureus,Prophage,0
SAMN11175608,Staphylococcus aureus,Prophage,1
SAMN11175609,Staphylococcus aureus,Prophage,2
SAMN11175610,Staphylococcus aureus,Prophage,0
SAMN11175611,Staphylococcus aureus,Prophage,1
SAMN11175612,Staphylococcus aureus,Prophage,0
SAMN11175613,Staphylococcus aureus,Prophage,1
SAMN11175614,Staphylococcus aureus,Prophage,0
SAMN11175615,Staphylococcus aureus,Prophage,0
SAMN11175616,Staphylococcus aureus,Prophage,0
SAMN11175617,Staphylococcus aureus,Prophage,2
SAMN11175618,Staphylococcus aureus,Prophage,0
SAMN11175619,Staphylococcus aureus,Prophage,0
SAMN11175620,Staphylococcus aureus,Prophage,1
SAMN11175621,Staphylococcus aureus,Prophage,1
SAMN11175622,Staphylococcus aureus,Prophage,0
SAMN11175623,Staphylococcus aureus,Prophage,1
SAMN11175624,Staphylococcus aureus,Prophage,1
SAMN11175625,Staphylococcus aureus,Prophage,0
SAMN11175626,Staphylococcus aureus,Prophage,0
SAMN11175627,Staphylococcus aureus,Prophage,1
SAMN11175628,Staphylococcus aureus,Prophage,0
SAMN11175629,Staphylococcus aureus,Prophage,0
SAMN11175630,Staphylococcus aureus,Prophage,1
SAMN11175631,Staphylococcus aureus,Prophage,0
SAMN11175632,Staphylococcus aureus,Prophage,2
SAMN11175633,Staphylococcus aureus,Prophage,0
SAMN11175634,Staphylococcus aureus,Prophage,0
SAMN11175635,Staphylococcus aureus,Prophage,3
SAMN11175636,Staphylococcus aureus,Prophage,0
SAMN11175637,Staphylococcus aureus,Prophage,0
SAMN11175638,Staphylococcus aureus,Prophage,1
SAMN11175639,Staphylococcus aureus,Prophage,0
SAMN11175640,Staphylococcus aureus,Prophage,2
SAMN11175641,Staphylococcus aureus,Prophage,2
SAMN11175642,Staphylococcus aureus,Prophage,0
SAMN11175643,Staphylococcus aureus,Prophage,0
SAMN11175644,Staphylococcus aureus,Prophage,2
SAMN11175645,Staphylococcus aureus,Prophage,1
SAMN11179240,Staphylococcus aureus,Prophage,2
SAMN11180601,Escherichia coli,Prophage,0
SAMN11180681,Enterococcus faecium,Prophage,2
SAMN11180789,Enterococcus faecium,Prophage,0
SAMN11180836,Enterococcus faecium,Prophage,1
SAMN11189591,Enterococcus faecium,Prophage,2
SAMN11189927,Enterococcus faecium,Prophage,3
SAMN11189932,Enterococcus faecium,Prophage,1
SAMN11229477,Escherichia coli,Prophage,8
SAMN11229478,Escherichia coli,Prophage,13
SAMN11229479,Escherichia coli,Prophage,10
SAMN11229480,Escherichia coli,Prophage,9
SAMN11229481,Escherichia coli,Prophage,9
SAMN11229482,Escherichia coli,Prophage,8
SAMN11229483,Escherichia coli,Prophage,5
SAMN11229484,Escherichia coli,Prophage,7
SAMN11229485,Escherichia coli,Prophage,5
SAMN11229486,Escherichia coli,Prophage,9
SAMN11229487,Escherichia coli,Prophage,11
SAMN11229488,Escherichia coli,Prophage,7
SAMN11229489,Escherichia coli,Prophage,10
SAMN11229490,Escherichia coli,Prophage,13
SAMN11229491,Escherichia coli,Prophage,10
SAMN11229492,Escherichia coli,Prophage,10
SAMN11229493,Escherichia coli,Prophage,9
SAMN11229497,Escherichia coli,Prophage,9
SAMN11229498,Escherichia coli,Prophage,9
SAMN11229500,Escherichia coli,Prophage,10
SAMN11229503,Escherichia coli,Prophage,7
SAMN11230749,Escherichia coli,Prophage,2
SAMN11231229,Escherichia coli,Prophage,4
SAMN11242055,Staphylococcus aureus,Prophage,2
SAMN11266257,Escherichia coli,Prophage,4
SAMN11266496,Escherichia coli,Prophage,9
SAMN11268909,Escherichia coli,Prophage,5
SAMN11268910,Escherichia coli,Prophage,3
SAMN11282387,Salmonella enterica,Prophage,3
SAMN11282551,Salmonella enterica,Prophage,3
SAMN11287982,Citrobacter spp,Prophage,6
SAMN11288321,Citrobacter spp,Prophage,8
SAMN11288343,Citrobacter spp,Prophage,8
SAMN11316573,Campylobacter spp,Prophage,0
SAMN11333140,Salmonella enterica,Prophage,3
SAMN11333141,Salmonella enterica,Prophage,5
SAMN11333142,Salmonella enterica,Prophage,5
SAMN11333143,Salmonella enterica,Prophage,4
SAMN11333144,Salmonella enterica,Prophage,4
SAMN11333145,Salmonella enterica,Prophage,4
SAMN11333146,Salmonella enterica,Prophage,3
SAMN11333147,Salmonella enterica,Prophage,4
SAMN11333149,Salmonella enterica,Prophage,4
SAMN11333150,Salmonella enterica,Prophage,3
SAMN11333152,Salmonella enterica,Prophage,5
SAMN11333154,Salmonella enterica,Prophage,5
SAMN11333156,Salmonella enterica,Prophage,4
SAMN11333157,Salmonella enterica,Prophage,0
SAMN11333158,Salmonella enterica,Prophage,5
SAMN11333160,Salmonella enterica,Prophage,5
SAMN11333161,Salmonella enterica,Prophage,3
SAMN11333162,Salmonella enterica,Prophage,4
SAMN11333163,Salmonella enterica,Prophage,4
SAMN11333164,Salmonella enterica,Prophage,4
SAMN11333165,Salmonella enterica,Prophage,3
SAMN11333166,Salmonella enterica,Prophage,5
SAMN11333167,Salmonella enterica,Prophage,5
SAMN11333168,Salmonella enterica,Prophage,5
SAMN11333170,Salmonella enterica,Prophage,5
SAMN11333172,Escherichia coli,Prophage,6
SAMN11338705,Streptococcus pneumoniae,Prophage,0
SAMN11355835,Salmonella enterica,Prophage,2
SAMN11355843,Salmonella enterica,Prophage,1
SAMN11388367,Enterococcus faecalis,Prophage,1
SAMN11397621,Enterococcus faecalis,Prophage,2
SAMN11415942,Enterococcus faecalis,Prophage,2
SAMN11416928,Enterococcus faecalis,Prophage,2
SAMN11431687,Staphylococcus aureus,Prophage,2
SAMN11445562,Klebsiella pneumoniae,Prophage,5
SAMN11445819,Salmonella enterica,Prophage,2
SAMN11445820,Salmonella enterica,Prophage,2
SAMN11461876,Serratia spp,Prophage,2
SAMN11461877,Serratia spp,Prophage,2
SAMN11461878,Serratia spp,Prophage,2
SAMN11476509,Staphylococcus aureus,Prophage,2
SAMN11479262,Klebsiella pneumoniae,Prophage,5
SAMN11479264,Klebsiella pneumoniae,Prophage,6
SAMN11506009,Klebsiella pneumoniae,Prophage,6
SAMN11514670,Klebsiella pneumoniae,Prophage,4
SAMN11514673,Klebsiella pneumoniae,Prophage,4
SAMN11514675,Klebsiella pneumoniae,Prophage,3
SAMN11514676,Klebsiella pneumoniae,Prophage,3
SAMN11519450,Bacillus subtilis,Prophage,1
SAMN11535052,Bacillus subtilis,Prophage,1
SAMN11567705,Proteus spp,Prophage,3
SAMN11618737,Klebsiella pneumoniae,Prophage,6
SAMN11633367,Serratia spp,Prophage,2
SAMN11633508,Enterococcus faecium,Prophage,1
SAMN11634268,Klebsiella pneumoniae,Prophage,4
SAMN11650121,Klebsiella pneumoniae,Prophage,1
SAMN11660471,Acinetobacter baumannii,Prophage,4
SAMN11664985,Escherichia coli,Prophage,3
SAMN11665396,Salmonella enterica,Prophage,5
SAMN11774881,Escherichia coli,Prophage,1
SAMN11774882,Escherichia coli,Prophage,1
SAMN11786966,Escherichia coli,Prophage,10
SAMN11786967,Salmonella enterica,Prophage,6
SAMN11787763,Escherichia coli,Prophage,9
SAMN11787765,Salmonella enterica,Prophage,4
SAMN11787766,Salmonella enterica,Prophage,3
SAMN11787767,Salmonella enterica,Prophage,4
SAMN11792777,Salmonella enterica,Prophage,4
SAMN11793565,Klebsiella pneumoniae,Prophage,1
SAMN11823228,Staphylococcus aureus,Prophage,0
SAMN11823229,Staphylococcus aureus,Prophage,3
SAMN11823230,Staphylococcus aureus,Prophage,1
SAMN11823231,Staphylococcus aureus,Prophage,2
SAMN11823232,Staphylococcus aureus,Prophage,1
SAMN11835544,Klebsiella pneumoniae,Prophage,4
SAMN11836198,Pseudomonas aeruginosa,Prophage,2
SAMN11841626,Escherichia coli,Prophage,2
SAMN11845725,Citrobacter spp,Prophage,1
SAMN11848047,Enterococcus faecium,Prophage,1
SAMN11854565,Escherichia coli,Prophage,3
SAMN11890391,Enterococcus faecium,Prophage,1
SAMN11894222,Serratia spp,Prophage,2
SAMN11928015,Staphylococcus aureus,Prophage,1
SAMN11942428,Enterococcus faecium,Prophage,0
SAMN11942429,Enterococcus faecium,Prophage,2
SAMN11952093,Enterococcus faecium,Prophage,2
SAMN11959349,Enterococcus faecalis,Prophage,2
SAMN11960005,Enterococcus faecium,Prophage,3
SAMN11967557,Escherichia coli,Prophage,2
SAMN11974795,Escherichia coli,Prophage,6
SAMN11974796,Enterococcus faecium,Prophage,2
SAMN11974903,Staphylococcus aureus,Prophage,2
SAMN11997569,Acinetobacter baumannii,Prophage,3
SAMN11997570,Acinetobacter baumannii,Prophage,3
SAMN11997571,Acinetobacter baumannii,Prophage,3
SAMN11998170,Klebsiella pneumoniae,Prophage,4
SAMN12015779,Acinetobacter baumannii,Prophage,1
SAMN12026942,Escherichia coli,Prophage,3
SAMN12027817,Escherichia coli,Prophage,3
SAMN12045486,Acinetobacter baumannii,Prophage,2
SAMN12046023,Staphylococcus aureus,Prophage,1
SAMN12082929,Klebsiella pneumoniae,Prophage,4
SAMN12085403,Klebsiella pneumoniae,Prophage,1
SAMN12086474,Salmonella enterica,Prophage,4
SAMN12086475,Salmonella enterica,Prophage,4
SAMN12086476,Salmonella enterica,Prophage,4
SAMN12086477,Salmonella enterica,Prophage,4
SAMN12109792,Klebsiella pneumoniae,Prophage,0
SAMN12109794,Klebsiella pneumoniae,Prophage,0
SAMN12109795,Klebsiella pneumoniae,Prophage,0
SAMN12109799,Klebsiella pneumoniae,Prophage,4
SAMN12109800,Klebsiella pneumoniae,Prophage,4
SAMN12138936,Enterococcus faecium,Prophage,3
SAMN12138986,Enterococcus faecium,Prophage,3
SAMN12141647,Enterococcus faecium,Prophage,2
SAMN12158158,Escherichia coli,Prophage,3
SAMN12158196,Escherichia coli,Prophage,3
SAMN12158201,Escherichia coli,Prophage,0
SAMN12158203,Escherichia coli,Prophage,5
SAMN12168219,Enterococcus faecalis,Prophage,1
SAMN12169096,Escherichia coli,Prophage,6
SAMN12214770,Escherichia coli,Prophage,0
SAMN12214771,Escherichia coli,Prophage,6
SAMN12228410,Klebsiella pneumoniae,Prophage,7
SAMN12251806,Streptococcus pyogenes,Prophage,4
SAMN12263012,Escherichia coli,Prophage,6
SAMN12264830,Klebsiella pneumoniae,Prophage,5
SAMN12264954,Escherichia coli,Prophage,2
SAMN12272102,Enterococcus faecalis,Prophage,2
SAMN12272266,Escherichia coli,Prophage,1
SAMN12273071,Klebsiella pneumoniae,Prophage,4
SAMN12275742,Escherichia coli,Prophage,6
SAMN12287751,Salmonella enterica,Prophage,3
SAMN12289275,Klebsiella pneumoniae,Prophage,3
SAMN12289282,Klebsiella pneumoniae,Prophage,2
SAMN12289284,Citrobacter spp,Prophage,2
SAMN12289289,Enterobacter spp,Prophage,0
SAMN12289291,Enterobacter spp,Prophage,3
SAMN12289292,Acinetobacter baumannii,Prophage,1
SAMN12289303,Enterobacter spp,Prophage,5
SAMN12289339,Enterobacter spp,Prophage,3
SAMN12289368,Enterobacter spp,Prophage,0
SAMN12289419,Serratia spp,Prophage,1
SAMN12305659,Pseudomonas aeruginosa,Prophage,2
SAMN12306076,Enterobacter spp,Prophage,3
SAMN12306121,Pseudomonas aeruginosa,Prophage,2
SAMN12306195,Pseudomonas aeruginosa,Prophage,4
SAMN12306201,Pseudomonas aeruginosa,Prophage,5
SAMN12307470,Escherichia coli,Prophage,2
SAMN12307651,Klebsiella pneumoniae,Prophage,7
SAMN12307670,Pseudomonas aeruginosa,Prophage,3
SAMN12325110,Staphylococcus aureus,Prophage,3
SAMN12330870,Escherichia coli,Prophage,3
SAMN12340930,Salmonella enterica,Prophage,2
SAMN12340931,Salmonella enterica,Prophage,4
SAMN12340956,Bacillus subtilis,Prophage,2
SAMN12353685,Staphylococcus aureus,Prophage,2
SAMN12353686,Staphylococcus aureus,Prophage,2
SAMN12353688,Staphylococcus aureus,Prophage,3
SAMN12355362,Streptococcus agalactiae,Prophage,0
SAMN12355365,Streptococcus agalactiae,Prophage,1
SAMN12355372,Streptococcus agalactiae,Prophage,0
SAMN12355381,Streptococcus agalactiae,Prophage,1
SAMN12355383,Streptococcus agalactiae,Prophage,0
SAMN12355400,Streptococcus agalactiae,Prophage,0
SAMN12355421,Streptococcus agalactiae,Prophage,0
SAMN12359200,Staphylococcus aureus,Prophage,2
SAMN12359201,Staphylococcus aureus,Prophage,1
SAMN12359203,Staphylococcus aureus,Prophage,2
SAMN12368444,Pseudomonas aeruginosa,Prophage,0
SAMN12384979,Escherichia coli,Prophage,2
SAMN12389475,Escherichia coli,Prophage,7
SAMN12389518,Escherichia coli,Prophage,7
SAMN12405405,Escherichia coli,Prophage,9
SAMN12418786,Escherichia coli,Prophage,4
SAMN12437586,Escherichia coli,Prophage,5
SAMN12476135,Staphylococcus aureus,Prophage,1
SAMN12476193,Staphylococcus aureus,Prophage,1
SAMN12512712,Escherichia coli,Prophage,3
SAMN12560213,Serratia spp,Prophage,3
SAMN12560215,Serratia spp,Prophage,1
SAMN12566310,Proteus spp,Prophage,2
SAMN12568551,Klebsiella pneumoniae,Prophage,0
SAMN12569102,Acinetobacter baumannii,Prophage,2
SAMN12569951,Escherichia coli,Prophage,2
SAMN12588286,Klebsiella pneumoniae,Prophage,6
SAMN12603253,Salmonella enterica,Prophage,3
SAMN12603254,Escherichia coli,Prophage,6
SAMN12603255,Salmonella enterica,Prophage,2
SAMN12603256,Escherichia coli,Prophage,2
SAMN12603257,Escherichia coli,Prophage,2
SAMN12603258,Escherichia coli,Prophage,2
SAMN12603259,Escherichia coli,Prophage,2
SAMN12603260,Escherichia coli,Prophage,2
SAMN12603261,Escherichia coli,Prophage,2
SAMN12603262,Escherichia coli,Prophage,2
SAMN12603263,Escherichia coli,Prophage,2
SAMN12603264,Escherichia coli,Prophage,2
SAMN12603265,Escherichia coli,Prophage,2
SAMN12603266,Escherichia coli,Prophage,2
SAMN12603267,Escherichia coli,Prophage,2
SAMN12603268,Escherichia coli,Prophage,2
SAMN12603269,Escherichia coli,Prophage,2
SAMN12603270,Escherichia coli,Prophage,2
SAMN12603271,Escherichia coli,Prophage,2
SAMN12603272,Escherichia coli,Prophage,5
SAMN12603273,Acinetobacter baumannii,Prophage,0
SAMN12603274,Enterobacter spp,Prophage,3
SAMN12603275,Enterobacter spp,Prophage,3
SAMN12608379,Salmonella enterica,Prophage,3
SAMN12619458,Escherichia coli,Prophage,3
SAMN12634799,Pseudomonas aeruginosa,Prophage,6
SAMN12636071,Proteus spp,Prophage,2
SAMN12640810,Escherichia coli,Prophage,5
SAMN12641172,Escherichia coli,Prophage,3
SAMN12647218,Campylobacter spp,Prophage,0
SAMN12648322,Vibrio cholerae,Prophage,0
SAMN12648951,Salmonella enterica,Prophage,4
SAMN12648952,Salmonella enterica,Prophage,2
SAMN12648953,Salmonella enterica,Prophage,4
SAMN12648954,Salmonella enterica,Prophage,2
SAMN12648955,Salmonella enterica,Prophage,1
SAMN12648956,Salmonella enterica,Prophage,1
SAMN12648957,Salmonella enterica,Prophage,6
SAMN12648961,Campylobacter spp,Prophage,0
SAMN12648963,Campylobacter spp,Prophage,0
SAMN12648964,Campylobacter spp,Prophage,0
SAMN12648965,Campylobacter spp,Prophage,0
SAMN12648970,Campylobacter spp,Prophage,0
SAMN12648977,Escherichia coli,Prophage,12
SAMN12648978,Escherichia coli,Prophage,12
SAMN12648979,Escherichia coli,Prophage,8
SAMN12648980,Escherichia coli,Prophage,10
SAMN12676038,Neisseria spp,Prophage,0
SAMN12676039,Neisseria spp,Prophage,0
SAMN12676040,Neisseria spp,Prophage,0
SAMN12687934,Haemophilus influenzae,Prophage,2
SAMN12687935,Haemophilus influenzae,Prophage,2
SAMN12687936,Haemophilus influenzae,Prophage,2
SAMN12688234,Enterococcus faecium,Prophage,2
SAMN12688790,Salmonella enterica,Prophage,5
SAMN12688791,Salmonella enterica,Prophage,3
SAMN12688792,Salmonella enterica,Prophage,2
SAMN12715008,Salmonella enterica,Prophage,3
SAMN12721400,Staphylococcus aureus,Prophage,2
SAMN12877715,Klebsiella pneumoniae,Prophage,1
SAMN12877722,Klebsiella pneumoniae,Prophage,4
SAMN12990251,Proteus spp,Prophage,5
SAMN12995602,Proteus spp,Prophage,1
SAMN12996975,Escherichia coli,Prophage,3
SAMN13000402,Escherichia coli,Prophage,2
SAMN13008646,Staphylococcus aureus,Prophage,0
SAMN13011721,Staphylococcus aureus,Prophage,0
SAMN13017016,Escherichia coli,Prophage,5
SAMN13021417,Escherichia coli,Prophage,3
SAMN13022768,Enterobacter spp,Prophage,5
SAMN13025165,Staphylococcus aureus,Prophage,1
SAMN13031563,Salmonella enterica,Prophage,2
SAMN13031564,Salmonella enterica,Prophage,1
SAMN13037561,Proteus spp,Prophage,3
SAMN13045723,Escherichia coli,Prophage,6
SAMN13053465,Bacillus subtilis,Prophage,2
SAMN13074755,Salmonella enterica,Prophage,0
SAMN13074756,Salmonella enterica,Prophage,1
SAMN13074762,Salmonella enterica,Prophage,0
SAMN13074770,Salmonella enterica,Prophage,3
SAMN13074771,Salmonella enterica,Prophage,4
SAMN13074785,Salmonella enterica,Prophage,3
SAMN13074786,Salmonella enterica,Prophage,1
SAMN13074794,Salmonella enterica,Prophage,0
SAMN13074806,Salmonella enterica,Prophage,0
SAMN13074811,Salmonella enterica,Prophage,0
SAMN13082492,Proteus spp,Prophage,4
SAMN13106281,Enterococcus faecalis,Prophage,1
SAMN13106282,Enterococcus faecium,Prophage,1
SAMN13107356,Pseudomonas aeruginosa,Prophage,3
SAMN13135504,Klebsiella pneumoniae,Prophage,1
SAMN13150932,Acinetobacter baumannii,Prophage,3
SAMN13151448,Neisseria spp,Prophage,1
SAMN13151449,Neisseria spp,Prophage,1
SAMN13155204,Escherichia coli,Prophage,4
SAMN13155539,Escherichia coli,Prophage,4
SAMN13161584,Klebsiella pneumoniae,Prophage,0
SAMN13164804,Escherichia coli,Prophage,8
SAMN13166158,Vibrio cholerae,Prophage,3
SAMN13175516,Escherichia coli,Prophage,2
SAMN13182395,Enterococcus faecalis,Prophage,0
SAMN13182396,Enterococcus faecalis,Prophage,1
SAMN13182397,Enterococcus faecalis,Prophage,2
SAMN13182398,Enterococcus faecalis,Prophage,0
SAMN13182580,Pseudomonas aeruginosa,Prophage,3
SAMN13190548,Bacillus subtilis,Prophage,0
SAMN13190549,Bacillus subtilis,Prophage,2
SAMN13190550,Bacillus subtilis,Prophage,1
SAMN13190551,Bacillus subtilis,Prophage,0
SAMN13190552,Bacillus subtilis,Prophage,3
SAMN13190553,Bacillus subtilis,Prophage,1
SAMN13190554,Bacillus subtilis,Prophage,0
SAMN13190555,Bacillus subtilis,Prophage,0
SAMN13190557,Bacillus subtilis,Prophage,0
SAMN13190558,Bacillus subtilis,Prophage,2
SAMN13190559,Bacillus subtilis,Prophage,3
SAMN13190561,Bacillus subtilis,Prophage,3
SAMN13190562,Bacillus subtilis,Prophage,1
SAMN13191633,Escherichia coli,Prophage,11
SAMN13191640,Neisseria spp,Prophage,0
SAMN13191641,Neisseria spp,Prophage,1
SAMN13191642,Salmonella enterica,Prophage,3
SAMN13191643,Salmonella enterica,Prophage,0
SAMN13191644,Salmonella enterica,Prophage,2
SAMN13191645,Salmonella enterica,Prophage,1
SAMN13191646,Salmonella enterica,Prophage,6
SAMN13191647,Salmonella enterica,Prophage,4
SAMN13191648,Salmonella enterica,Prophage,4
SAMN13191649,Salmonella enterica,Prophage,2
SAMN13191652,Streptococcus pneumoniae,Prophage,0
SAMN13191653,Streptococcus pyogenes,Prophage,0
SAMN13219623,Enterococcus faecalis,Prophage,0
SAMN13226654,Pseudomonas aeruginosa,Prophage,3
SAMN13226783,Escherichia coli,Prophage,1
SAMN13234648,Pseudomonas aeruginosa,Prophage,2
SAMN13234649,Pseudomonas aeruginosa,Prophage,2
SAMN13234650,Pseudomonas aeruginosa,Prophage,2
SAMN13234651,Pseudomonas aeruginosa,Prophage,1
SAMN13234652,Pseudomonas aeruginosa,Prophage,3
SAMN13234653,Pseudomonas aeruginosa,Prophage,3
SAMN13234654,Pseudomonas aeruginosa,Prophage,3
SAMN13234655,Pseudomonas aeruginosa,Prophage,3
SAMN13234656,Pseudomonas aeruginosa,Prophage,3
SAMN13234657,Pseudomonas aeruginosa,Prophage,3
SAMN13234658,Pseudomonas aeruginosa,Prophage,3
SAMN13234659,Pseudomonas aeruginosa,Prophage,3
SAMN13234660,Pseudomonas aeruginosa,Prophage,3
SAMN13234661,Pseudomonas aeruginosa,Prophage,3
SAMN13234662,Pseudomonas aeruginosa,Prophage,3
SAMN13242665,Escherichia coli,Prophage,4
SAMN13242769,Escherichia coli,Prophage,4
SAMN13242782,Escherichia coli,Prophage,2
SAMN13242790,Escherichia coli,Prophage,1
SAMN13254340,Proteus spp,Prophage,3
SAMN13254342,Proteus spp,Prophage,0
SAMN13267614,Pseudomonas aeruginosa,Prophage,5
SAMN13267615,Pseudomonas aeruginosa,Prophage,5
SAMN13282750,Citrobacter spp,Prophage,1
SAMN13283502,Enterococcus faecium,Prophage,5
SAMN13321470,Streptococcus pneumoniae,Prophage,0
SAMN13321471,Streptococcus pneumoniae,Prophage,1
SAMN13321472,Streptococcus pneumoniae,Prophage,0
SAMN13321473,Streptococcus pneumoniae,Prophage,0
SAMN13321474,Streptococcus pneumoniae,Prophage,0
SAMN13321475,Streptococcus pneumoniae,Prophage,0
SAMN13321476,Streptococcus pneumoniae,Prophage,0
SAMN13321477,Streptococcus pneumoniae,Prophage,0
SAMN13335391,Enterobacter spp,Prophage,3
SAMN13335779,Escherichia coli,Prophage,3
SAMN13381623,Klebsiella pneumoniae,Prophage,4
SAMN13412318,Escherichia coli,Prophage,5
SAMN13419003,Pseudomonas aeruginosa,Prophage,4
SAMN13419538,Pseudomonas aeruginosa,Prophage,3
SAMN13419547,Pseudomonas aeruginosa,Prophage,4
SAMN13419548,Pseudomonas aeruginosa,Prophage,0
SAMN13419657,Pseudomonas aeruginosa,Prophage,10
SAMN13450444,Neisseria spp,Prophage,2
SAMN13450476,Escherichia coli,Prophage,0
SAMN13503954,Klebsiella pneumoniae,Prophage,1
SAMN13503956,Klebsiella pneumoniae,Prophage,1
SAMN13509247,Proteus spp,Prophage,4
SAMN13509270,Salmonella enterica,Prophage,6
SAMN13536105,Enterococcus faecalis,Prophage,3
SAMN13536106,Streptococcus agalactiae,Prophage,1
SAMN13564660,Klebsiella pneumoniae,Prophage,4
SAMN13565236,Acinetobacter baumannii,Prophage,4
SAMN13578407,Klebsiella pneumoniae,Prophage,5
SAMN13611833,Pseudomonas aeruginosa,Prophage,1
SAMN13612188,Staphylococcus aureus,Prophage,2
SAMN13612472,Pseudomonas aeruginosa,Prophage,1
SAMN13612474,Pseudomonas aeruginosa,Prophage,1
SAMN13612476,Pseudomonas aeruginosa,Prophage,1
SAMN13623895,Escherichia coli,Prophage,2
SAMN13632409,Streptococcus pyogenes,Prophage,4
SAMN13642132,Escherichia coli,Prophage,2
SAMN13663554,Klebsiella pneumoniae,Prophage,5
SAMN13671318,Klebsiella pneumoniae,Prophage,7
SAMN13676638,Serratia spp,Prophage,1
SAMN13684156,Campylobacter spp,Prophage,0
SAMN13684185,Campylobacter spp,Prophage,0
SAMN13684191,Campylobacter spp,Prophage,0
SAMN13684357,Campylobacter spp,Prophage,0
SAMN13698767,Staphylococcus aureus,Prophage,0
SAMN13705263,Escherichia coli,Prophage,15
SAMN13714347,Escherichia coli,Prophage,1
SAMN13715497,Bacillus subtilis,Prophage,1
SAMN13735001,Vibrio cholerae,Prophage,0
SAMN13737474,Citrobacter spp,Prophage,3
SAMN13737869,Klebsiella pneumoniae,Prophage,3
SAMN13738032,Proteus spp,Prophage,5
SAMN13738053,Proteus spp,Prophage,0
SAMN13738061,Proteus spp,Prophage,1
SAMN13742197,Escherichia coli,Prophage,2
SAMN13742796,Klebsiella pneumoniae,Prophage,6
SAMN13743062,Klebsiella pneumoniae,Prophage,6
SAMN13743100,Escherichia coli,Prophage,2
SAMN13747522,Escherichia coli,Prophage,1
SAMN13756204,Escherichia coli,Prophage,2
SAMN13756518,Escherichia coli,Prophage,3
SAMN13757525,Enterobacter spp,Prophage,0
SAMN13781157,Bacillus subtilis,Prophage,0
SAMN13782172,Escherichia coli,Prophage,5
SAMN13812694,Neisseria spp,Prophage,0
SAMN13812695,Neisseria spp,Prophage,0
SAMN13812696,Neisseria spp,Prophage,0
SAMN13829544,Escherichia coli,Prophage,1
SAMN13829545,Escherichia coli,Prophage,2
SAMN13829575,Escherichia coli,Prophage,3
SAMN13829591,Escherichia coli,Prophage,3
SAMN13829592,Escherichia coli,Prophage,3
SAMN13831363,Klebsiella pneumoniae,Prophage,2
SAMN13831656,Pseudomonas aeruginosa,Prophage,3
SAMN13840994,Serratia spp,Prophage,6
SAMN13840995,Serratia spp,Prophage,6
SAMN13840996,Serratia spp,Prophage,6
SAMN13840997,Serratia spp,Prophage,6
SAMN13840998,Serratia spp,Prophage,3
SAMN13850655,Salmonella enterica,Prophage,3
SAMN13874777,Acinetobacter baumannii,Prophage,2
SAMN13925525,Escherichia coli,Prophage,4
SAMN13925539,Klebsiella pneumoniae,Prophage,3
SAMN13925540,Proteus spp,Prophage,2
SAMN13925542,Klebsiella pneumoniae,Prophage,4
SAMN13925551,Escherichia coli,Prophage,3
SAMN13925558,Escherichia coli,Prophage,1
SAMN13925566,Escherichia coli,Prophage,6
SAMN13925570,Escherichia coli,Prophage,2
SAMN13925581,Klebsiella pneumoniae,Prophage,0
SAMN13925585,Escherichia coli,Prophage,4
SAMN13925592,Escherichia coli,Prophage,1
SAMN13925601,Proteus spp,Prophage,1
SAMN13925604,Klebsiella pneumoniae,Prophage,0
SAMN13925613,Escherichia coli,Prophage,2
SAMN13936254,Morganella morganii,Prophage,5
SAMN13936255,Proteus spp,Prophage,2
SAMN13948677,Escherichia coli,Prophage,0
SAMN13948681,Escherichia coli,Prophage,3
SAMN13948684,Escherichia coli,Prophage,0
SAMN13950472,Helicobacter pylori,Prophage,0
SAMN13950473,Helicobacter pylori,Prophage,0
SAMN13950474,Helicobacter pylori,Prophage,0
SAMN13951913,Citrobacter spp,Prophage,2
SAMN13951915,Escherichia coli,Prophage,0
SAMN13951916,Escherichia coli,Prophage,3
SAMN13951917,Escherichia coli,Prophage,2
SAMN13951918,Escherichia coli,Prophage,2
SAMN13951920,Escherichia coli,Prophage,0
SAMN13951921,Escherichia coli,Prophage,6
SAMN13951922,Escherichia coli,Prophage,3
SAMN13951923,Escherichia coli,Prophage,3
SAMN13951924,Escherichia coli,Prophage,3
SAMN13951925,Escherichia coli,Prophage,2
SAMN13951926,Escherichia coli,Prophage,1
SAMN13975784,Staphylococcus aureus,Prophage,0
SAMN13976059,Escherichia coli,Prophage,1
SAMN13978114,Klebsiella pneumoniae,Prophage,9
SAMN13978607,Escherichia coli,Prophage,1
SAMN13978660,Escherichia coli,Prophage,2
SAMN13978676,Escherichia coli,Prophage,2
SAMN13978678,Escherichia coli,Prophage,1
SAMN13978991,Citrobacter spp,Prophage,0
SAMN14072279,Acinetobacter baumannii,Prophage,1
SAMN14072379,Campylobacter spp,Prophage,0
SAMN14072380,Campylobacter spp,Prophage,0
SAMN14072381,Campylobacter spp,Prophage,0
SAMN14072384,Campylobacter spp,Prophage,0
SAMN14072385,Campylobacter spp,Prophage,0
SAMN14072387,Campylobacter spp,Prophage,0
SAMN14074148,Proteus spp,Prophage,1
SAMN14078792,Escherichia coli,Prophage,12
SAMN14078793,Escherichia coli,Prophage,7
SAMN14078800,Acinetobacter baumannii,Prophage,4
SAMN14078801,Neisseria spp,Prophage,2
SAMN14078802,Streptococcus pyogenes,Prophage,4
SAMN14078803,Enterococcus faecalis,Prophage,3
SAMN14078806,Klebsiella pneumoniae,Prophage,2
SAMN14081047,Bacillus subtilis,Prophage,0
SAMN14085623,Salmonella enterica,Prophage,2
SAMN14085905,Morganella morganii,Prophage,3
SAMN14088117,Salmonella enterica,Prophage,4
SAMN14088120,Salmonella enterica,Prophage,4
SAMN14116987,Neisseria spp,Prophage,0
SAMN14116988,Neisseria spp,Prophage,0
SAMN14116989,Neisseria spp,Prophage,0
SAMN14116990,Neisseria spp,Prophage,0
SAMN14116991,Neisseria spp,Prophage,0
SAMN14116992,Neisseria spp,Prophage,0
SAMN14117309,Neisseria spp,Prophage,0
SAMN14125718,Escherichia coli,Prophage,5
SAMN14128751,Citrobacter spp,Prophage,4
SAMN14129756,Pseudomonas aeruginosa,Prophage,0
SAMN14131123,Neisseria spp,Prophage,0
SAMN14132375,Enterobacter spp,Prophage,3
SAMN14132403,Klebsiella pneumoniae,Prophage,8
SAMN14137859,Escherichia coli,Prophage,3
SAMN14142412,Enterobacter spp,Prophage,1
SAMN14149125,Escherichia coli,Prophage,0
SAMN14149865,Escherichia coli,Prophage,6
SAMN14150057,Salmonella enterica,Prophage,4
SAMN14151378,Enterobacter spp,Prophage,1
SAMN14168397,Klebsiella pneumoniae,Prophage,5
SAMN14225473,Staphylococcus aureus,Prophage,1
SAMN14226727,Acinetobacter baumannii,Prophage,1
SAMN14234404,Streptococcus pyogenes,Prophage,2
SAMN14234425,Streptococcus pyogenes,Prophage,2
SAMN14234475,Streptococcus pyogenes,Prophage,2
SAMN14234519,Streptococcus pyogenes,Prophage,2
SAMN14234551,Streptococcus pyogenes,Prophage,2
SAMN14234553,Streptococcus pyogenes,Prophage,2
SAMN14234593,Streptococcus pyogenes,Prophage,1
SAMN14234602,Streptococcus pyogenes,Prophage,2
SAMN14234614,Streptococcus pyogenes,Prophage,3
SAMN14234637,Streptococcus pyogenes,Prophage,2
SAMN14235194,Streptococcus pyogenes,Prophage,2
SAMN14235203,Streptococcus pyogenes,Prophage,1
SAMN14235217,Streptococcus pyogenes,Prophage,2
SAMN14235221,Streptococcus pyogenes,Prophage,2
SAMN14247787,Klebsiella pneumoniae,Prophage,3
SAMN14253864,Enterococcus faecalis,Prophage,3
SAMN14258346,Serratia spp,Prophage,0
SAMN14260617,Streptococcus pyogenes,Prophage,0
SAMN14271042,Salmonella enterica,Prophage,3
SAMN14271758,Pseudomonas aeruginosa,Prophage,1
SAMN14271760,Pseudomonas aeruginosa,Prophage,0
SAMN14271762,Pseudomonas aeruginosa,Prophage,1
SAMN14271763,Pseudomonas aeruginosa,Prophage,4
SAMN14271764,Pseudomonas aeruginosa,Prophage,1
SAMN14271766,Pseudomonas aeruginosa,Prophage,2
SAMN14271767,Pseudomonas aeruginosa,Prophage,1
SAMN14271769,Pseudomonas aeruginosa,Prophage,1
SAMN14271770,Pseudomonas aeruginosa,Prophage,0
SAMN14271772,Pseudomonas aeruginosa,Prophage,0
SAMN14271773,Pseudomonas aeruginosa,Prophage,1
SAMN14271775,Pseudomonas aeruginosa,Prophage,0
SAMN14271777,Pseudomonas aeruginosa,Prophage,4
SAMN14271780,Pseudomonas aeruginosa,Prophage,1
SAMN14277526,Escherichia coli,Prophage,3
SAMN14277527,Escherichia coli,Prophage,8
SAMN14277528,Escherichia coli,Prophage,3
SAMN14278032,Escherichia coli,Prophage,4
SAMN14308849,Acinetobacter baumannii,Prophage,2
SAMN14308853,Acinetobacter baumannii,Prophage,3
SAMN14331243,Escherichia coli,Prophage,1
SAMN14331403,Proteus spp,Prophage,0
SAMN14331836,Streptococcus agalactiae,Prophage,1
SAMN14342226,Escherichia coli,Prophage,3
SAMN14353910,Serratia spp,Prophage,3
SAMN14360500,Serratia spp,Prophage,0
SAMN14375125,Staphylococcus aureus,Prophage,2
SAMN14375126,Staphylococcus aureus,Prophage,3
SAMN14375127,Staphylococcus aureus,Prophage,2
SAMN14375128,Staphylococcus aureus,Prophage,2
SAMN14375129,Staphylococcus aureus,Prophage,1
SAMN14380576,Streptococcus pneumoniae,Prophage,0
SAMN14402333,Klebsiella pneumoniae,Prophage,3
SAMN14402341,Klebsiella pneumoniae,Prophage,2
SAMN14402356,Klebsiella pneumoniae,Prophage,0
SAMN14409516,Acinetobacter baumannii,Prophage,3
SAMN14409628,Acinetobacter baumannii,Prophage,1
SAMN14409813,Acinetobacter baumannii,Prophage,3
SAMN14410111,Acinetobacter baumannii,Prophage,2
SAMN14411773,Klebsiella pneumoniae,Prophage,6
SAMN14411775,Klebsiella pneumoniae,Prophage,6
SAMN14414747,Acinetobacter baumannii,Prophage,2
SAMN14414778,Acinetobacter baumannii,Prophage,3
SAMN14421539,Klebsiella pneumoniae,Prophage,4
SAMN14421540,Klebsiella pneumoniae,Prophage,3
SAMN14421541,Klebsiella pneumoniae,Prophage,1
SAMN14421542,Escherichia coli,Prophage,3
SAMN14433815,Neisseria spp,Prophage,0
SAMN14446138,Enterococcus faecium,Prophage,2
SAMN14446140,Enterococcus faecium,Prophage,1
SAMN14448286,Bacillus subtilis,Prophage,2
SAMN14449600,Escherichia coli,Prophage,11
SAMN14450165,Salmonella enterica,Prophage,0
SAMN14450166,Salmonella enterica,Prophage,6
SAMN14450167,Salmonella enterica,Prophage,4
SAMN14450168,Salmonella enterica,Prophage,5
SAMN14450169,Salmonella enterica,Prophage,2
SAMN14450170,Salmonella enterica,Prophage,2
SAMN14450171,Salmonella enterica,Prophage,2
SAMN14450172,Salmonella enterica,Prophage,2
SAMN14450173,Salmonella enterica,Prophage,2
SAMN14450174,Salmonella enterica,Prophage,2
SAMN14453492,Klebsiella pneumoniae,Prophage,8
SAMN14453495,Klebsiella pneumoniae,Prophage,4
SAMN14453496,Klebsiella pneumoniae,Prophage,6
SAMN14466324,Staphylococcus aureus,Prophage,1
SAMN14466325,Staphylococcus aureus,Prophage,1
SAMN14479757,Bacillus subtilis,Prophage,1
SAMN14479758,Bacillus subtilis,Prophage,1
SAMN14485325,Escherichia coli,Prophage,2
SAMN14485346,Escherichia coli,Prophage,2
SAMN14492121,Enterobacter spp,Prophage,3
SAMN14504595,Salmonella enterica,Prophage,0
SAMN14504796,Salmonella enterica,Prophage,4
SAMN14504865,Salmonella enterica,Prophage,3
SAMN14547667,Streptococcus pyogenes,Prophage,2
SAMN14548318,Klebsiella pneumoniae,Prophage,5
SAMN14550073,Staphylococcus aureus,Prophage,0
SAMN14554964,Pseudomonas aeruginosa,Prophage,1
SAMN14558572,Proteus spp,Prophage,3
SAMN14558608,Escherichia coli,Prophage,4
SAMN14558879,Escherichia coli,Prophage,1
SAMN14559931,Staphylococcus aureus,Prophage,2
SAMN14575425,Escherichia coli,Prophage,4
SAMN14589633,Helicobacter pylori,Prophage,0
SAMN14589635,Helicobacter pylori,Prophage,0
SAMN14589656,Helicobacter pylori,Prophage,0
SAMN14592714,Helicobacter pylori,Prophage,1
SAMN14592743,Helicobacter pylori,Prophage,1
SAMN14593073,Helicobacter pylori,Prophage,1
SAMN14593074,Helicobacter pylori,Prophage,0
SAMN14593075,Helicobacter pylori,Prophage,0
SAMN14593076,Helicobacter pylori,Prophage,0
SAMN14593077,Helicobacter pylori,Prophage,1
SAMN14593078,Helicobacter pylori,Prophage,1
SAMN14593079,Helicobacter pylori,Prophage,1
SAMN14593080,Helicobacter pylori,Prophage,0
SAMN14593081,Helicobacter pylori,Prophage,0
SAMN14593082,Helicobacter pylori,Prophage,0
SAMN14593083,Helicobacter pylori,Prophage,0
SAMN14593084,Helicobacter pylori,Prophage,0
SAMN14593085,Helicobacter pylori,Prophage,0
SAMN14593086,Helicobacter pylori,Prophage,0
SAMN14593087,Helicobacter pylori,Prophage,0
SAMN14593088,Helicobacter pylori,Prophage,0
SAMN14593089,Helicobacter pylori,Prophage,0
SAMN14593090,Helicobacter pylori,Prophage,1
SAMN14593091,Helicobacter pylori,Prophage,0
SAMN14593092,Helicobacter pylori,Prophage,0
SAMN14593093,Helicobacter pylori,Prophage,0
SAMN14593095,Helicobacter pylori,Prophage,0
SAMN14593096,Helicobacter pylori,Prophage,1
SAMN14593097,Helicobacter pylori,Prophage,0
SAMN14593098,Helicobacter pylori,Prophage,0
SAMN14593099,Helicobacter pylori,Prophage,0
SAMN14593100,Helicobacter pylori,Prophage,0
SAMN14598160,Staphylococcus aureus,Prophage,1
SAMN14598174,Staphylococcus aureus,Prophage,0
SAMN14598229,Staphylococcus aureus,Prophage,1
SAMN14609767,Escherichia coli,Prophage,0
SAMN14609768,Escherichia coli,Prophage,3
SAMN14609769,Escherichia coli,Prophage,5
SAMN14609770,Escherichia coli,Prophage,4
SAMN14609773,Escherichia coli,Prophage,3
SAMN14609774,Escherichia coli,Prophage,2
SAMN14609775,Escherichia coli,Prophage,2
SAMN14609776,Escherichia coli,Prophage,1
SAMN14609777,Escherichia coli,Prophage,1
SAMN14609778,Escherichia coli,Prophage,3
SAMN14609779,Escherichia coli,Prophage,1
SAMN14609782,Escherichia coli,Prophage,1
SAMN14609783,Escherichia coli,Prophage,3
SAMN14609784,Escherichia coli,Prophage,3
SAMN14609785,Escherichia coli,Prophage,4
SAMN14609787,Escherichia coli,Prophage,2
SAMN14609790,Escherichia coli,Prophage,2
SAMN14609792,Escherichia coli,Prophage,2
SAMN14609793,Escherichia coli,Prophage,4
SAMN14609795,Escherichia coli,Prophage,6
SAMN14609800,Escherichia coli,Prophage,3
SAMN14640085,Citrobacter spp,Prophage,6
SAMN14640123,Escherichia coli,Prophage,8
SAMN14667371,Pseudomonas aeruginosa,Prophage,3
SAMN14732738,Escherichia coli,Prophage,2
SAMN14750015,Pseudomonas aeruginosa,Prophage,4
SAMN14820692,Helicobacter pylori,Prophage,0
SAMN14820693,Helicobacter pylori,Prophage,0
SAMN14820694,Helicobacter pylori,Prophage,0
SAMN14835601,Serratia spp,Prophage,3
SAMN14840032,Escherichia coli,Prophage,6
SAMN14852675,Serratia spp,Prophage,0
SAMN14859482,Acinetobacter baumannii,Prophage,2
SAMN14859483,Klebsiella pneumoniae,Prophage,7
SAMN14859508,Serratia spp,Prophage,2
SAMN14863985,Serratia spp,Prophage,3
SAMN14894250,Proteus spp,Prophage,3
SAMN14896267,Proteus spp,Prophage,0
SAMN14909661,Proteus spp,Prophage,0
SAMN14909848,Proteus spp,Prophage,0
SAMN14910118,Proteus spp,Prophage,3
SAMN14910682,Staphylococcus aureus,Prophage,1
SAMN14927984,Salmonella enterica,Prophage,2
SAMN14930506,Proteus spp,Prophage,2
SAMN14930855,Proteus spp,Prophage,1
SAMN14933835,Escherichia coli,Prophage,2
SAMN14933836,Escherichia coli,Prophage,1
SAMN14933837,Escherichia coli,Prophage,2
SAMN14933838,Escherichia coli,Prophage,1
SAMN14933839,Escherichia coli,Prophage,2
SAMN14933840,Escherichia coli,Prophage,1
SAMN14933841,Escherichia coli,Prophage,2
SAMN14933842,Escherichia coli,Prophage,1
SAMN14933843,Escherichia coli,Prophage,1
SAMN14933845,Escherichia coli,Prophage,1
SAMN14933846,Escherichia coli,Prophage,1
SAMN14937971,Proteus spp,Prophage,5
SAMN14938213,Proteus spp,Prophage,2
SAMN14938214,Proteus spp,Prophage,2
SAMN14943536,Escherichia coli,Prophage,3
SAMN14943543,Escherichia coli,Prophage,6
SAMN14943544,Escherichia coli,Prophage,5
SAMN14943545,Escherichia coli,Prophage,6
SAMN14943547,Escherichia coli,Prophage,4
SAMN14944002,Escherichia coli,Prophage,3
SAMN14944003,Escherichia coli,Prophage,4
SAMN14944004,Escherichia coli,Prophage,1
SAMN14944005,Escherichia coli,Prophage,2
SAMN14944006,Escherichia coli,Prophage,0
SAMN14944012,Campylobacter spp,Prophage,1
SAMN14944081,Vibrio cholerae,Prophage,0
SAMN14944111,Vibrio cholerae,Prophage,0
SAMN14944112,Vibrio cholerae,Prophage,0
SAMN14944113,Vibrio cholerae,Prophage,0
SAMN14968778,Escherichia coli,Prophage,6
SAMN14969421,Enterococcus faecium,Prophage,2
SAMN14970706,Pseudomonas aeruginosa,Prophage,6
SAMN14970707,Pseudomonas aeruginosa,Prophage,0
SAMN14972504,Klebsiella pneumoniae,Prophage,5
SAMN14986373,Pseudomonas aeruginosa,Prophage,2
SAMN14987684,Salmonella enterica,Prophage,4
SAMN14998449,Serratia spp,Prophage,3
SAMN14999148,Serratia spp,Prophage,6
SAMN15002270,Proteus spp,Prophage,2
SAMN15002272,Proteus spp,Prophage,4
SAMN15004774,Campylobacter spp,Prophage,0
SAMN15004775,Campylobacter spp,Prophage,0
SAMN15004776,Campylobacter spp,Prophage,0
SAMN15004778,Campylobacter spp,Prophage,0
SAMN15004783,Campylobacter spp,Prophage,0
SAMN15004784,Campylobacter spp,Prophage,0
SAMN15004785,Campylobacter spp,Prophage,0
SAMN15009256,Serratia spp,Prophage,2
SAMN15013515,Pseudomonas aeruginosa,Prophage,2
SAMN15042437,Klebsiella pneumoniae,Prophage,1
SAMN15069579,Bacillus subtilis,Prophage,1
SAMN15075992,Escherichia coli,Prophage,1
SAMN15075993,Escherichia coli,Prophage,2
SAMN15075994,Escherichia coli,Prophage,3
SAMN15075995,Escherichia coli,Prophage,1
SAMN15075996,Escherichia coli,Prophage,3
SAMN15075997,Escherichia coli,Prophage,3
SAMN15075998,Escherichia coli,Prophage,5
SAMN15078591,Serratia spp,Prophage,1
SAMN15086845,Citrobacter spp,Prophage,4
SAMN15097904,Acinetobacter baumannii,Prophage,5
SAMN15148290,Klebsiella pneumoniae,Prophage,1
SAMN15148385,Klebsiella pneumoniae,Prophage,4
SAMN15148398,Klebsiella pneumoniae,Prophage,4
SAMN15148399,Klebsiella pneumoniae,Prophage,2
SAMN15148407,Klebsiella pneumoniae,Prophage,2
SAMN15148468,Klebsiella pneumoniae,Prophage,2
SAMN15148492,Klebsiella pneumoniae,Prophage,2
SAMN15148502,Klebsiella pneumoniae,Prophage,4
SAMN15148534,Enterobacter spp,Prophage,3
SAMN15148572,Enterobacter spp,Prophage,4
SAMN15148584,Citrobacter spp,Prophage,2
SAMN15148595,Citrobacter spp,Prophage,5
SAMN15148610,Klebsiella pneumoniae,Prophage,4
SAMN15148624,Klebsiella pneumoniae,Prophage,3
SAMN15148642,Klebsiella pneumoniae,Prophage,5
SAMN15148644,Klebsiella pneumoniae,Prophage,8
SAMN15148656,Klebsiella pneumoniae,Prophage,4
SAMN15148664,Klebsiella pneumoniae,Prophage,4
SAMN15148670,Klebsiella pneumoniae,Prophage,5
SAMN15148699,Klebsiella pneumoniae,Prophage,4
SAMN15148711,Klebsiella pneumoniae,Prophage,2
SAMN15148715,Klebsiella pneumoniae,Prophage,2
SAMN15148724,Klebsiella pneumoniae,Prophage,2
SAMN15148742,Citrobacter spp,Prophage,5
SAMN15148750,Citrobacter spp,Prophage,4
SAMN15148755,Klebsiella pneumoniae,Prophage,5
SAMN15148760,Klebsiella pneumoniae,Prophage,2
SAMN15148764,Klebsiella pneumoniae,Prophage,1
SAMN15148768,Citrobacter spp,Prophage,5
SAMN15156770,Campylobacter spp,Prophage,0
SAMN15156789,Campylobacter spp,Prophage,0
SAMN15156890,Campylobacter spp,Prophage,1
SAMN15156909,Campylobacter spp,Prophage,1
SAMN15156961,Campylobacter spp,Prophage,0
SAMN15156968,Campylobacter spp,Prophage,1
SAMN15156991,Campylobacter spp,Prophage,2
SAMN15186437,Klebsiella pneumoniae,Prophage,5
SAMN15186438,Klebsiella pneumoniae,Prophage,5
SAMN15186439,Klebsiella pneumoniae,Prophage,5
SAMN15186440,Klebsiella pneumoniae,Prophage,5
SAMN15186441,Klebsiella pneumoniae,Prophage,5
SAMN15186442,Klebsiella pneumoniae,Prophage,5
SAMN15186443,Klebsiella pneumoniae,Prophage,5
SAMN15186444,Klebsiella pneumoniae,Prophage,5
SAMN15186445,Klebsiella pneumoniae,Prophage,5
SAMN15186446,Klebsiella pneumoniae,Prophage,5
SAMN15186447,Klebsiella pneumoniae,Prophage,5
SAMN15195796,Pseudomonas aeruginosa,Prophage,1
SAMN15195814,Pseudomonas aeruginosa,Prophage,3
SAMN15195942,Pseudomonas aeruginosa,Prophage,6
SAMN15195943,Pseudomonas aeruginosa,Prophage,8
SAMN15195944,Pseudomonas aeruginosa,Prophage,8
SAMN15196021,Pseudomonas aeruginosa,Prophage,6
SAMN15196025,Pseudomonas aeruginosa,Prophage,5
SAMN15196026,Pseudomonas aeruginosa,Prophage,0
SAMN15196027,Pseudomonas aeruginosa,Prophage,3
SAMN15196985,Serratia spp,Prophage,0
SAMN15214140,Pseudomonas aeruginosa,Prophage,2
SAMN15214164,Pseudomonas aeruginosa,Prophage,5
SAMN15214166,Pseudomonas aeruginosa,Prophage,10
SAMN15229441,Escherichia coli,Prophage,5
SAMN15229442,Escherichia coli,Prophage,3
SAMN15229443,Escherichia coli,Prophage,1
SAMN15235523,Escherichia coli,Prophage,6
SAMN15239172,Staphylococcus aureus,Prophage,2
SAMN15246708,Streptococcus agalactiae,Prophage,0
SAMN15336737,Pseudomonas aeruginosa,Prophage,3
SAMN15344688,Acinetobacter baumannii,Prophage,2
SAMN15347006,Pseudomonas aeruginosa,Prophage,3
SAMN15379446,Campylobacter spp,Prophage,0
SAMN15395543,Klebsiella pneumoniae,Prophage,0
SAMN15402835,Escherichia coli,Prophage,6
SAMN15410927,Escherichia coli,Prophage,7
SAMN15421091,Escherichia coli,Prophage,5
SAMN15430096,Staphylococcus aureus,Prophage,0
SAMN15430097,Staphylococcus aureus,Prophage,1
SAMN15447143,Escherichia coli,Prophage,3
SAMN15455438,Escherichia coli,Prophage,0
SAMN15488495,Citrobacter spp,Prophage,3
SAMN15500044,Escherichia coli,Prophage,2
SAMN15501056,Acinetobacter baumannii,Prophage,0
SAMN15511588,Klebsiella pneumoniae,Prophage,8
SAMN15567915,Staphylococcus aureus,Prophage,0
SAMN15567918,Staphylococcus aureus,Prophage,3
SAMN15567930,Staphylococcus aureus,Prophage,2
SAMN15567935,Staphylococcus aureus,Prophage,0
SAMN15567939,Staphylococcus aureus,Prophage,0
SAMN15567941,Staphylococcus aureus,Prophage,1
SAMN15567944,Staphylococcus aureus,Prophage,0
SAMN15567945,Staphylococcus aureus,Prophage,1
SAMN15567950,Staphylococcus aureus,Prophage,0
SAMN15567951,Staphylococcus aureus,Prophage,0
SAMN15567952,Staphylococcus aureus,Prophage,1
SAMN15567960,Staphylococcus aureus,Prophage,1
SAMN15567962,Staphylococcus aureus,Prophage,0
SAMN15567971,Staphylococcus aureus,Prophage,0
SAMN15567974,Staphylococcus aureus,Prophage,0
SAMN15567977,Staphylococcus aureus,Prophage,1
SAMN15567978,Staphylococcus aureus,Prophage,0
SAMN15567984,Staphylococcus aureus,Prophage,1
SAMN15567985,Staphylococcus aureus,Prophage,1
SAMN15567987,Staphylococcus aureus,Prophage,1
SAMN15567988,Staphylococcus aureus,Prophage,1
SAMN15567993,Staphylococcus aureus,Prophage,1
SAMN15643623,Enterococcus faecium,Prophage,2
SAMN15649146,Klebsiella pneumoniae,Prophage,5
SAMN15676882,Klebsiella pneumoniae,Prophage,2
SAMN15681552,Escherichia coli,Prophage,1
SAMN15770595,Proteus spp,Prophage,0
SAMN15778733,Acinetobacter baumannii,Prophage,4
SAMN15783172,Streptococcus pyogenes,Prophage,4
SAMN15783173,Streptococcus pyogenes,Prophage,3
SAMN15783174,Streptococcus pyogenes,Prophage,4
SAMN15783175,Streptococcus pyogenes,Prophage,3
SAMN15783176,Streptococcus pyogenes,Prophage,3
SAMN15783364,Streptococcus pneumoniae,Prophage,1
SAMN15783927,Pseudomonas aeruginosa,Prophage,4
SAMN15783928,Pseudomonas aeruginosa,Prophage,3
SAMN15783929,Pseudomonas aeruginosa,Prophage,0
SAMN15783930,Pseudomonas aeruginosa,Prophage,2
SAMN15796617,Salmonella enterica,Prophage,5
SAMN15813653,Neisseria spp,Prophage,0
SAMN15816123,Klebsiella pneumoniae,Prophage,2
SAMN15819058,Acinetobacter baumannii,Prophage,2
SAMN15824160,Streptococcus pyogenes,Prophage,1
SAMN15824162,Streptococcus pyogenes,Prophage,2
SAMN15824163,Streptococcus pyogenes,Prophage,1
SAMN15824166,Streptococcus pyogenes,Prophage,0
SAMN15824167,Streptococcus pyogenes,Prophage,2
SAMN15824169,Streptococcus pyogenes,Prophage,2
SAMN15824170,Streptococcus pyogenes,Prophage,0
SAMN15824171,Streptococcus pyogenes,Prophage,2
SAMN15824172,Streptococcus pyogenes,Prophage,2
SAMN15834152,Pseudomonas aeruginosa,Prophage,2
SAMN15854353,Staphylococcus aureus,Prophage,0
SAMN15858987,Streptococcus pneumoniae,Prophage,0
SAMN15860571,Bacillus subtilis,Prophage,1
SAMN15860813,Pseudomonas aeruginosa,Prophage,2
SAMN15887715,Staphylococcus aureus,Prophage,1
SAMN15900780,Enterococcus faecalis,Prophage,3
SAMN15904652,Escherichia coli,Prophage,4
SAMN15904661,Escherichia coli,Prophage,2
SAMN15904662,Escherichia coli,Prophage,2
SAMN15904665,Escherichia coli,Prophage,2
SAMN15904667,Escherichia coli,Prophage,2
SAMN15907136,Klebsiella pneumoniae,Prophage,5
SAMN15929419,Acinetobacter baumannii,Prophage,3
SAMN15945289,Escherichia coli,Prophage,0
SAMN15946735,Klebsiella pneumoniae,Prophage,3
SAMN15964725,Streptococcus pyogenes,Prophage,2
SAMN15964726,Streptococcus pyogenes,Prophage,2
SAMN15964727,Streptococcus pyogenes,Prophage,3
SAMN15964728,Streptococcus pyogenes,Prophage,2
SAMN16073343,Escherichia coli,Prophage,3
SAMN16077358,Escherichia coli,Prophage,3
SAMN16077359,Escherichia coli,Prophage,3
SAMN16085534,Klebsiella pneumoniae,Prophage,1
SAMN16093280,Staphylococcus aureus,Prophage,2
SAMN16191206,Streptococcus agalactiae,Prophage,0
SAMN16229794,Bacillus subtilis,Prophage,1
SAMN16233514,Enterobacter spp,Prophage,3
SAMN16237063,Escherichia coli,Prophage,6
SAMN16242922,Escherichia coli,Prophage,3
SAMN16268784,Serratia spp,Prophage,1
SAMN16275376,Pseudomonas aeruginosa,Prophage,2
SAMN16277032,Escherichia coli,Prophage,1
SAMN16282620,Salmonella enterica,Prophage,4
SAMN16304032,Acinetobacter baumannii,Prophage,2
SAMN16304178,Escherichia coli,Prophage,5
SAMN16304185,Escherichia coli,Prophage,5
SAMN16304208,Escherichia coli,Prophage,5
SAMN16304268,Escherichia coli,Prophage,5
SAMN16327583,Escherichia coli,Prophage,12
SAMN16327730,Enterococcus faecium,Prophage,2
SAMN16327791,Enterococcus faecium,Prophage,3
SAMN16330026,Bacillus subtilis,Prophage,2
SAMN16339607,Escherichia coli,Prophage,6
SAMN16339622,Escherichia coli,Prophage,6
SAMN16357247,Enterobacter spp,Prophage,4
SAMN16357248,Proteus spp,Prophage,0
SAMN16357258,Serratia spp,Prophage,3
SAMN16357387,Staphylococcus aureus,Prophage,2
SAMN16357388,Staphylococcus aureus,Prophage,2
SAMN16357393,Escherichia coli,Prophage,2
SAMN16357394,Escherichia coli,Prophage,4
SAMN16357395,Escherichia coli,Prophage,3
SAMN16357396,Escherichia coli,Prophage,3
SAMN16357397,Escherichia coli,Prophage,2
SAMN16357398,Escherichia coli,Prophage,2
SAMN16357399,Escherichia coli,Prophage,4
SAMN16357402,Escherichia coli,Prophage,3
SAMN16357409,Escherichia coli,Prophage,6
SAMN16357410,Escherichia coli,Prophage,3
SAMN16357418,Escherichia coli,Prophage,2
SAMN16357419,Escherichia coli,Prophage,3
SAMN16357421,Escherichia coli,Prophage,0
SAMN16357425,Escherichia coli,Prophage,6
SAMN16357428,Escherichia coli,Prophage,7
SAMN16357429,Escherichia coli,Prophage,6
SAMN16357430,Escherichia coli,Prophage,8
SAMN16357431,Escherichia coli,Prophage,3
SAMN16357432,Escherichia coli,Prophage,4
SAMN16357433,Escherichia coli,Prophage,5
SAMN16357434,Escherichia coli,Prophage,4
SAMN16357435,Escherichia coli,Prophage,3
SAMN16357437,Escherichia coli,Prophage,5
SAMN16357438,Escherichia coli,Prophage,5
SAMN16357439,Escherichia coli,Prophage,5
SAMN16357440,Escherichia coli,Prophage,7
SAMN16357441,Escherichia coli,Prophage,4
SAMN16357442,Escherichia coli,Prophage,6
SAMN16357443,Escherichia coli,Prophage,4
SAMN16357444,Escherichia coli,Prophage,4
SAMN16357445,Escherichia coli,Prophage,8
SAMN16357446,Escherichia coli,Prophage,7
SAMN16357453,Klebsiella pneumoniae,Prophage,2
SAMN16357501,Acinetobacter baumannii,Prophage,3
SAMN16357502,Acinetobacter baumannii,Prophage,3
SAMN16357514,Escherichia coli,Prophage,3
SAMN16387482,Escherichia coli,Prophage,7
SAMN16387489,Escherichia coli,Prophage,1
SAMN16387490,Escherichia coli,Prophage,5
SAMN16387495,Escherichia coli,Prophage,4
SAMN16387496,Escherichia coli,Prophage,3
SAMN16387502,Escherichia coli,Prophage,3
SAMN16393143,Pseudomonas aeruginosa,Prophage,0
SAMN16393371,Escherichia coli,Prophage,6
SAMN16409221,Haemophilus influenzae,Prophage,1
SAMN16416354,Bacillus subtilis,Prophage,3
SAMN16418109,Klebsiella pneumoniae,Prophage,3
SAMN16424893,Bacillus subtilis,Prophage,1
SAMN16435111,Escherichia coli,Prophage,2
SAMN16451036,Klebsiella pneumoniae,Prophage,7
SAMN16456043,Serratia spp,Prophage,2
SAMN16520638,Escherichia coli,Prophage,6
SAMN16521237,Proteus spp,Prophage,0
SAMN16539444,Klebsiella pneumoniae,Prophage,2
SAMN16539459,Klebsiella pneumoniae,Prophage,0
SAMN16539551,Klebsiella pneumoniae,Prophage,3
SAMN16552335,Salmonella enterica,Prophage,2
SAMN16552336,Salmonella enterica,Prophage,3
SAMN16552337,Salmonella enterica,Prophage,3
SAMN16552338,Salmonella enterica,Prophage,2
SAMN16560603,Klebsiella pneumoniae,Prophage,2
SAMN16580452,Streptococcus pneumoniae,Prophage,0
SAMN16604318,Klebsiella pneumoniae,Prophage,5
SAMN16619592,Morganella morganii,Prophage,5
SAMN16656073,Pseudomonas aeruginosa,Prophage,4
SAMN16656078,Pseudomonas aeruginosa,Prophage,6
SAMN16686676,Bacillus subtilis,Prophage,2
SAMN16705163,Klebsiella pneumoniae,Prophage,1
SAMN16707726,Salmonella enterica,Prophage,0
SAMN16710840,Staphylococcus aureus,Prophage,2
SAMN16801778,Bacillus subtilis,Prophage,1
SAMN16810910,Escherichia coli,Prophage,2
SAMN16810911,Escherichia coli,Prophage,2
SAMN16810912,Escherichia coli,Prophage,2
SAMN16810913,Escherichia coli,Prophage,2
SAMN16810914,Escherichia coli,Prophage,2
SAMN16872508,Klebsiella pneumoniae,Prophage,5
SAMN16872509,Klebsiella pneumoniae,Prophage,4
SAMN16872510,Klebsiella pneumoniae,Prophage,7
SAMN16872512,Klebsiella pneumoniae,Prophage,7
SAMN16933270,Enterobacter spp,Prophage,3
SAMN16988100,Enterococcus faecium,Prophage,1
SAMN17012772,Enterococcus faecium,Prophage,1
SAMN17038071,Enterococcus faecium,Prophage,2
SAMN17038091,Enterococcus faecium,Prophage,3
SAMN17038093,Enterococcus faecium,Prophage,1
SAMN17038094,Enterococcus faecium,Prophage,1
SAMN17100626,Proteus spp,Prophage,0
SAMN17109637,Staphylococcus aureus,Prophage,2
SAMN17109638,Staphylococcus aureus,Prophage,2
SAMN17117771,Enterobacter spp,Prophage,0
SAMN17127784,Streptococcus pyogenes,Prophage,2
SAMN17141633,Streptococcus pyogenes,Prophage,3
SAMN17141634,Streptococcus pyogenes,Prophage,3
SAMN17141635,Streptococcus pyogenes,Prophage,3
SAMN17151035,Escherichia coli,Prophage,2
SAMN17168893,Escherichia coli,Prophage,2
SAMN17169733,Enterococcus faecalis,Prophage,1
SAMN17207384,Pseudomonas aeruginosa,Prophage,2
SAMN17214845,Escherichia coli,Prophage,4
SAMN17214846,Escherichia coli,Prophage,1
SAMN17221882,Salmonella enterica,Prophage,3
SAMN17266662,Pseudomonas aeruginosa,Prophage,5
SAMN17301231,Staphylococcus aureus,Prophage,4
SAMN17301232,Staphylococcus aureus,Prophage,3
SAMN17301233,Staphylococcus aureus,Prophage,3
SAMN17301237,Staphylococcus aureus,Prophage,2
SAMN17319566,Salmonella enterica,Prophage,0
SAMN17348805,Escherichia coli,Prophage,5
SAMN17379417,Campylobacter spp,Prophage,1
SAMN17379418,Campylobacter spp,Prophage,1
SAMN17379544,Campylobacter spp,Prophage,1
SAMN17393045,Neisseria spp,Prophage,0
SAMN17574687,Bacillus subtilis,Prophage,2
SAMN17575725,Pseudomonas aeruginosa,Prophage,3
SAMN17602804,Streptococcus pneumoniae,Prophage,1
SAMN17608139,Bacillus subtilis,Prophage,1
SAMN17615183,Enterococcus faecalis,Prophage,1
SAMN17729804,Staphylococcus aureus,Prophage,1
SAMN17732895,Escherichia coli,Prophage,2
SAMN17732897,Escherichia coli,Prophage,2
SAMN17732898,Escherichia coli,Prophage,2
SAMN17732899,Escherichia coli,Prophage,2
SAMN17732900,Escherichia coli,Prophage,2
SAMN17732901,Escherichia coli,Prophage,2
SAMN17732902,Escherichia coli,Prophage,2
SAMN17732903,Escherichia coli,Prophage,2
SAMN17736024,Escherichia coli,Prophage,7
SAMN17766548,Klebsiella pneumoniae,Prophage,2
SAMN17766590,Escherichia coli,Prophage,3
SAMN17832981,Bacillus subtilis,Prophage,0
SAMN17848993,Bacillus subtilis,Prophage,2
SAMN17983074,Staphylococcus aureus,Prophage,0
SAMN18034722,Streptococcus pyogenes,Prophage,3
SAMN18062621,Escherichia coli,Prophage,6
SAMN18062968,Enterococcus faecalis,Prophage,2
SAMN18063036,Enterococcus faecalis,Prophage,1
SAMN18096031,Klebsiella pneumoniae,Prophage,3
SAMN18104335,Serratia spp,Prophage,1
SAMN18118495,Escherichia coli,Prophage,4
SAMN18131652,Escherichia coli,Prophage,3
SAMN18140782,Escherichia coli,Prophage,10
SAMN18202092,Acinetobacter baumannii,Prophage,2
SAMN18237805,Pseudomonas aeruginosa,Prophage,2
SAMN18237922,Pseudomonas aeruginosa,Prophage,2
SAMN18296288,Helicobacter pylori,Prophage,0
SAMN18323755,Streptococcus pneumoniae,Prophage,2
SAMN18323756,Streptococcus pneumoniae,Prophage,1
SAMN18323757,Streptococcus pneumoniae,Prophage,2
SAMN18350106,Helicobacter pylori,Prophage,0
SAMN18350156,Helicobacter pylori,Prophage,0
SAMN18350180,Helicobacter pylori,Prophage,0
SAMN18350188,Helicobacter pylori,Prophage,0
SAMN18350190,Helicobacter pylori,Prophage,0
SAMN18350230,Helicobacter pylori,Prophage,1
SAMN18350231,Helicobacter pylori,Prophage,0
SAMN18350270,Helicobacter pylori,Prophage,1
SAMN18350271,Helicobacter pylori,Prophage,0
SAMN18350774,Escherichia coli,Prophage,7
SAMN18396008,Acinetobacter baumannii,Prophage,2
SAMN18435893,Streptococcus pyogenes,Prophage,1
SAMN18451305,Acinetobacter baumannii,Prophage,2
SAMN18452234,Acinetobacter baumannii,Prophage,2
SAMN18452334,Acinetobacter baumannii,Prophage,2
SAMN18452342,Acinetobacter baumannii,Prophage,2
SAMN18452659,Acinetobacter baumannii,Prophage,2
SAMN18452698,Acinetobacter baumannii,Prophage,2
SAMN18452699,Acinetobacter baumannii,Prophage,2
SAMN18452712,Acinetobacter baumannii,Prophage,2
SAMN18452713,Acinetobacter baumannii,Prophage,2
SAMN18473280,Serratia spp,Prophage,3
SAMN18498586,Acinetobacter baumannii,Prophage,0
SAMN18523098,Streptococcus pyogenes,Prophage,4
SAMN18529738,Bacillus subtilis,Prophage,0
SAMN18536560,Escherichia coli,Prophage,4
SAMN18536561,Escherichia coli,Prophage,2
SAMN18536563,Escherichia coli,Prophage,4
SAMN18536858,Pseudomonas aeruginosa,Prophage,1
SAMN18593959,Proteus spp,Prophage,0
SAMN18636297,Vibrio cholerae,Prophage,0
SAMN18642587,Bacillus subtilis,Prophage,0
SAMN18818640,Proteus spp,Prophage,0
SAMN18859086,Proteus spp,Prophage,2
SAMN18877293,Escherichia coli,Prophage,4
SAMN18877296,Escherichia coli,Prophage,4
SAMN18877308,Escherichia coli,Prophage,5
SAMN18877319,Escherichia coli,Prophage,0
SAMN18913859,Klebsiella pneumoniae,Prophage,3
SAMN18917001,Serratia spp,Prophage,2
SAMN19011646,Escherichia coli,Prophage,4
SAMN19011647,Escherichia coli,Prophage,0
SAMN19237597,Escherichia coli,Prophage,2
SAMN19299915,Escherichia coli,Prophage,1
SAMN19349425,Escherichia coli,Prophage,4
SAMN19429924,Pseudomonas aeruginosa,Prophage,2
SAMN19459936,Bacillus subtilis,Prophage,0
SAMN19460184,Staphylococcus aureus,Prophage,0
SAMN19493560,Escherichia coli,Prophage,2
SAMN19573779,Enterococcus faecalis,Prophage,4
SAMN19573780,Enterococcus faecalis,Prophage,4
SAMN19573781,Enterococcus faecalis,Prophage,4
SAMN19667020,Bacillus subtilis,Prophage,1
SAMN19678575,Serratia spp,Prophage,2
SAMN19690183,Staphylococcus aureus,Prophage,0
SAMN19762528,Acinetobacter baumannii,Prophage,6
SAMN19762585,Acinetobacter baumannii,Prophage,3
SAMN19762632,Acinetobacter baumannii,Prophage,0
SAMN19762636,Acinetobacter baumannii,Prophage,3
SAMN19774588,Acinetobacter baumannii,Prophage,3
SAMN19774653,Acinetobacter baumannii,Prophage,5
SAMN19812513,Salmonella enterica,Prophage,1
SAMN19844607,Staphylococcus aureus,Prophage,0
SAMN19911946,Acinetobacter baumannii,Prophage,3
SAMN19950565,Pseudomonas aeruginosa,Prophage,4
SAMN19950568,Pseudomonas aeruginosa,Prophage,3
SAMN19950570,Pseudomonas aeruginosa,Prophage,4
SAMN19950571,Pseudomonas aeruginosa,Prophage,3
SAMN19950572,Pseudomonas aeruginosa,Prophage,3
SAMN19950574,Pseudomonas aeruginosa,Prophage,5
SAMN19950575,Pseudomonas aeruginosa,Prophage,4
SAMN19955388,Acinetobacter baumannii,Prophage,4
SAMN19998455,Neisseria spp,Prophage,0
SAMN19998456,Neisseria spp,Prophage,0
SAMN19998457,Neisseria spp,Prophage,0
SAMN19998458,Neisseria spp,Prophage,0
SAMN19998459,Neisseria spp,Prophage,1
SAMN19998460,Neisseria spp,Prophage,0
SAMN19998461,Neisseria spp,Prophage,1
SAMN20282879,Escherichia coli,Prophage,2
SAMN20425746,Pseudomonas aeruginosa,Prophage,0
SAMN20437332,Escherichia coli,Prophage,0
SAMN20458429,Pseudomonas aeruginosa,Prophage,1
SAMN20474411,Bacillus subtilis,Prophage,3
SAMN20518183,Salmonella enterica,Prophage,5
SAMN20550080,Staphylococcus aureus,Prophage,2
SAMN20598852,Escherichia coli,Prophage,0
SAMN20599517,Bacillus subtilis,Prophage,2
SAMN20607820,Enterococcus faecalis,Prophage,2
SAMN20667806,Staphylococcus aureus,Prophage,3
SAMN20667807,Staphylococcus aureus,Prophage,2
SAMN20692924,Pseudomonas aeruginosa,Prophage,2
SAMN20701137,Escherichia coli,Prophage,3
SAMN20702951,Pseudomonas aeruginosa,Prophage,7
SAMN20703503,Escherichia coli,Prophage,0
SAMN20802105,Escherichia coli,Prophage,1
SAMN20821254,Pseudomonas aeruginosa,Prophage,2
SAMN20825297,Bacillus subtilis,Prophage,1
SAMN20837287,Campylobacter spp,Prophage,0
SAMN20855217,Escherichia coli,Prophage,2
SAMN20888882,Campylobacter spp,Prophage,0
SAMN20888883,Campylobacter spp,Prophage,0
SAMN20888896,Haemophilus influenzae,Prophage,0
SAMN20934286,Escherichia coli,Prophage,2
SAMN20934287,Escherichia coli,Prophage,4
SAMN20934288,Escherichia coli,Prophage,9
SAMN20934289,Escherichia coli,Prophage,3
SAMN20934290,Escherichia coli,Prophage,7
SAMN20934292,Escherichia coli,Prophage,9
SAMN20934293,Escherichia coli,Prophage,8
SAMN20934294,Escherichia coli,Prophage,6
SAMN20934295,Escherichia coli,Prophage,4
SAMN20934297,Escherichia coli,Prophage,5
SAMN20934298,Escherichia coli,Prophage,5
SAMN20934299,Escherichia coli,Prophage,4
SAMN20934300,Escherichia coli,Prophage,5
SAMN20934301,Escherichia coli,Prophage,3
SAMN20934302,Escherichia coli,Prophage,3
SAMN20934303,Escherichia coli,Prophage,4
SAMN20959237,Escherichia coli,Prophage,0
SAMN20966683,Klebsiella pneumoniae,Prophage,4
SAMN20982448,Escherichia coli,Prophage,4
SAMN20982449,Escherichia coli,Prophage,5
SAMN20982450,Pseudomonas aeruginosa,Prophage,5
SAMN20982451,Pseudomonas aeruginosa,Prophage,9
SAMN20982452,Pseudomonas aeruginosa,Prophage,6
SAMN20982453,Streptococcus pneumoniae,Prophage,0
SAMN21028540,Acinetobacter baumannii,Prophage,2
SAMN21036792,Escherichia coli,Prophage,3
SAMN21037614,Escherichia coli,Prophage,2
SAMN21159018,Escherichia coli,Prophage,2
SAMN21159021,Escherichia coli,Prophage,5
SAMN21159022,Escherichia coli,Prophage,1
SAMN21159023,Escherichia coli,Prophage,3
SAMN21159024,Escherichia coli,Prophage,4
SAMN21166609,Salmonella enterica,Prophage,2
SAMN21220196,Bacillus subtilis,Prophage,3
SAMN21240079,Acinetobacter baumannii,Prophage,3
SAMN21240411,Campylobacter spp,Prophage,0
SAMN21245944,Acinetobacter baumannii,Prophage,0
SAMN21245945,Acinetobacter baumannii,Prophage,0
SAMN21378319,Campylobacter spp,Prophage,0
SAMN21378336,Campylobacter spp,Prophage,0
SAMN21378338,Campylobacter spp,Prophage,0
SAMN21438377,Staphylococcus aureus,Prophage,0
SAMN21591357,Staphylococcus aureus,Prophage,0
SAMN21841557,Escherichia coli,Prophage,0
SAMN21841558,Escherichia coli,Prophage,0
SAMN21841559,Escherichia coli,Prophage,6
SAMN21841572,Escherichia coli,Prophage,6
SAMN22091643,Campylobacter spp,Prophage,0
SAMN22091657,Haemophilus influenzae,Prophage,2
SAMN22091660,Helicobacter pylori,Prophage,0
SAMN22108509,Streptococcus agalactiae,Prophage,1
SAMN22108510,Streptococcus agalactiae,Prophage,0
SAMN22108528,Pseudomonas aeruginosa,Prophage,1
SAMN22202742,Acinetobacter baumannii,Prophage,4
SAMN22202743,Acinetobacter baumannii,Prophage,4
SAMN22202744,Acinetobacter baumannii,Prophage,4
SAMN22202745,Acinetobacter baumannii,Prophage,4
SAMN22202746,Acinetobacter baumannii,Prophage,4
SAMN22222466,Proteus spp,Prophage,1
SAMN22232796,Escherichia coli,Prophage,1
SAMN22349649,Enterococcus faecalis,Prophage,2
SAMN22349650,Enterococcus faecalis,Prophage,4
SAMN22365130,Helicobacter pylori,Prophage,0
SAMN22417850,Bacillus subtilis,Prophage,1
SAMN22446300,Salmonella enterica,Prophage,0
SAMN22446303,Salmonella enterica,Prophage,0
SAMN22488132,Escherichia coli,Prophage,3
SAMN22599447,Neisseria spp,Prophage,1
SAMN22599455,Neisseria spp,Prophage,1
SAMN22599488,Neisseria spp,Prophage,1
SAMN22599711,Neisseria spp,Prophage,0
SAMN22600315,Neisseria spp,Prophage,0
SAMN22600584,Neisseria spp,Prophage,0
SAMN22600590,Neisseria spp,Prophage,0
SAMN22600605,Neisseria spp,Prophage,0
SAMN22600608,Neisseria spp,Prophage,0
SAMN22600672,Neisseria spp,Prophage,1
SAMN22600865,Neisseria spp,Prophage,1
SAMN22600892,Neisseria spp,Prophage,0
SAMN22668663,Campylobacter spp,Prophage,0
SAMN22668664,Campylobacter spp,Prophage,0
SAMN22668665,Campylobacter spp,Prophage,0
SAMN22668667,Campylobacter spp,Prophage,1
SAMN22668668,Campylobacter spp,Prophage,1
SAMN22668669,Campylobacter spp,Prophage,0
SAMN22668670,Campylobacter spp,Prophage,0
SAMN22668671,Campylobacter spp,Prophage,0
SAMN22668672,Campylobacter spp,Prophage,0
SAMN22668673,Campylobacter spp,Prophage,0
SAMN22668674,Campylobacter spp,Prophage,0
SAMN22668675,Campylobacter spp,Prophage,0
SAMN22668676,Campylobacter spp,Prophage,0
SAMN22830670,Escherichia coli,Prophage,6
SAMN23416895,Acinetobacter baumannii,Prophage,0
SAMN23416908,Acinetobacter baumannii,Prophage,0
SAMN23424484,Enterococcus faecalis,Prophage,3
SAMN23424485,Enterococcus faecalis,Prophage,0
SAMN23424733,Enterococcus faecalis,Prophage,0
SAMN23424735,Enterococcus faecalis,Prophage,0
SAMN23424736,Enterococcus faecalis,Prophage,3
SAMN23424737,Enterococcus faecalis,Prophage,3
SAMN23424740,Enterococcus faecium,Prophage,2
SAMN23424742,Enterococcus faecium,Prophage,0
SAMN23485796,Serratia spp,Prophage,1
SAMN23485809,Serratia spp,Prophage,0
SAMN23485811,Serratia spp,Prophage,1
SAMN23552366,Klebsiella pneumoniae,Prophage,5
SAMN23553085,Pseudomonas aeruginosa,Prophage,1
SAMN23553142,Acinetobacter baumannii,Prophage,3
SAMN23553143,Acinetobacter baumannii,Prophage,3
SAMN23605131,Pseudomonas aeruginosa,Prophage,0
SAMN23605132,Pseudomonas aeruginosa,Prophage,0
SAMN23605134,Pseudomonas aeruginosa,Prophage,0
SAMN23605135,Pseudomonas aeruginosa,Prophage,1
SAMN23605136,Pseudomonas aeruginosa,Prophage,0
SAMN23605137,Pseudomonas aeruginosa,Prophage,0
SAMN23610989,Helicobacter pylori,Prophage,0
SAMN23617024,Klebsiella pneumoniae,Prophage,1
SAMN23617027,Klebsiella pneumoniae,Prophage,2
SAMN23617029,Klebsiella pneumoniae,Prophage,3
SAMN23617032,Klebsiella pneumoniae,Prophage,1
SAMN23701156,Staphylococcus aureus,Prophage,2
SAMN23701158,Staphylococcus aureus,Prophage,3
SAMN23701160,Staphylococcus aureus,Prophage,2
SAMN23803107,Proteus spp,Prophage,0
SAMN23828484,Enterococcus faecium,Prophage,3
SAMN23928042,Staphylococcus aureus,Prophage,0
SAMN23961033,Bacillus subtilis,Prophage,2
SAMN24059709,Pseudomonas aeruginosa,Prophage,1
SAMN24173961,Staphylococcus aureus,Prophage,1
SAMN24295374,Escherichia coli,Prophage,0
SAMN24372403,Serratia spp,Prophage,2
SAMN24425237,Acinetobacter baumannii,Prophage,2
SAMN24425653,Pseudomonas aeruginosa,Prophage,1
SAMN24425732,Escherichia coli,Prophage,4
SAMN24579862,Pseudomonas aeruginosa,Prophage,3
SAMN24596081,Enterobacter spp,Prophage,4
SAMN24648089,Staphylococcus aureus,Prophage,3
SAMN24648092,Staphylococcus aureus,Prophage,2
SAMN24648095,Staphylococcus aureus,Prophage,1
SAMN24648098,Staphylococcus aureus,Prophage,1
SAMN24919645,Staphylococcus aureus,Prophage,2
SAMN25087978,Acinetobacter baumannii,Prophage,0
SAMN25131674,Acinetobacter baumannii,Prophage,3
SAMN25131676,Acinetobacter baumannii,Prophage,0
SAMN25131677,Acinetobacter baumannii,Prophage,2
SAMN25144899,Staphylococcus aureus,Prophage,2
SAMN25185246,Acinetobacter baumannii,Prophage,5
SAMN25249812,Enterococcus faecalis,Prophage,1
SAMN25249813,Enterococcus faecalis,Prophage,4
SAMN25249816,Enterococcus faecalis,Prophage,1
SAMN25249817,Enterococcus faecalis,Prophage,0
SAMN25249818,Enterococcus faecalis,Prophage,0
SAMN25249820,Enterococcus faecalis,Prophage,6
SAMN25656797,Campylobacter spp,Prophage,0
SAMN25685231,Campylobacter spp,Prophage,0
SAMN25685808,Campylobacter spp,Prophage,0
SAMN25686010,Campylobacter spp,Prophage,2
SAMN25686030,Campylobacter spp,Prophage,0
SAMN25686031,Campylobacter spp,Prophage,0
SAMN25755497,Acinetobacter baumannii,Prophage,2
SAMN26226212,Pseudomonas aeruginosa,Prophage,3
SAMN26226214,Pseudomonas aeruginosa,Prophage,7
SAMN26514128,Bacillus subtilis,Prophage,1
SAMN26533862,Bacillus subtilis,Prophage,2
SAMN26567210,Salmonella enterica,Prophage,2
SAMN26650298,Pseudomonas aeruginosa,Prophage,0
SAMN26664045,Salmonella enterica,Prophage,5
SAMN26668869,Klebsiella pneumoniae,Prophage,3
SAMN26674805,Salmonella enterica,Prophage,2
SAMN26675507,Helicobacter pylori,Prophage,0
SAMN26675508,Helicobacter pylori,Prophage,0
SAMN26675509,Helicobacter pylori,Prophage,0
SAMN26675510,Helicobacter pylori,Prophage,0
SAMN26675511,Helicobacter pylori,Prophage,0
SAMN26675512,Helicobacter pylori,Prophage,0
SAMN26675514,Helicobacter pylori,Prophage,0
SAMN26675515,Helicobacter pylori,Prophage,0
SAMN26675517,Helicobacter pylori,Prophage,0
SAMN26675518,Helicobacter pylori,Prophage,0
SAMN26675519,Helicobacter pylori,Prophage,0
SAMN26675520,Helicobacter pylori,Prophage,0
SAMN26675521,Helicobacter pylori,Prophage,0
SAMN26675523,Helicobacter pylori,Prophage,0
SAMN26675524,Helicobacter pylori,Prophage,0
SAMN26675525,Helicobacter pylori,Prophage,0
SAMN26675526,Helicobacter pylori,Prophage,0
SAMN26675527,Helicobacter pylori,Prophage,0
SAMN26675528,Helicobacter pylori,Prophage,0
SAMN26675529,Helicobacter pylori,Prophage,0
SAMN26675530,Helicobacter pylori,Prophage,0
SAMN26675531,Helicobacter pylori,Prophage,0
SAMN26675532,Helicobacter pylori,Prophage,0
SAMN26675534,Helicobacter pylori,Prophage,0
SAMN26675535,Helicobacter pylori,Prophage,0
SAMN26675536,Helicobacter pylori,Prophage,0
SAMN26675537,Helicobacter pylori,Prophage,0
SAMN26675538,Helicobacter pylori,Prophage,0
SAMN26675539,Helicobacter pylori,Prophage,0
SAMN26675540,Helicobacter pylori,Prophage,0
SAMN26675541,Helicobacter pylori,Prophage,0
SAMN26675542,Helicobacter pylori,Prophage,0
SAMN26675543,Helicobacter pylori,Prophage,0
SAMN26675544,Helicobacter pylori,Prophage,0
SAMN26675545,Helicobacter pylori,Prophage,0
SAMN26675546,Helicobacter pylori,Prophage,0
SAMN26675547,Helicobacter pylori,Prophage,0
SAMN26675548,Helicobacter pylori,Prophage,0
SAMN26675549,Helicobacter pylori,Prophage,0
SAMN26675550,Helicobacter pylori,Prophage,0
SAMN26675551,Helicobacter pylori,Prophage,0
SAMN26675552,Helicobacter pylori,Prophage,0
SAMN26675553,Helicobacter pylori,Prophage,0
SAMN26675554,Helicobacter pylori,Prophage,0
SAMN26675555,Helicobacter pylori,Prophage,0
SAMN26675556,Helicobacter pylori,Prophage,0
SAMN26675558,Helicobacter pylori,Prophage,0
SAMN26675559,Helicobacter pylori,Prophage,0
SAMN26675560,Helicobacter pylori,Prophage,0
SAMN26675561,Helicobacter pylori,Prophage,0
SAMN26675562,Helicobacter pylori,Prophage,0
SAMN26675564,Helicobacter pylori,Prophage,0
SAMN26675565,Helicobacter pylori,Prophage,0
SAMN26675566,Helicobacter pylori,Prophage,0
SAMN26675568,Helicobacter pylori,Prophage,0
SAMN26675569,Helicobacter pylori,Prophage,0
SAMN26675570,Helicobacter pylori,Prophage,0
SAMN26675571,Helicobacter pylori,Prophage,0
SAMN26675572,Helicobacter pylori,Prophage,0
SAMN26675573,Helicobacter pylori,Prophage,0
SAMN26675574,Helicobacter pylori,Prophage,0
SAMN26675575,Helicobacter pylori,Prophage,0
SAMN26675576,Helicobacter pylori,Prophage,0
SAMN26675578,Helicobacter pylori,Prophage,0
SAMN26675579,Helicobacter pylori,Prophage,1
SAMN26675581,Helicobacter pylori,Prophage,0
SAMN26675582,Helicobacter pylori,Prophage,0
SAMN26675584,Helicobacter pylori,Prophage,0
SAMN26675585,Helicobacter pylori,Prophage,0
SAMN26675586,Helicobacter pylori,Prophage,0
SAMN26675588,Helicobacter pylori,Prophage,1
SAMN26675589,Helicobacter pylori,Prophage,0
SAMN26675590,Helicobacter pylori,Prophage,0
SAMN26675591,Helicobacter pylori,Prophage,0
SAMN26675592,Helicobacter pylori,Prophage,0
SAMN26675593,Helicobacter pylori,Prophage,0
SAMN26675595,Helicobacter pylori,Prophage,0
SAMN26675596,Helicobacter pylori,Prophage,0
SAMN26675597,Helicobacter pylori,Prophage,0
SAMN26675599,Helicobacter pylori,Prophage,1
SAMN26675600,Helicobacter pylori,Prophage,0
SAMN26675603,Helicobacter pylori,Prophage,0
SAMN26675604,Helicobacter pylori,Prophage,0
SAMN26675605,Helicobacter pylori,Prophage,0
SAMN26675606,Helicobacter pylori,Prophage,0
SAMN26675607,Helicobacter pylori,Prophage,0
SAMN26675608,Helicobacter pylori,Prophage,0
SAMN26675609,Helicobacter pylori,Prophage,0
SAMN26675610,Helicobacter pylori,Prophage,0
SAMN26675611,Helicobacter pylori,Prophage,0
SAMN26675664,Escherichia coli,Prophage,4
SAMN26678607,Klebsiella pneumoniae,Prophage,0
SAMN26754979,Enterococcus faecalis,Prophage,6
SAMN26811691,Bacillus subtilis,Prophage,2
SAMN26856952,Escherichia coli,Prophage,5
SAMN26871936,Proteus spp,Prophage,2
SAMN26923318,Staphylococcus aureus,Prophage,2
SAMN26923319,Staphylococcus aureus,Prophage,2
SAMN26923320,Staphylococcus aureus,Prophage,1
SAMN26923321,Staphylococcus aureus,Prophage,2
SAMN26923322,Staphylococcus aureus,Prophage,2
SAMN26923323,Staphylococcus aureus,Prophage,1
SAMN26923324,Staphylococcus aureus,Prophage,0
SAMN26923325,Staphylococcus aureus,Prophage,1
SAMN26923326,Staphylococcus aureus,Prophage,2
SAMN26923327,Staphylococcus aureus,Prophage,2
SAMN26923328,Staphylococcus aureus,Prophage,1
SAMN26923329,Staphylococcus aureus,Prophage,2
SAMN26923332,Staphylococcus aureus,Prophage,1
SAMN26923333,Staphylococcus aureus,Prophage,1
SAMN26923334,Staphylococcus aureus,Prophage,1
SAMN26923335,Staphylococcus aureus,Prophage,1
SAMN26923336,Staphylococcus aureus,Prophage,2
SAMN26923337,Staphylococcus aureus,Prophage,1
SAMN26923338,Staphylococcus aureus,Prophage,1
SAMN26923339,Staphylococcus aureus,Prophage,1
SAMN26923340,Staphylococcus aureus,Prophage,2
SAMN26923341,Staphylococcus aureus,Prophage,1
SAMN26923342,Staphylococcus aureus,Prophage,0
SAMN26923344,Staphylococcus aureus,Prophage,2
SAMN26923345,Staphylococcus aureus,Prophage,2
SAMN26923346,Staphylococcus aureus,Prophage,1
SAMN26923347,Staphylococcus aureus,Prophage,2
SAMN26923348,Staphylococcus aureus,Prophage,2
SAMN26923349,Staphylococcus aureus,Prophage,1
SAMN27064688,Staphylococcus aureus,Prophage,1
SAMN27064689,Staphylococcus aureus,Prophage,1
SAMN27064690,Staphylococcus aureus,Prophage,1
SAMN27064691,Staphylococcus aureus,Prophage,1
SAMN27064692,Staphylococcus aureus,Prophage,1
SAMN27064693,Staphylococcus aureus,Prophage,1
SAMN27065448,Staphylococcus aureus,Prophage,0
SAMN27065489,Staphylococcus aureus,Prophage,0
SAMN27177301,Proteus spp,Prophage,2
SAMN27182072,Acinetobacter baumannii,Prophage,2
SAMN27182098,Acinetobacter baumannii,Prophage,1
SAMN27258442,Escherichia coli,Prophage,7
SAMN27303889,Acinetobacter baumannii,Prophage,3
SAMN27361453,Escherichia coli,Prophage,5
SAMN27361456,Escherichia coli,Prophage,6
SAMN27361457,Escherichia coli,Prophage,1
SAMN27361458,Escherichia coli,Prophage,1
SAMN27361463,Escherichia coli,Prophage,7
SAMN27361466,Escherichia coli,Prophage,6
SAMN27361467,Escherichia coli,Prophage,3
SAMN27361470,Escherichia coli,Prophage,3
SAMN27363748,Enterobacter spp,Prophage,4
SAMN27395225,Escherichia coli,Prophage,8
SAMN27518675,Proteus spp,Prophage,6
SAMN27570671,Pseudomonas aeruginosa,Prophage,6
SAMN27578149,Bacillus subtilis,Prophage,2
SAMN27591179,Acinetobacter baumannii,Prophage,1
SAMN27593803,Escherichia coli,Prophage,2
SAMN27607326,Escherichia coli,Prophage,5
SAMN27607335,Escherichia coli,Prophage,6
SAMN27647185,Streptococcus pneumoniae,Prophage,0
SAMN27739163,Acinetobacter baumannii,Prophage,1
SAMN27918892,Acinetobacter baumannii,Prophage,2
SAMN27926083,Pseudomonas aeruginosa,Prophage,4
SAMN27957725,Acinetobacter baumannii,Prophage,4
SAMN27988045,Acinetobacter baumannii,Prophage,5
SAMN28025445,Enterococcus faecium,Prophage,2
SAMN28025447,Enterococcus faecalis,Prophage,1
SAMN28025448,Enterococcus faecalis,Prophage,2
SAMN28025451,Enterococcus faecalis,Prophage,2
SAMN28025452,Enterococcus faecalis,Prophage,2
SAMN28025455,Enterococcus faecalis,Prophage,1
SAMN28025457,Enterococcus faecalis,Prophage,2
SAMN28025459,Enterococcus faecalis,Prophage,2
SAMN28025460,Enterococcus faecalis,Prophage,0
SAMN28025461,Enterococcus faecium,Prophage,3
SAMN28025463,Enterococcus faecalis,Prophage,1
SAMN28025466,Enterococcus faecalis,Prophage,1
SAMN28025467,Enterococcus faecalis,Prophage,1
SAMN28025468,Enterococcus faecalis,Prophage,0
SAMN28025469,Enterococcus faecalis,Prophage,0
SAMN28025470,Enterococcus faecalis,Prophage,0
SAMN28044975,Bacillus subtilis,Prophage,1
SAMN28095538,Citrobacter spp,Prophage,0
SAMN28100825,Escherichia coli,Prophage,1
SAMN28104815,Streptococcus pyogenes,Prophage,3
SAMN28173985,Klebsiella pneumoniae,Prophage,1
SAMN28174008,Escherichia coli,Prophage,3
SAMN28174016,Escherichia coli,Prophage,5
SAMN28174050,Escherichia coli,Prophage,2
SAMN28174054,Escherichia coli,Prophage,1
SAMN28174056,Escherichia coli,Prophage,2
SAMN28174072,Escherichia coli,Prophage,5
SAMN28174092,Escherichia coli,Prophage,1
SAMN28206123,Pseudomonas aeruginosa,Prophage,4
SAMN28215599,Escherichia coli,Prophage,3
SAMN28215600,Escherichia coli,Prophage,1
SAMN28215601,Escherichia coli,Prophage,2
SAMN28215602,Escherichia coli,Prophage,2
SAMN28467499,Staphylococcus aureus,Prophage,2
SAMN28550357,Escherichia coli,Prophage,3
SAMN28550360,Escherichia coli,Prophage,6
SAMN28550875,Pseudomonas aeruginosa,Prophage,4
SAMN28560617,Neisseria spp,Prophage,0
SAMN28677694,Enterococcus faecalis,Prophage,5
SAMN28677770,Enterococcus faecalis,Prophage,2
SAMN28703742,Escherichia coli,Prophage,2
SAMN28703743,Escherichia coli,Prophage,3
SAMN28703744,Escherichia coli,Prophage,3
SAMN28703745,Escherichia coli,Prophage,3
SAMN28703747,Escherichia coli,Prophage,3
SAMN28703748,Escherichia coli,Prophage,7
SAMN28703749,Escherichia coli,Prophage,5
SAMN28703750,Escherichia coli,Prophage,4
SAMN28703751,Escherichia coli,Prophage,2
SAMN28724347,Bacillus subtilis,Prophage,1
SAMN28745244,Proteus spp,Prophage,4
SAMN28745298,Proteus spp,Prophage,1
SAMN28745299,Proteus spp,Prophage,4
SAMN28745301,Proteus spp,Prophage,4
SAMN28788543,Acinetobacter baumannii,Prophage,3
SAMN28788563,Acinetobacter baumannii,Prophage,4
SAMN28788566,Acinetobacter baumannii,Prophage,1
SAMN28827339,Bacillus subtilis,Prophage,0
SAMN28830140,Neisseria spp,Prophage,1
SAMN28833726,Neisseria spp,Prophage,1
SAMN28834904,Neisseria spp,Prophage,0
SAMN28835168,Neisseria spp,Prophage,1
SAMN28835821,Neisseria spp,Prophage,0
SAMN28835880,Neisseria spp,Prophage,0
SAMN28835919,Neisseria spp,Prophage,0
SAMN28836998,Neisseria spp,Prophage,0
SAMN28837864,Neisseria spp,Prophage,1
SAMN28858607,Neisseria spp,Prophage,0
SAMN28858852,Neisseria spp,Prophage,1
SAMN28858863,Neisseria spp,Prophage,1
SAMN28859049,Neisseria spp,Prophage,1
SAMN28859080,Neisseria spp,Prophage,1
SAMN28868087,Bacillus subtilis,Prophage,1
SAMN28869504,Neisseria spp,Prophage,0
SAMN28869552,Neisseria spp,Prophage,1
SAMN28869553,Neisseria spp,Prophage,1
SAMN28869554,Neisseria spp,Prophage,1
SAMN28869590,Neisseria spp,Prophage,0
SAMN28869592,Neisseria spp,Prophage,0
SAMN28870224,Neisseria spp,Prophage,1
SAMN28871626,Neisseria spp,Prophage,1
SAMN28871631,Neisseria spp,Prophage,1
SAMN28871636,Neisseria spp,Prophage,1
SAMN28871644,Neisseria spp,Prophage,0
SAMN28871698,Neisseria spp,Prophage,0
SAMN28871700,Neisseria spp,Prophage,1
SAMN28871714,Acinetobacter baumannii,Prophage,3
SAMN28891356,Enterococcus faecalis,Prophage,2
SAMN28980502,Acinetobacter baumannii,Prophage,2
SAMN28981486,Acinetobacter baumannii,Prophage,3
SAMN29151496,Acinetobacter baumannii,Prophage,1
SAMN29532703,Serratia spp,Prophage,1
SAMN29553886,Escherichia coli,Prophage,4
SAMN29553888,Escherichia coli,Prophage,2
SAMN29553890,Escherichia coli,Prophage,4
SAMN29553893,Escherichia coli,Prophage,5
SAMN29553894,Escherichia coli,Prophage,6
SAMN29862207,Enterococcus faecium,Prophage,2
SAMN30050172,Enterococcus faecalis,Prophage,3
SAMN30050173,Enterococcus faecalis,Prophage,3
SAMN30176386,Klebsiella pneumoniae,Prophage,0
SAMN30184957,Escherichia coli,Prophage,6
SAMN30450879,Bacillus subtilis,Prophage,1
SAMN30494012,Bacillus subtilis,Prophage,0
SAMN30494013,Bacillus subtilis,Prophage,2
SAMN30550580,Staphylococcus aureus,Prophage,3
SAMN30551391,Enterococcus faecalis,Prophage,3
SAMN30608554,Escherichia coli,Prophage,3
SAMN30618680,Bacillus subtilis,Prophage,2
SAMN30655645,Acinetobacter baumannii,Prophage,1
SAMN30724592,Escherichia coli,Prophage,4
SAMN30873149,Streptococcus agalactiae,Prophage,0
SAMN30873150,Streptococcus agalactiae,Prophage,0
SAMN30873151,Streptococcus agalactiae,Prophage,0
SAMN30885125,Bacillus subtilis,Prophage,1
SAMN30898311,Acinetobacter baumannii,Prophage,0
SAMN30898312,Acinetobacter baumannii,Prophage,0
SAMN30898313,Acinetobacter baumannii,Prophage,2
SAMN30898314,Acinetobacter baumannii,Prophage,0
SAMN30898315,Acinetobacter baumannii,Prophage,0
SAMN30898316,Acinetobacter baumannii,Prophage,0
SAMN30898321,Acinetobacter baumannii,Prophage,0
SAMN30898322,Acinetobacter baumannii,Prophage,1
SAMN30898323,Acinetobacter baumannii,Prophage,0
SAMN30898324,Acinetobacter baumannii,Prophage,0
SAMN30898325,Acinetobacter baumannii,Prophage,1
SAMN30898326,Acinetobacter baumannii,Prophage,2
SAMN30898327,Acinetobacter baumannii,Prophage,0
SAMN30898357,Acinetobacter baumannii,Prophage,4
SAMN30912358,Proteus spp,Prophage,1
SAMN30914362,Bacillus subtilis,Prophage,1
SAMN30929087,Acinetobacter baumannii,Prophage,2
SAMN30929296,Acinetobacter baumannii,Prophage,3
SAMN30929355,Acinetobacter baumannii,Prophage,2
SAMN30929528,Acinetobacter baumannii,Prophage,3
SAMN30959580,Bacillus subtilis,Prophage,1
SAMN30959807,Bacillus subtilis,Prophage,1
SAMN30967739,Enterococcus faecalis,Prophage,1
SAMN30974103,Serratia spp,Prophage,5
SAMN30999259,Klebsiella pneumoniae,Prophage,0
SAMN31014134,Bacillus subtilis,Prophage,3
SAMN31014135,Neisseria spp,Prophage,1
SAMN31014148,Neisseria spp,Prophage,1
SAMN31014963,Neisseria spp,Prophage,0
SAMN31014981,Neisseria spp,Prophage,1
SAMN31014987,Neisseria spp,Prophage,1
SAMN31014989,Neisseria spp,Prophage,1
SAMN31014998,Neisseria spp,Prophage,1
SAMN31015000,Neisseria spp,Prophage,1
SAMN31023065,Escherichia coli,Prophage,13
SAMN31136161,Bacillus subtilis,Prophage,0
SAMN31139171,Streptococcus pneumoniae,Prophage,3
SAMN31165850,Neisseria spp,Prophage,0
SAMN31165852,Neisseria spp,Prophage,0
SAMN31165853,Neisseria spp,Prophage,1
SAMN31165854,Neisseria spp,Prophage,1
SAMN31203372,Neisseria spp,Prophage,1
SAMN31213618,Streptococcus agalactiae,Prophage,3
SAMN31428011,Neisseria spp,Prophage,0
SAMN31428012,Neisseria spp,Prophage,0
SAMN31523629,Staphylococcus aureus,Prophage,2
SAMN31523633,Staphylococcus aureus,Prophage,2
SAMN31523636,Staphylococcus aureus,Prophage,3
SAMN31523639,Staphylococcus aureus,Prophage,2
SAMN31523641,Staphylococcus aureus,Prophage,3
SAMN31523642,Staphylococcus aureus,Prophage,2
SAMN31523643,Staphylococcus aureus,Prophage,0
SAMN31523646,Staphylococcus aureus,Prophage,1
SAMN31523648,Staphylococcus aureus,Prophage,2
SAMN31527003,Proteus spp,Prophage,3
SAMN31604419,Klebsiella pneumoniae,Prophage,2
SAMN31621354,Bacillus subtilis,Prophage,2
SAMN31634663,Proteus spp,Prophage,1
SAMN31652807,Acinetobacter baumannii,Prophage,0
SAMN31681934,Acinetobacter baumannii,Prophage,1
SAMN31681938,Acinetobacter baumannii,Prophage,1
SAMN31691762,Enterobacter spp,Prophage,5
SAMN31720575,Escherichia coli,Prophage,3
SAMN31726910,Bacillus subtilis,Prophage,2
SAMN31742645,Enterococcus faecium,Prophage,3
SAMN31988394,Escherichia coli,Prophage,2
SAMN31988400,Escherichia coli,Prophage,2
SAMN31988445,Escherichia coli,Prophage,3
SAMN31988466,Escherichia coli,Prophage,4
SAMN31988469,Escherichia coli,Prophage,1
SAMN31988472,Escherichia coli,Prophage,2
SAMN31988477,Escherichia coli,Prophage,3
SAMN31988482,Escherichia coli,Prophage,2
SAMN31988497,Escherichia coli,Prophage,6
SAMN31988516,Escherichia coli,Prophage,3
SAMN31988518,Escherichia coli,Prophage,10
SAMN32081232,Escherichia coli,Prophage,1
SAMN32081593,Escherichia coli,Prophage,1
SAMN32252807,Citrobacter spp,Prophage,5
SAMN32262097,Serratia spp,Prophage,3
SAMN32262098,Serratia spp,Prophage,3
SAMN32302292,Enterococcus faecium,Prophage,3
SAMN32339837,Escherichia coli,Prophage,3
SAMN32339838,Escherichia coli,Prophage,4
SAMN32339844,Escherichia coli,Prophage,3
SAMN32339847,Escherichia coli,Prophage,4
SAMN32339851,Escherichia coli,Prophage,4
SAMN32339854,Escherichia coli,Prophage,3
SAMN32343694,Bacillus subtilis,Prophage,4
SAMN32369491,Staphylococcus aureus,Prophage,1
SAMN32369492,Staphylococcus aureus,Prophage,2
SAMN32369493,Staphylococcus aureus,Prophage,3
SAMN32369494,Staphylococcus aureus,Prophage,1
SAMN32369495,Staphylococcus aureus,Prophage,1
SAMN32369496,Staphylococcus aureus,Prophage,2
SAMN32413537,Pseudomonas aeruginosa,Prophage,2
SAMN32413547,Pseudomonas aeruginosa,Prophage,4
SAMN32413566,Pseudomonas aeruginosa,Prophage,1
SAMN32487317,Neisseria spp,Prophage,0
SAMN32487318,Neisseria spp,Prophage,0
SAMN32487319,Neisseria spp,Prophage,0
SAMN32487320,Neisseria spp,Prophage,0
SAMN32487321,Neisseria spp,Prophage,0
SAMN32487322,Neisseria spp,Prophage,0
SAMN32487323,Neisseria spp,Prophage,0
SAMN32487324,Neisseria spp,Prophage,1
SAMN32487325,Neisseria spp,Prophage,0
SAMN32487326,Neisseria spp,Prophage,1
SAMN32487327,Neisseria spp,Prophage,1
SAMN32527831,Enterococcus faecium,Prophage,1
SAMN32549584,Escherichia coli,Prophage,4
SAMN32549615,Escherichia coli,Prophage,10
SAMN32549625,Escherichia coli,Prophage,4
SAMN32549626,Escherichia coli,Prophage,11
SAMN32549644,Escherichia coli,Prophage,5
SAMN32549645,Escherichia coli,Prophage,1
SAMN32549646,Escherichia coli,Prophage,7
SAMN32549647,Escherichia coli,Prophage,5
SAMN32549648,Escherichia coli,Prophage,5
SAMN32549650,Escherichia coli,Prophage,2
SAMN32549652,Escherichia coli,Prophage,1
SAMN32549654,Escherichia coli,Prophage,5
SAMN32549656,Escherichia coli,Prophage,5
SAMN32549661,Escherichia coli,Prophage,10
SAMN32549664,Escherichia coli,Prophage,2
SAMN32549667,Escherichia coli,Prophage,3
SAMN32549674,Escherichia coli,Prophage,3
SAMN32549675,Escherichia coli,Prophage,3
SAMN32632906,Enterococcus faecium,Prophage,0
SAMN32638696,Enterococcus faecalis,Prophage,1
SAMN32643670,Salmonella enterica,Prophage,0
SAMN32670463,Bacillus subtilis,Prophage,3
SAMN32691645,Escherichia coli,Prophage,5
SAMN32733976,Acinetobacter baumannii,Prophage,2
SAMN32735351,Helicobacter pylori,Prophage,0
SAMN32743768,Escherichia coli,Prophage,3
SAMN32788863,Bacillus subtilis,Prophage,0
SAMN32788864,Bacillus subtilis,Prophage,0
SAMN32788865,Bacillus subtilis,Prophage,0
SAMN32788866,Bacillus subtilis,Prophage,0
SAMN32874240,Pseudomonas aeruginosa,Prophage,3
SAMN32874244,Pseudomonas aeruginosa,Prophage,2
SAMN32878357,Streptococcus agalactiae,Prophage,2
SAMN32878358,Streptococcus agalactiae,Prophage,2
SAMN32878359,Streptococcus agalactiae,Prophage,0
SAMN32878360,Streptococcus agalactiae,Prophage,0
SAMN32878361,Streptococcus agalactiae,Prophage,1
SAMN32878362,Streptococcus agalactiae,Prophage,0
SAMN32878363,Streptococcus agalactiae,Prophage,0
SAMN32902171,Bacillus subtilis,Prophage,1
SAMN32953418,Enterococcus faecalis,Prophage,2
SAMN32959140,Helicobacter pylori,Prophage,0
SAMN32977680,Escherichia coli,Prophage,3
SAMN33244319,Escherichia coli,Prophage,6
SAMN33269650,Bacillus subtilis,Prophage,2
SAMN33275441,Streptococcus agalactiae,Prophage,0
SAMN33275442,Streptococcus agalactiae,Prophage,0
SAMN33275456,Enterococcus faecalis,Prophage,0
SAMN33275458,Staphylococcus aureus,Prophage,0
SAMN33275459,Streptococcus agalactiae,Prophage,1
SAMN33310438,Streptococcus pyogenes,Prophage,2
SAMN33312873,Streptococcus pyogenes,Prophage,4
SAMN33314856,Streptococcus pyogenes,Prophage,4
SAMN33314877,Streptococcus pyogenes,Prophage,3
SAMN33315611,Streptococcus pyogenes,Prophage,5
SAMN33315639,Streptococcus pyogenes,Prophage,4
SAMN33315834,Streptococcus pyogenes,Prophage,5
SAMN33321545,Escherichia coli,Prophage,2
SAMN33325090,Streptococcus pyogenes,Prophage,3
SAMN33325377,Streptococcus pyogenes,Prophage,2
SAMN33336514,Enterococcus faecalis,Prophage,3
SAMN33336517,Enterococcus faecium,Prophage,1
SAMN33358676,Enterococcus faecium,Prophage,2
SAMN33388081,Proteus spp,Prophage,1
SAMN33407030,Staphylococcus aureus,Prophage,2
SAMN33407032,Staphylococcus aureus,Prophage,2
SAMN33407033,Staphylococcus aureus,Prophage,2
SAMN33420447,Klebsiella pneumoniae,Prophage,2
SAMN33424361,Campylobacter spp,Prophage,2
SAMN33425303,Escherichia coli,Prophage,5
SAMN33425965,Staphylococcus aureus,Prophage,2
SAMN33426038,Escherichia coli,Prophage,2
SAMN33438667,Enterococcus faecium,Prophage,2
SAMN33438668,Enterococcus faecalis,Prophage,5
SAMN33482239,Neisseria spp,Prophage,0
SAMN33482240,Neisseria spp,Prophage,0
SAMN33560690,Klebsiella pneumoniae,Prophage,0
SAMN33741190,Enterococcus faecalis,Prophage,2
SAMN33741191,Enterococcus faecalis,Prophage,0
SAMN33741192,Enterococcus faecalis,Prophage,4
SAMN33741193,Enterococcus faecalis,Prophage,2
SAMN33741196,Enterococcus faecalis,Prophage,3
SAMN33741197,Enterococcus faecalis,Prophage,1
SAMN33741198,Enterococcus faecalis,Prophage,1
SAMN33741201,Enterococcus faecalis,Prophage,2
SAMN33741202,Enterococcus faecalis,Prophage,2
SAMN33741203,Enterococcus faecalis,Prophage,3
SAMN33741206,Enterococcus faecalis,Prophage,3
SAMN33741207,Enterococcus faecalis,Prophage,0
SAMN33741208,Enterococcus faecalis,Prophage,0
SAMN33741209,Enterococcus faecalis,Prophage,3
SAMN33741211,Enterococcus faecalis,Prophage,2
SAMN33741212,Enterococcus faecalis,Prophage,2
SAMN33741213,Enterococcus faecalis,Prophage,0
SAMN33741214,Enterococcus faecalis,Prophage,3
SAMN33741215,Enterococcus faecalis,Prophage,1
SAMN33741217,Enterococcus faecalis,Prophage,1
SAMN33741218,Enterococcus faecalis,Prophage,2
SAMN33741219,Enterococcus faecalis,Prophage,1
SAMN33741220,Enterococcus faecalis,Prophage,2
SAMN33741221,Enterococcus faecalis,Prophage,2
SAMN33741222,Enterococcus faecalis,Prophage,0
SAMN33748624,Escherichia coli,Prophage,5
SAMN33748625,Escherichia coli,Prophage,6
SAMN33748627,Escherichia coli,Prophage,6
SAMN33748628,Escherichia coli,Prophage,5
SAMN33787963,Acinetobacter baumannii,Prophage,0
SAMN33841339,Escherichia coli,Prophage,3
SAMN33842744,Escherichia coli,Prophage,3
SAMN34043884,Helicobacter pylori,Prophage,0
SAMN34043886,Helicobacter pylori,Prophage,0
SAMN34043887,Helicobacter pylori,Prophage,0
SAMN34043888,Helicobacter pylori,Prophage,0
SAMN34043889,Helicobacter pylori,Prophage,0
SAMN34043890,Helicobacter pylori,Prophage,0
SAMN34043891,Helicobacter pylori,Prophage,0
SAMN34043892,Helicobacter pylori,Prophage,0
SAMN34043893,Helicobacter pylori,Prophage,0
SAMN34043895,Helicobacter pylori,Prophage,0
SAMN34043897,Helicobacter pylori,Prophage,0
SAMN34111322,Klebsiella pneumoniae,Prophage,5
SAMN34111324,Klebsiella pneumoniae,Prophage,5
SAMN34130386,Escherichia coli,Prophage,3
SAMN34130471,Escherichia coli,Prophage,4
SAMN34130472,Escherichia coli,Prophage,3
SAMN34152242,Escherichia coli,Prophage,3
SAMN34152678,Helicobacter pylori,Prophage,0
SAMN34152750,Helicobacter pylori,Prophage,0
SAMN34157280,Salmonella enterica,Prophage,0
SAMN34191879,Acinetobacter baumannii,Prophage,4
SAMN34258006,Klebsiella pneumoniae,Prophage,1
SAMN34360949,Escherichia coli,Prophage,3
SAMN34360950,Escherichia coli,Prophage,3
SAMN34360951,Escherichia coli,Prophage,4
SAMN34360952,Escherichia coli,Prophage,3
SAMN34360953,Escherichia coli,Prophage,3
SAMN34360954,Escherichia coli,Prophage,3
SAMN34360955,Escherichia coli,Prophage,3
SAMN34360956,Escherichia coli,Prophage,4
SAMN34360957,Escherichia coli,Prophage,4
SAMN34360958,Escherichia coli,Prophage,4
SAMN34360959,Escherichia coli,Prophage,2
SAMN34360960,Escherichia coli,Prophage,4
SAMN34360961,Escherichia coli,Prophage,3
SAMN34360962,Escherichia coli,Prophage,3
SAMN34360963,Escherichia coli,Prophage,7
SAMN34360964,Escherichia coli,Prophage,4
SAMN34360965,Escherichia coli,Prophage,5
SAMN34360966,Escherichia coli,Prophage,4
SAMN34360967,Escherichia coli,Prophage,4
SAMN34360969,Escherichia coli,Prophage,5
SAMN34360970,Escherichia coli,Prophage,5
SAMN34360971,Escherichia coli,Prophage,2
SAMN34360972,Escherichia coli,Prophage,2
SAMN34360973,Escherichia coli,Prophage,3
SAMN34360974,Escherichia coli,Prophage,1
SAMN34360975,Escherichia coli,Prophage,3
SAMN34360976,Escherichia coli,Prophage,2
SAMN34360977,Escherichia coli,Prophage,2
SAMN34360978,Escherichia coli,Prophage,3
SAMN34360979,Escherichia coli,Prophage,1
SAMN34360980,Escherichia coli,Prophage,3
SAMN34360981,Escherichia coli,Prophage,2
SAMN34360982,Escherichia coli,Prophage,7
SAMN34360983,Escherichia coli,Prophage,5
SAMN34360984,Escherichia coli,Prophage,9
SAMN34360985,Escherichia coli,Prophage,3
SAMN34374854,Bacillus subtilis,Prophage,0
SAMN34374855,Bacillus subtilis,Prophage,0
SAMN34374884,Bacillus subtilis,Prophage,0
SAMN34375013,Bacillus subtilis,Prophage,2
SAMN34375047,Escherichia coli,Prophage,3
SAMN34375048,Escherichia coli,Prophage,3
SAMN34375049,Escherichia coli,Prophage,7
SAMN34375050,Escherichia coli,Prophage,7
SAMN34375051,Escherichia coli,Prophage,7
SAMN34375052,Escherichia coli,Prophage,7
SAMN34375053,Escherichia coli,Prophage,3
SAMN34375054,Escherichia coli,Prophage,3
SAMN34375055,Escherichia coli,Prophage,3
SAMN34375056,Escherichia coli,Prophage,3
SAMN34375057,Escherichia coli,Prophage,3
SAMN34375058,Escherichia coli,Prophage,3
SAMN34375059,Escherichia coli,Prophage,3
SAMN34375060,Escherichia coli,Prophage,7
SAMN34375061,Escherichia coli,Prophage,7
SAMN34375062,Escherichia coli,Prophage,3
SAMN34375063,Escherichia coli,Prophage,3
SAMN34375064,Escherichia coli,Prophage,3
SAMN34375065,Escherichia coli,Prophage,3
SAMN34376192,Acinetobacter baumannii,Prophage,4
SAMN34376193,Acinetobacter baumannii,Prophage,4
SAMN34443337,Klebsiella pneumoniae,Prophage,5
SAMN34473392,Enterococcus faecalis,Prophage,0
SAMN34729197,Bacillus subtilis,Prophage,2
SAMN34993453,Bacillus subtilis,Prophage,2
SAMN35018717,Streptococcus pneumoniae,Prophage,0
SAMN35018718,Bacillus subtilis,Prophage,5
SAMN35018950,Staphylococcus aureus,Prophage,3
SAMN35018953,Staphylococcus aureus,Prophage,0
SAMN35024719,Campylobacter spp,Prophage,0
SAMN35024722,Campylobacter spp,Prophage,0
SAMN35024723,Campylobacter spp,Prophage,1
SAMN35024724,Campylobacter spp,Prophage,0
SAMN35024725,Campylobacter spp,Prophage,0
SAMN35024726,Campylobacter spp,Prophage,0
SAMN35024727,Campylobacter spp,Prophage,0
SAMN35028020,Escherichia coli,Prophage,6
SAMN35028021,Escherichia coli,Prophage,6
SAMN35028022,Escherichia coli,Prophage,5
SAMN35028026,Escherichia coli,Prophage,5
SAMN35028027,Escherichia coli,Prophage,8
SAMN35028028,Escherichia coli,Prophage,8
SAMN35028029,Escherichia coli,Prophage,9
SAMN35028030,Escherichia coli,Prophage,2
SAMN35028031,Escherichia coli,Prophage,8
SAMN35124854,Helicobacter pylori,Prophage,0
SAMN35301888,Salmonella enterica,Prophage,2
SAMN35304495,Escherichia coli,Prophage,5
SAMN35394408,Enterobacter spp,Prophage,3
SAMN35394411,Enterobacter spp,Prophage,2
SAMN35521428,Streptococcus agalactiae,Prophage,0
SAMN35528881,Staphylococcus aureus,Prophage,0
SAMN35529170,Staphylococcus aureus,Prophage,1
SAMN35540726,Staphylococcus aureus,Prophage,2
SAMN35540729,Staphylococcus aureus,Prophage,3
SAMN35637330,Escherichia coli,Prophage,5
SAMN35637910,Escherichia coli,Prophage,6
SAMN35637911,Escherichia coli,Prophage,5
SAMN35677782,Enterobacter spp,Prophage,4
SAMN35706290,Escherichia coli,Prophage,6
SAMN35725363,Escherichia coli,Prophage,1
SAMN35725530,Enterococcus faecium,Prophage,2
SAMN35741046,Morganella morganii,Prophage,3
SAMN35741683,Enterococcus faecalis,Prophage,3
SAMN36281299,Klebsiella pneumoniae,Prophage,5
SAMN36281300,Klebsiella pneumoniae,Prophage,6
SAMN36281301,Klebsiella pneumoniae,Prophage,6
SAMN36281304,Klebsiella pneumoniae,Prophage,5
SAMN36281310,Klebsiella pneumoniae,Prophage,6
SAMN36281311,Klebsiella pneumoniae,Prophage,6
SAMN36281326,Klebsiella pneumoniae,Prophage,7
SAMN36281327,Klebsiella pneumoniae,Prophage,7
SAMN36281328,Klebsiella pneumoniae,Prophage,6
SAMN36281332,Klebsiella pneumoniae,Prophage,6
SAMN36281335,Klebsiella pneumoniae,Prophage,0
SAMN36281338,Klebsiella pneumoniae,Prophage,5
SAMN36429568,Acinetobacter baumannii,Prophage,0
SAMN36429569,Acinetobacter baumannii,Prophage,1
SAMN36429570,Acinetobacter baumannii,Prophage,3
SAMN36429571,Acinetobacter baumannii,Prophage,3
SAMN36429572,Acinetobacter baumannii,Prophage,3
SAMN36429573,Acinetobacter baumannii,Prophage,4
SAMN36429574,Acinetobacter baumannii,Prophage,1
SAMN36429575,Acinetobacter baumannii,Prophage,2
SAMN36429578,Acinetobacter baumannii,Prophage,3
SAMN36429641,Staphylococcus aureus,Prophage,1
SAMN36429642,Staphylococcus aureus,Prophage,1
SAMN36429644,Staphylococcus aureus,Prophage,3
SAMN36429645,Staphylococcus aureus,Prophage,0
SAMN36429648,Staphylococcus aureus,Prophage,1
SAMN36429649,Staphylococcus aureus,Prophage,0
SAMN36429650,Staphylococcus aureus,Prophage,1
SAMN36429651,Staphylococcus aureus,Prophage,2
SAMN36429652,Staphylococcus aureus,Prophage,1
SAMN36429653,Staphylococcus aureus,Prophage,0
SAMN36429654,Staphylococcus aureus,Prophage,1
SAMN36429655,Staphylococcus aureus,Prophage,1
SAMN36429656,Staphylococcus aureus,Prophage,0
SAMN36429658,Staphylococcus aureus,Prophage,1
SAMN36429659,Staphylococcus aureus,Prophage,0
SAMN36429660,Staphylococcus aureus,Prophage,3
SAMN36429661,Staphylococcus aureus,Prophage,1
SAMN36429662,Staphylococcus aureus,Prophage,1
SAMN36429663,Staphylococcus aureus,Prophage,0
SAMN36429664,Staphylococcus aureus,Prophage,0
SAMN36429665,Staphylococcus aureus,Prophage,1
SAMN36429666,Staphylococcus aureus,Prophage,0
SAMN36429667,Staphylococcus aureus,Prophage,1
SAMN36429669,Staphylococcus aureus,Prophage,1
SAMN36429670,Staphylococcus aureus,Prophage,1
SAMN36429671,Staphylococcus aureus,Prophage,1
SAMN36429672,Staphylococcus aureus,Prophage,2
SAMN36429673,Staphylococcus aureus,Prophage,1
SAMN36429674,Staphylococcus aureus,Prophage,1
SAMN36429675,Staphylococcus aureus,Prophage,1
SAMN36429676,Staphylococcus aureus,Prophage,1
SAMN36429677,Staphylococcus aureus,Prophage,1
SAMN36429678,Staphylococcus aureus,Prophage,1
SAMN37158604,Enterococcus faecalis,Prophage,1
SAMN37160976,Klebsiella pneumoniae,Prophage,5
SAMN37160977,Staphylococcus aureus,Prophage,0
SAMN37171686,Klebsiella pneumoniae,Prophage,5
SAMN37176067,Klebsiella pneumoniae,Prophage,7
SAMN37176142,Klebsiella pneumoniae,Prophage,5
SAMN37176446,Klebsiella pneumoniae,Prophage,4
SAMN37200062,Escherichia coli,Prophage,5
SAMN37200065,Citrobacter spp,Prophage,6
SAMN37208208,Staphylococcus aureus,Prophage,3
SAMN37220456,Bacillus subtilis,Prophage,1
SAMN37220582,Bacillus subtilis,Prophage,1
SAMN37262252,Staphylococcus aureus,Prophage,2
SAMN37322364,Staphylococcus aureus,Prophage,0
SAMN37639060,Enterococcus faecalis,Prophage,2
SAMN37639061,Enterococcus faecalis,Prophage,2
SAMN37639062,Enterococcus faecalis,Prophage,3
SAMN37639063,Enterococcus faecalis,Prophage,0
SAMN37639064,Enterococcus faecalis,Prophage,2
SAMN37639065,Enterococcus faecalis,Prophage,1
SAMN37648158,Bacillus subtilis,Prophage,2
SAMN37686922,Enterococcus faecalis,Prophage,1
SAMN37687441,Enterococcus faecalis,Prophage,1
SAMN37687924,Bacillus subtilis,Prophage,1
SAMN37705136,Staphylococcus aureus,Prophage,2
SAMN37705137,Staphylococcus aureus,Prophage,2
SAMN37718906,Streptococcus pyogenes,Prophage,3
SAMN37729294,Proteus spp,Prophage,3
SAMN37774623,Bacillus subtilis,Prophage,0
SAMN37845004,Pseudomonas aeruginosa,Prophage,1
SAMN37855267,Streptococcus pneumoniae,Prophage,0
SAMN37865675,Streptococcus pneumoniae,Prophage,0
SAMN37865676,Streptococcus pneumoniae,Prophage,0
SAMN37865677,Streptococcus pneumoniae,Prophage,0
SAMN37865678,Streptococcus pneumoniae,Prophage,0
SAMN37865679,Streptococcus pneumoniae,Prophage,0
SAMN37865680,Streptococcus pneumoniae,Prophage,1
SAMN37865681,Streptococcus pneumoniae,Prophage,1
SAMN37865682,Streptococcus pneumoniae,Prophage,0
SAMN37865683,Streptococcus pneumoniae,Prophage,0
SAMN37867196,Proteus spp,Prophage,3
SAMN37867222,Proteus spp,Prophage,4
SAMN37935197,Proteus spp,Prophage,2
SAMN41129895,Citrobacter spp,Prophage,3
SAMN42440413,Citrobacter spp,Prophage,4
SAMN42539184,Citrobacter spp,Prophage,5
SAMN46143986,Proteus spp,Prophage,2
SAMN48025412,Escherichia coli,Prophage,12
SAMN48311203,Acinetobacter baumannii,Prophage,4
SAMN48538971,Staphylococcus aureus,Prophage,1
SAMN48810835,Escherichia coli,Prophage,3
SAMN48998442,Serratia spp,Prophage,1
SAMN50449478,Citrobacter spp,Prophage,12
SAMN51178349,Citrobacter spp,Prophage,4
SAMN53339516,Enterobacter spp,Prophage,3
NA,Escherichia coli,Prophage,7
