accession	seq_name	length	topology	n_genes	genetic_code	plasmid_score	fdr	n_hallmarks	marker_enrichment	conjugation_genes	amr_genes
AE002098.2	NA	NA	NA	NA	NA	NA	NA	NA	NA	NA	NA
AE003852.1	NA	NA	NA	NA	NA	NA	NA	NA	NA	NA	NA
AE003853.1	NA	NA	NA	NA	NA	NA	NA	NA	NA	NA	NA
AE004969.1	NA	NA	NA	NA	NA	NA	NA	NA	NA	NA	NA
AE005672.3	NA	NA	NA	NA	NA	NA	NA	NA	NA	NA	NA
AE007317.1	NA	NA	NA	NA	NA	NA	NA	NA	NA	NA	NA
AE009948.1	NA	NA	NA	NA	NA	NA	NA	NA	NA	NA	NA
AE009949.1	NA	NA	NA	NA	NA	NA	NA	NA	NA	NA	NA
AE016830.1	NA	NA	NA	NA	NA	NA	NA	NA	NA	NA	NA
AE016831.1	ENA|AE016831|AE016831.1	57660	No terminal repeats	59	11	0.9914	NA	2	15.2849	FATA_prgIc;FATA_prgL	NA
AE016832.1	ENA|AE016832|AE016832.1	17963	No terminal repeats	21	11	0.9931	NA	1	4.4203	NA	NA
AE016833.1	ENA|AE016833|AE016833.1	66320	No terminal repeats	71	11	0.9927	NA	5	26.3265	FA_orf13	NF033693
AL157959.1	NA	NA	NA	NA	NA	NA	NA	NA	NA	NA	NA
AM889136.1	NA	NA	NA	NA	NA	NA	NA	NA	NA	NA	NA
AM942759.1	NA	NA	NA	NA	NA	NA	NA	NA	NA	NA	NA
AM942760.1	ENA|AM942760|AM942760.1	36289	No terminal repeats	49	11	0.9945	NA	10	34.8032	T_virB1;T_virB2;virb4;T_virB6;T_virB8;T_virB9;MOBP1	NA
AM990992.1	NA	NA	NA	NA	NA	NA	NA	NA	NA	NA	NA
AM990993.1	ENA|AM990993|AM990993.1	5246	No terminal repeats	5	11	0.9943	NA	1	3.7538	NA	NF012176
AM990994.1	ENA|AM990994|AM990994.1	4381	No terminal repeats	6	11	0.9951	NA	2	5.8399	NA	NA
AM990995.1	NA	NA	NA	NA	NA	NA	NA	NA	NA	NA	NA
AP006725.1	NA	NA	NA	NA	NA	NA	NA	NA	NA	NA	NA
AP006726.1	ENA|AP006726|AP006726.1	224152	No terminal repeats	244	11	0.9937	NA	4	73.2621	F_traE	NF033134;NF000402
AP009351.1	NA	NA	NA	NA	NA	NA	NA	NA	NA	NA	NA
AP011940.1	NA	NA	NA	NA	NA	NA	NA	NA	NA	NA	NA
AP011941.1	NA	NA	NA	NA	NA	NA	NA	NA	NA	NA	NA
AP011942.1	ENA|AP011942|AP011942.1	9129	No terminal repeats	9	11	0.9822	NA	1	1.5852	NA	NA
AP011943.1	NA	NA	NA	NA	NA	NA	NA	NA	NA	NA	NA
AP011944.1	NA	NA	NA	NA	NA	NA	NA	NA	NA	NA	NA
AP012491.2	NA	NA	NA	NA	NA	NA	NA	NA	NA	NA	NA
AP012496.1	NA	NA	NA	NA	NA	NA	NA	NA	NA	NA	NA
AP012600.1	NA	NA	NA	NA	NA	NA	NA	NA	NA	NA	NA
AP012601.1	NA	NA	NA	NA	NA	NA	NA	NA	NA	NA	NA
AP012602.1	NA	NA	NA	NA	NA	NA	NA	NA	NA	NA	NA
AP013063.1	NA	NA	NA	NA	NA	NA	NA	NA	NA	NA	NA
AP013064.1	ENA|AP013064|AP013064.1	41517	No terminal repeats	54	11	0.9932	NA	6	26.7551	MOBP1;T_virB5	NF012147
AP013065.1	ENA|AP013065|AP013065.1	58929	No terminal repeats	67	11	0.9935	NA	21	41.4938	F_traL;F_traK;F_traB;F_traV;F_traW;F_traU;F_traN;F_traF;F_traH;F_traG;t4cp2;MOBF	NA
AP014523.1	NA	NA	NA	NA	NA	NA	NA	NA	NA	NA	NA
AP014524.1	NA	NA	NA	NA	NA	NA	NA	NA	NA	NA	NA
AP014525.1	NA	NA	NA	NA	NA	NA	NA	NA	NA	NA	NA
AP014596.1	NA	NA	NA	NA	NA	NA	NA	NA	NA	NA	NA
AP014622.1	NA	NA	NA	NA	NA	NA	NA	NA	NA	NA	NA
AP014649.1	NA	NA	NA	NA	NA	NA	NA	NA	NA	NA	NA
AP014650.1	ENA|AP014650|AP014650.1	189354	No terminal repeats	192	11	0.9886	NA	7	43.0507	traU;I_traN;I_traM;I_traI;I_traY;I_traW	NF000466;NF012174;NF033144;NF012171
AP017610.1	NA	NA	NA	NA	NA	NA	NA	NA	NA	NA	NA
AP017611.1	ENA|AP017611|AP017611.1	168972	No terminal repeats	173	11	0.9948	NA	30	103.4835	F_traE;MOBF;F_traG;F_traH;F_traF;F_traN;F_traU;F_traW;virb4;F_traV;F_traK;F_traE;F_traL	NA
AP017612.1	NA	NA	NA	NA	NA	NA	NA	NA	NA	NA	NA
AP017613.1	ENA|AP017613|AP017613.1	108957	No terminal repeats	123	11	0.9949	NA	20	76.0469	traU;I_traT;I_traR;I_traQ;I_traP;I_traO;I_traN;I_traL;I_traK;I_traI;I_traE;MOBP1;I_trbB;I_trbA;I_traY;I_traW;I_traV;traU	NF012174
AP017614.1	ENA|AP017614|AP017614.1	61805	No terminal repeats	77	11	0.9938	NA	8	36.7954	MOBP1;T_virB9;T_virB8;T_virB6	NA
AP017615.1	ENA|AP017615|AP017615.1	6078	No terminal repeats	7	11	0.9953	NA	2	6.2752	MOBQ	NA
AP017616.1	ENA|AP017616|AP017616.1	4073	No terminal repeats	3	11	0.9934	NA	1	1.7183	NA	NA
AP017623.1	NA	NA	NA	NA	NA	NA	NA	NA	NA	NA	NA
AP017629.1	NA	NA	NA	NA	NA	NA	NA	NA	NA	NA	NA
AP017632.1	NA	NA	NA	NA	NA	NA	NA	NA	NA	NA	NA
AP017633.1	NA	NA	NA	NA	NA	NA	NA	NA	NA	NA	NA
AP017634.1	NA	NA	NA	NA	NA	NA	NA	NA	NA	NA	NA
AP017922.1	NA	NA	NA	NA	NA	NA	NA	NA	NA	NA	NA
AP017923.1	ENA|AP017923|AP017923.1	37965	No terminal repeats	46	11	0.9853	NA	3	12.1179	MOBP2	NA
AP018385.1	NA	NA	NA	NA	NA	NA	NA	NA	NA	NA	NA
AP018386.1	ENA|AP018386|AP018386.1	39058	No terminal repeats	46	11	0.9766	NA	9	16.3681	T_virB5;T_virB10;T_virB9;T_virB8;virb4;T_virB2;T_virB11	NA
AP018387.1	ENA|AP018387|AP018387.1	4207	No terminal repeats	9	11	0.9956	NA	3	9.8962	MOBP1	NA
AP018391.1	NA	NA	NA	NA	NA	NA	NA	NA	NA	NA	NA
AP018677.1	NA	NA	NA	NA	NA	NA	NA	NA	NA	NA	NA
AP018764.1	NA	NA	NA	NA	NA	NA	NA	NA	NA	NA	NA
AP018765.1	NA	NA	NA	NA	NA	NA	NA	NA	NA	NA	NA
AP018766.1	NA	NA	NA	NA	NA	NA	NA	NA	NA	NA	NA
AP018768.1	NA	NA	NA	NA	NA	NA	NA	NA	NA	NA	NA
AP018769.1	NA	NA	NA	NA	NA	NA	NA	NA	NA	NA	NA
AP018771.1	NA	NA	NA	NA	NA	NA	NA	NA	NA	NA	NA
AP018772.1	NA	NA	NA	NA	NA	NA	NA	NA	NA	NA	NA
AP018774.1	NA	NA	NA	NA	NA	NA	NA	NA	NA	NA	NA
AP018775.1	NA	NA	NA	NA	NA	NA	NA	NA	NA	NA	NA
AP018776.1	NA	NA	NA	NA	NA	NA	NA	NA	NA	NA	NA
AP018777.1	NA	NA	NA	NA	NA	NA	NA	NA	NA	NA	NA
AP018778.1	NA	NA	NA	NA	NA	NA	NA	NA	NA	NA	NA
AP018779.1	NA	NA	NA	NA	NA	NA	NA	NA	NA	NA	NA
AP018780.1	NA	NA	NA	NA	NA	NA	NA	NA	NA	NA	NA
AP018781.1	NA	NA	NA	NA	NA	NA	NA	NA	NA	NA	NA
AP018935.1	NA	NA	NA	NA	NA	NA	NA	NA	NA	NA	NA
AP018937.1	NA	NA	NA	NA	NA	NA	NA	NA	NA	NA	NA
AP018938.1	NA	NA	NA	NA	NA	NA	NA	NA	NA	NA	NA
AP019009.1	NA	NA	NA	NA	NA	NA	NA	NA	NA	NA	NA
AP019010.1	ENA|AP019010|AP019010.1	104121	No terminal repeats	109	11	0.9913	NA	25	62.2949	MOBF;t4cp2;F_traG;F_traH;F_traF;F_traN;F_traU;F_traW;virb4;F_traV;F_traB;F_traK;F_traE;F_traL	NA
AP019192.2	NA	NA	NA	NA	NA	NA	NA	NA	NA	NA	NA
AP019394.1	NA	NA	NA	NA	NA	NA	NA	NA	NA	NA	NA
AP019395.1	ENA|AP019395|AP019395.1	196595	No terminal repeats	191	11	0.9904	NA	3	51.2349	MOBP2;MOBP2	NA
AP019396.1	NA	NA	NA	NA	NA	NA	NA	NA	NA	NA	NA
AP019548.2	NA	NA	NA	NA	NA	NA	NA	NA	NA	NA	NA
AP019714.1	NA	NA	NA	NA	NA	NA	NA	NA	NA	NA	NA
AP019715.1	NA	NA	NA	NA	NA	NA	NA	NA	NA	NA	NA
AP019856.1	NA	NA	NA	NA	NA	NA	NA	NA	NA	NA	NA
AP019857.1	ENA|AP019857|AP019857.1	102846	No terminal repeats	115	11	0.9917	NA	2	29.0599	NA	NA
AP019859.1	NA	NA	NA	NA	NA	NA	NA	NA	NA	NA	NA
AP020310.1	NA	NA	NA	NA	NA	NA	NA	NA	NA	NA	NA
AP020322.1	NA	NA	NA	NA	NA	NA	NA	NA	NA	NA	NA
AP020323.1	ENA|AP020323|AP020323.1	20547	No terminal repeats	24	11	0.9941	NA	1	15.1017	NA	NF012167;NF040806;NF000025
AP021873.1	NA	NA	NA	NA	NA	NA	NA	NA	NA	NA	NA
AP021929.1	NA	NA	NA	NA	NA	NA	NA	NA	NA	NA	NA
AP021930.1	ENA|AP021930|AP021930.1	140912	No terminal repeats	156	11	0.9950	NA	26	111.0085	MOBF;F_traG;F_traH;F_traF;F_traN;F_trbC;F_traU;F_traW;virb4;F_traV;F_traK;F_traE;F_traL	NF000402
AP021931.1	ENA|AP021931|AP021931.1	130287	No terminal repeats	140	11	0.9939	NA	5	62.6487	NA	NF012171;NF012174
AP021932.1	NA	NA	NA	NA	NA	NA	NA	NA	NA	NA	NA
AP022077.1	NA	NA	NA	NA	NA	NA	NA	NA	NA	NA	NA
AP022326.1	NA	NA	NA	NA	NA	NA	NA	NA	NA	NA	NA
AP022327.1	ENA|AP022327|AP022327.1	139450	No terminal repeats	161	11	0.9948	NA	24	90.4131	F_traE;F_traE;MOBF;F_traG;F_traG;F_traH;F_traK;F_traE;F_traL	NF012178;NF012171;NF012174
AP022328.1	ENA|AP022328|AP022328.1	67915	No terminal repeats	81	11	0.9954	NA	28	72.5611	F_traL;F_traE;F_traK;F_traV;virb4;F_traW;F_traU;F_traN;F_traF;F_traH;F_traG;MOBF	NA
AP022329.1	ENA|AP022329|AP022329.1	5167	No terminal repeats	5	11	0.9950	NA	1	3.7523	MOBQ	NA
AP022330.1	ENA|AP022330|AP022330.1	4060	No terminal repeats	3	11	0.9932	NA	1	1.7183	NA	NA
AP022331.1	NA	NA	NA	NA	NA	NA	NA	NA	NA	NA	NA
AP022341.1	NA	NA	NA	NA	NA	NA	NA	NA	NA	NA	NA
AP022342.1	ENA|AP022342|AP022342.1	253148	No terminal repeats	292	11	0.9890	NA	3	63.8088	MOBP2	NA
AP022343.1	ENA|AP022343|AP022343.1	108102	No terminal repeats	128	11	0.9889	NA	2	11.8036	NA	NF033115
AP022344.1	ENA|AP022344|AP022344.1	6258	No terminal repeats	10	11	0.9948	NA	1	8.0310	NA	NA
AP022510.1	NA	NA	NA	NA	NA	NA	NA	NA	NA	NA	NA
AP022511.1	ENA|AP022511|AP022511.1	292755	No terminal repeats	319	11	0.9940	NA	17	196.4419	F_traE;F_traB;F_traV;virb4;F_traW;F_traU;F_trbC;F_traH;F_traF;MOBH;t4cp1	NF000153
AP022512.1	ENA|AP022512|AP022512.1	2511	No terminal repeats	5	11	0.9944	NA	1	3.1262	NA	NA
AP022846.1	NA	NA	NA	NA	NA	NA	NA	NA	NA	NA	NA
AP022867.1	NA	NA	NA	NA	NA	NA	NA	NA	NA	NA	NA
AP023067.1	NA	NA	NA	NA	NA	NA	NA	NA	NA	NA	NA
AP023068.1	ENA|AP023068|AP023068.1	4207	No terminal repeats	9	11	0.9956	NA	3	9.8962	MOBP1	NA
AP023069.1	NA	NA	NA	NA	NA	NA	NA	NA	NA	NA	NA
AP023070.1	ENA|AP023070|AP023070.1	4153	No terminal repeats	9	11	0.9956	NA	3	9.8962	MOBP1	NA
AP023071.1	NA	NA	NA	NA	NA	NA	NA	NA	NA	NA	NA
AP023072.1	ENA|AP023072|AP023072.1	4207	No terminal repeats	10	11	0.9953	NA	3	9.8962	MOBP1	NA
AP023075.1	NA	NA	NA	NA	NA	NA	NA	NA	NA	NA	NA
AP023076.1	ENA|AP023076|AP023076.1	4153	No terminal repeats	9	11	0.9956	NA	3	9.8962	MOBP1	NA
AP023292.1	NA	NA	NA	NA	NA	NA	NA	NA	NA	NA	NA
AP023293.1	ENA|AP023293|AP023293.1	7618	No terminal repeats	9	11	0.9887	NA	2	5.0335	NA	NF033135
AP023309.1	NA	NA	NA	NA	NA	NA	NA	NA	NA	NA	NA
AP023310.1	ENA|AP023310|AP023310.1	229829	No terminal repeats	255	11	0.9946	NA	21	186.3060	F_traE;F_traB;F_traV;virb4;F_traW;F_traU;F_trbC;F_traH;F_traF;MOBH;t4cp1	NF012171;NF012174
AP023387.1	NA	NA	NA	NA	NA	NA	NA	NA	NA	NA	NA
AP024155.1	NA	NA	NA	NA	NA	NA	NA	NA	NA	NA	NA
AP024156.1	ENA|AP024156|AP024156.1	4153	No terminal repeats	10	11	0.9950	NA	3	9.4335	MOBP1	NA
AP024313.1	NA	NA	NA	NA	NA	NA	NA	NA	NA	NA	NA
AP024314.1	ENA|AP024314|AP024314.1	3785	No terminal repeats	4	11	0.9937	NA	1	3.4296	NA	NA
AP024318.1	NA	NA	NA	NA	NA	NA	NA	NA	NA	NA	NA
AP024319.1	ENA|AP024319|AP024319.1	20722	No terminal repeats	23	11	0.9943	NA	2	10.8004	MOBV	NF040806;NF012167
AP024414.1	NA	NA	NA	NA	NA	NA	NA	NA	NA	NA	NA
AP024511.1	NA	NA	NA	NA	NA	NA	NA	NA	NA	NA	NA
AP024512.1	ENA|AP024512|AP024512.1	20501	No terminal repeats	25	11	0.9939	NA	1	15.1017	NA	NF012167;NF040806;NF000025
AP024518.1	NA	NA	NA	NA	NA	NA	NA	NA	NA	NA	NA
AP024519.1	ENA|AP024519|AP024519.1	100617	No terminal repeats	111	11	0.9954	NA	28	88.0292	MOBF;F_traG;F_traH;F_traF;F_traN;F_traU;F_traW;virb4;F_traV;F_traK;F_traE;F_traL	NF033144;NF012174;NF012178
AP024520.1	NA	NA	NA	NA	NA	NA	NA	NA	NA	NA	NA
AP024553.1	NA	NA	NA	NA	NA	NA	NA	NA	NA	NA	NA
AP024554.1	NA	NA	NA	NA	NA	NA	NA	NA	NA	NA	NA
AP024555.1	NA	NA	NA	NA	NA	NA	NA	NA	NA	NA	NA
AP024621.1	NA	NA	NA	NA	NA	NA	NA	NA	NA	NA	NA
AP024628.1	NA	NA	NA	NA	NA	NA	NA	NA	NA	NA	NA
AP024730.1	NA	NA	NA	NA	NA	NA	NA	NA	NA	NA	NA
AP024731.1	ENA|AP024731|AP024731.1	21326	No terminal repeats	25	11	0.9940	NA	2	10.9722	MOBV	NF040806;NF012167
AP024831.1	NA	NA	NA	NA	NA	NA	NA	NA	NA	NA	NA
AP024832.1	NA	NA	NA	NA	NA	NA	NA	NA	NA	NA	NA
AP024833.1	ENA|AP024833|AP024833.1	71966	No terminal repeats	85	11	0.9936	NA	2	33.8927	MOBP2	NA
AP024834.1	ENA|AP024834|AP024834.1	9507	No terminal repeats	13	11	0.9925	NA	1	6.3127	NA	NA
AP024835.1	ENA|AP024835|AP024835.1	6302	No terminal repeats	10	11	0.9948	NA	1	9.7493	NA	NA
AP024836.1	NA	NA	NA	NA	NA	NA	NA	NA	NA	NA	NA
AP024837.1	NA	NA	NA	NA	NA	NA	NA	NA	NA	NA	NA
AP024838.1	NA	NA	NA	NA	NA	NA	NA	NA	NA	NA	NA
AP024839.1	ENA|AP024839|AP024839.1	71967	No terminal repeats	85	11	0.9934	NA	2	33.8927	MOBP2	NA
AP024840.1	ENA|AP024840|AP024840.1	9507	No terminal repeats	13	11	0.9925	NA	1	6.3127	NA	NA
AP024841.1	ENA|AP024841|AP024841.1	6303	No terminal repeats	9	11	0.9950	NA	1	8.0310	NA	NA
AP024842.1	NA	NA	NA	NA	NA	NA	NA	NA	NA	NA	NA
AP024843.1	ENA|AP024843|AP024843.1	4373	No terminal repeats	7	11	0.9954	NA	2	6.6500	NA	NA
AP024847.1	NA	NA	NA	NA	NA	NA	NA	NA	NA	NA	NA
AP024848.1	ENA|AP024848|AP024848.1	23921	No terminal repeats	27	11	0.9929	NA	1	2.6514	NA	NA
AP024963.1	NA	NA	NA	NA	NA	NA	NA	NA	NA	NA	NA
AP024965.1	NA	NA	NA	NA	NA	NA	NA	NA	NA	NA	NA
AP025682.1	NA	NA	NA	NA	NA	NA	NA	NA	NA	NA	NA
AP025764.1	NA	NA	NA	NA	NA	NA	NA	NA	NA	NA	NA
AP025765.1	ENA|AP025765|AP025765.1	369315	No terminal repeats	409	11	0.9939	NA	18	219.8125	F_traE;F_traB;F_traV;virb4;F_traW;F_traU;F_trbC;F_traH;F_traF;MOBH;t4cp1	NF012147;NF000125
AP025766.1	NA	NA	NA	NA	NA	NA	NA	NA	NA	NA	NA
AP025777.1	NA	NA	NA	NA	NA	NA	NA	NA	NA	NA	NA
AP025778.1	ENA|AP025778|AP025778.1	369681	No terminal repeats	412	11	0.9938	NA	18	220.6487	F_traE;F_traB;F_traV;virb4;F_traW;F_traU;F_trbC;F_traH;F_traF;MOBH;t4cp1	NF012147;NF000125
AP025779.1	NA	NA	NA	NA	NA	NA	NA	NA	NA	NA	NA
AP025784.1	NA	NA	NA	NA	NA	NA	NA	NA	NA	NA	NA
AP025785.1	ENA|AP025785|AP025785.1	369656	No terminal repeats	410	11	0.9938	NA	18	219.6693	F_traE;F_traB;F_traV;virb4;F_traW;F_traU;F_trbC;F_traH;F_traF;MOBH;t4cp1	NF012147;NF000125
AP025786.1	ENA|AP025786|AP025786.1	2496	No terminal repeats	3	11	0.9952	NA	1	3.1262	NA	NA
AP025792.1	NA	NA	NA	NA	NA	NA	NA	NA	NA	NA	NA
AP025793.1	ENA|AP025793|AP025793.1	368905	No terminal repeats	410	11	0.9937	NA	18	219.1321	F_traE;F_traB;F_traV;virb4;F_traW;F_traU;F_trbC;F_traH;F_traF;MOBH;t4cp1	NF012147;NF000125
AP025794.1	NA	NA	NA	NA	NA	NA	NA	NA	NA	NA	NA
AP025799.1	NA	NA	NA	NA	NA	NA	NA	NA	NA	NA	NA
AP025800.1	ENA|AP025800|AP025800.1	368921	No terminal repeats	410	11	0.9937	NA	18	219.1321	F_traE;F_traB;F_traV;virb4;F_traW;F_traU;F_trbC;F_traH;F_traF;MOBH;t4cp1	NF012147;NF000125
AP025801.1	NA	NA	NA	NA	NA	NA	NA	NA	NA	NA	NA
AP025802.1	ENA|AP025802|AP025802.1	371011	No terminal repeats	411	11	0.9939	NA	18	219.6693	F_traE;F_traB;F_traV;virb4;F_traW;F_traU;F_trbC;F_traH;F_traF;MOBH;t4cp1	NF012147;NF000125
AP025803.1	ENA|AP025803|AP025803.1	2496	No terminal repeats	3	11	0.9953	NA	1	3.1262	NA	NA
AP025807.1	NA	NA	NA	NA	NA	NA	NA	NA	NA	NA	NA
AP025808.1	ENA|AP025808|AP025808.1	371011	No terminal repeats	411	11	0.9939	NA	18	219.6693	F_traE;F_traB;F_traV;virb4;F_traW;F_traU;F_trbC;F_traH;F_traF;MOBH;t4cp1	NF012147;NF000125
AP025809.1	ENA|AP025809|AP025809.1	2496	No terminal repeats	3	11	0.9953	NA	1	3.1262	NA	NA
AP025815.1	NA	NA	NA	NA	NA	NA	NA	NA	NA	NA	NA
AP025816.1	ENA|AP025816|AP025816.1	371011	No terminal repeats	411	11	0.9939	NA	18	219.6693	F_traE;F_traB;F_traV;virb4;F_traW;F_traU;F_trbC;F_traH;F_traF;MOBH;t4cp1	NF012147;NF000125
AP025817.1	ENA|AP025817|AP025817.1	2496	No terminal repeats	4	11	0.9955	NA	1	4.8445	NA	NA
AP025830.1	NA	NA	NA	NA	NA	NA	NA	NA	NA	NA	NA
AP025831.1	ENA|AP025831|AP025831.1	371458	No terminal repeats	413	11	0.9939	NA	18	219.1321	F_traE;F_traB;F_traV;virb4;F_traW;F_traU;F_trbC;F_traH;F_traF;MOBH;t4cp1	NF012147;NF000125
AP025832.1	NA	NA	NA	NA	NA	NA	NA	NA	NA	NA	NA
AP025855.1	NA	NA	NA	NA	NA	NA	NA	NA	NA	NA	NA
AP025856.1	ENA|AP025856|AP025856.1	356500	No terminal repeats	403	11	0.9937	NA	16	213.8006	F_traE;F_traB;F_traV;virb4;F_traW;F_traU;F_trbC;F_traH;F_traF;MOBH	NF012147;NF000125
AP025858.1	ENA|AP025858|AP025858.1	2511	No terminal repeats	4	11	0.9947	NA	1	3.1262	NA	NA
AP025863.1	NA	NA	NA	NA	NA	NA	NA	NA	NA	NA	NA
AP025864.1	ENA|AP025864|AP025864.1	357953	No terminal repeats	405	11	0.9938	NA	16	214.5333	F_traE;F_traB;F_traV;virb4;F_traW;F_traU;F_trbC;F_traH;F_traF;MOBH	NF012147;NF000125
AP025865.1	NA	NA	NA	NA	NA	NA	NA	NA	NA	NA	NA
AP025866.1	ENA|AP025866|AP025866.1	2511	No terminal repeats	6	11	0.9945	NA	1	4.8445	NA	NA
AP025871.1	NA	NA	NA	NA	NA	NA	NA	NA	NA	NA	NA
AP025872.1	ENA|AP025872|AP025872.1	360179	No terminal repeats	399	11	0.9940	NA	18	211.8198	F_traE;F_traB;F_traV;virb4;F_traW;F_traU;F_trbC;F_traH;F_traF;MOBH;MOBH;t4cp1	NF012147;NF000125
AP025873.1	NA	NA	NA	NA	NA	NA	NA	NA	NA	NA	NA
AP025874.1	ENA|AP025874|AP025874.1	2511	No terminal repeats	5	11	0.9944	NA	1	3.1262	NA	NA
AP025875.1	NA	NA	NA	NA	NA	NA	NA	NA	NA	NA	NA
AP025876.1	ENA|AP025876|AP025876.1	377359	No terminal repeats	422	11	0.9939	NA	19	223.4559	F_traE;F_traB;F_traV;virb4;F_traW;F_traU;F_trbC;F_traH;F_traF;MOBH;MOBH;t4cp1	NF012147;NF000125
AP025877.1	NA	NA	NA	NA	NA	NA	NA	NA	NA	NA	NA
AP025878.1	ENA|AP025878|AP025878.1	2511	No terminal repeats	5	11	0.9943	NA	1	3.1262	NA	NA
AP025879.1	NA	NA	NA	NA	NA	NA	NA	NA	NA	NA	NA
AP025880.1	ENA|AP025880|AP025880.1	376245	No terminal repeats	420	11	0.9939	NA	19	221.9905	F_traE;F_traB;F_traV;virb4;F_traW;F_traU;F_trbC;F_traH;F_traF;MOBH;MOBH;t4cp1	NF012147;NF000125
AP025881.1	NA	NA	NA	NA	NA	NA	NA	NA	NA	NA	NA
AP025882.1	ENA|AP025882|AP025882.1	2511	No terminal repeats	5	11	0.9942	NA	1	3.1262	NA	NA
AP025895.1	NA	NA	NA	NA	NA	NA	NA	NA	NA	NA	NA
AP025896.1	ENA|AP025896|AP025896.1	370561	No terminal repeats	413	11	0.9939	NA	19	224.6439	F_traE;F_traB;F_traV;virb4;F_traW;F_traU;F_trbC;F_traH;F_traF;MOBH;MOBH;t4cp1	NF012147;NF000125
AP025897.1	NA	NA	NA	NA	NA	NA	NA	NA	NA	NA	NA
AP025898.1	ENA|AP025898|AP025898.1	2511	No terminal repeats	4	11	0.9948	NA	1	3.1262	NA	NA
AP025903.1	NA	NA	NA	NA	NA	NA	NA	NA	NA	NA	NA
AP025904.1	ENA|AP025904|AP025904.1	367582	No terminal repeats	412	11	0.9941	NA	19	220.0779	F_traE;F_traB;F_traV;virb4;F_traW;F_traU;F_trbC;F_traH;F_traF;MOBH;MOBH;t4cp1	NF012147;NF000125
AP025905.1	NA	NA	NA	NA	NA	NA	NA	NA	NA	NA	NA
AP025906.1	ENA|AP025906|AP025906.1	2511	No terminal repeats	5	11	0.9944	NA	1	3.1262	NA	NA
AP025919.1	NA	NA	NA	NA	NA	NA	NA	NA	NA	NA	NA
AP025920.1	ENA|AP025920|AP025920.1	372129	No terminal repeats	423	11	0.9941	NA	18	221.3151	F_traE;F_traB;F_traV;virb4;F_traW;F_traU;F_trbC;F_traH;F_traF;MOBH;t4cp1	NF012147;NF000125
AP025921.1	NA	NA	NA	NA	NA	NA	NA	NA	NA	NA	NA
AP025922.1	ENA|AP025922|AP025922.1	2511	No terminal repeats	5	11	0.9943	NA	1	3.1262	NA	NA
AP025936.1	NA	NA	NA	NA	NA	NA	NA	NA	NA	NA	NA
AP025937.1	NA	NA	NA	NA	NA	NA	NA	NA	NA	NA	NA
AP025938.1	NA	NA	NA	NA	NA	NA	NA	NA	NA	NA	NA
AP025940.1	NA	NA	NA	NA	NA	NA	NA	NA	NA	NA	NA
AP026106.1	NA	NA	NA	NA	NA	NA	NA	NA	NA	NA	NA
AP026107.1	ENA|AP026107|AP026107.1	83529	No terminal repeats	91	11	0.9947	NA	9	51.1255	T_virB11;MOBP1;MOBP1	NA
AP026114.1	NA	NA	NA	NA	NA	NA	NA	NA	NA	NA	NA
AP026115.1	ENA|AP026115|AP026115.1	94167	No terminal repeats	93	11	0.9946	NA	8	49.6888	T_virB11;MOBP1	NA
AP026116.1	NA	NA	NA	NA	NA	NA	NA	NA	NA	NA	NA
AP026117.1	ENA|AP026117|AP026117.1	93804	No terminal repeats	92	11	0.9945	NA	8	49.6888	T_virB11;MOBP1	NA
AP026601.1	NA	NA	NA	NA	NA	NA	NA	NA	NA	NA	NA
AP026602.1	ENA|AP026602|AP026602.1	88683	No terminal repeats	110	11	0.9855	NA	2	9.5543	NA	NA
AP026603.1	ENA|AP026603|AP026603.1	31114	No terminal repeats	44	11	0.9924	NA	1	9.7566	NA	NF033068
AP026655.1	NA	NA	NA	NA	NA	NA	NA	NA	NA	NA	NA
AP026656.1	NA	NA	NA	NA	NA	NA	NA	NA	NA	NA	NA
AP026657.1	ENA|AP026657|AP026657.1	76985	No terminal repeats	97	11	0.9828	NA	2	5.4257	NA	NA
AP026658.1	ENA|AP026658|AP026658.1	42042	No terminal repeats	48	11	0.9939	NA	1	25.3799	NA	NA
AP026659.1	ENA|AP026659|AP026659.1	19291	No terminal repeats	28	11	0.9938	NA	2	8.7475	NA	NA
AP026660.1	NA	NA	NA	NA	NA	NA	NA	NA	NA	NA	NA
AP026661.1	NA	NA	NA	NA	NA	NA	NA	NA	NA	NA	NA
AP026662.1	ENA|AP026662|AP026662.1	76985	No terminal repeats	97	11	0.9828	NA	2	5.4257	NA	NA
AP026664.1	ENA|AP026664|AP026664.1	9527	No terminal repeats	14	11	0.9932	NA	1	6.3127	NA	NA
AP026665.1	ENA|AP026665|AP026665.1	9009	No terminal repeats	13	11	0.9889	NA	1	1.8991	NA	NA
AP026666.1	NA	NA	NA	NA	NA	NA	NA	NA	NA	NA	NA
AP026667.1	NA	NA	NA	NA	NA	NA	NA	NA	NA	NA	NA
AP026668.1	ENA|AP026668|AP026668.1	76985	No terminal repeats	97	11	0.9828	NA	2	5.4257	NA	NA
AP026669.1	ENA|AP026669|AP026669.1	41193	No terminal repeats	50	11	0.9942	NA	1	25.9155	NA	NA
AP026670.1	ENA|AP026670|AP026670.1	9013	No terminal repeats	13	11	0.9916	NA	1	1.8991	NA	NA
AP026721.1	NA	NA	NA	NA	NA	NA	NA	NA	NA	NA	NA
AP026723.1	ENA|AP026723|AP026723.1	56107	No terminal repeats	63	11	0.9915	NA	1	16.8968	NA	NF033068
AP026725.1	ENA|AP026725|AP026725.1	5143	No terminal repeats	6	11	0.9902	NA	1	3.1574	MOBV	NA
AP026772.1	NA	NA	NA	NA	NA	NA	NA	NA	NA	NA	NA
AP026773.1	ENA|AP026773|AP026773.1	138954	No terminal repeats	158	11	0.9898	NA	7	38.6073	FATA_trsC;FATA_trsD;FATA_trsF;FATA_trsL	NF012176;NF000424;NF033115;NF012174
AP026774.1	ENA|AP026774|AP026774.1	235911	No terminal repeats	283	11	0.9873	NA	1	51.4910	MOBP2	NF033693
AP026775.1	NA	NA	NA	NA	NA	NA	NA	NA	NA	NA	NA
AP026776.1	ENA|AP026776|AP026776.1	25968	No terminal repeats	27	11	0.9950	NA	2	12.2764	MOBV	NF012176
AP026777.1	NA	NA	NA	NA	NA	NA	NA	NA	NA	NA	NA
AP026778.1	ENA|AP026778|AP026778.1	6308	No terminal repeats	9	11	0.9951	NA	1	8.0310	NA	NA
AP026779.1	ENA|AP026779|AP026779.1	6175	No terminal repeats	8	11	0.9956	NA	1	9.3098	NA	NA
AP026827.1	NA	NA	NA	NA	NA	NA	NA	NA	NA	NA	NA
AP026828.1	ENA|AP026828|AP026828.1	111709	No terminal repeats	129	11	0.9911	NA	20	41.0857	MOBH;t4cp1;F_traL;F_traE;F_traK;F_traB;F_traV;virb4;F_traW;F_traU;F_traF;F_traH;F_traG;F_trbC;T_virB1	NA
AP026829.1	NA	NA	NA	NA	NA	NA	NA	NA	NA	NA	NA
AP026913.1	NA	NA	NA	NA	NA	NA	NA	NA	NA	NA	NA
AP026915.1	NA	NA	NA	NA	NA	NA	NA	NA	NA	NA	NA
AP026917.1	NA	NA	NA	NA	NA	NA	NA	NA	NA	NA	NA
AP026918.1	NA	NA	NA	NA	NA	NA	NA	NA	NA	NA	NA
AP026919.1	NA	NA	NA	NA	NA	NA	NA	NA	NA	NA	NA
AP026921.1	NA	NA	NA	NA	NA	NA	NA	NA	NA	NA	NA
AP026922.1	NA	NA	NA	NA	NA	NA	NA	NA	NA	NA	NA
AP026923.1	NA	NA	NA	NA	NA	NA	NA	NA	NA	NA	NA
AP026924.1	NA	NA	NA	NA	NA	NA	NA	NA	NA	NA	NA
AP026926.1	NA	NA	NA	NA	NA	NA	NA	NA	NA	NA	NA
AP026927.1	NA	NA	NA	NA	NA	NA	NA	NA	NA	NA	NA
AP026928.1	NA	NA	NA	NA	NA	NA	NA	NA	NA	NA	NA
AP026929.1	NA	NA	NA	NA	NA	NA	NA	NA	NA	NA	NA
AP026930.1	NA	NA	NA	NA	NA	NA	NA	NA	NA	NA	NA
AP026932.1	NA	NA	NA	NA	NA	NA	NA	NA	NA	NA	NA
AP026940.1	NA	NA	NA	NA	NA	NA	NA	NA	NA	NA	NA
AP026941.1	ENA|AP026941|AP026941.1	293280	No terminal repeats	354	11	0.9897	NA	21	58.8598	MOBH;t4cp1;F_traL;F_traE;F_traK;F_traB;F_traV;virb4;F_traW;F_traU;G_tfc2;F_traF;F_traH;F_traG;T_virB1	NA
AP026942.1	ENA|AP026942|AP026942.1	137080	No terminal repeats	174	11	0.9925	NA	21	66.4144	MOBH;t4cp1;F_traL;F_traE;F_traK;F_traB;F_traV;virb4;F_traW;F_traU;F_trbC;F_traF;F_traH;F_traG;T_virB1	NF012147;NF000005
AP026943.1	NA	NA	NA	NA	NA	NA	NA	NA	NA	NA	NA
AP026944.1	ENA|AP026944|AP026944.1	4858	No terminal repeats	8	11	0.9943	NA	2	3.7423	MOBP1	NA
AP027134.1	NA	NA	NA	NA	NA	NA	NA	NA	NA	NA	NA
AP027135.1	NA	NA	NA	NA	NA	NA	NA	NA	NA	NA	NA
AP027136.1	NA	NA	NA	NA	NA	NA	NA	NA	NA	NA	NA
AP027137.1	ENA|AP027137|AP027137.1	85996	No terminal repeats	98	11	0.9921	NA	2	33.2065	NA	NF012176
AP027138.1	ENA|AP027138|AP027138.1	58872	No terminal repeats	57	11	0.9926	NA	2	21.5491	NA	NA
AP027185.1	NA	NA	NA	NA	NA	NA	NA	NA	NA	NA	NA
AP027186.1	ENA|AP027186|AP027186.1	65443	No terminal repeats	76	11	0.9954	NA	27	66.1013	F_traL;F_traE;F_traK;F_traV;virb4;F_traW;F_traU;F_traN;F_traF;F_traH;F_traG;MOBF	NA
AP027187.1	ENA|AP027187|AP027187.1	6744	No terminal repeats	7	11	0.9946	NA	2	6.5041	NA	NA
AP027221.1	NA	NA	NA	NA	NA	NA	NA	NA	NA	NA	NA
AP027222.1	ENA|AP027222|AP027222.1	248456	No terminal repeats	299	11	0.9902	NA	4	78.4607	MOBP2;MOBP2	NF033068;NF012176
AP027223.1	ENA|AP027223|AP027223.1	71754	No terminal repeats	80	11	0.9929	NA	4	33.7147	FATA_trsC;FATA_trsD;FATA_trsL	NF033693;NF033115
AP027224.1	ENA|AP027224|AP027224.1	12309	No terminal repeats	17	11	0.9954	NA	2	18.6196	NA	NA
AP027225.1	NA	NA	NA	NA	NA	NA	NA	NA	NA	NA	NA
AP027226.1	ENA|AP027226|AP027226.1	8744	No terminal repeats	13	11	0.9944	NA	3	12.5525	NA	NA
AP027227.1	NA	NA	NA	NA	NA	NA	NA	NA	NA	NA	NA
AP027228.1	ENA|AP027228|AP027228.1	246962	No terminal repeats	300	11	0.9902	NA	4	77.3893	MOBP2;MOBP2	NF033068;NF012176
AP027229.1	ENA|AP027229|AP027229.1	71757	No terminal repeats	80	11	0.9932	NA	4	33.7147	FATA_trsC;FATA_trsD;FATA_trsL	NF033693;NF033115
AP027230.1	ENA|AP027230|AP027230.1	60121	No terminal repeats	74	11	0.9876	NA	3	7.0454	NA	NA
AP027231.1	ENA|AP027231|AP027231.1	12370	No terminal repeats	17	11	0.9956	NA	1	18.6822	NA	NA
AP027232.1	ENA|AP027232|AP027232.1	4372	No terminal repeats	7	11	0.9952	NA	2	6.6500	NA	NA
AP027233.1	NA	NA	NA	NA	NA	NA	NA	NA	NA	NA	NA
AP027234.1	ENA|AP027234|AP027234.1	246977	No terminal repeats	297	11	0.9896	NA	4	78.4607	MOBP2;MOBP2	NF033068;NF012176
AP027235.1	ENA|AP027235|AP027235.1	71749	No terminal repeats	84	11	0.9926	NA	4	33.7147	FATA_trsC;FATA_trsD;FATA_trsL	NF033693;NF033115
AP027236.1	ENA|AP027236|AP027236.1	12368	No terminal repeats	17	11	0.9955	NA	2	18.6196	NA	NA
AP027237.1	NA	NA	NA	NA	NA	NA	NA	NA	NA	NA	NA
AP027238.1	ENA|AP027238|AP027238.1	8744	No terminal repeats	13	11	0.9949	NA	2	11.8049	NA	NA
AP027294.1	NA	NA	NA	NA	NA	NA	NA	NA	NA	NA	NA
AP027295.1	ENA|AP027295|AP027295.1	243853	No terminal repeats	275	11	0.9903	NA	3	59.6057	MOBP2	NF033693;NF033068
AP027296.1	ENA|AP027296|AP027296.1	43624	No terminal repeats	45	11	0.9945	NA	3	20.0130	MOBV;FATA_trsF	NF012176;NF012176
AP027418.1	ENA|AP027418|AP027418.1	284829	No terminal repeats	310	11	0.9943	NA	18	203.2528	F_traE;F_traB;F_traV;virb4;F_traW;F_traU;F_trbC;F_traH;F_traF;MOBH;t4cp1	NF000107;NF000027;NF012171;NF000402
AP027419.1	NA	NA	NA	NA	NA	NA	NA	NA	NA	NA	NA
AP027424.1	NA	NA	NA	NA	NA	NA	NA	NA	NA	NA	NA
AP027425.1	ENA|AP027425|AP027425.1	133820	No terminal repeats	152	11	0.9945	NA	32	84.4531	MOBF;F_traG;F_traH;F_traF;F_traN;F_traU;F_traW;virb4;F_traV;F_traK;F_traE;F_traL	NF033085;NF000027;NF012178
AP027426.1	ENA|AP027426|AP027426.1	93860	No terminal repeats	109	11	0.9900	NA	5	18.2796	F_traF;MOBH	NF012174;NF012174
AP027427.1	ENA|AP027427|AP027427.1	50626	No terminal repeats	70	11	0.9901	NA	9	32.3261	T_virB11;T_virB2;T_virB8;T_virB9;T_virB10;T_virB5	NA
AP027479.1	NA	NA	NA	NA	NA	NA	NA	NA	NA	NA	NA
AP027480.1	ENA|AP027480|AP027480.1	8904	No terminal repeats	11	11	0.9942	NA	1	4.2561	NA	NF012174
AP027481.1	ENA|AP027481|AP027481.1	3371	No terminal repeats	5	11	0.9958	NA	4	5.9811	NA	NA
AP027482.1	NA	NA	NA	NA	NA	NA	NA	NA	NA	NA	NA
AP027487.1	NA	NA	NA	NA	NA	NA	NA	NA	NA	NA	NA
AP027488.1	ENA|AP027488|AP027488.1	191909	No terminal repeats	215	11	0.9944	NA	18	168.3283	t4cp1;MOBH;F_traF;F_traH;F_traG;F_trbC;F_traU;F_traW;virb4;F_traV;F_traB;F_traE	NF000496
AP027489.1	ENA|AP027489|AP027489.1	142006	No terminal repeats	153	11	0.9946	NA	34	86.5772	MOBF;t4cp2;F_traG;F_traH;F_traF;F_traN;F_traU;F_traW;virb4;F_traV;F_traK;F_traE;F_traL;F_traE	NA
AP027490.1	NA	NA	NA	NA	NA	NA	NA	NA	NA	NA	NA
AP027492.1	NA	NA	NA	NA	NA	NA	NA	NA	NA	NA	NA
AP027493.1	NA	NA	NA	NA	NA	NA	NA	NA	NA	NA	NA
AP027500.1	NA	NA	NA	NA	NA	NA	NA	NA	NA	NA	NA
AP027501.1	NA	NA	NA	NA	NA	NA	NA	NA	NA	NA	NA
AP027502.1	ENA|AP027502|AP027502.1	68050	No terminal repeats	87	11	0.9933	NA	8	39.3093	MOBP1;T_virB9;T_virB8;T_virB6	NA
AP027503.1	NA	NA	NA	NA	NA	NA	NA	NA	NA	NA	NA
AP027504.1	ENA|AP027504|AP027504.1	3126	No terminal repeats	3	11	0.9949	NA	2	3.0666	NA	NA
AP027505.1	NA	NA	NA	NA	NA	NA	NA	NA	NA	NA	NA
AP027666.1	NA	NA	NA	NA	NA	NA	NA	NA	NA	NA	NA
AP027667.1	ENA|AP027667|AP027667.1	120374	No terminal repeats	135	11	0.9901	NA	6	18.9006	F_traH;F_traF;MOBH	NF012174
AP027668.1	ENA|AP027668|AP027668.1	61575	No terminal repeats	76	11	0.9933	NA	8	37.4831	MOBP1;T_virB9;T_virB8;T_virB6	NA
AP027669.1	ENA|AP027669|AP027669.1	45537	No terminal repeats	64	11	0.9910	NA	9	32.8291	T_virB11;T_virB2;T_virB8;T_virB9;T_virB10;T_virB5	NA
AP027670.1	ENA|AP027670|AP027670.1	9092	No terminal repeats	11	11	0.9943	NA	1	4.2561	NA	NF012174
AP027671.1	NA	NA	NA	NA	NA	NA	NA	NA	NA	NA	NA
AP027672.1	NA	NA	NA	NA	NA	NA	NA	NA	NA	NA	NA
AP027721.1	NA	NA	NA	NA	NA	NA	NA	NA	NA	NA	NA
AP027722.1	ENA|AP027722|AP027722.1	77624	No terminal repeats	88	11	0.9941	NA	2	33.8551	NA	NF000119;NF012174;NF012174
AP027745.1	NA	NA	NA	NA	NA	NA	NA	NA	NA	NA	NA
AP027746.1	ENA|AP027746|AP027746.1	182962	No terminal repeats	187	11	0.9903	NA	3	12.9029	NA	NF012174;NF012174;NF000402;NF012174;NF000051
AP027747.1	NA	NA	NA	NA	NA	NA	NA	NA	NA	NA	NA
AP027960.1	NA	NA	NA	NA	NA	NA	NA	NA	NA	NA	NA
AP027961.1	ENA|AP027961|AP027961.1	88388	No terminal repeats	98	11	0.9940	NA	4	42.3027	NA	NF012174
AP027962.1	ENA|AP027962|AP027962.1	33309	No terminal repeats	41	11	0.9941	NA	8	23.5167	T_virB11;T_virB9;T_virB8;T_virB6;virb4;T_virB2	NA
AP028059.1	NA	NA	NA	NA	NA	NA	NA	NA	NA	NA	NA
AP028314.1	NA	NA	NA	NA	NA	NA	NA	NA	NA	NA	NA
AP028315.1	ENA|AP028315|AP028315.1	345780	No terminal repeats	385	11	0.9940	NA	40	245.1354	F_traE;F_traB;F_traV;virb4;F_traW;F_traU;F_trbC;T_virB10;T_virB9;T_virB8;T_virB6;T_virB5;virb4;T_virB3;T_virB2;T_virB11;t4cp2;T_virB10;T_virB9;T_virB8;F_traH;F_traF;MOBH;t4cp1;T_virB10;T_virB9;T_virB8;T_virB6;T_virB5;virb4;T_virB3;T_virB2;T_virB11;t4cp2	NA
AP028316.1	ENA|AP028316|AP028316.1	178823	No terminal repeats	216	11	0.9907	NA	21	69.3631	MOBH;t4cp1;F_traL;F_traE;F_traK;F_traB;F_traV;virb4;F_traW;F_traU;F_trbC;F_traF;F_traH;F_traG;T_virB1	NF012147
AP028317.1	NA	NA	NA	NA	NA	NA	NA	NA	NA	NA	NA
AP028318.1	ENA|AP028318|AP028318.1	346983	No terminal repeats	385	11	0.9942	NA	40	245.1354	F_traE;F_traB;F_traV;virb4;F_traW;F_traU;F_trbC;T_virB10;T_virB9;T_virB8;T_virB6;T_virB5;virb4;T_virB3;T_virB2;T_virB11;t4cp2;T_virB10;T_virB9;T_virB8;F_traH;F_traF;MOBH;t4cp1;T_virB10;T_virB9;T_virB8;T_virB6;T_virB5;virb4;T_virB3;T_virB2;T_virB11;t4cp2	NA
AP028319.1	ENA|AP028319|AP028319.1	178823	No terminal repeats	216	11	0.9907	NA	21	69.3631	MOBH;t4cp1;F_traL;F_traE;F_traK;F_traB;F_traV;virb4;F_traW;F_traU;F_trbC;F_traF;F_traH;F_traG;T_virB1	NF012147
AP028335.1	NA	NA	NA	NA	NA	NA	NA	NA	NA	NA	NA
AP028336.1	NA	NA	NA	NA	NA	NA	NA	NA	NA	NA	NA
AP028340.1	NA	NA	NA	NA	NA	NA	NA	NA	NA	NA	NA
AP028342.1	NA	NA	NA	NA	NA	NA	NA	NA	NA	NA	NA
AP028343.1	ENA|AP028343|AP028343.1	45331	No terminal repeats	52	11	0.9926	NA	11	26.4213	T_virB9;T_virB8;T_virB6;virb4;T_virB2;MOBP1	NA
AP028346.1	NA	NA	NA	NA	NA	NA	NA	NA	NA	NA	NA
AP028361.1	NA	NA	NA	NA	NA	NA	NA	NA	NA	NA	NA
AP028363.1	NA	NA	NA	NA	NA	NA	NA	NA	NA	NA	NA
AP028364.1	ENA|AP028364|AP028364.1	51593	No terminal repeats	55	11	0.9925	NA	9	24.3135	MOBP1;T_virB2;virb4;T_virB8;T_virB9	NA
AP028365.1	NA	NA	NA	NA	NA	NA	NA	NA	NA	NA	NA
AP028366.1	NA	NA	NA	NA	NA	NA	NA	NA	NA	NA	NA
AP028369.1	NA	NA	NA	NA	NA	NA	NA	NA	NA	NA	NA
AP028370.1	NA	NA	NA	NA	NA	NA	NA	NA	NA	NA	NA
AP028371.1	NA	NA	NA	NA	NA	NA	NA	NA	NA	NA	NA
AP028372.1	ENA|AP028372|AP028372.1	51593	No terminal repeats	55	11	0.9925	NA	9	24.3135	T_virB9;T_virB8;virb4;T_virB2;MOBP1	NA
AP028373.1	ENA|AP028373|AP028373.1	31960	No terminal repeats	43	11	0.9919	NA	9	16.6745	T_virB5;T_virB8;T_virB10;T_virB1;T_virB11;T_virB2;T_virB3	NA
AP028374.1	NA	NA	NA	NA	NA	NA	NA	NA	NA	NA	NA
AP028375.1	ENA|AP028375|AP028375.1	47498	No terminal repeats	53	11	0.9933	NA	9	24.3135	MOBP1;T_virB9;T_virB8;virb4;T_virB2	NA
AP028376.1	NA	NA	NA	NA	NA	NA	NA	NA	NA	NA	NA
AP028377.1	NA	NA	NA	NA	NA	NA	NA	NA	NA	NA	NA
AP028380.1	NA	NA	NA	NA	NA	NA	NA	NA	NA	NA	NA
AP028381.1	NA	NA	NA	NA	NA	NA	NA	NA	NA	NA	NA
AP028387.1	NA	NA	NA	NA	NA	NA	NA	NA	NA	NA	NA
AP028390.1	NA	NA	NA	NA	NA	NA	NA	NA	NA	NA	NA
AP028391.1	ENA|AP028391|AP028391.1	39148	No terminal repeats	48	11	0.9909	NA	8	23.7337	MOBP1;T_virB2;virb4;T_virB8;T_virB9	NA
AP028396.1	NA	NA	NA	NA	NA	NA	NA	NA	NA	NA	NA
AP028397.1	ENA|AP028397|AP028397.1	51593	No terminal repeats	54	11	0.9929	NA	9	24.3135	MOBP1;T_virB2;virb4;T_virB8;T_virB9	NA
AP028398.1	NA	NA	NA	NA	NA	NA	NA	NA	NA	NA	NA
AP028401.1	NA	NA	NA	NA	NA	NA	NA	NA	NA	NA	NA
AP028402.1	NA	NA	NA	NA	NA	NA	NA	NA	NA	NA	NA
AP028403.1	ENA|AP028403|AP028403.1	54765	No terminal repeats	88	11	0.9925	NA	18	30.6484	T_virB11;T_virB2;T_virB3;T_virB5;T_virB8;T_virB8;T_virB10;T_virB1;T_virB11;T_virB2;T_virB3;T_virB5;T_virB8;T_virB10;T_virB1	NA
AP028408.1	NA	NA	NA	NA	NA	NA	NA	NA	NA	NA	NA
AP028412.1	NA	NA	NA	NA	NA	NA	NA	NA	NA	NA	NA
AP028415.1	NA	NA	NA	NA	NA	NA	NA	NA	NA	NA	NA
AP028416.1	NA	NA	NA	NA	NA	NA	NA	NA	NA	NA	NA
AP028417.1	ENA|AP028417|AP028417.1	75806	No terminal repeats	86	11	0.9925	NA	2	38.9781	MOBP2	NA
AP028418.1	ENA|AP028418|AP028418.1	6303	No terminal repeats	9	11	0.9948	NA	1	8.0310	NA	NA
AP028419.1	NA	NA	NA	NA	NA	NA	NA	NA	NA	NA	NA
AP028601.1	NA	NA	NA	NA	NA	NA	NA	NA	NA	NA	NA
AP028602.1	NA	NA	NA	NA	NA	NA	NA	NA	NA	NA	NA
AP028603.1	NA	NA	NA	NA	NA	NA	NA	NA	NA	NA	NA
AP028604.1	NA	NA	NA	NA	NA	NA	NA	NA	NA	NA	NA
AP028605.1	NA	NA	NA	NA	NA	NA	NA	NA	NA	NA	NA
AP028606.1	NA	NA	NA	NA	NA	NA	NA	NA	NA	NA	NA
AP028607.1	NA	NA	NA	NA	NA	NA	NA	NA	NA	NA	NA
AP028608.1	NA	NA	NA	NA	NA	NA	NA	NA	NA	NA	NA
AP028609.1	NA	NA	NA	NA	NA	NA	NA	NA	NA	NA	NA
AP028610.1	NA	NA	NA	NA	NA	NA	NA	NA	NA	NA	NA
AP028611.1	NA	NA	NA	NA	NA	NA	NA	NA	NA	NA	NA
AP028612.1	NA	NA	NA	NA	NA	NA	NA	NA	NA	NA	NA
AP028877.1	NA	NA	NA	NA	NA	NA	NA	NA	NA	NA	NA
AP028993.1	NA	NA	NA	NA	NA	NA	NA	NA	NA	NA	NA
AP031218.1	NA	NA	NA	NA	NA	NA	NA	NA	NA	NA	NA
AP031219.1	ENA|AP031219|AP031219.1	93192	No terminal repeats	106	11	0.9913	NA	1	10.5016	NA	NA
AP031220.1	ENA|AP031220|AP031220.1	55304	No terminal repeats	57	11	0.9914	NA	3	19.0247	FA_orf13	NA
AP031394.1	NA	NA	NA	NA	NA	NA	NA	NA	NA	NA	NA
AP031395.1	NA	NA	NA	NA	NA	NA	NA	NA	NA	NA	NA
AP031580.1	NA	NA	NA	NA	NA	NA	NA	NA	NA	NA	NA
AP031582.1	NA	NA	NA	NA	NA	NA	NA	NA	NA	NA	NA
AP038761.1	NA	NA	NA	NA	NA	NA	NA	NA	NA	NA	NA
AP038762.1	ENA|AP038762|AP038762.1	136976	No terminal repeats	141	11	0.9933	NA	9	33.1201	MOBF;F_traG	NF012171
AP038763.1	ENA|AP038763|AP038763.1	2493	No terminal repeats	3	11	0.9954	NA	1	3.1262	NA	NA
AP040337.1	NA	NA	NA	NA	NA	NA	NA	NA	NA	NA	NA
AP040340.1	NA	NA	NA	NA	NA	NA	NA	NA	NA	NA	NA
AP040344.1	NA	NA	NA	NA	NA	NA	NA	NA	NA	NA	NA
AP040350.1	NA	NA	NA	NA	NA	NA	NA	NA	NA	NA	NA
AP040352.1	NA	NA	NA	NA	NA	NA	NA	NA	NA	NA	NA
AP040355.1	NA	NA	NA	NA	NA	NA	NA	NA	NA	NA	NA
BA000034.2	NA	NA	NA	NA	NA	NA	NA	NA	NA	NA	NA
BX571856.1	NA	NA	NA	NA	NA	NA	NA	NA	NA	NA	NA
CM125439.1	NA	NA	NA	NA	NA	NA	NA	NA	NA	NA	NA
CM125645.1	NA	NA	NA	NA	NA	NA	NA	NA	NA	NA	NA
CM125672.1	NA	NA	NA	NA	NA	NA	NA	NA	NA	NA	NA
CM125922.1	NA	NA	NA	NA	NA	NA	NA	NA	NA	NA	NA
CM125923.1	NA	NA	NA	NA	NA	NA	NA	NA	NA	NA	NA
CM126633.1	NA	NA	NA	NA	NA	NA	NA	NA	NA	NA	NA
CM127137.1	NA	NA	NA	NA	NA	NA	NA	NA	NA	NA	NA
CM127143.1	NA	NA	NA	NA	NA	NA	NA	NA	NA	NA	NA
CM127144.1	NA	NA	NA	NA	NA	NA	NA	NA	NA	NA	NA
CM127520.1	NA	NA	NA	NA	NA	NA	NA	NA	NA	NA	NA
CM127573.1	NA	NA	NA	NA	NA	NA	NA	NA	NA	NA	NA
CM127574.1	NA	NA	NA	NA	NA	NA	NA	NA	NA	NA	NA
CM128240.1	NA	NA	NA	NA	NA	NA	NA	NA	NA	NA	NA
CM128243.1	NA	NA	NA	NA	NA	NA	NA	NA	NA	NA	NA
CM128251.1	NA	NA	NA	NA	NA	NA	NA	NA	NA	NA	NA
CM128252.1	NA	NA	NA	NA	NA	NA	NA	NA	NA	NA	NA
CM128546.1	NA	NA	NA	NA	NA	NA	NA	NA	NA	NA	NA
CM128557.1	NA	NA	NA	NA	NA	NA	NA	NA	NA	NA	NA
CM128589.1	NA	NA	NA	NA	NA	NA	NA	NA	NA	NA	NA
CM128596.1	NA	NA	NA	NA	NA	NA	NA	NA	NA	NA	NA
CM128634.1	NA	NA	NA	NA	NA	NA	NA	NA	NA	NA	NA
CM128638.1	NA	NA	NA	NA	NA	NA	NA	NA	NA	NA	NA
CM128640.1	NA	NA	NA	NA	NA	NA	NA	NA	NA	NA	NA
CM128647.1	NA	NA	NA	NA	NA	NA	NA	NA	NA	NA	NA
CM128649.1	NA	NA	NA	NA	NA	NA	NA	NA	NA	NA	NA
CM128650.1	NA	NA	NA	NA	NA	NA	NA	NA	NA	NA	NA
CM128655.1	NA	NA	NA	NA	NA	NA	NA	NA	NA	NA	NA
CM128664.1	NA	NA	NA	NA	NA	NA	NA	NA	NA	NA	NA
CM128674.1	NA	NA	NA	NA	NA	NA	NA	NA	NA	NA	NA
CM128675.1	NA	NA	NA	NA	NA	NA	NA	NA	NA	NA	NA
CM128866.1	NA	NA	NA	NA	NA	NA	NA	NA	NA	NA	NA
CM129628.1	NA	NA	NA	NA	NA	NA	NA	NA	NA	NA	NA
CM129629.1	NA	NA	NA	NA	NA	NA	NA	NA	NA	NA	NA
CM129630.1	NA	NA	NA	NA	NA	NA	NA	NA	NA	NA	NA
CM129631.1	NA	NA	NA	NA	NA	NA	NA	NA	NA	NA	NA
CM129775.1	NA	NA	NA	NA	NA	NA	NA	NA	NA	NA	NA
CM129777.1	NA	NA	NA	NA	NA	NA	NA	NA	NA	NA	NA
CM129778.1	NA	NA	NA	NA	NA	NA	NA	NA	NA	NA	NA
CM129779.1	NA	NA	NA	NA	NA	NA	NA	NA	NA	NA	NA
CM129780.1	NA	NA	NA	NA	NA	NA	NA	NA	NA	NA	NA
CM129837.1	NA	NA	NA	NA	NA	NA	NA	NA	NA	NA	NA
CM129876.1	NA	NA	NA	NA	NA	NA	NA	NA	NA	NA	NA
CM129903.1	NA	NA	NA	NA	NA	NA	NA	NA	NA	NA	NA
CM129918.1	NA	NA	NA	NA	NA	NA	NA	NA	NA	NA	NA
CM129921.1	NA	NA	NA	NA	NA	NA	NA	NA	NA	NA	NA
CM129925.1	NA	NA	NA	NA	NA	NA	NA	NA	NA	NA	NA
CM129926.1	NA	NA	NA	NA	NA	NA	NA	NA	NA	NA	NA
CM129939.1	NA	NA	NA	NA	NA	NA	NA	NA	NA	NA	NA
CM129940.1	NA	NA	NA	NA	NA	NA	NA	NA	NA	NA	NA
CM129941.1	NA	NA	NA	NA	NA	NA	NA	NA	NA	NA	NA
CM129942.1	NA	NA	NA	NA	NA	NA	NA	NA	NA	NA	NA
CM129947.1	NA	NA	NA	NA	NA	NA	NA	NA	NA	NA	NA
CM129948.1	NA	NA	NA	NA	NA	NA	NA	NA	NA	NA	NA
CM129949.1	NA	NA	NA	NA	NA	NA	NA	NA	NA	NA	NA
CM129950.1	NA	NA	NA	NA	NA	NA	NA	NA	NA	NA	NA
CM129951.1	NA	NA	NA	NA	NA	NA	NA	NA	NA	NA	NA
CM129959.1	NA	NA	NA	NA	NA	NA	NA	NA	NA	NA	NA
CM129960.1	NA	NA	NA	NA	NA	NA	NA	NA	NA	NA	NA
CM129961.1	NA	NA	NA	NA	NA	NA	NA	NA	NA	NA	NA
CM129970.1	NA	NA	NA	NA	NA	NA	NA	NA	NA	NA	NA
CM129971.1	NA	NA	NA	NA	NA	NA	NA	NA	NA	NA	NA
CM130014.1	NA	NA	NA	NA	NA	NA	NA	NA	NA	NA	NA
CM130017.1	NA	NA	NA	NA	NA	NA	NA	NA	NA	NA	NA
CM130032.1	NA	NA	NA	NA	NA	NA	NA	NA	NA	NA	NA
CM130034.1	NA	NA	NA	NA	NA	NA	NA	NA	NA	NA	NA
CM130036.1	NA	NA	NA	NA	NA	NA	NA	NA	NA	NA	NA
CM130039.1	NA	NA	NA	NA	NA	NA	NA	NA	NA	NA	NA
CM130041.1	NA	NA	NA	NA	NA	NA	NA	NA	NA	NA	NA
CM130044.1	NA	NA	NA	NA	NA	NA	NA	NA	NA	NA	NA
CM130063.1	NA	NA	NA	NA	NA	NA	NA	NA	NA	NA	NA
CM130085.1	NA	NA	NA	NA	NA	NA	NA	NA	NA	NA	NA
CM130719.1	NA	NA	NA	NA	NA	NA	NA	NA	NA	NA	NA
CM130736.1	NA	NA	NA	NA	NA	NA	NA	NA	NA	NA	NA
CM130737.1	NA	NA	NA	NA	NA	NA	NA	NA	NA	NA	NA
CM132214.1	NA	NA	NA	NA	NA	NA	NA	NA	NA	NA	NA
CM132255.1	NA	NA	NA	NA	NA	NA	NA	NA	NA	NA	NA
CM132275.1	NA	NA	NA	NA	NA	NA	NA	NA	NA	NA	NA
CM132277.1	NA	NA	NA	NA	NA	NA	NA	NA	NA	NA	NA
CM132286.1	NA	NA	NA	NA	NA	NA	NA	NA	NA	NA	NA
CM132300.1	NA	NA	NA	NA	NA	NA	NA	NA	NA	NA	NA
CM132336.1	NA	NA	NA	NA	NA	NA	NA	NA	NA	NA	NA
CM132338.1	NA	NA	NA	NA	NA	NA	NA	NA	NA	NA	NA
CM132339.1	NA	NA	NA	NA	NA	NA	NA	NA	NA	NA	NA
CM132537.1	NA	NA	NA	NA	NA	NA	NA	NA	NA	NA	NA
CM132593.1	NA	NA	NA	NA	NA	NA	NA	NA	NA	NA	NA
CM132596.1	NA	NA	NA	NA	NA	NA	NA	NA	NA	NA	NA
CM133233.1	NA	NA	NA	NA	NA	NA	NA	NA	NA	NA	NA
CM133240.1	NA	NA	NA	NA	NA	NA	NA	NA	NA	NA	NA
CM135756.1	NA	NA	NA	NA	NA	NA	NA	NA	NA	NA	NA
CP000025.1	NA	NA	NA	NA	NA	NA	NA	NA	NA	NA	NA
CP000057.2	NA	NA	NA	NA	NA	NA	NA	NA	NA	NA	NA
CP000114.1	NA	NA	NA	NA	NA	NA	NA	NA	NA	NA	NA
CP000241.1	NA	NA	NA	NA	NA	NA	NA	NA	NA	NA	NA
CP000242.1	ENA|CP000242|CP000242.1	9370	No terminal repeats	7	11	0.9924	NA	2	3.3035	MOBP1	NA
CP000381.1	NA	NA	NA	NA	NA	NA	NA	NA	NA	NA	NA
CP000410.2	NA	NA	NA	NA	NA	NA	NA	NA	NA	NA	NA
CP000438.1	NA	NA	NA	NA	NA	NA	NA	NA	NA	NA	NA
CP000538.1	NA	NA	NA	NA	NA	NA	NA	NA	NA	NA	NA
CP000549.1	ENA|CP000549|CP000549.1	45025	No terminal repeats	51	11	0.9928	NA	9	22.8754	MOBP1;T_virB2;virb4;T_virB8;T_virB9	NA
CP000550.1	ENA|CP000550|CP000550.1	37473	No terminal repeats	53	11	0.9916	NA	3	8.8688	T_virB9;T_virB10	NA
CP000814.1	NA	NA	NA	NA	NA	NA	NA	NA	NA	NA	NA
CP000919.1	NA	NA	NA	NA	NA	NA	NA	NA	NA	NA	NA
CP000920.1	NA	NA	NA	NA	NA	NA	NA	NA	NA	NA	NA
CP000921.1	NA	NA	NA	NA	NA	NA	NA	NA	NA	NA	NA
CP001050.1	NA	NA	NA	NA	NA	NA	NA	NA	NA	NA	NA
CP001051.1	ENA|CP001051|CP001051.1	4153	No terminal repeats	10	11	0.9951	NA	3	9.8962	MOBP1	NA
CP001072.2	NA	NA	NA	NA	NA	NA	NA	NA	NA	NA	NA
CP001172.2	NA	NA	NA	NA	NA	NA	NA	NA	NA	NA	NA
CP001173.1	NA	NA	NA	NA	NA	NA	NA	NA	NA	NA	NA
CP001182.2	NA	NA	NA	NA	NA	NA	NA	NA	NA	NA	NA
CP001183.2	NA	NA	NA	NA	NA	NA	NA	NA	NA	NA	NA
CP001485.1	NA	NA	NA	NA	NA	NA	NA	NA	NA	NA	NA
CP001680.1	NA	NA	NA	NA	NA	NA	NA	NA	NA	NA	NA
CP001900.1	NA	NA	NA	NA	NA	NA	NA	NA	NA	NA	NA
CP001921.1	NA	NA	NA	NA	NA	NA	NA	NA	NA	NA	NA
CP001922.1	ENA|CP001922|CP001922.1	74451	No terminal repeats	105	11	0.9865	NA	15	32.1730	t4cp2;F_traL;F_traE;F_traK;F_traB;F_traV;F_traW;F_traU;F_trbC;F_trbC;F_traF;F_traH;F_traG	NA
CP001923.1	NA	NA	NA	NA	NA	NA	NA	NA	NA	NA	NA
CP002005.1	NA	NA	NA	NA	NA	NA	NA	NA	NA	NA	NA
CP002076.1	NA	NA	NA	NA	NA	NA	NA	NA	NA	NA	NA
CP002096.1	NA	NA	NA	NA	NA	NA	NA	NA	NA	NA	NA
CP002120.1	NA	NA	NA	NA	NA	NA	NA	NA	NA	NA	NA
CP002176.1	NA	NA	NA	NA	NA	NA	NA	NA	NA	NA	NA
CP002276.1	NA	NA	NA	NA	NA	NA	NA	NA	NA	NA	NA
CP002277.1	NA	NA	NA	NA	NA	NA	NA	NA	NA	NA	NA
CP002334.1	NA	NA	NA	NA	NA	NA	NA	NA	NA	NA	NA
CP002335.1	ENA|CP002335|CP002335.1	16029	No terminal repeats	18	11	0.9859	NA	2	4.2921	T_virB10;MOBP1	NA
CP002336.1	NA	NA	NA	NA	NA	NA	NA	NA	NA	NA	NA
CP002337.1	ENA|CP002337|CP002337.1	25916	No terminal repeats	28	11	0.9899	NA	3	5.0435	MOBP1	NA
CP002423.1	NA	NA	NA	NA	NA	NA	NA	NA	NA	NA	NA
CP002424.1	NA	NA	NA	NA	NA	NA	NA	NA	NA	NA	NA
CP002491.1	NA	NA	NA	NA	NA	NA	NA	NA	NA	NA	NA
CP002492.1	ENA|CP002492|CP002492.1	5143	No terminal repeats	5	11	0.9920	NA	1	3.1574	MOBV	NA
CP002493.1	ENA|CP002493|CP002493.1	51104	DTR	57	11	0.9928	NA	2	13.3778	FATA_prgIc;FATA_prgL	NA
CP002494.1	ENA|CP002494|CP002494.1	55393	No terminal repeats	60	11	0.9925	NA	3	18.4754	FA_orf13	NA
CP002495.1	NA	NA	NA	NA	NA	NA	NA	NA	NA	NA	NA
CP002496.1	NA	NA	NA	NA	NA	NA	NA	NA	NA	NA	NA
CP002571.1	NA	NA	NA	NA	NA	NA	NA	NA	NA	NA	NA
CP002572.1	NA	NA	NA	NA	NA	NA	NA	NA	NA	NA	NA
CP002605.1	NA	NA	NA	NA	NA	NA	NA	NA	NA	NA	NA
CP002621.1	NA	NA	NA	NA	NA	NA	NA	NA	NA	NA	NA
CP002906.1	NA	NA	NA	NA	NA	NA	NA	NA	NA	NA	NA
CP003116.1	NA	NA	NA	NA	NA	NA	NA	NA	NA	NA	NA
CP003121.1	NA	NA	NA	NA	NA	NA	NA	NA	NA	NA	NA
CP003278.1	NA	NA	NA	NA	NA	NA	NA	NA	NA	NA	NA
CP003279.1	ENA|CP003279|CP003279.1	181431	No terminal repeats	201	11	0.9945	NA	15	158.1321	F_trbC;F_traU;F_traW;virb4;F_traV;F_traB;F_traE;t4cp1;MOBH	NA
CP003329.1	NA	NA	NA	NA	NA	NA	NA	NA	NA	NA	NA
CP003351.2	NA	NA	NA	NA	NA	NA	NA	NA	NA	NA	NA
CP003352.2	ENA|CP003352|CP003352.2	56520	No terminal repeats	62	11	0.9931	NA	2	31.0019	MOBP2	NA
CP003353.1	ENA|CP003353|CP003353.1	3847	No terminal repeats	4	11	0.9942	NA	1	2.6555	NA	NA
CP003354.2	ENA|CP003354|CP003354.2	4119	No terminal repeats	5	11	0.9949	NA	1	4.1842	NA	NA
CP003357.2	NA	NA	NA	NA	NA	NA	NA	NA	NA	NA	NA
CP003472.1	NA	NA	NA	NA	NA	NA	NA	NA	NA	NA	NA
CP003473.1	NA	NA	NA	NA	NA	NA	NA	NA	NA	NA	NA
CP003474.1	NA	NA	NA	NA	NA	NA	NA	NA	NA	NA	NA
CP003475.1	NA	NA	NA	NA	NA	NA	NA	NA	NA	NA	NA
CP003476.1	NA	NA	NA	NA	NA	NA	NA	NA	NA	NA	NA
CP003477.1	ENA|CP003477|CP003477.1	12113	No terminal repeats	10	11	0.9944	NA	3	5.0085	MOBP1	NF012174
CP003478.1	NA	NA	NA	NA	NA	NA	NA	NA	NA	NA	NA
CP003483.1	NA	NA	NA	NA	NA	NA	NA	NA	NA	NA	NA
CP003484.1	ENA|CP003484|CP003484.1	18787	No terminal repeats	18	11	0.9884	NA	3	5.0435	MOBP1	NA
CP003485.1	NA	NA	NA	NA	NA	NA	NA	NA	NA	NA	NA
CP003726.1	NA	NA	NA	NA	NA	NA	NA	NA	NA	NA	NA
CP003727.1	ENA|CP003727|CP003727.1	12893	No terminal repeats	18	11	0.9940	NA	1	6.5459	NA	NA
CP003728.1	ENA|CP003728|CP003728.1	62162	No terminal repeats	79	11	0.9879	NA	2	9.4413	MOBP2	NA
CP003785.1	NA	NA	NA	NA	NA	NA	NA	NA	NA	NA	NA
CP003810.1	NA	NA	NA	NA	NA	NA	NA	NA	NA	NA	NA
CP003904.1	NA	NA	NA	NA	NA	NA	NA	NA	NA	NA	NA
CP003905.1	NA	NA	NA	NA	NA	NA	NA	NA	NA	NA	NA
CP003906.1	NA	NA	NA	NA	NA	NA	NA	NA	NA	NA	NA
CP003909.1	NA	NA	NA	NA	NA	NA	NA	NA	NA	NA	NA
CP003910.1	ENA|CP003910|CP003910.1	4153	No terminal repeats	10	11	0.9949	NA	3	9.4335	MOBP1	NA
CP003967.2	NA	NA	NA	NA	NA	NA	NA	NA	NA	NA	NA
CP003968.1	NA	NA	NA	NA	NA	NA	NA	NA	NA	NA	NA
CP004019.1	NA	NA	NA	NA	NA	NA	NA	NA	NA	NA	NA
CP004022.1	NA	NA	NA	NA	NA	NA	NA	NA	NA	NA	NA
CP004055.1	NA	NA	NA	NA	NA	NA	NA	NA	NA	NA	NA
CP004061.1	NA	NA	NA	NA	NA	NA	NA	NA	NA	NA	NA
CP004063.1	NA	NA	NA	NA	NA	NA	NA	NA	NA	NA	NA
CP004064.1	ENA|CP004064|CP004064.1	214319	No terminal repeats	260	11	0.9901	NA	4	68.2669	MOBP2	NA
CP004066.1	NA	NA	NA	NA	NA	NA	NA	NA	NA	NA	NA
CP004067.1	ENA|CP004067|CP004067.1	55127	No terminal repeats	70	11	0.9914	NA	10	30.2206	MOBP1;T_virB2;virb4;T_virB6;T_virB8;T_virB9	NF000107;NF033068
CP004068.1	ENA|CP004068|CP004068.1	3707	No terminal repeats	4	11	0.9932	NA	1	2.2284	NA	NA
CP004081.1	NA	NA	NA	NA	NA	NA	NA	NA	NA	NA	NA
CP004345.1	NA	NA	NA	NA	NA	NA	NA	NA	NA	NA	NA
CP004405.1	NA	NA	NA	NA	NA	NA	NA	NA	NA	NA	NA
CP005388.1	NA	NA	NA	NA	NA	NA	NA	NA	NA	NA	NA
CP005490.3	NA	NA	NA	NA	NA	NA	NA	NA	NA	NA	NA
CP005491.3	NA	NA	NA	NA	NA	NA	NA	NA	NA	NA	NA
CP005492.3	NA	NA	NA	NA	NA	NA	NA	NA	NA	NA	NA
CP005493.3	NA	NA	NA	NA	NA	NA	NA	NA	NA	NA	NA
CP005967.1	NA	NA	NA	NA	NA	NA	NA	NA	NA	NA	NA
CP006044.1	NA	NA	NA	NA	NA	NA	NA	NA	NA	NA	NA
CP006045.1	ENA|CP006045|CP006045.1	24653	No terminal repeats	31	11	0.9937	NA	3	16.0458	MOBV	NF012167;NF040806
CP006048.1	NA	NA	NA	NA	NA	NA	NA	NA	NA	NA	NA
CP006050.1	ENA|CP006050|CP006050.1	221009	No terminal repeats	244	11	0.9927	NA	25	83.7972	MOBH;t4cp1;F_traL;F_traE;F_traK;F_traB;F_traV;virb4;F_traW;F_traU;F_trbC;F_traE;F_traE;F_traF;F_traH;F_traG;T_virB1;F_traE	NF012174;NF012171
CP006051.1	ENA|CP006051|CP006051.1	4675	No terminal repeats	6	11	0.9955	NA	3	5.4294	MOBP1	NA
CP006052.1	ENA|CP006052|CP006052.1	3609	No terminal repeats	4	11	0.9938	NA	1	3.1403	NA	NA
CP006245.1	NA	NA	NA	NA	NA	NA	NA	NA	NA	NA	NA
CP006250.1	NA	NA	NA	NA	NA	NA	NA	NA	NA	NA	NA
CP006251.1	ENA|CP006251|CP006251.1	75721	No terminal repeats	88	11	0.9927	NA	22	55.1513	F_traL;F_traE;F_traK;F_traB;F_traV;F_traW;F_traU;F_traN;F_traF;F_traH;F_traG;t4cp2;MOBF	NA
CP006252.1	NA	NA	NA	NA	NA	NA	NA	NA	NA	NA	NA
CP006253.1	NA	NA	NA	NA	NA	NA	NA	NA	NA	NA	NA
CP006262.1	NA	NA	NA	NA	NA	NA	NA	NA	NA	NA	NA
CP006263.1	ENA|CP006263|CP006263.1	98066	No terminal repeats	112	11	0.9948	NA	19	59.3879	T_virB11;F_traE;MOBF;F_traG;F_traV;F_traK;F_traE;F_traL	NA
CP006264.1	ENA|CP006264|CP006264.1	58666	No terminal repeats	75	11	0.9926	NA	8	38.6002	MOBP1;T_virB9;T_virB8;T_virB6	NA
CP006631.1	NA	NA	NA	NA	NA	NA	NA	NA	NA	NA	NA
CP006648.1	NA	NA	NA	NA	NA	NA	NA	NA	NA	NA	NA
CP006685.1	NA	NA	NA	NA	NA	NA	NA	NA	NA	NA	NA
CP006686.1	NA	NA	NA	NA	NA	NA	NA	NA	NA	NA	NA
CP006689.1	NA	NA	NA	NA	NA	NA	NA	NA	NA	NA	NA
CP006709.2	NA	NA	NA	NA	NA	NA	NA	NA	NA	NA	NA
CP006710.1	ENA|CP006710|CP006710.1	46902	No terminal repeats	52	11	0.9928	NA	10	25.7965	T_virB9;T_virB8;T_virB6;virb4;T_virB2;MOBP1	NF033068
CP006729.2	NA	NA	NA	NA	NA	NA	NA	NA	NA	NA	NA
CP006784.1	NA	NA	NA	NA	NA	NA	NA	NA	NA	NA	NA
CP006785.1	NA	NA	NA	NA	NA	NA	NA	NA	NA	NA	NA
CP006786.1	ENA|CP006786|CP006786.1	5167	No terminal repeats	5	11	0.9949	NA	1	3.7523	MOBQ	NA
CP006787.1	ENA|CP006787|CP006787.1	5631	No terminal repeats	6	11	0.9955	NA	3	5.8134	MOBP1	NA
CP006788.1	ENA|CP006788|CP006788.1	55956	No terminal repeats	80	11	0.9885	NA	8	34.8698	T_virB11;T_virB2;T_virB9;T_virB10;T_virB5	NA
CP006789.1	ENA|CP006789|CP006789.1	110040	DTR	129	11	0.9952	NA	29	91.6601	F_traE;MOBF;F_traH;F_traF;F_traN;F_traU;F_traW;virb4;F_traV;F_traK;F_traE;F_traL;F_traE	NF000270
CP006820.1	NA	NA	NA	NA	NA	NA	NA	NA	NA	NA	NA
CP006823.1	NA	NA	NA	NA	NA	NA	NA	NA	NA	NA	NA
CP006826.1	NA	NA	NA	NA	NA	NA	NA	NA	NA	NA	NA
CP006827.1	NA	NA	NA	NA	NA	NA	NA	NA	NA	NA	NA
CP006851.1	NA	NA	NA	NA	NA	NA	NA	NA	NA	NA	NA
CP006876.1	NA	NA	NA	NA	NA	NA	NA	NA	NA	NA	NA
CP006888.1	NA	NA	NA	NA	NA	NA	NA	NA	NA	NA	NA
CP006910.1	NA	NA	NA	NA	NA	NA	NA	NA	NA	NA	NA
CP007041.1	NA	NA	NA	NA	NA	NA	NA	NA	NA	NA	NA
CP007176.1	NA	NA	NA	NA	NA	NA	NA	NA	NA	NA	NA
CP007177.1	ENA|CP007177|CP007177.1	27068	No terminal repeats	35	11	0.9926	NA	1	9.5644	NA	NF012167;NF040806;NF033068
CP007178.1	NA	NA	NA	NA	NA	NA	NA	NA	NA	NA	NA
CP007179.1	NA	NA	NA	NA	NA	NA	NA	NA	NA	NA	NA
CP007183.1	NA	NA	NA	NA	NA	NA	NA	NA	NA	NA	NA
CP007189.1	NA	NA	NA	NA	NA	NA	NA	NA	NA	NA	NA
CP007192.1	NA	NA	NA	NA	NA	NA	NA	NA	NA	NA	NA
CP007193.1	NA	NA	NA	NA	NA	NA	NA	NA	NA	NA	NA
CP007235.2	NA	NA	NA	NA	NA	NA	NA	NA	NA	NA	NA
CP007240.1	NA	NA	NA	NA	NA	NA	NA	NA	NA	NA	NA
CP007241.1	NA	NA	NA	NA	NA	NA	NA	NA	NA	NA	NA
CP007261.1	NA	NA	NA	NA	NA	NA	NA	NA	NA	NA	NA
CP007271.2	NA	NA	NA	NA	NA	NA	NA	NA	NA	NA	NA
CP007275.1	NA	NA	NA	NA	NA	NA	NA	NA	NA	NA	NA
CP007285.2	NA	NA	NA	NA	NA	NA	NA	NA	NA	NA	NA
CP007454.1	NA	NA	NA	NA	NA	NA	NA	NA	NA	NA	NA
CP007455.1	ENA|CP007455|CP007455.1	22990	No terminal repeats	30	11	0.9938	NA	2	6.2013	NA	NA
CP007470.1	NA	NA	NA	NA	NA	NA	NA	NA	NA	NA	NA
CP007471.1	NA	NA	NA	NA	NA	NA	NA	NA	NA	NA	NA
CP007491.1	NA	NA	NA	NA	NA	NA	NA	NA	NA	NA	NA
CP007524.1	NA	NA	NA	NA	NA	NA	NA	NA	NA	NA	NA
CP007560.1	NA	NA	NA	NA	NA	NA	NA	NA	NA	NA	NA
CP007561.1	NA	NA	NA	NA	NA	NA	NA	NA	NA	NA	NA
CP007570.1	NA	NA	NA	NA	NA	NA	NA	NA	NA	NA	NA
CP007571.1	NA	NA	NA	NA	NA	NA	NA	NA	NA	NA	NA
CP007572.1	NA	NA	NA	NA	NA	NA	NA	NA	NA	NA	NA
CP007604.1	NA	NA	NA	NA	NA	NA	NA	NA	NA	NA	NA
CP007605.1	NA	NA	NA	NA	NA	NA	NA	NA	NA	NA	NA
CP007606.1	NA	NA	NA	NA	NA	NA	NA	NA	NA	NA	NA
CP007631.2	NA	NA	NA	NA	NA	NA	NA	NA	NA	NA	NA
CP007632.1	NA	NA	NA	NA	NA	NA	NA	NA	NA	NA	NA
CP007634.1	NA	NA	NA	NA	NA	NA	NA	NA	NA	NA	NA
CP007636.1	ENA|CP007636|CP007636.1	167267	No terminal repeats	197	11	0.9928	NA	21	75.2275	F_traF;F_traH;F_traG;T_virB1;MOBH;t4cp1;F_traL;F_traE;F_traK;F_traB;F_traV;virb4;F_traW;F_traU;F_trbC	NF012174;NF012171;NF033085;NF033144;NF012178
CP007668.1	NA	NA	NA	NA	NA	NA	NA	NA	NA	NA	NA
CP007669.1	NA	NA	NA	NA	NA	NA	NA	NA	NA	NA	NA
CP008695.1	NA	NA	NA	NA	NA	NA	NA	NA	NA	NA	NA
CP008698.1	NA	NA	NA	NA	NA	NA	NA	NA	NA	NA	NA
CP008740.1	NA	NA	NA	NA	NA	NA	NA	NA	NA	NA	NA
CP008776.1	NA	NA	NA	NA	NA	NA	NA	NA	NA	NA	NA
CP008804.1	NA	NA	NA	NA	NA	NA	NA	NA	NA	NA	NA
CP008813.1	NA	NA	NA	NA	NA	NA	NA	NA	NA	NA	NA
CP008869.2	NA	NA	NA	NA	NA	NA	NA	NA	NA	NA	NA
CP008929.1	NA	NA	NA	NA	NA	NA	NA	NA	NA	NA	NA
CP008930.1	ENA|CP008930|CP008930.1	187571	No terminal repeats	197	11	0.9945	NA	30	118.3515	F_traG;MOBF;F_traL;F_traE;F_traK;F_traV;virb4;F_traW;F_traU;F_trbC;F_traN;F_traF;F_traH;F_traG	NF000402
CP008931.1	NA	NA	NA	NA	NA	NA	NA	NA	NA	NA	NA
CP008932.1	ENA|CP008932|CP008932.1	69947	No terminal repeats	83	11	0.9944	NA	4	46.8661	NA	NF012171
CP008933.1	ENA|CP008933|CP008933.1	304526	No terminal repeats	330	11	0.9936	NA	19	117.0869	F_traE;F_traK;F_traB;F_traV;virb4;F_traW;F_traU;F_trbC;F_traG;F_traH;F_traF;MOBH;t4cp1	NF000270;NF012147;NF012147;NF012147;NF000466
CP009256.1	NA	NA	NA	NA	NA	NA	NA	NA	NA	NA	NA
CP009418.1	NA	NA	NA	NA	NA	NA	NA	NA	NA	NA	NA
CP009419.1	NA	NA	NA	NA	NA	NA	NA	NA	NA	NA	NA
CP009563.1	ENA|CP009563|CP009563.1	80098	No terminal repeats	108	11	0.9935	NA	7	37.4622	F_traF;F_traH;F_traG;T_virB1	NF012174;NF012171
CP009610.1	NA	NA	NA	NA	NA	NA	NA	NA	NA	NA	NA
CP009796.1	NA	NA	NA	NA	NA	NA	NA	NA	NA	NA	NA
CP010072.1	NA	NA	NA	NA	NA	NA	NA	NA	NA	NA	NA
CP010073.1	ENA|CP010073|CP010073.1	48872	No terminal repeats	56	11	0.9927	NA	9	31.0052	MOBP1;T_virB2;virb4;T_virB6;T_virB8;T_virB9	NF000107
CP010074.1	ENA|CP010074|CP010074.1	36604	No terminal repeats	50	11	0.9925	NA	3	6.2330	T_virB9;T_virB10	NA
CP010134.1	NA	NA	NA	NA	NA	NA	NA	NA	NA	NA	NA
CP010135.1	NA	NA	NA	NA	NA	NA	NA	NA	NA	NA	NA
CP010136.1	ENA|CP010136|CP010136.1	55203	No terminal repeats	79	11	0.9947	NA	9	44.2499	F_traL;MOBF	NA
CP010137.1	NA	NA	NA	NA	NA	NA	NA	NA	NA	NA	NA
CP010138.1	ENA|CP010138|CP010138.1	83922	No terminal repeats	97	11	0.9952	NA	28	73.7333	F_traL;F_traE;F_traK;F_traV;virb4;F_traW;F_traU;F_traN;F_traF;F_traH;F_traG;MOBF	NF012174;NF012171;NF012178
CP010139.1	ENA|CP010139|CP010139.1	27342	No terminal repeats	31	11	0.9942	NA	2	20.9894	NA	NA
CP010171.1	NA	NA	NA	NA	NA	NA	NA	NA	NA	NA	NA
CP010191.1	NA	NA	NA	NA	NA	NA	NA	NA	NA	NA	NA
CP010192.1	ENA|CP010192|CP010192.1	162720	No terminal repeats	157	11	0.9951	NA	33	92.3888	F_traE;MOBF;F_traG;F_traH;F_traF;F_traN;F_traU;F_traW;virb4;F_traV;F_traK;F_traE;F_traL	NA
CP010193.1	ENA|CP010193|CP010193.1	40584	No terminal repeats	61	11	0.9858	NA	6	18.9660	T_virB6;T_virB5;T_virB8;T_virB9;MOBP1	NA
CP010194.1	ENA|CP010194|CP010194.1	33372	No terminal repeats	47	11	0.9940	NA	9	28.1604	T_virB9;T_virB8;T_virB6;virb4;T_virB2	NA
CP010195.1	ENA|CP010195|CP010195.1	4962	No terminal repeats	8	11	0.9944	NA	2	4.8682	NA	NA
CP010221.1	NA	NA	NA	NA	NA	NA	NA	NA	NA	NA	NA
CP010222.1	ENA|CP010222|CP010222.1	146552	No terminal repeats	153	11	0.9948	NA	31	94.1059	F_traL;F_traE;F_traK;F_traV;virb4;F_traW;F_traU;F_trbC;F_traN;F_traF;F_traH;F_traG;MOBF	NA
CP010223.1	ENA|CP010223|CP010223.1	61063	No terminal repeats	78	11	0.9954	NA	26	62.3632	MOBF;F_traL;F_traE;F_traK;F_traV;virb4;F_traW;F_traU;F_trbC;F_traN;F_traF;F_traH;F_traG	NA
CP010224.1	ENA|CP010224|CP010224.1	6039	No terminal repeats	5	11	0.9953	NA	3	4.5487	MOBP1	NA
CP010225.1	ENA|CP010225|CP010225.1	11321	No terminal repeats	16	11	0.9940	NA	3	10.3037	MOBQ;MOBQ	NA
CP010228.1	NA	NA	NA	NA	NA	NA	NA	NA	NA	NA	NA
CP010235.1	NA	NA	NA	NA	NA	NA	NA	NA	NA	NA	NA
CP010236.1	NA	NA	NA	NA	NA	NA	NA	NA	NA	NA	NA
CP010282.1	NA	NA	NA	NA	NA	NA	NA	NA	NA	NA	NA
CP010300.1	NA	NA	NA	NA	NA	NA	NA	NA	NA	NA	NA
CP010301.1	NA	NA	NA	NA	NA	NA	NA	NA	NA	NA	NA
CP010302.1	ENA|CP010302|CP010302.1	48872	No terminal repeats	56	11	0.9927	NA	9	31.0052	MOBP1;T_virB2;virb4;T_virB6;T_virB8;T_virB9	NF000107
CP010303.1	ENA|CP010303|CP010303.1	36604	No terminal repeats	50	11	0.9925	NA	3	6.2330	T_virB9;T_virB10	NA
CP010314.1	NA	NA	NA	NA	NA	NA	NA	NA	NA	NA	NA
CP010319.1	NA	NA	NA	NA	NA	NA	NA	NA	NA	NA	NA
CP010374.1	ENA|CP010374|CP010374.1	43621	No terminal repeats	51	11	0.9919	NA	8	24.5799	T_virB10;T_virB9;MOBC	NA
CP010375.2	ENA|CP010375|CP010375.2	5007	No terminal repeats	6	11	0.9954	NA	3	5.4294	MOBP1	NA
CP010376.2	NA	NA	NA	NA	NA	NA	NA	NA	NA	NA	NA
CP010377.1	NA	NA	NA	NA	NA	NA	NA	NA	NA	NA	NA
CP010378.1	ENA|CP010378|CP010378.1	59134	No terminal repeats	76	11	0.9936	NA	8	42.8757	T_virB9;T_virB8;T_virB6;T_virB5;virb4;T_virB3	NA
CP010379.1	ENA|CP010379|CP010379.1	43621	No terminal repeats	51	11	0.9926	NA	8	24.5799	T_virB9;T_virB10;MOBC	NA
CP010436.1	NA	NA	NA	NA	NA	NA	NA	NA	NA	NA	NA
CP010450.1	NA	NA	NA	NA	NA	NA	NA	NA	NA	NA	NA
CP010458.1	NA	NA	NA	NA	NA	NA	NA	NA	NA	NA	NA
CP010460.1	NA	NA	NA	NA	NA	NA	NA	NA	NA	NA	NA
CP010466.1	NA	NA	NA	NA	NA	NA	NA	NA	NA	NA	NA
CP010468.1	NA	NA	NA	NA	NA	NA	NA	NA	NA	NA	NA
CP010469.1	NA	NA	NA	NA	NA	NA	NA	NA	NA	NA	NA
CP010470.1	NA	NA	NA	NA	NA	NA	NA	NA	NA	NA	NA
CP010473.1	NA	NA	NA	NA	NA	NA	NA	NA	NA	NA	NA
CP010477.1	NA	NA	NA	NA	NA	NA	NA	NA	NA	NA	NA
CP010480.1	NA	NA	NA	NA	NA	NA	NA	NA	NA	NA	NA
CP010481.1	NA	NA	NA	NA	NA	NA	NA	NA	NA	NA	NA
CP010482.1	NA	NA	NA	NA	NA	NA	NA	NA	NA	NA	NA
CP010487.1	NA	NA	NA	NA	NA	NA	NA	NA	NA	NA	NA
CP010492.1	NA	NA	NA	NA	NA	NA	NA	NA	NA	NA	NA
CP010493.1	NA	NA	NA	NA	NA	NA	NA	NA	NA	NA	NA
CP010494.1	NA	NA	NA	NA	NA	NA	NA	NA	NA	NA	NA
CP010496.1	NA	NA	NA	NA	NA	NA	NA	NA	NA	NA	NA
CP010497.1	NA	NA	NA	NA	NA	NA	NA	NA	NA	NA	NA
CP010503.1	NA	NA	NA	NA	NA	NA	NA	NA	NA	NA	NA
CP010505.1	NA	NA	NA	NA	NA	NA	NA	NA	NA	NA	NA
CP010508.1	NA	NA	NA	NA	NA	NA	NA	NA	NA	NA	NA
CP010511.1	NA	NA	NA	NA	NA	NA	NA	NA	NA	NA	NA
CP010811.1	NA	NA	NA	NA	NA	NA	NA	NA	NA	NA	NA
CP010812.1	NA	NA	NA	NA	NA	NA	NA	NA	NA	NA	NA
CP010867.1	NA	NA	NA	NA	NA	NA	NA	NA	NA	NA	NA
CP010874.1	NA	NA	NA	NA	NA	NA	NA	NA	NA	NA	NA
CP010875.1	NA	NA	NA	NA	NA	NA	NA	NA	NA	NA	NA
CP010906.1	NA	NA	NA	NA	NA	NA	NA	NA	NA	NA	NA
CP011015.1	NA	NA	NA	NA	NA	NA	NA	NA	NA	NA	NA
CP011016.1	ENA|CP011016|CP011016.1	29115	No terminal repeats	39	11	0.9917	NA	8	12.2130	T_virB11;T_virB2;T_virB5;T_virB6;T_virB8;T_virB10	NA
CP011017.1	ENA|CP011017|CP011017.1	44826	No terminal repeats	51	11	0.9931	NA	10	26.0915	T_virB9;T_virB8;T_virB6;virb4;T_virB2;MOBP1	NA
CP011061.1	NA	NA	NA	NA	NA	NA	NA	NA	NA	NA	NA
CP011062.1	ENA|CP011062|CP011062.1	255368	No terminal repeats	282	11	0.9944	NA	17	188.4599	F_traE;F_traB;F_traV;virb4;F_traW;F_traU;F_trbC;F_traH;F_traF;MOBH;t4cp1	NF000270;NF033144;NF012178;NF000107;NF012174
CP011063.1	NA	NA	NA	NA	NA	NA	NA	NA	NA	NA	NA
CP011064.1	ENA|CP011064|CP011064.1	94712	No terminal repeats	100	11	0.9954	NA	26	78.4204	F_traL;F_traE;F_traK;F_traV;virb4;F_traW;F_traU;F_traN;F_traF;F_traH;F_traG;MOBF	NA
CP011065.1	ENA|CP011065|CP011065.1	82288	No terminal repeats	89	11	0.9952	NA	28	78.2396	F_traL;F_traE;F_traK;F_traV;virb4;F_traW;F_traU;F_traN;F_traF;F_traH;F_traG;MOBF	NF033134
CP011066.1	ENA|CP011066|CP011066.1	3373	No terminal repeats	4	11	0.9950	NA	3	4.5487	MOBP1	NA
CP011067.1	NA	NA	NA	NA	NA	NA	NA	NA	NA	NA	NA
CP011069.1	NA	NA	NA	NA	NA	NA	NA	NA	NA	NA	NA
CP011289.1	NA	NA	NA	NA	NA	NA	NA	NA	NA	NA	NA
CP011290.1	ENA|CP011290|CP011290.1	32098	No terminal repeats	46	11	0.9939	NA	9	25.5656	T_virB2;virb4;T_virB6;T_virB8;T_virB9;T_virB11	NA
CP011291.1	ENA|CP011291|CP011291.1	58005	No terminal repeats	77	11	0.9940	NA	8	37.0656	MOBP1;T_virB6;T_virB8;T_virB9	NA
CP011292.1	NA	NA	NA	NA	NA	NA	NA	NA	NA	NA	NA
CP011293.1	ENA|CP011293|CP011293.1	32098	No terminal repeats	46	11	0.9939	NA	9	25.5656	T_virB2;virb4;T_virB6;T_virB8;T_virB9;T_virB11	NA
CP011294.1	ENA|CP011294|CP011294.1	57955	No terminal repeats	77	11	0.9940	NA	8	37.0656	MOBP1;T_virB6;T_virB8;T_virB9	NA
CP011303.1	NA	NA	NA	NA	NA	NA	NA	NA	NA	NA	NA
CP011317.1	NA	NA	NA	NA	NA	NA	NA	NA	NA	NA	NA
CP011325.1	NA	NA	NA	NA	NA	NA	NA	NA	NA	NA	NA
CP011329.1	NA	NA	NA	NA	NA	NA	NA	NA	NA	NA	NA
CP011330.1	NA	NA	NA	NA	NA	NA	NA	NA	NA	NA	NA
CP011343.2	NA	NA	NA	NA	NA	NA	NA	NA	NA	NA	NA
CP011414.1	NA	NA	NA	NA	NA	NA	NA	NA	NA	NA	NA
CP011415.1	NA	NA	NA	NA	NA	NA	NA	NA	NA	NA	NA
CP011482.1	NA	NA	NA	NA	NA	NA	NA	NA	NA	NA	NA
CP011483.1	NA	NA	NA	NA	NA	NA	NA	NA	NA	NA	NA
CP011486.1	NA	NA	NA	NA	NA	NA	NA	NA	NA	NA	NA
CP011528.1	NA	NA	NA	NA	NA	NA	NA	NA	NA	NA	NA
CP011529.1	ENA|CP011529|CP011529.1	17905	No terminal repeats	23	11	0.9941	NA	2	11.9541	NA	NA
CP011534.1	NA	NA	NA	NA	NA	NA	NA	NA	NA	NA	NA
CP011569.1	ENA|CP011569|CP011569.1	3223	No terminal repeats	5	11	0.9947	NA	2	4.5840	MOBP1	NA
CP011570.1	ENA|CP011570|CP011570.1	33610	No terminal repeats	42	11	0.9929	NA	8	22.0962	MOBC;T_virB9;T_virB10	NA
CP011571.1	ENA|CP011571|CP011571.1	90452	No terminal repeats	91	11	0.9939	NA	13	40.5830	t4cp2;T_virB11;T_virB2;T_virB3;virb4;T_virB5;T_virB6;T_virB8;T_virB9;T_virB10	NF012174
CP011572.1	NA	NA	NA	NA	NA	NA	NA	NA	NA	NA	NA
CP011579.1	ENA|CP011579|CP011579.1	33610	No terminal repeats	42	11	0.9929	NA	8	22.0962	MOBC;T_virB9;T_virB10	NA
CP011580.1	ENA|CP011580|CP011580.1	90452	No terminal repeats	91	11	0.9940	NA	13	40.5830	T_virB10;T_virB9;T_virB8;T_virB6;T_virB5;virb4;T_virB3;T_virB2;T_virB11;t4cp2	NF012174
CP011581.1	NA	NA	NA	NA	NA	NA	NA	NA	NA	NA	NA
CP011603.1	NA	NA	NA	NA	NA	NA	NA	NA	NA	NA	NA
CP011604.1	ENA|CP011604|CP011604.1	3223	No terminal repeats	4	11	0.9954	NA	2	4.5840	MOBP1	NA
CP011605.1	ENA|CP011605|CP011605.1	3820	No terminal repeats	4	11	0.9938	NA	2	3.1408	MOBP1	NA
CP011606.1	ENA|CP011606|CP011606.1	4310	No terminal repeats	7	11	0.9938	NA	3	4.7537	MOBP1	NA
CP011607.1	ENA|CP011607|CP011607.1	4938	No terminal repeats	5	11	0.9941	NA	2	3.1408	MOBP1	NA
CP011608.1	ENA|CP011608|CP011608.1	44846	No terminal repeats	52	11	0.9929	NA	8	25.3126	MOBC;T_virB9;T_virB10	NA
CP011609.1	ENA|CP011609|CP011609.1	70610	No terminal repeats	90	11	0.9932	NA	15	40.0612	I_traP;I_traQ;I_traR;traU;I_traW;I_traY;I_trbB;I_trbA;MOBP1;I_traI;I_traK;I_traL;I_traN;I_traO	NA
CP011610.1	ENA|CP011610|CP011610.1	135117	No terminal repeats	143	11	0.9937	NA	23	64.5796	MOBF;t4cp2;F_traG;F_traH;F_traF;F_traN;F_traN;F_traU;F_traW;F_traV;F_traK;F_traE;F_traL	NA
CP011611.1	ENA|CP011611|CP011611.1	243709	No terminal repeats	306	11	0.9897	NA	20	62.6884	MOBH;t4cp1;F_traL;F_traE;F_traK;F_traB;F_traV;virb4;F_traW;F_traU;F_traF;F_traH;F_traG;T_virB1	NF000270;NF033144
CP011612.1	NA	NA	NA	NA	NA	NA	NA	NA	NA	NA	NA
CP011637.1	ENA|CP011637|CP011637.1	3223	No terminal repeats	4	11	0.9953	NA	2	4.5840	MOBP1	NA
CP011638.1	NA	NA	NA	NA	NA	NA	NA	NA	NA	NA	NA
CP011639.1	ENA|CP011639|CP011639.1	69158	No terminal repeats	79	11	0.9930	NA	9	39.8007	T_virB9;T_virB8;T_virB6;virb4;T_virB2;MOBP1	NF000270
CP011640.1	ENA|CP011640|CP011640.1	73100	No terminal repeats	95	11	0.9934	NA	16	43.1463	traU;I_traW;I_traY;I_trbB;I_trbA;MOBP1;I_traI;I_traK;I_traL;I_traN;I_traO;I_traP;I_traQ;I_traR;traU	NA
CP011641.1	ENA|CP011641|CP011641.1	199444	No terminal repeats	214	11	0.9939	NA	27	108.2735	MOBF;F_traG;F_traH;F_traF;F_traN;F_trbC;F_traU;F_traW;virb4;F_traV;F_traB;F_traK;F_traE;F_traL	NF000402
CP011642.1	NA	NA	NA	NA	NA	NA	NA	NA	NA	NA	NA
CP011651.1	NA	NA	NA	NA	NA	NA	NA	NA	NA	NA	NA
CP011652.1	ENA|CP011652|CP011652.1	3223	No terminal repeats	5	11	0.9947	NA	2	4.5840	MOBP1	NA
CP011653.1	NA	NA	NA	NA	NA	NA	NA	NA	NA	NA	NA
CP011654.1	ENA|CP011654|CP011654.1	100873	No terminal repeats	110	11	0.9941	NA	20	54.0912	F_traL;F_traE;F_traK;F_traV;F_traW;F_traU;F_traN;F_traN;F_traF;F_traH;F_traG	NA
CP011655.1	NA	NA	NA	NA	NA	NA	NA	NA	NA	NA	NA
CP011656.1	ENA|CP011656|CP011656.1	129196	No terminal repeats	147	11	0.9931	NA	23	71.3514	MOBC;T_virB9;T_virB10;I_traY;I_trbB;I_trbA;MOBP1;I_traI;I_traK;I_traL;I_traN;I_traO;I_traP;I_traQ;I_traR;traU;I_traW;I_traY	NA
CP011657.1	NA	NA	NA	NA	NA	NA	NA	NA	NA	NA	NA
CP011658.1	ENA|CP011658|CP011658.1	3223	No terminal repeats	6	11	0.9961	NA	4	7.7346	MOBP1	NA
CP011659.1	ENA|CP011659|CP011659.1	33610	No terminal repeats	42	11	0.9929	NA	8	22.0962	MOBC;T_virB9;T_virB10	NA
CP011660.1	NA	NA	NA	NA	NA	NA	NA	NA	NA	NA	NA
CP011662.1	NA	NA	NA	NA	NA	NA	NA	NA	NA	NA	NA
CP011828.1	NA	NA	NA	NA	NA	NA	NA	NA	NA	NA	NA
CP011829.1	ENA|CP011829|CP011829.1	229882	No terminal repeats	246	11	0.9882	NA	2	61.1176	MOBP2	NA
CP011830.1	ENA|CP011830|CP011830.1	38512	No terminal repeats	55	11	0.9930	NA	4	15.9692	NA	NF033068;NF012176
CP011831.1	ENA|CP011831|CP011831.1	10839	No terminal repeats	15	11	0.9918	NA	1	6.3127	NA	NA
CP011942.1	NA	NA	NA	NA	NA	NA	NA	NA	NA	NA	NA
CP011943.1	ENA|CP011943|CP011943.1	59372	No terminal repeats	75	11	0.9946	NA	16	46.7065	F_traL;F_traE;F_traK;F_traV	NA
CP011944.1	ENA|CP011944|CP011944.1	3372	No terminal repeats	5	11	0.9957	NA	4	5.9811	NA	NA
CP011945.1	NA	NA	NA	NA	NA	NA	NA	NA	NA	NA	NA
CP012004.1	NA	NA	NA	NA	NA	NA	NA	NA	NA	NA	NA
CP012005.1	ENA|CP012005|CP012005.1	148955	No terminal repeats	154	11	0.9895	NA	9	46.7607	I_traW;I_traY;I_traI;I_traM;I_traN;traU;T_virB5	NA
CP012026.1	NA	NA	NA	NA	NA	NA	NA	NA	NA	NA	NA
CP012028.1	NA	NA	NA	NA	NA	NA	NA	NA	NA	NA	NA
CP012097.1	NA	NA	NA	NA	NA	NA	NA	NA	NA	NA	NA
CP012120.2	NA	NA	NA	NA	NA	NA	NA	NA	NA	NA	NA
CP012121.2	ENA|CP012121|CP012121.2	61539	No terminal repeats	67	11	0.9927	NA	3	20.1270	MOBP2	NF000025;NF012167;NF040806
CP012149.1	NA	NA	NA	NA	NA	NA	NA	NA	NA	NA	NA
CP012170.1	ENA|CP012170|CP012170.1	263138	No terminal repeats	289	11	0.9941	NA	17	185.3745	t4cp1;MOBH;F_traF;F_traH;F_traE;F_traB;F_traV;virb4;F_traW;F_traU;F_trbC	NF012171;NF033144
CP012205.1	NA	NA	NA	NA	NA	NA	NA	NA	NA	NA	NA
CP012214.1	NA	NA	NA	NA	NA	NA	NA	NA	NA	NA	NA
CP012215.1	NA	NA	NA	NA	NA	NA	NA	NA	NA	NA	NA
CP012220.1	NA	NA	NA	NA	NA	NA	NA	NA	NA	NA	NA
CP012221.1	NA	NA	NA	NA	NA	NA	NA	NA	NA	NA	NA
CP012222.1	NA	NA	NA	NA	NA	NA	NA	NA	NA	NA	NA
CP012227.1	NA	NA	NA	NA	NA	NA	NA	NA	NA	NA	NA
CP012230.1	NA	NA	NA	NA	NA	NA	NA	NA	NA	NA	NA
CP012237.1	NA	NA	NA	NA	NA	NA	NA	NA	NA	NA	NA
CP012241.1	NA	NA	NA	NA	NA	NA	NA	NA	NA	NA	NA
CP012242.1	NA	NA	NA	NA	NA	NA	NA	NA	NA	NA	NA
CP012243.1	NA	NA	NA	NA	NA	NA	NA	NA	NA	NA	NA
CP012250.1	NA	NA	NA	NA	NA	NA	NA	NA	NA	NA	NA
CP012391.1	NA	NA	NA	NA	NA	NA	NA	NA	NA	NA	NA
CP012392.1	NA	NA	NA	NA	NA	NA	NA	NA	NA	NA	NA
CP012394.1	NA	NA	NA	NA	NA	NA	NA	NA	NA	NA	NA
CP012419.2	NA	NA	NA	NA	NA	NA	NA	NA	NA	NA	NA
CP012430.1	NA	NA	NA	NA	NA	NA	NA	NA	NA	NA	NA
CP012431.1	ENA|CP012431|CP012431.1	44226	No terminal repeats	59	11	0.9925	NA	1	19.6702	NA	NF033115;NF033068
CP012432.1	ENA|CP012432|CP012432.1	57543	No terminal repeats	65	11	0.9935	NA	2	32.9702	MOBP2	NA
CP012433.1	NA	NA	NA	NA	NA	NA	NA	NA	NA	NA	NA
CP012434.1	ENA|CP012434|CP012434.1	13123	No terminal repeats	15	11	0.9929	NA	1	4.3998	NA	NA
CP012435.1	ENA|CP012435|CP012435.1	13136	No terminal repeats	15	11	0.9923	NA	1	4.5944	NA	NA
CP012460.1	NA	NA	NA	NA	NA	NA	NA	NA	NA	NA	NA
CP012461.1	NA	NA	NA	NA	NA	NA	NA	NA	NA	NA	NA
CP012462.1	ENA|CP012462|CP012462.1	77567	No terminal repeats	90	11	0.9876	NA	2	8.7254	NA	NA
CP012463.1	ENA|CP012463|CP012463.1	54805	No terminal repeats	60	11	0.9943	NA	2	32.2325	MOBP2	NA
CP012464.1	NA	NA	NA	NA	NA	NA	NA	NA	NA	NA	NA
CP012497.1	NA	NA	NA	NA	NA	NA	NA	NA	NA	NA	NA
CP012498.1	ENA|CP012498|CP012498.1	213847	No terminal repeats	246	11	0.9941	NA	33	116.7205	F_traE;F_traL;F_traE;F_traK;F_traV;virb4;F_traW;F_traU;F_trbC;F_traN;F_traF;F_traH;F_traG;MOBF;F_traE;F_traE	NF033135
CP012503.1	NA	NA	NA	NA	NA	NA	NA	NA	NA	NA	NA
CP012522.1	NA	NA	NA	NA	NA	NA	NA	NA	NA	NA	NA
CP012579.1	NA	NA	NA	NA	NA	NA	NA	NA	NA	NA	NA
CP012582.1	NA	NA	NA	NA	NA	NA	NA	NA	NA	NA	NA
CP012587.1	NA	NA	NA	NA	NA	NA	NA	NA	NA	NA	NA
CP012639.1	NA	NA	NA	NA	NA	NA	NA	NA	NA	NA	NA
CP012674.1	NA	NA	NA	NA	NA	NA	NA	NA	NA	NA	NA
CP012675.1	NA	NA	NA	NA	NA	NA	NA	NA	NA	NA	NA
CP012690.1	NA	NA	NA	NA	NA	NA	NA	NA	NA	NA	NA
CP012694.1	NA	NA	NA	NA	NA	NA	NA	NA	NA	NA	NA
CP012869.1	NA	NA	NA	NA	NA	NA	NA	NA	NA	NA	NA
CP012952.1	NA	NA	NA	NA	NA	NA	NA	NA	NA	NA	NA
CP012953.1	ENA|CP012953|CP012953.1	4754	No terminal repeats	5	11	0.9943	NA	2	3.4366	MOBP1	NA
CP012954.1	ENA|CP012954|CP012954.1	6078	No terminal repeats	6	11	0.9939	NA	2	5.0002	MOBP1	NF000153
CP012955.1	NA	NA	NA	NA	NA	NA	NA	NA	NA	NA	NA
CP012956.1	ENA|CP012956|CP012956.1	47457	No terminal repeats	64	11	0.9931	NA	1	22.5444	NA	NA
CP012957.1	NA	NA	NA	NA	NA	NA	NA	NA	NA	NA	NA
CP012997.1	NA	NA	NA	NA	NA	NA	NA	NA	NA	NA	NA
CP012998.1	NA	NA	NA	NA	NA	NA	NA	NA	NA	NA	NA
CP013009.1	NA	NA	NA	NA	NA	NA	NA	NA	NA	NA	NA
CP013010.1	ENA|CP013010|CP013010.1	66496	No terminal repeats	76	11	0.9939	NA	2	36.9136	MOBP2	NA
CP013013.1	NA	NA	NA	NA	NA	NA	NA	NA	NA	NA	NA
CP013014.1	NA	NA	NA	NA	NA	NA	NA	NA	NA	NA	NA
CP013202.1	NA	NA	NA	NA	NA	NA	NA	NA	NA	NA	NA
CP013301.1	NA	NA	NA	NA	NA	NA	NA	NA	NA	NA	NA
CP013302.1	NA	NA	NA	NA	NA	NA	NA	NA	NA	NA	NA
CP013303.1	NA	NA	NA	NA	NA	NA	NA	NA	NA	NA	NA
CP013304.1	NA	NA	NA	NA	NA	NA	NA	NA	NA	NA	NA
CP013305.1	NA	NA	NA	NA	NA	NA	NA	NA	NA	NA	NA
CP013306.1	NA	NA	NA	NA	NA	NA	NA	NA	NA	NA	NA
CP013307.1	NA	NA	NA	NA	NA	NA	NA	NA	NA	NA	NA
CP013308.1	NA	NA	NA	NA	NA	NA	NA	NA	NA	NA	NA
CP013309.1	NA	NA	NA	NA	NA	NA	NA	NA	NA	NA	NA
CP013310.1	NA	NA	NA	NA	NA	NA	NA	NA	NA	NA	NA
CP013311.1	NA	NA	NA	NA	NA	NA	NA	NA	NA	NA	NA
CP013312.1	NA	NA	NA	NA	NA	NA	NA	NA	NA	NA	NA
CP013313.1	NA	NA	NA	NA	NA	NA	NA	NA	NA	NA	NA
CP013314.1	NA	NA	NA	NA	NA	NA	NA	NA	NA	NA	NA
CP013315.1	NA	NA	NA	NA	NA	NA	NA	NA	NA	NA	NA
CP013316.1	NA	NA	NA	NA	NA	NA	NA	NA	NA	NA	NA
CP013317.1	NA	NA	NA	NA	NA	NA	NA	NA	NA	NA	NA
CP013318.1	NA	NA	NA	NA	NA	NA	NA	NA	NA	NA	NA
CP013319.1	NA	NA	NA	NA	NA	NA	NA	NA	NA	NA	NA
CP013320.1	NA	NA	NA	NA	NA	NA	NA	NA	NA	NA	NA
CP013839.1	NA	NA	NA	NA	NA	NA	NA	NA	NA	NA	NA
CP013840.1	NA	NA	NA	NA	NA	NA	NA	NA	NA	NA	NA
CP013908.1	NA	NA	NA	NA	NA	NA	NA	NA	NA	NA	NA
CP013953.1	NA	NA	NA	NA	NA	NA	NA	NA	NA	NA	NA
CP013954.1	ENA|CP013954|CP013954.1	24729	DTR	36	11	0.9932	NA	2	10.9757	NA	NF040806
CP013955.1	NA	NA	NA	NA	NA	NA	NA	NA	NA	NA	NA
CP013956.1	ENA|CP013956|CP013956.1	24657	No terminal repeats	32	11	0.9940	NA	2	16.0458	MOBV	NF012167;NF040806
CP013994.1	NA	NA	NA	NA	NA	NA	NA	NA	NA	NA	NA
CP013995.1	ENA|CP013995|CP013995.1	381524	No terminal repeats	418	11	0.9902	NA	5	116.5526	MOBP2;MOBP2;MOBP2	NA
CP013996.1	ENA|CP013996|CP013996.1	49420	No terminal repeats	61	11	0.9918	NA	1	14.6064	NA	NF033115;NF033068
CP014017.2	NA	NA	NA	NA	NA	NA	NA	NA	NA	NA	NA
CP014026.2	NA	NA	NA	NA	NA	NA	NA	NA	NA	NA	NA
CP014027.2	NA	NA	NA	NA	NA	NA	NA	NA	NA	NA	NA
CP014166.1	NA	NA	NA	NA	NA	NA	NA	NA	NA	NA	NA
CP014344.1	NA	NA	NA	NA	NA	NA	NA	NA	NA	NA	NA
CP014345.1	NA	NA	NA	NA	NA	NA	NA	NA	NA	NA	NA
CP014435.1	NA	NA	NA	NA	NA	NA	NA	NA	NA	NA	NA
CP014436.1	NA	NA	NA	NA	NA	NA	NA	NA	NA	NA	NA
CP014437.1	ENA|CP014437|CP014437.1	27068	No terminal repeats	35	11	0.9907	NA	1	9.5644	NA	NF033068;NF040806;NF012167
CP014444.1	NA	NA	NA	NA	NA	NA	NA	NA	NA	NA	NA
CP014445.1	ENA|CP014445|CP014445.1	27098	No terminal repeats	35	11	0.9906	NA	1	9.5644	NA	NF033068;NF040806;NF012167
CP014446.1	ENA|CP014446|CP014446.1	2415	No terminal repeats	2	11	0.9892	NA	1	1.7936	NA	NA
CP014447.1	ENA|CP014447|CP014447.1	3567	No terminal repeats	4	11	0.9844	NA	1	3.4296	NA	NA
CP014448.1	ENA|CP014448|CP014448.1	32098	No terminal repeats	41	11	0.9913	NA	3	15.3570	FATA_trsJ;FATA_trsL;FATA_trsC;FATA_trsF	NA
CP014471.1	NA	NA	NA	NA	NA	NA	NA	NA	NA	NA	NA
CP014472.1	ENA|CP014472|CP014472.1	5820	No terminal repeats	6	11	0.9888	NA	2	4.1025	NA	NA
CP014473.1	ENA|CP014473|CP014473.1	65774	No terminal repeats	92	11	0.9880	NA	2	27.0752	T_virB11;MOBP2	NF000145
CP014529.1	NA	NA	NA	NA	NA	NA	NA	NA	NA	NA	NA
CP014530.1	ENA|CP014530|CP014530.1	223688	No terminal repeats	229	11	0.9897	NA	2	54.1493	MOBP2	NA
CP014531.1	ENA|CP014531|CP014531.1	32423	No terminal repeats	40	11	0.9938	NA	6	19.2801	NA	NF033115
CP014532.1	ENA|CP014532|CP014532.1	9310	No terminal repeats	12	11	0.9892	NA	1	6.3127	NA	NA
CP014533.1	NA	NA	NA	NA	NA	NA	NA	NA	NA	NA	NA
CP014534.1	ENA|CP014534|CP014534.1	55167	No terminal repeats	65	11	0.9938	NA	2	31.4879	MOBP2	NA
CP014535.1	ENA|CP014535|CP014535.1	65558	No terminal repeats	77	11	0.9921	NA	3	22.5821	T_virB11;MOBP2	NA
CP014542.1	NA	NA	NA	NA	NA	NA	NA	NA	NA	NA	NA
CP014661.1	NA	NA	NA	NA	NA	NA	NA	NA	NA	NA	NA
CP014662.1	ENA|CP014662|CP014662.1	103851	No terminal repeats	113	11	0.9952	NA	20	84.5557	MOBP1;I_trbB;I_trbA;I_traY;I_traW;I_traV;traU;I_traT;I_traR;I_traQ;I_traP;I_traO;I_traN;I_traL;I_traK;I_traI;I_traE	NA
CP014663.2	NA	NA	NA	NA	NA	NA	NA	NA	NA	NA	NA
CP014742.1	NA	NA	NA	NA	NA	NA	NA	NA	NA	NA	NA
CP014743.1	ENA|CP014743|CP014743.1	119543	DTR	129	11	0.9923	NA	9	53.7799	T_virB9;T_virB8;virb4;T_virB2;MOBP1	NA
CP014949.1	NA	NA	NA	NA	NA	NA	NA	NA	NA	NA	NA
CP014982.2	NA	NA	NA	NA	NA	NA	NA	NA	NA	NA	NA
CP015001.1	NA	NA	NA	NA	NA	NA	NA	NA	NA	NA	NA
CP015003.1	NA	NA	NA	NA	NA	NA	NA	NA	NA	NA	NA
CP015004.1	NA	NA	NA	NA	NA	NA	NA	NA	NA	NA	NA
CP015020.1	NA	NA	NA	NA	NA	NA	NA	NA	NA	NA	NA
CP015021.1	ENA|CP015021|CP015021.1	81401	No terminal repeats	86	11	0.9943	NA	8	48.1345	T_virB11;MOBP1	NA
CP015069.1	NA	NA	NA	NA	NA	NA	NA	NA	NA	NA	NA
CP015070.1	ENA|CP015070|CP015070.1	111851	No terminal repeats	125	11	0.9951	NA	31	87.0658	F_traE;F_traE;MOBF;F_traG;F_traH;F_traF;F_traN;F_traU;F_traW;virb4;F_traV;F_traK;F_traE;F_traL	NA
CP015071.1	ENA|CP015071|CP015071.1	69471	No terminal repeats	86	11	0.9923	NA	15	39.1432	I_trbB;I_traY;I_traW;traU;I_traR;I_traQ;I_traP;I_traO;I_traN;I_traL;I_traK;I_traI;MOBP1;I_trbA	NF012171;NF040806
CP015072.1	ENA|CP015072|CP015072.1	65196	No terminal repeats	73	11	0.9956	NA	28	68.4893	MOBF;F_traG;F_traH;F_traF;F_traN;F_traU;F_traW;virb4;F_traV;F_traK;F_traE;F_traL	NA
CP015073.1	ENA|CP015073|CP015073.1	37000	No terminal repeats	42	11	0.9943	NA	10	15.7244	I_traV;T_virB10;T_virB9;T_virB8;T_virB5;T_virB3;T_virB2;T_virB11	NA
CP015222.1	NA	NA	NA	NA	NA	NA	NA	NA	NA	NA	NA
CP015223.1	ENA|CP015223|CP015223.1	9149	No terminal repeats	8	11	0.9930	NA	2	2.6616	NA	NA
CP015229.1	NA	NA	NA	NA	NA	NA	NA	NA	NA	NA	NA
CP015347.1	NA	NA	NA	NA	NA	NA	NA	NA	NA	NA	NA
CP015410.2	NA	NA	NA	NA	NA	NA	NA	NA	NA	NA	NA
CP015877.1	NA	NA	NA	NA	NA	NA	NA	NA	NA	NA	NA
CP015883.1	NA	NA	NA	NA	NA	NA	NA	NA	NA	NA	NA
CP015884.1	ENA|CP015884|CP015884.1	125418	No terminal repeats	138	11	0.9858	NA	1	27.9908	FATA_cd411	NA
CP015885.1	ENA|CP015885|CP015885.1	55548	No terminal repeats	64	11	0.9934	NA	3	22.5792	FA_orf13	NA
CP015886.1	NA	NA	NA	NA	NA	NA	NA	NA	NA	NA	NA
CP015975.1	NA	NA	NA	NA	NA	NA	NA	NA	NA	NA	NA
CP016015.1	NA	NA	NA	NA	NA	NA	NA	NA	NA	NA	NA
CP016016.1	NA	NA	NA	NA	NA	NA	NA	NA	NA	NA	NA
CP016163.1	NA	NA	NA	NA	NA	NA	NA	NA	NA	NA	NA
CP016164.1	ENA|CP016164|CP016164.1	202822	No terminal repeats	227	11	0.9886	NA	2	54.4409	MOBP2	NA
CP016165.1	ENA|CP016165|CP016165.1	58308	No terminal repeats	68	11	0.9938	NA	2	30.1413	MOBP2	NA
CP016166.1	ENA|CP016166|CP016166.1	48256	No terminal repeats	59	11	0.9923	NA	1	12.3095	NA	NF033068;NF033115
CP016167.1	NA	NA	NA	NA	NA	NA	NA	NA	NA	NA	NA
CP016168.1	ENA|CP016168|CP016168.1	4796	No terminal repeats	8	11	0.9899	NA	1	3.3740	NA	NA
CP016169.1	NA	NA	NA	NA	NA	NA	NA	NA	NA	NA	NA
CP016298.1	NA	NA	NA	NA	NA	NA	NA	NA	NA	NA	NA
CP016299.1	NA	NA	NA	NA	NA	NA	NA	NA	NA	NA	NA
CP016324.1	NA	NA	NA	NA	NA	NA	NA	NA	NA	NA	NA
CP016325.1	NA	NA	NA	NA	NA	NA	NA	NA	NA	NA	NA
CP016391.1	NA	NA	NA	NA	NA	NA	NA	NA	NA	NA	NA
CP016504.1	NA	NA	NA	NA	NA	NA	NA	NA	NA	NA	NA
CP016505.1	NA	NA	NA	NA	NA	NA	NA	NA	NA	NA	NA
CP016506.1	ENA|CP016506|CP016506.1	37697	No terminal repeats	44	11	0.9945	NA	9	26.1832	T_virB9;T_virB8;T_virB6;virb4;T_virB2	NA
CP016563.1	NA	NA	NA	NA	NA	NA	NA	NA	NA	NA	NA
CP016564.1	ENA|CP016564|CP016564.1	37697	No terminal repeats	44	11	0.9945	NA	9	26.1832	T_virB9;T_virB8;T_virB6;virb4;T_virB2	NA
CP016644.1	NA	NA	NA	NA	NA	NA	NA	NA	NA	NA	NA
CP016645.1	NA	NA	NA	NA	NA	NA	NA	NA	NA	NA	NA
CP016646.1	NA	NA	NA	NA	NA	NA	NA	NA	NA	NA	NA
CP016650.1	NA	NA	NA	NA	NA	NA	NA	NA	NA	NA	NA
CP016651.1	NA	NA	NA	NA	NA	NA	NA	NA	NA	NA	NA
CP016652.1	NA	NA	NA	NA	NA	NA	NA	NA	NA	NA	NA
CP016653.1	NA	NA	NA	NA	NA	NA	NA	NA	NA	NA	NA
CP016656.1	NA	NA	NA	NA	NA	NA	NA	NA	NA	NA	NA
CP016657.1	NA	NA	NA	NA	NA	NA	NA	NA	NA	NA	NA
CP016659.1	NA	NA	NA	NA	NA	NA	NA	NA	NA	NA	NA
CP016663.1	NA	NA	NA	NA	NA	NA	NA	NA	NA	NA	NA
CP016666.1	NA	NA	NA	NA	NA	NA	NA	NA	NA	NA	NA
CP016667.1	NA	NA	NA	NA	NA	NA	NA	NA	NA	NA	NA
CP016668.1	NA	NA	NA	NA	NA	NA	NA	NA	NA	NA	NA
CP016670.1	NA	NA	NA	NA	NA	NA	NA	NA	NA	NA	NA
CP016672.1	NA	NA	NA	NA	NA	NA	NA	NA	NA	NA	NA
CP016674.1	NA	NA	NA	NA	NA	NA	NA	NA	NA	NA	NA
CP016677.1	NA	NA	NA	NA	NA	NA	NA	NA	NA	NA	NA
CP016678.1	NA	NA	NA	NA	NA	NA	NA	NA	NA	NA	NA
CP016679.1	NA	NA	NA	NA	NA	NA	NA	NA	NA	NA	NA
CP016683.1	NA	NA	NA	NA	NA	NA	NA	NA	NA	NA	NA
CP016762.1	NA	NA	NA	NA	NA	NA	NA	NA	NA	NA	NA
CP016763.1	ENA|CP016763|CP016763.1	127005	No terminal repeats	127	11	0.9937	NA	29	70.8485	MOBF;F_traG;F_traH;F_traF;F_traN;F_trbC;F_traU;F_traW;virb4;F_traV;F_traK;F_traE;F_traL	NF012147
CP016764.1	ENA|CP016764|CP016764.1	277592	No terminal repeats	282	11	0.9939	NA	17	162.4516	F_traH;F_traF;MOBH;t4cp1;F_traE;F_traB;F_traV;virb4;F_traW;F_traU;F_trbC	NF000466
CP016765.1	NA	NA	NA	NA	NA	NA	NA	NA	NA	NA	NA
CP016854.2	ENA|CP016854|CP016854.2	53799	DTR	56	11	0.9934	NA	2	23.5303	NA	NF040806;NF012167;NF000025
CP016855.2	NA	NA	NA	NA	NA	NA	NA	NA	NA	NA	NA
CP016952.1	NA	NA	NA	NA	NA	NA	NA	NA	NA	NA	NA
CP016987.1	NA	NA	NA	NA	NA	NA	NA	NA	NA	NA	NA
CP016988.1	NA	NA	NA	NA	NA	NA	NA	NA	NA	NA	NA
CP017029.1	NA	NA	NA	NA	NA	NA	NA	NA	NA	NA	NA
CP017030.1	ENA|CP017030|CP017030.1	50689	No terminal repeats	54	11	0.9923	NA	9	22.8894	MOBP1;T_virB9;T_virB8;virb4;T_virB2	NF033068
CP017032.1	NA	NA	NA	NA	NA	NA	NA	NA	NA	NA	NA
CP017058.1	ENA|CP017058|CP017058.1	229406	No terminal repeats	284	11	0.9927	NA	32	109.5253	t4cp2;T_virB11;T_virB2;T_virB3;virb4;T_virB5;T_virB6;T_virB8;T_virB9;T_virB10;T_virB1;F_traG;F_traH;F_traF;F_trbC;F_traU;F_traW;virb4;F_traV;F_traB;F_traK;F_traE;F_traL;t4cp1;MOBH	NF012171
CP017059.1	ENA|CP017059|CP017059.1	171233	No terminal repeats	186	11	0.9925	NA	4	53.7586	F_traE	NF012178;NF033144
CP017082.1	NA	NA	NA	NA	NA	NA	NA	NA	NA	NA	NA
CP017083.1	NA	NA	NA	NA	NA	NA	NA	NA	NA	NA	NA
CP017084.1	ENA|CP017084|CP017084.1	171489	No terminal repeats	208	11	0.9927	NA	24	74.5630	F_trbC;F_traU;F_traW;virb4;F_traV;F_traB;F_traK;F_traE;F_traL;t4cp1;MOBH;F_traF;F_traH;F_traG;T_virB1;T_virB8;T_virB9	NF012171;NF000466;NF012174
CP017085.1	NA	NA	NA	NA	NA	NA	NA	NA	NA	NA	NA
CP017086.1	ENA|CP017086|CP017086.1	59035	No terminal repeats	72	11	0.9946	NA	4	36.8846	NA	NF000466;NF000496
CP017115.1	NA	NA	NA	NA	NA	NA	NA	NA	NA	NA	NA
CP017152.1	NA	NA	NA	NA	NA	NA	NA	NA	NA	NA	NA
CP017179.1	NA	NA	NA	NA	NA	NA	NA	NA	NA	NA	NA
CP017183.1	NA	NA	NA	NA	NA	NA	NA	NA	NA	NA	NA
CP017186.1	NA	NA	NA	NA	NA	NA	NA	NA	NA	NA	NA
CP017187.1	ENA|CP017187|CP017187.1	131604	No terminal repeats	147	11	0.9948	NA	27	106.3175	MOBF;t4cp2;F_traG;F_traH;F_traF;F_traN;F_traU;F_traW;virb4;F_traV;F_traB;F_traK;F_traE;F_traL	NF033135
CP017251.1	NA	NA	NA	NA	NA	NA	NA	NA	NA	NA	NA
CP017252.1	ENA|CP017252|CP017252.1	92691	No terminal repeats	87	11	0.9945	NA	8	48.7427	T_virB11;MOBP1	NA
CP017293.1	NA	NA	NA	NA	NA	NA	NA	NA	NA	NA	NA
CP017294.1	ENA|CP017294|CP017294.1	398087	No terminal repeats	456	11	0.9830	NA	29	79.9460	MOBH;F_trbC;F_traU;F_traW;virb4;F_traV;F_traB;F_traK;F_traE;F_traL;t4cp1;MOBH;t4cp2;T_virB11;T_virB2;T_virB3;virb4;T_virB5;T_virB6;T_virB8;T_virB9;T_virB10;T_virB1	NA
CP017314.1	NA	NA	NA	NA	NA	NA	NA	NA	NA	NA	NA
CP017353.1	NA	NA	NA	NA	NA	NA	NA	NA	NA	NA	NA
CP017644.1	NA	NA	NA	NA	NA	NA	NA	NA	NA	NA	NA
CP017645.1	ENA|CP017645|CP017645.1	81227	No terminal repeats	108	11	0.9893	NA	16	32.7974	F_traG;F_traH;F_traF;F_trbC;F_trbC;F_traU;F_traW;F_traV;F_traB;F_traK;F_traE;F_traL;t4cp2	NA
CP017654.1	NA	NA	NA	NA	NA	NA	NA	NA	NA	NA	NA
CP017655.1	ENA|CP017655|CP017655.1	72073	No terminal repeats	99	11	0.9875	NA	15	29.6170	F_traL;F_traE;F_traK;F_traB;F_traV;F_traW;F_traU;F_trbC;F_trbC;F_traF;F_traH;F_traG;t4cp2	NA
CP017676.1	NA	NA	NA	NA	NA	NA	NA	NA	NA	NA	NA
CP017684.1	NA	NA	NA	NA	NA	NA	NA	NA	NA	NA	NA
CP017719.1	NA	NA	NA	NA	NA	NA	NA	NA	NA	NA	NA
CP017763.1	NA	NA	NA	NA	NA	NA	NA	NA	NA	NA	NA
CP017764.1	ENA|CP017764|CP017764.1	64604	No terminal repeats	93	11	0.9875	NA	2	27.0752	MOBP2;T_virB11	NF000145
CP017765.1	ENA|CP017765|CP017765.1	17447	No terminal repeats	19	11	0.9931	NA	7	13.2576	NA	NA
CP017787.1	NA	NA	NA	NA	NA	NA	NA	NA	NA	NA	NA
CP017788.1	ENA|CP017788|CP017788.1	169793	No terminal repeats	192	11	0.9896	NA	1	38.2380	NA	NA
CP017789.1	ENA|CP017789|CP017789.1	54822	No terminal repeats	60	11	0.9940	NA	2	32.2325	MOBP2	NA
CP017790.1	NA	NA	NA	NA	NA	NA	NA	NA	NA	NA	NA
CP017791.1	ENA|CP017791|CP017791.1	10382	No terminal repeats	13	11	0.9931	NA	1	6.3127	NA	NA
CP017797.1	NA	NA	NA	NA	NA	NA	NA	NA	NA	NA	NA
CP017798.1	ENA|CP017798|CP017798.1	171477	No terminal repeats	200	11	0.9895	NA	1	38.2380	NA	NA
CP017799.1	ENA|CP017799|CP017799.1	54822	No terminal repeats	60	11	0.9940	NA	2	32.2325	MOBP2	NA
CP017800.1	NA	NA	NA	NA	NA	NA	NA	NA	NA	NA	NA
CP017801.1	ENA|CP017801|CP017801.1	10382	No terminal repeats	13	11	0.9931	NA	1	6.3127	NA	NA
CP017871.1	NA	NA	NA	NA	NA	NA	NA	NA	NA	NA	NA
CP017872.1	ENA|CP017872|CP017872.1	55122	No terminal repeats	65	11	0.9921	NA	10	28.5023	MOBP1;T_virB2;virb4;T_virB6;T_virB8;T_virB9	NF000107;NF033068
CP017873.1	NA	NA	NA	NA	NA	NA	NA	NA	NA	NA	NA
CP017874.1	ENA|CP017874|CP017874.1	25058	No terminal repeats	33	11	0.9923	NA	8	14.3639	T_virB10;T_virB9;T_virB8;T_virB5;T_virB2;T_virB11	NA
CP017878.1	NA	NA	NA	NA	NA	NA	NA	NA	NA	NA	NA
CP017879.1	ENA|CP017879|CP017879.1	46186	No terminal repeats	55	11	0.9924	NA	10	23.4321	T_virB2;virb4;T_virB6;T_virB8;T_virB9;MOBP1	NA
CP017880.1	ENA|CP017880|CP017880.1	25286	No terminal repeats	32	11	0.9932	NA	9	15.1574	T_virB10;T_virB9;T_virB8;T_virB6;T_virB5;T_virB2;T_virB11	NA
CP017972.1	NA	NA	NA	NA	NA	NA	NA	NA	NA	NA	NA
CP018059.1	NA	NA	NA	NA	NA	NA	NA	NA	NA	NA	NA
CP018060.1	ENA|CP018060|CP018060.1	39779	No terminal repeats	44	11	0.9824	NA	17	23.5930	t4cp2;F_traG;F_traH;F_traF;F_trbC;F_trbC;F_traU;F_traW;virb4;F_traV;F_traB;F_traK;F_traE;F_traL	NA
CP018070.1	ENA|CP018070|CP018070.1	78626	No terminal repeats	96	11	0.9938	NA	2	44.7846	MOBP2	NA
CP018071.1	NA	NA	NA	NA	NA	NA	NA	NA	NA	NA	NA
CP018072.1	ENA|CP018072|CP018072.1	59226	No terminal repeats	77	11	0.9938	NA	7	30.4193	NA	NF012176;NF033068;NF012176
CP018103.1	NA	NA	NA	NA	NA	NA	NA	NA	NA	NA	NA
CP018104.1	ENA|CP018104|CP018104.1	207960	No terminal repeats	231	11	0.9947	NA	19	133.9180	MOBP1;I_trbB;I_trbA;I_traY;I_traW;I_traV;traU;I_traT;I_traR;I_traQ;I_traP;I_traO;I_traN;I_traL;I_traK;I_traI;I_traE	NF012174
CP018105.1	ENA|CP018105|CP018105.1	67946	No terminal repeats	82	11	0.9932	NA	1	21.4615	NA	NF012174;NF012174
CP018106.1	ENA|CP018106|CP018106.1	64467	No terminal repeats	78	11	0.9931	NA	8	37.2629	MOBP1;T_virB9;T_virB8;T_virB6	NA
CP018107.1	ENA|CP018107|CP018107.1	61085	No terminal repeats	75	11	0.9956	NA	28	69.8838	F_traL;F_traE;F_traK;F_traV;virb4;F_traW;F_traU;F_trbC;F_traN;F_traF;F_traH;F_traG;MOBF	NA
CP018108.1	ENA|CP018108|CP018108.1	5310	No terminal repeats	10	11	0.9946	NA	3	5.4918	MOBP1	NA
CP018121.1	NA	NA	NA	NA	NA	NA	NA	NA	NA	NA	NA
CP018122.1	ENA|CP018122|CP018122.1	120326	No terminal repeats	129	11	0.9950	NA	18	87.2764	MOBP1;I_trbB;I_trbA;I_traY;I_traW;I_traV;traU;I_traT;I_traR;I_traQ;I_traP;I_traO;I_traN;I_traL;I_traK;I_traI;I_traE	NF012174
CP018123.1	ENA|CP018123|CP018123.1	67946	No terminal repeats	82	11	0.9932	NA	1	21.4615	NA	NF012174;NF012174
CP018124.1	ENA|CP018124|CP018124.1	65539	No terminal repeats	78	11	0.9933	NA	8	37.2629	MOBP1;T_virB9;T_virB8;T_virB6	NA
CP018125.1	ENA|CP018125|CP018125.1	61085	No terminal repeats	75	11	0.9956	NA	28	69.8838	F_traL;F_traE;F_traK;F_traV;virb4;F_traW;F_traU;F_trbC;F_traN;F_traF;F_traH;F_traG;MOBF	NA
CP018126.1	ENA|CP018126|CP018126.1	5310	No terminal repeats	10	11	0.9946	NA	3	5.4918	MOBP1	NA
CP018128.1	NA	NA	NA	NA	NA	NA	NA	NA	NA	NA	NA
CP018129.1	ENA|CP018129|CP018129.1	222278	No terminal repeats	231	11	0.9903	NA	2	58.1215	MOBP2	NA
CP018130.1	ENA|CP018130|CP018130.1	71104	No terminal repeats	84	11	0.9924	NA	3	29.8280	T_virB11;MOBP2	NF033115
CP018131.1	ENA|CP018131|CP018131.1	23736	No terminal repeats	30	11	0.9923	NA	1	9.6764	NA	NF033068
CP018132.1	ENA|CP018132|CP018132.1	4137	No terminal repeats	5	11	0.9958	NA	1	5.9024	NA	NA
CP018136.1	NA	NA	NA	NA	NA	NA	NA	NA	NA	NA	NA
CP018137.1	NA	NA	NA	NA	NA	NA	NA	NA	NA	NA	NA
CP018138.1	NA	NA	NA	NA	NA	NA	NA	NA	NA	NA	NA
CP018243.1	NA	NA	NA	NA	NA	NA	NA	NA	NA	NA	NA
CP018244.1	ENA|CP018244|CP018244.1	92522	No terminal repeats	89	11	0.9946	NA	8	49.6888	T_virB11;MOBP1	NA
CP018250.1	NA	NA	NA	NA	NA	NA	NA	NA	NA	NA	NA
CP018251.1	ENA|CP018251|CP018251.1	91789	No terminal repeats	91	11	0.9946	NA	8	49.6888	T_virB11;MOBP1	NA
CP018347.1	NA	NA	NA	NA	NA	NA	NA	NA	NA	NA	NA
CP018450.1	NA	NA	NA	NA	NA	NA	NA	NA	NA	NA	NA
CP018451.1	ENA|CP018451|CP018451.1	90684	No terminal repeats	113	11	0.9940	NA	3	37.2737	MOBC	NF012174;NF000270;NF012178
CP018452.1	ENA|CP018452|CP018452.1	67100	No terminal repeats	86	11	0.9915	NA	13	35.4455	I_traY;I_traW;traU;I_traR;I_traQ;I_traP;I_traO;I_traN;I_traL;I_traK;I_traI;MOBP1	NF040806;NF012171
CP018453.1	ENA|CP018453|CP018453.1	4075	No terminal repeats	4	11	0.9924	NA	1	1.7183	MOBP1	NA
CP018633.1	NA	NA	NA	NA	NA	NA	NA	NA	NA	NA	NA
CP018634.1	ENA|CP018634|CP018634.1	92831	No terminal repeats	110	11	0.9949	NA	30	74.8905	F_traK;F_traE;F_traL;MOBF;F_traG;F_traG;F_traH;F_traF;F_traN;F_traU;F_traW;virb4;F_traV	NA
CP018635.1	NA	NA	NA	NA	NA	NA	NA	NA	NA	NA	NA
CP018636.1	ENA|CP018636|CP018636.1	59373	No terminal repeats	77	11	0.9946	NA	17	47.2593	F_traV;F_traK;F_traE;F_traL	NA
CP018640.1	NA	NA	NA	NA	NA	NA	NA	NA	NA	NA	NA
CP018641.1	ENA|CP018641|CP018641.1	59371	No terminal repeats	75	11	0.9946	NA	16	46.7065	F_traL;F_traE;F_traK;F_traV	NA
CP018644.1	NA	NA	NA	NA	NA	NA	NA	NA	NA	NA	NA
CP018651.1	NA	NA	NA	NA	NA	NA	NA	NA	NA	NA	NA
CP018652.1	ENA|CP018652|CP018652.1	200045	No terminal repeats	226	11	0.9941	NA	18	172.0743	t4cp1;MOBH;F_traF;F_traH;F_traG;F_trbC;F_traU;F_traW;virb4;F_traV;F_traB;F_traE	NF012171
CP018653.1	ENA|CP018653|CP018653.1	59334	No terminal repeats	75	11	0.9946	NA	16	46.7065	F_traL;F_traE;F_traK;F_traV	NA
CP018654.1	NA	NA	NA	NA	NA	NA	NA	NA	NA	NA	NA
CP018830.1	NA	NA	NA	NA	NA	NA	NA	NA	NA	NA	NA
CP018832.1	ENA|CP018832|CP018832.1	259837	No terminal repeats	294	11	0.9904	NA	3	79.8414	MOBP2	NA
CP018833.1	ENA|CP018833|CP018833.1	4374	No terminal repeats	6	11	0.9952	NA	1	5.9024	NA	NA
CP018834.1	ENA|CP018834|CP018834.1	13141	No terminal repeats	15	11	0.9915	NA	1	4.3998	NA	NA
CP018838.1	NA	NA	NA	NA	NA	NA	NA	NA	NA	NA	NA
CP018885.1	NA	NA	NA	NA	NA	NA	NA	NA	NA	NA	NA
CP018886.1	ENA|CP018886|CP018886.1	217456	No terminal repeats	227	11	0.9945	NA	32	124.9747	F_traE;F_traE;MOBF;F_traG;F_traH;F_traF;F_traN;F_trbC;F_traU;F_traW;virb4;F_traV;F_traK;F_traE;F_traL	NF000402;NF012178
CP018887.1	ENA|CP018887|CP018887.1	123208	No terminal repeats	146	11	0.9943	NA	13	89.6993	T_virB1;T_virB3;virb4;T_virB5;T_virB6;T_virB8;T_virB9	NF012174;NF000270
CP018915.1	NA	NA	NA	NA	NA	NA	NA	NA	NA	NA	NA
CP018916.1	ENA|CP018916|CP018916.1	73532	No terminal repeats	80	11	0.9945	NA	20	62.4968	I_traI;I_traK;I_traL;I_traN;I_traO;I_traP;I_traQ;I_traR;traU;I_traW;I_traY;I_trbA;I_trbB;MOBP1;F_traE	NA
CP018917.1	NA	NA	NA	NA	NA	NA	NA	NA	NA	NA	NA
CP018918.1	ENA|CP018918|CP018918.1	100699	No terminal repeats	111	11	0.9945	NA	19	79.3605	MOBP1;I_trbB;I_trbA;I_traY;I_traW;traU;I_traR;I_traQ;I_traP;I_traO;I_traN;I_traL;I_traK;I_traI	NA
CP018919.1	NA	NA	NA	NA	NA	NA	NA	NA	NA	NA	NA
CP018920.1	ENA|CP018920|CP018920.1	111810	No terminal repeats	123	11	0.9928	NA	20	69.9877	F_traE;I_trbB;I_trbA;I_traY;I_traW;traU;I_traR;I_traQ;I_traP;I_traO;I_traN;I_traL;I_traK;I_traI;MOBP1	NA
CP018921.1	ENA|CP018921|CP018921.1	47264	No terminal repeats	64	11	0.9904	NA	11	24.1729	MOBP1;T_virB9;T_virB8;T_virB6;virb4;virb4;T_virB2	NA
CP018922.1	ENA|CP018922|CP018922.1	21738	No terminal repeats	31	11	0.9930	NA	10	24.0495	MOBC;MOBC;T_virB9;T_virB8;T_virB6;virb4;T_virB2	NA
CP018923.1	NA	NA	NA	NA	NA	NA	NA	NA	NA	NA	NA
CP018925.1	NA	NA	NA	NA	NA	NA	NA	NA	NA	NA	NA
CP018926.1	NA	NA	NA	NA	NA	NA	NA	NA	NA	NA	NA
CP018927.1	NA	NA	NA	NA	NA	NA	NA	NA	NA	NA	NA
CP018928.1	NA	NA	NA	NA	NA	NA	NA	NA	NA	NA	NA
CP018930.1	NA	NA	NA	NA	NA	NA	NA	NA	NA	NA	NA
CP018949.1	ENA|CP018949|CP018949.1	16559	No terminal repeats	16	11	0.9947	NA	5	13.6420	NA	NA
CP018950.1	ENA|CP018950|CP018950.1	35225	No terminal repeats	52	11	0.9944	NA	10	26.3313	T_virB1;T_virB2;virb4;T_virB6;T_virB8;T_virB9;T_virB11	NA
CP018951.1	ENA|CP018951|CP018951.1	43380	No terminal repeats	56	11	0.9939	NA	9	24.5654	T_virB1;T_virB2;virb4;T_virB6;T_virB8;T_virB9	NA
CP018952.1	ENA|CP018952|CP018952.1	132345	No terminal repeats	152	11	0.9950	NA	32	95.5068	F_traE;F_traL;F_traE;F_traK;F_traV;virb4;F_traW;F_traU;F_traN;F_traF;F_traH;F_traG;MOBF;F_traE	NA
CP018953.1	NA	NA	NA	NA	NA	NA	NA	NA	NA	NA	NA
CP019034.1	NA	NA	NA	NA	NA	NA	NA	NA	NA	NA	NA
CP019189.1	NA	NA	NA	NA	NA	NA	NA	NA	NA	NA	NA
CP019190.1	ENA|CP019190|CP019190.1	186451	No terminal repeats	211	11	0.9937	NA	32	121.3357	F_traL;F_traE;F_traK;F_traV;virb4;F_traW;F_traU;F_traN;F_traF;F_traH;F_traG;MOBF;F_traE	NA
CP019191.1	ENA|CP019191|CP019191.1	28662	No terminal repeats	35	11	0.9938	NA	11	26.4108	T_virB9;T_virB8;T_virB6;virb4;T_virB3;T_virB2;T_virB1;MOBC	NA
CP019202.1	NA	NA	NA	NA	NA	NA	NA	NA	NA	NA	NA
CP019203.1	NA	NA	NA	NA	NA	NA	NA	NA	NA	NA	NA
CP019271.1	NA	NA	NA	NA	NA	NA	NA	NA	NA	NA	NA
CP019272.1	ENA|CP019272|CP019272.1	129452	No terminal repeats	149	11	0.9950	NA	28	104.0620	F_traL;F_traE;F_traK;F_traV;virb4;F_traW;F_traU;F_trbC;F_traN;F_traF;F_traH;F_traG;MOBF	NF012174;NF012171;NF000496
CP019299.1	NA	NA	NA	NA	NA	NA	NA	NA	NA	NA	NA
CP019410.1	NA	NA	NA	NA	NA	NA	NA	NA	NA	NA	NA
CP019411.1	NA	NA	NA	NA	NA	NA	NA	NA	NA	NA	NA
CP019412.1	NA	NA	NA	NA	NA	NA	NA	NA	NA	NA	NA
CP019442.1	NA	NA	NA	NA	NA	NA	NA	NA	NA	NA	NA
CP019443.1	ENA|CP019443|CP019443.1	233802	No terminal repeats	260	11	0.9945	NA	17	188.4475	F_traV;F_traV;F_traB;F_traE;t4cp1;MOBH;F_traF;F_traH;F_trbC;F_traU;F_traW	NF000119
CP019444.1	ENA|CP019444|CP019444.1	84565	No terminal repeats	93	11	0.9955	NA	28	79.3309	F_traL;F_traE;F_traK;F_traV;virb4;F_traW;F_traU;F_traN;F_traF;F_traH;F_traG;MOBF	NF012147;NF000005;NF012178
CP019466.1	NA	NA	NA	NA	NA	NA	NA	NA	NA	NA	NA
CP019512.1	NA	NA	NA	NA	NA	NA	NA	NA	NA	NA	NA
CP019513.1	ENA|CP019513|CP019513.1	66602	No terminal repeats	74	11	0.9925	NA	5	26.1550	FA_orf13	NF033693
CP019514.1	ENA|CP019514|CP019514.1	65920	No terminal repeats	82	11	0.9928	NA	3	20.5140	FA_orf13	NF033068
CP019560.1	NA	NA	NA	NA	NA	NA	NA	NA	NA	NA	NA
CP019561.1	ENA|CP019561|CP019561.1	148529	DTR	156	11	0.9950	NA	28	103.7966	F_traL;F_traE;F_traK;F_traV;virb4;F_traW;F_traU;F_traN;F_traF;F_traH;F_traG;MOBF	NF000402;NF012174
CP019700.1	NA	NA	NA	NA	NA	NA	NA	NA	NA	NA	NA
CP019978.1	NA	NA	NA	NA	NA	NA	NA	NA	NA	NA	NA
CP019979.1	NA	NA	NA	NA	NA	NA	NA	NA	NA	NA	NA
CP019988.1	NA	NA	NA	NA	NA	NA	NA	NA	NA	NA	NA
CP019989.1	ENA|CP019989|CP019989.1	287502	No terminal repeats	328	11	0.9886	NA	3	59.7583	NA	NF033115;NF033115
CP019990.1	ENA|CP019990|CP019990.1	25791	No terminal repeats	33	11	0.9941	NA	2	8.1875	NA	NF033068
CP019991.1	NA	NA	NA	NA	NA	NA	NA	NA	NA	NA	NA
CP020007.1	NA	NA	NA	NA	NA	NA	NA	NA	NA	NA	NA
CP020008.1	NA	NA	NA	NA	NA	NA	NA	NA	NA	NA	NA
CP020011.1	NA	NA	NA	NA	NA	NA	NA	NA	NA	NA	NA
CP020013.1	NA	NA	NA	NA	NA	NA	NA	NA	NA	NA	NA
CP020014.1	NA	NA	NA	NA	NA	NA	NA	NA	NA	NA	NA
CP020023.1	NA	NA	NA	NA	NA	NA	NA	NA	NA	NA	NA
CP020024.1	ENA|CP020024|CP020024.1	85618	No terminal repeats	125	11	0.9878	NA	2	27.0821	T_virB11;MOBP2	NF000145
CP020052.1	NA	NA	NA	NA	NA	NA	NA	NA	NA	NA	NA
CP020058.1	NA	NA	NA	NA	NA	NA	NA	NA	NA	NA	NA
CP020059.1	ENA|CP020059|CP020059.1	87982	No terminal repeats	102	11	0.9944	NA	13	62.1433	T_virB9;T_virB8;T_virB6;T_virB5;virb4;T_virB3;T_virB1	NF012171;NF000270
CP020060.1	ENA|CP020060|CP020060.1	50999	No terminal repeats	66	11	0.9938	NA	1	22.0584	NA	NF012174
CP020082.1	NA	NA	NA	NA	NA	NA	NA	NA	NA	NA	NA
CP020101.1	NA	NA	NA	NA	NA	NA	NA	NA	NA	NA	NA
CP020400.2	NA	NA	NA	NA	NA	NA	NA	NA	NA	NA	NA
CP020407.2	NA	NA	NA	NA	NA	NA	NA	NA	NA	NA	NA
CP020408.2	NA	NA	NA	NA	NA	NA	NA	NA	NA	NA	NA
CP020411.2	NA	NA	NA	NA	NA	NA	NA	NA	NA	NA	NA
CP020419.2	NA	NA	NA	NA	NA	NA	NA	NA	NA	NA	NA
CP020420.2	NA	NA	NA	NA	NA	NA	NA	NA	NA	NA	NA
CP020421.2	NA	NA	NA	NA	NA	NA	NA	NA	NA	NA	NA
CP020423.2	NA	NA	NA	NA	NA	NA	NA	NA	NA	NA	NA
CP020449.2	NA	NA	NA	NA	NA	NA	NA	NA	NA	NA	NA
CP020503.1	NA	NA	NA	NA	NA	NA	NA	NA	NA	NA	NA
CP020504.1	NA	NA	NA	NA	NA	NA	NA	NA	NA	NA	NA
CP020505.1	ENA|CP020505|CP020505.1	47999	No terminal repeats	54	11	0.9929	NA	9	28.8983	MOBP1;T_virB2;virb4;T_virB6;T_virB8;T_virB9	NA
CP020506.1	ENA|CP020506|CP020506.1	219979	No terminal repeats	238	11	0.9942	NA	28	128.3709	F_traE;F_traL;F_traE;F_traK;F_traV;virb4;F_traW;F_traU;F_trbC;F_traN;F_traF;F_traH;F_traG;MOBF	NF000402
CP020507.1	NA	NA	NA	NA	NA	NA	NA	NA	NA	NA	NA
CP020508.1	ENA|CP020508|CP020508.1	224208	No terminal repeats	240	11	0.9942	NA	28	129.7827	MOBF;F_traG;F_traH;F_traF;F_traN;F_trbC;F_traU;F_traW;virb4;F_traV;F_traK;F_traE;F_traL;F_traE	NF000402
CP020514.1	NA	NA	NA	NA	NA	NA	NA	NA	NA	NA	NA
CP020515.1	ENA|CP020515|CP020515.1	158757	DTR	176	11	0.9950	NA	31	108.5478	F_traE;MOBF;F_traG;F_traH;F_traF;F_traN;F_traU;F_traW;virb4;F_traV;F_traK;F_traE;F_traL	NF000005;NF012147;NF000466;NF000270
CP020543.1	NA	NA	NA	NA	NA	NA	NA	NA	NA	NA	NA
CP020580.1	ENA|CP020580|CP020580.1	90973	No terminal repeats	113	11	0.9890	NA	15	36.8214	F_trbC;F_traU;F_traW;F_traV;F_traB;F_traK;F_traE;F_traL;t4cp2;F_traG;F_traH;F_traF;F_trbC	NA
CP020581.1	NA	NA	NA	NA	NA	NA	NA	NA	NA	NA	NA
CP020582.1	ENA|CP020582|CP020582.1	90972	No terminal repeats	113	11	0.9880	NA	15	36.8214	F_traG;F_traH;F_traF;F_trbC;F_trbC;F_traU;F_traW;F_traV;F_traB;F_traK;F_traE;F_traL;t4cp2	NA
CP020584.1	NA	NA	NA	NA	NA	NA	NA	NA	NA	NA	NA
CP020589.1	ENA|CP020589|CP020589.1	72076	No terminal repeats	100	11	0.9871	NA	16	31.1168	F_traV;F_traW;F_traU;F_trbC;F_trbC;F_traF;F_traH;F_traG;t4cp2;F_traL;F_traE;F_traK;F_traB;F_traV	NA
CP020590.1	NA	NA	NA	NA	NA	NA	NA	NA	NA	NA	NA
CP020594.1	ENA|CP020594|CP020594.1	98301	No terminal repeats	129	11	0.9878	NA	15	42.0376	F_traL;F_traE;F_traK;F_traB;F_traV;F_traW;F_traU;F_trbC;F_trbC;F_traF;F_traH;F_traG;t4cp2	NF040806
CP020595.1	NA	NA	NA	NA	NA	NA	NA	NA	NA	NA	NA
CP020656.1	NA	NA	NA	NA	NA	NA	NA	NA	NA	NA	NA
CP020825.1	NA	NA	NA	NA	NA	NA	NA	NA	NA	NA	NA
CP020826.1	ENA|CP020826|CP020826.1	59363	No terminal repeats	76	11	0.9946	NA	16	46.2349	F_traL;F_traE;F_traK;F_traV	NA
CP020853.1	NA	NA	NA	NA	NA	NA	NA	NA	NA	NA	NA
CP020854.1	ENA|CP020854|CP020854.1	292471	No terminal repeats	330	11	0.9933	NA	19	115.1366	F_trbC;F_traU;F_traW;virb4;F_traV;F_traB;F_traK;F_traE;t4cp1;MOBH;F_traF;F_traH;F_traG	NF012147;NF000466;NF000270
CP020855.1	ENA|CP020855|CP020855.1	221428	No terminal repeats	234	11	0.9943	NA	30	131.7166	F_traL;F_traE;F_traK;F_traV;virb4;F_traW;F_traU;F_trbC;F_traN;F_traF;F_traH;F_traG;MOBF;F_traE	NF000402
CP020856.1	ENA|CP020856|CP020856.1	76158	No terminal repeats	93	11	0.9936	NA	3	29.5142	MOBC	NF012171;NF012174;NF033144
CP020912.1	NA	NA	NA	NA	NA	NA	NA	NA	NA	NA	NA
CP020913.1	ENA|CP020913|CP020913.1	119867	No terminal repeats	145	11	0.9929	NA	21	56.1263	MOBH;t4cp1;F_traL;F_traE;F_traK;F_traB;F_traV;virb4;F_traW;F_traU;F_trbC;F_traF;F_traH;F_traG;T_virB1	NA
CP020957.1	NA	NA	NA	NA	NA	NA	NA	NA	NA	NA	NA
CP021087.1	ENA|CP021087|CP021087.1	169505	No terminal repeats	173	11	0.9945	NA	32	94.0075	MOBF;F_traG;F_traH;F_traF;F_traN;F_traU;F_traW;virb4;F_traV;F_traK;F_traE;F_traL	NF012178;NF012171
CP021105.1	NA	NA	NA	NA	NA	NA	NA	NA	NA	NA	NA
CP021123.1	NA	NA	NA	NA	NA	NA	NA	NA	NA	NA	NA
CP021164.1	NA	NA	NA	NA	NA	NA	NA	NA	NA	NA	NA
CP021167.1	NA	NA	NA	NA	NA	NA	NA	NA	NA	NA	NA
CP021168.1	ENA|CP021168|CP021168.1	79064	No terminal repeats	91	11	0.9933	NA	2	24.1120	MOBC	NF033144;NF000005;NF012147
CP021326.1	NA	NA	NA	NA	NA	NA	NA	NA	NA	NA	NA
CP021327.1	NA	NA	NA	NA	NA	NA	NA	NA	NA	NA	NA
CP021347.1	NA	NA	NA	NA	NA	NA	NA	NA	NA	NA	NA
CP021348.1	ENA|CP021348|CP021348.1	25150	No terminal repeats	31	11	0.9939	NA	1	15.2536	MOBQ	NA
CP021498.1	NA	NA	NA	NA	NA	NA	NA	NA	NA	NA	NA
CP021516.1	NA	NA	NA	NA	NA	NA	NA	NA	NA	NA	NA
CP021518.1	NA	NA	NA	NA	NA	NA	NA	NA	NA	NA	NA
CP021519.1	NA	NA	NA	NA	NA	NA	NA	NA	NA	NA	NA
CP021520.1	NA	NA	NA	NA	NA	NA	NA	NA	NA	NA	NA
CP021521.1	NA	NA	NA	NA	NA	NA	NA	NA	NA	NA	NA
CP021523.1	NA	NA	NA	NA	NA	NA	NA	NA	NA	NA	NA
CP021532.1	NA	NA	NA	NA	NA	NA	NA	NA	NA	NA	NA
CP021533.1	ENA|CP021533|CP021533.1	48528	No terminal repeats	55	11	0.9951	NA	8	29.7677	MOBP1;I_trbA;I_trbB	NF033085
CP021534.1	ENA|CP021534|CP021534.1	46161	No terminal repeats	59	11	0.9933	NA	9	25.1041	T_virB9;T_virB8;T_virB6;virb4;T_virB2;T_virB1	NF012147
CP021550.1	NA	NA	NA	NA	NA	NA	NA	NA	NA	NA	NA
CP021551.1	ENA|CP021551|CP021551.1	161830	No terminal repeats	195	11	0.9927	NA	21	71.1499	virb4;F_traV;F_traB;F_traK;F_traE;F_traL;t4cp1;MOBH;T_virB1;F_traG;F_traH;F_traF;F_trbC;F_traU;F_traW	NF000466;NF000005;NF012147;NF000005;NF012147
CP021640.1	NA	NA	NA	NA	NA	NA	NA	NA	NA	NA	NA
CP021694.1	NA	NA	NA	NA	NA	NA	NA	NA	NA	NA	NA
CP021695.1	ENA|CP021695|CP021695.1	214441	No terminal repeats	275	11	0.9927	NA	28	96.6818	F_trbC;F_traU;F_traW;virb4;F_traV;F_traB;F_traK;F_traE;F_traL;t4cp1;MOBH;T_virB10;T_virB9;T_virB5;T_virB2;T_virB11;T_virB1;T_virB1;F_traG;F_traH;F_traF	NA
CP021696.1	NA	NA	NA	NA	NA	NA	NA	NA	NA	NA	NA
CP021697.1	ENA|CP021697|CP021697.1	191266	No terminal repeats	192	11	0.9929	NA	7	66.7701	F_traE	NF000402
CP021698.1	ENA|CP021698|CP021698.1	87411	No terminal repeats	93	11	0.9936	NA	3	30.6684	NA	NF012171
CP021699.1	ENA|CP021699|CP021699.1	354705	No terminal repeats	396	11	0.9934	NA	22	137.1695	F_traG;F_traH;F_traF;MOBH;t4cp1;F_traE;F_traE;F_traK;F_traB;F_traV;virb4;F_traW;F_traU;F_trbC	NF000272;NF000272;NF012147;NF000270
CP021700.1	ENA|CP021700|CP021700.1	8364	No terminal repeats	8	11	0.9935	NA	1	3.7395	NA	NA
CP021724.1	NA	NA	NA	NA	NA	NA	NA	NA	NA	NA	NA
CP021725.1	NA	NA	NA	NA	NA	NA	NA	NA	NA	NA	NA
CP021769.1	NA	NA	NA	NA	NA	NA	NA	NA	NA	NA	NA
CP021770.1	NA	NA	NA	NA	NA	NA	NA	NA	NA	NA	NA
CP021771.1	NA	NA	NA	NA	NA	NA	NA	NA	NA	NA	NA
CP021772.1	NA	NA	NA	NA	NA	NA	NA	NA	NA	NA	NA
CP021773.1	NA	NA	NA	NA	NA	NA	NA	NA	NA	NA	NA
CP021774.1	NA	NA	NA	NA	NA	NA	NA	NA	NA	NA	NA
CP021852.1	NA	NA	NA	NA	NA	NA	NA	NA	NA	NA	NA
CP021853.1	ENA|CP021853|CP021853.1	180262	No terminal repeats	217	11	0.9926	NA	22	75.6619	F_traF;F_traH;F_traG;T_virB1;MOBH;t4cp1;F_traL;F_traE;F_traK;F_traB;F_traV;virb4;F_traW;F_traU;F_trbC	NF033144;NF012174;NF040806
CP021854.1	ENA|CP021854|CP021854.1	26816	No terminal repeats	35	11	0.9910	NA	6	8.0499	T_virB10;T_virB9;T_virB5;T_virB2;T_virB11;T_virB1	NA
CP021855.1	ENA|CP021855|CP021855.1	23946	No terminal repeats	39	11	0.9926	NA	2	19.8753	MOBP1	NA
CP021856.1	ENA|CP021856|CP021856.1	146168	No terminal repeats	150	11	0.9937	NA	4	46.8130	F_traE;F_traE	NF012178;NF000402
CP021857.1	ENA|CP021857|CP021857.1	106331	No terminal repeats	130	11	0.9948	NA	28	100.8280	F_traH;F_traG;MOBF;F_traL;F_traE;F_traK;F_traV;virb4;F_traW;F_traU;F_trbC;F_traN;F_traF	NA
CP021858.1	ENA|CP021858|CP021858.1	47277	No terminal repeats	55	11	0.9936	NA	1	18.8163	NA	NF000107;NF012174
CP021859.1	NA	NA	NA	NA	NA	NA	NA	NA	NA	NA	NA
CP021860.1	ENA|CP021860|CP021860.1	24749	No terminal repeats	24	11	0.9938	NA	3	13.3732	MOBC	NA
CP021861.1	ENA|CP021861|CP021861.1	79489	No terminal repeats	97	11	0.9933	NA	8	49.5487	T_virB8;T_virB9;MOBP1;T_virB6	NF000270
CP021862.1	NA	NA	NA	NA	NA	NA	NA	NA	NA	NA	NA
CP021863.1	NA	NA	NA	NA	NA	NA	NA	NA	NA	NA	NA
CP021864.1	NA	NA	NA	NA	NA	NA	NA	NA	NA	NA	NA
CP021865.1	NA	NA	NA	NA	NA	NA	NA	NA	NA	NA	NA
CP021866.1	NA	NA	NA	NA	NA	NA	NA	NA	NA	NA	NA
CP021867.1	NA	NA	NA	NA	NA	NA	NA	NA	NA	NA	NA
CP021868.1	NA	NA	NA	NA	NA	NA	NA	NA	NA	NA	NA
CP021869.1	NA	NA	NA	NA	NA	NA	NA	NA	NA	NA	NA
CP021870.1	NA	NA	NA	NA	NA	NA	NA	NA	NA	NA	NA
CP021885.1	NA	NA	NA	NA	NA	NA	NA	NA	NA	NA	NA
CP021909.1	NA	NA	NA	NA	NA	NA	NA	NA	NA	NA	NA
CP021910.1	NA	NA	NA	NA	NA	NA	NA	NA	NA	NA	NA
CP022001.1	NA	NA	NA	NA	NA	NA	NA	NA	NA	NA	NA
CP022070.2	NA	NA	NA	NA	NA	NA	NA	NA	NA	NA	NA
CP022071.2	ENA|CP022071|CP022071.2	93862	No terminal repeats	117	11	0.9950	NA	31	78.7366	F_traU;F_traW;virb4;F_traV;F_traK;F_traE;F_traL;MOBF;F_traG;F_traH;F_traF;F_traN	NA
CP022072.2	ENA|CP022072|CP022072.2	42327	No terminal repeats	52	11	0.9942	NA	6	19.8979	T_virB2;virb4	NF012174;NF012171
CP022151.1	NA	NA	NA	NA	NA	NA	NA	NA	NA	NA	NA
CP022152.1	ENA|CP022152|CP022152.1	296175	No terminal repeats	360	11	0.9898	NA	20	60.5623	MOBH;t4cp1;F_traL;F_traE;F_traK;F_traB;F_traV;virb4;F_traW;F_traU;F_traF;F_traH;T_virB1	NA
CP022153.1	ENA|CP022153|CP022153.1	63458	No terminal repeats	85	11	0.9915	NA	15	37.4447	I_trbB;I_trbA;MOBP1;I_traI;I_traK;I_traL;I_traN;I_traO;I_traP;I_traQ;I_traR;traU;I_traW;I_traY	NF040806
CP022206.1	NA	NA	NA	NA	NA	NA	NA	NA	NA	NA	NA
CP022273.1	NA	NA	NA	NA	NA	NA	NA	NA	NA	NA	NA
CP022274.1	ENA|CP022274|CP022274.1	159655	No terminal repeats	200	11	0.9928	NA	8	33.3776	F_traE;T_virB1;F_traG;F_traH;F_traF	NA
CP022275.1	ENA|CP022275|CP022275.1	144825	No terminal repeats	157	11	0.9938	NA	26	90.4575	MOBF;F_traG;F_traH;F_traF;F_traN;F_trbC;F_traU;F_traW;virb4;F_traV;F_traB;F_traB;F_traK;F_traE;F_traL	NA
CP022276.1	ENA|CP022276|CP022276.1	47164	No terminal repeats	61	11	0.9923	NA	8	29.4850	T_virB2;virb4;T_virB6;T_virB8;T_virB9	NA
CP022277.1	ENA|CP022277|CP022277.1	43109	No terminal repeats	60	11	0.9930	NA	7	33.7965	T_virB5;T_virB6;T_virB8;T_virB9;T_virB3	NA
CP022287.1	NA	NA	NA	NA	NA	NA	NA	NA	NA	NA	NA
CP022288.1	ENA|CP022288|CP022288.1	79987	No terminal repeats	103	11	0.9885	NA	3	11.8648	MOBP2	NA
CP022354.1	NA	NA	NA	NA	NA	NA	NA	NA	NA	NA	NA
CP022503.1	NA	NA	NA	NA	NA	NA	NA	NA	NA	NA	NA
CP022532.1	NA	NA	NA	NA	NA	NA	NA	NA	NA	NA	NA
CP022533.1	ENA|CP022533|CP022533.1	330060	No terminal repeats	358	11	0.9940	NA	17	209.6996	F_traH;F_traF;MOBH;t4cp1;F_traE;F_traB;F_traV;virb4;F_traW;F_traU;F_trbC	NF012171;NF012147;NF012178;NF033144;NF000270
CP022534.1	ENA|CP022534|CP022534.1	126208	No terminal repeats	154	11	0.9944	NA	24	109.6411	F_traE;MOBF;t4cp2;F_traG;F_traH;F_traF;F_traN;F_traU;F_traW;virb4;F_traV;F_traB;F_traK;F_traE;F_traL	NF012178
CP022537.1	NA	NA	NA	NA	NA	NA	NA	NA	NA	NA	NA
CP022661.1	ENA|CP022661|CP022661.1	143770	No terminal repeats	150	11	0.9943	NA	17	87.0260	I_traI;I_traK;I_traL;I_traN;I_traO;I_traP;I_traQ;I_traR;traU;I_traW;I_traY;I_trbA;I_trbB	NA
CP022662.1	ENA|CP022662|CP022662.1	132606	No terminal repeats	102	11	0.9921	NA	2	13.0158	NA	NF012171
CP022663.1	NA	NA	NA	NA	NA	NA	NA	NA	NA	NA	NA
CP022682.1	NA	NA	NA	NA	NA	NA	NA	NA	NA	NA	NA
CP022683.1	ENA|CP022683|CP022683.1	39353	No terminal repeats	47	11	0.9873	NA	3	11.9040	NA	NA
CP022890.1	NA	NA	NA	NA	NA	NA	NA	NA	NA	NA	NA
CP022891.1	NA	NA	NA	NA	NA	NA	NA	NA	NA	NA	NA
CP022897.1	NA	NA	NA	NA	NA	NA	NA	NA	NA	NA	NA
CP022898.1	NA	NA	NA	NA	NA	NA	NA	NA	NA	NA	NA
CP023020.1	NA	NA	NA	NA	NA	NA	NA	NA	NA	NA	NA
CP023021.1	ENA|CP023021|CP023021.1	9024	No terminal repeats	12	11	0.9940	NA	1	4.4522	MOBQ	NF040806
CP023255.1	NA	NA	NA	NA	NA	NA	NA	NA	NA	NA	NA
CP023371.1	NA	NA	NA	NA	NA	NA	NA	NA	NA	NA	NA
CP023372.1	ENA|CP023372|CP023372.1	109207	No terminal repeats	126	11	0.9952	NA	32	90.3718	F_traL;F_traE;F_traK;F_traV;virb4;F_traW;F_traU;F_traN;F_traF;F_traH;F_traG;MOBF;F_traE;F_traE	NF012174
CP023373.1	ENA|CP023373|CP023373.1	31364	No terminal repeats	44	11	0.9943	NA	9	23.8473	T_virB11;T_virB9;T_virB8;T_virB6;virb4;T_virB2	NA
CP023374.1	ENA|CP023374|CP023374.1	3173	No terminal repeats	5	11	0.9951	NA	2	3.6681	NA	NA
CP023375.1	ENA|CP023375|CP023375.1	6800	No terminal repeats	9	11	0.9910	NA	1	3.8604	NA	NF012171
CP023376.1	ENA|CP023376|CP023376.1	92420	No terminal repeats	103	11	0.9955	NA	19	79.5261	MOBP1;I_trbB;I_trbA;I_traY;I_traW;I_traV;traU;I_traT;I_traR;I_traQ;I_traP;I_traO;I_traN;I_traL;I_traK;I_traI;I_traE	NF033085
CP023383.1	NA	NA	NA	NA	NA	NA	NA	NA	NA	NA	NA
CP023384.1	ENA|CP023384|CP023384.1	147369	No terminal repeats	160	11	0.9949	NA	31	101.9350	MOBF;F_traG;F_traH;F_traF;F_traN;F_traU;F_traW;virb4;F_traV;F_traK;F_traE;F_traL	NA
CP023385.1	ENA|CP023385|CP023385.1	87770	No terminal repeats	99	11	0.9952	NA	19	75.8087	MOBP1;I_trbB;I_trbA;I_traY;I_traW;I_traV;traU;I_traT;I_traR;I_traQ;I_traP;I_traO;I_traN;I_traL;I_traK;I_traI;I_traE	NF033085
CP023386.1	NA	NA	NA	NA	NA	NA	NA	NA	NA	NA	NA
CP023387.1	ENA|CP023387|CP023387.1	86147	No terminal repeats	92	11	0.9957	NA	20	79.4487	MOBP1;I_trbB;I_trbA;I_traY;I_traW;I_traV;traU;I_traT;I_traR;I_traQ;I_traP;I_traO;I_traN;I_traL;I_traK;I_traI;I_traE	NA
CP023409.1	NA	NA	NA	NA	NA	NA	NA	NA	NA	NA	NA
CP023423.1	NA	NA	NA	NA	NA	NA	NA	NA	NA	NA	NA
CP023424.1	ENA|CP023424|CP023424.1	195692	No terminal repeats	207	11	0.9894	NA	2	62.9327	MOBP2	NF033693
CP023425.1	ENA|CP023425|CP023425.1	86216	No terminal repeats	96	11	0.9933	NA	2	38.0945	MOBP2	NA
CP023426.1	ENA|CP023426|CP023426.1	40017	No terminal repeats	53	11	0.9934	NA	5	21.9159	NA	NF000119;NF033068
CP023427.1	ENA|CP023427|CP023427.1	10105	No terminal repeats	14	11	0.9920	NA	1	6.3127	NA	NA
CP023436.1	NA	NA	NA	NA	NA	NA	NA	NA	NA	NA	NA
CP023437.1	ENA|CP023437|CP023437.1	60923	No terminal repeats	76	11	0.9946	NA	16	44.9882	F_traL;F_traE;F_traK;F_traV	NA
CP023438.1	ENA|CP023438|CP023438.1	51931	No terminal repeats	67	11	0.9940	NA	5	28.7963	virb4;virb4;T_virB2	NF012171;NF012174
CP023505.1	NA	NA	NA	NA	NA	NA	NA	NA	NA	NA	NA
CP023506.1	NA	NA	NA	NA	NA	NA	NA	NA	NA	NA	NA
CP023532.1	ENA|CP023532|CP023532.1	13833	No terminal repeats	19	11	0.9920	NA	1	6.0996	I_traI;I_traE	NA
CP023533.1	ENA|CP023533|CP023533.1	75566	No terminal repeats	81	11	0.9933	NA	9	26.8573	F_traE;MOBF	NA
CP023534.1	ENA|CP023534|CP023534.1	108679	No terminal repeats	119	11	0.9952	NA	19	92.8686	I_traE;I_traI;I_traK;I_traL;I_traN;I_traO;I_traP;I_traQ;I_traR;I_traT;traU;I_traV;I_traW;I_traY;I_trbA;I_trbB;MOBP1;I_traE	NA
CP023535.1	NA	NA	NA	NA	NA	NA	NA	NA	NA	NA	NA
CP023569.1	NA	NA	NA	NA	NA	NA	NA	NA	NA	NA	NA
CP023570.1	ENA|CP023570|CP023570.1	291254	No terminal repeats	315	11	0.9939	NA	13	160.3850	F_trbC;F_traU;F_traW;virb4;F_traV;F_traB;F_traE	NA
CP023571.1	ENA|CP023571|CP023571.1	118105	No terminal repeats	129	11	0.9945	NA	20	85.3940	MOBP1;I_trbB;I_trbA;I_traY;I_traW;I_traV;traU;I_traT;I_traR;I_traQ;I_traP;I_traO;I_traN;I_traL;I_traK;I_traI;I_traE	NF033085
CP023572.1	ENA|CP023572|CP023572.1	5523	No terminal repeats	6	11	0.9939	NA	2	3.1408	MOBP1	NA
CP023769.1	NA	NA	NA	NA	NA	NA	NA	NA	NA	NA	NA
CP023784.1	NA	NA	NA	NA	NA	NA	NA	NA	NA	NA	NA
CP023785.1	ENA|CP023785|CP023785.1	199876	No terminal repeats	223	11	0.9917	NA	3	70.9563	MOBP2	NA
CP023786.1	NA	NA	NA	NA	NA	NA	NA	NA	NA	NA	NA
CP023787.1	ENA|CP023787|CP023787.1	10647	No terminal repeats	12	11	0.9930	NA	1	4.3998	NA	NA
CP023788.1	ENA|CP023788|CP023788.1	4374	No terminal repeats	6	11	0.9953	NA	1	5.9024	NA	NA
CP023789.1	NA	NA	NA	NA	NA	NA	NA	NA	NA	NA	NA
CP023790.1	ENA|CP023790|CP023790.1	199068	No terminal repeats	223	11	0.9919	NA	3	70.9563	MOBP2	NA
CP023791.1	NA	NA	NA	NA	NA	NA	NA	NA	NA	NA	NA
CP023792.1	ENA|CP023792|CP023792.1	10647	No terminal repeats	12	11	0.9930	NA	1	4.3998	NA	NA
CP023793.1	ENA|CP023793|CP023793.1	4374	No terminal repeats	6	11	0.9953	NA	1	5.9024	NA	NA
CP023794.1	NA	NA	NA	NA	NA	NA	NA	NA	NA	NA	NA
CP023795.1	ENA|CP023795|CP023795.1	202553	No terminal repeats	224	11	0.9918	NA	3	70.9563	MOBP2	NA
CP023796.1	NA	NA	NA	NA	NA	NA	NA	NA	NA	NA	NA
CP023798.1	ENA|CP023798|CP023798.1	4375	No terminal repeats	6	11	0.9953	NA	1	5.9024	NA	NA
CP023799.1	NA	NA	NA	NA	NA	NA	NA	NA	NA	NA	NA
CP023800.1	ENA|CP023800|CP023800.1	202540	No terminal repeats	225	11	0.9919	NA	3	70.9563	MOBP2	NA
CP023801.1	NA	NA	NA	NA	NA	NA	NA	NA	NA	NA	NA
CP023802.1	ENA|CP023802|CP023802.1	10647	No terminal repeats	12	11	0.9930	NA	1	4.3998	NA	NA
CP023803.1	ENA|CP023803|CP023803.1	4374	No terminal repeats	6	11	0.9953	NA	1	5.9024	NA	NA
CP023814.1	NA	NA	NA	NA	NA	NA	NA	NA	NA	NA	NA
CP023834.1	NA	NA	NA	NA	NA	NA	NA	NA	NA	NA	NA
CP023835.1	ENA|CP023835|CP023835.1	152425	No terminal repeats	176	11	0.9948	NA	33	99.5143	F_traL;F_traE;F_traK;F_traV;virb4;F_traW;F_traU;F_traN;F_traF;F_traH;F_traG;MOBF;F_traE;F_traE	NF000270
CP023836.1	ENA|CP023836|CP023836.1	33067	No terminal repeats	48	11	0.9933	NA	9	24.6223	T_virB2;virb4;T_virB6;T_virB8;T_virB9;T_virB11	NA
CP023837.1	ENA|CP023837|CP023837.1	5163	No terminal repeats	6	11	0.9944	NA	1	3.7523	MOBQ	NA
CP023838.1	NA	NA	NA	NA	NA	NA	NA	NA	NA	NA	NA
CP023844.1	NA	NA	NA	NA	NA	NA	NA	NA	NA	NA	NA
CP023845.1	ENA|CP023845|CP023845.1	181324	No terminal repeats	203	11	0.9946	NA	30	112.5942	F_traE;F_traL;F_traE;F_traK;F_traV;virb4;F_traW;F_traU;F_traN;F_traF;F_traH;F_traG;MOBF	NF012174;NF000270;NF012178
CP023846.1	ENA|CP023846|CP023846.1	33067	No terminal repeats	48	11	0.9933	NA	9	24.6223	T_virB2;virb4;T_virB6;T_virB8;T_virB9;T_virB11	NA
CP023847.1	ENA|CP023847|CP023847.1	7939	No terminal repeats	8	11	0.9942	NA	3	4.5487	MOBP1	NA
CP023848.1	ENA|CP023848|CP023848.1	5167	No terminal repeats	6	11	0.9945	NA	1	3.7523	MOBQ	NA
CP023867.1	NA	NA	NA	NA	NA	NA	NA	NA	NA	NA	NA
CP024024.1	NA	NA	NA	NA	NA	NA	NA	NA	NA	NA	NA
CP024071.1	NA	NA	NA	NA	NA	NA	NA	NA	NA	NA	NA
CP024075.1	NA	NA	NA	NA	NA	NA	NA	NA	NA	NA	NA
CP024077.1	NA	NA	NA	NA	NA	NA	NA	NA	NA	NA	NA
CP024082.1	NA	NA	NA	NA	NA	NA	NA	NA	NA	NA	NA
CP024083.1	NA	NA	NA	NA	NA	NA	NA	NA	NA	NA	NA
CP024162.1	NA	NA	NA	NA	NA	NA	NA	NA	NA	NA	NA
CP024163.1	NA	NA	NA	NA	NA	NA	NA	NA	NA	NA	NA
CP024275.1	NA	NA	NA	NA	NA	NA	NA	NA	NA	NA	NA
CP024276.1	ENA|CP024276|CP024276.1	38177	No terminal repeats	48	11	0.9949	NA	2	29.6213	NA	NA
CP024277.1	ENA|CP024277|CP024277.1	100184	No terminal repeats	124	11	0.9938	NA	14	53.0673	F_traH;F_traK;F_traE;F_traL	NA
CP024528.1	NA	NA	NA	NA	NA	NA	NA	NA	NA	NA	NA
CP024529.1	ENA|CP024529|CP024529.1	221606	No terminal repeats	278	11	0.9930	NA	23	96.8688	T_virB8;T_virB9;MOBH;t4cp1;F_traL;F_traE;F_traK;F_traB;F_traV;virb4;F_traW;F_traU;F_trbC;F_traH;F_traG;T_virB1	NF012147;NF012178;NF012174
CP024530.1	ENA|CP024530|CP024530.1	147932	No terminal repeats	166	11	0.9948	NA	28	115.7611	MOBF;F_traG;F_traH;F_traF;F_traN;F_trbC;F_traU;F_traW;virb4;F_traV;F_traK;F_traE;F_traL	NF000402
CP024531.1	ENA|CP024531|CP024531.1	89345	No terminal repeats	106	11	0.9940	NA	4	38.0188	MOBC	NF000270;NF012171
CP024532.1	ENA|CP024532|CP024532.1	4660	No terminal repeats	5	11	0.9948	NA	1	3.7395	NA	NA
CP024533.1	ENA|CP024533|CP024533.1	4510	No terminal repeats	8	11	0.9937	NA	1	3.6515	NA	NA
CP024534.1	ENA|CP024534|CP024534.1	3825	No terminal repeats	5	11	0.9947	NA	1	3.9200	NA	NA
CP024613.1	NA	NA	NA	NA	NA	NA	NA	NA	NA	NA	NA
CP024672.1	NA	NA	NA	NA	NA	NA	NA	NA	NA	NA	NA
CP024673.1	NA	NA	NA	NA	NA	NA	NA	NA	NA	NA	NA
CP024674.1	ENA|CP024674|CP024674.1	57161	No terminal repeats	56	11	0.9946	NA	5	31.2299	t4cp2	NA
CP024677.1	NA	NA	NA	NA	NA	NA	NA	NA	NA	NA	NA
CP024678.1	ENA|CP024678|CP024678.1	51504	No terminal repeats	52	11	0.9949	NA	5	32.4056	MOBF	NA
CP024679.1	NA	NA	NA	NA	NA	NA	NA	NA	NA	NA	NA
CP024683.1	NA	NA	NA	NA	NA	NA	NA	NA	NA	NA	NA
CP024867.1	NA	NA	NA	NA	NA	NA	NA	NA	NA	NA	NA
CP024868.1	NA	NA	NA	NA	NA	NA	NA	NA	NA	NA	NA
CP024881.1	NA	NA	NA	NA	NA	NA	NA	NA	NA	NA	NA
CP024882.1	ENA|CP024882|CP024882.1	115736	No terminal repeats	129	11	0.9944	NA	20	64.6829	F_traU;F_traN;F_traF;F_traH;F_traG;F_traL;F_traE;F_traK;F_traB;F_traV;virb4;F_traU	NF000402
CP024908.1	NA	NA	NA	NA	NA	NA	NA	NA	NA	NA	NA
CP024909.1	NA	NA	NA	NA	NA	NA	NA	NA	NA	NA	NA
CP024910.1	ENA|CP024910|CP024910.1	351806	No terminal repeats	379	11	0.9939	NA	17	210.8851	F_traE;F_traB;F_traV;virb4;F_traW;F_traU;F_trbC;F_traH;F_traF;MOBH;t4cp1	NF012171;NF040806
CP024946.1	NA	NA	NA	NA	NA	NA	NA	NA	NA	NA	NA
CP024948.1	NA	NA	NA	NA	NA	NA	NA	NA	NA	NA	NA
CP024949.1	NA	NA	NA	NA	NA	NA	NA	NA	NA	NA	NA
CP024951.1	NA	NA	NA	NA	NA	NA	NA	NA	NA	NA	NA
CP024952.1	NA	NA	NA	NA	NA	NA	NA	NA	NA	NA	NA
CP024953.1	NA	NA	NA	NA	NA	NA	NA	NA	NA	NA	NA
CP024998.1	NA	NA	NA	NA	NA	NA	NA	NA	NA	NA	NA
CP024999.1	ENA|CP024999|CP024999.1	20730	No terminal repeats	24	11	0.9939	NA	2	10.8004	MOBV	NF012167;NF040806
CP025026.1	NA	NA	NA	NA	NA	NA	NA	NA	NA	NA	NA
CP025027.1	NA	NA	NA	NA	NA	NA	NA	NA	NA	NA	NA
CP025028.1	NA	NA	NA	NA	NA	NA	NA	NA	NA	NA	NA
CP025029.1	NA	NA	NA	NA	NA	NA	NA	NA	NA	NA	NA
CP025048.1	NA	NA	NA	NA	NA	NA	NA	NA	NA	NA	NA
CP025248.1	NA	NA	NA	NA	NA	NA	NA	NA	NA	NA	NA
CP025256.1	NA	NA	NA	NA	NA	NA	NA	NA	NA	NA	NA
CP025273.1	NA	NA	NA	NA	NA	NA	NA	NA	NA	NA	NA
CP025274.1	NA	NA	NA	NA	NA	NA	NA	NA	NA	NA	NA
CP025275.1	ENA|CP025275|CP025275.1	125113	No terminal repeats	153	11	0.9937	NA	17	61.6871	virb4;F_traV;F_traB;F_traK;F_traE;F_traL;t4cp1;MOBH;T_virB1;F_traG;F_traH;F_traF	NF033085;NF033085;NF012171;NF012174;NF012174
CP025281.1	NA	NA	NA	NA	NA	NA	NA	NA	NA	NA	NA
CP025282.1	NA	NA	NA	NA	NA	NA	NA	NA	NA	NA	NA
CP025425.1	NA	NA	NA	NA	NA	NA	NA	NA	NA	NA	NA
CP025426.1	ENA|CP025426|CP025426.1	253120	No terminal repeats	278	11	0.9900	NA	3	77.3245	MOBP2;MOBP2	NF033693;NF033693
CP025427.1	ENA|CP025427|CP025427.1	142988	No terminal repeats	183	11	0.9891	NA	5	26.8112	NA	NF033068;NF033115
CP025474.1	NA	NA	NA	NA	NA	NA	NA	NA	NA	NA	NA
CP025482.1	NA	NA	NA	NA	NA	NA	NA	NA	NA	NA	NA
CP025489.1	NA	NA	NA	NA	NA	NA	NA	NA	NA	NA	NA
CP025685.1	NA	NA	NA	NA	NA	NA	NA	NA	NA	NA	NA
CP025686.1	NA	NA	NA	NA	NA	NA	NA	NA	NA	NA	NA
CP025687.1	ENA|CP025687|CP025687.1	185046	No terminal repeats	200	11	0.9912	NA	3	52.8385	MOBP2	NA
CP025736.1	NA	NA	NA	NA	NA	NA	NA	NA	NA	NA	NA
CP025737.1	ENA|CP025737|CP025737.1	99333	No terminal repeats	119	11	0.9943	NA	6	53.8066	NA	NF000270;NF000153
CP025754.1	NA	NA	NA	NA	NA	NA	NA	NA	NA	NA	NA
CP025755.1	NA	NA	NA	NA	NA	NA	NA	NA	NA	NA	NA
CP025756.1	ENA|CP025756|CP025756.1	258454	No terminal repeats	295	11	0.9899	NA	2	79.0458	MOBP2	NA
CP025847.1	NA	NA	NA	NA	NA	NA	NA	NA	NA	NA	NA
CP025848.1	ENA|CP025848|CP025848.1	148526	No terminal repeats	190	11	0.9940	NA	19	83.8462	F_traE;F_traE;F_traE;F_traE;F_traK;F_traE;F_traL	NA
CP025865.1	NA	NA	NA	NA	NA	NA	NA	NA	NA	NA	NA
CP025866.1	ENA|CP025866|CP025866.1	78116	No terminal repeats	100	11	0.9926	NA	7	27.3860	MOBP1;F_traE	NA
CP025867.1	ENA|CP025867|CP025867.1	50529	No terminal repeats	63	11	0.9945	NA	9	39.1849	F_traK;F_traE;F_traL	NA
CP025868.1	NA	NA	NA	NA	NA	NA	NA	NA	NA	NA	NA
CP025933.1	NA	NA	NA	NA	NA	NA	NA	NA	NA	NA	NA
CP025936.1	NA	NA	NA	NA	NA	NA	NA	NA	NA	NA	NA
CP025937.1	NA	NA	NA	NA	NA	NA	NA	NA	NA	NA	NA
CP026011.1	NA	NA	NA	NA	NA	NA	NA	NA	NA	NA	NA
CP026012.1	ENA|CP026012|CP026012.1	224152	No terminal repeats	244	11	0.9937	NA	4	73.2621	F_traE	NF000402;NF033134
CP026027.1	NA	NA	NA	NA	NA	NA	NA	NA	NA	NA	NA
CP026028.1	NA	NA	NA	NA	NA	NA	NA	NA	NA	NA	NA
CP026034.1	NA	NA	NA	NA	NA	NA	NA	NA	NA	NA	NA
CP026035.1	NA	NA	NA	NA	NA	NA	NA	NA	NA	NA	NA
CP026036.1	NA	NA	NA	NA	NA	NA	NA	NA	NA	NA	NA
CP026044.1	NA	NA	NA	NA	NA	NA	NA	NA	NA	NA	NA
CP026046.1	NA	NA	NA	NA	NA	NA	NA	NA	NA	NA	NA
CP026050.1	NA	NA	NA	NA	NA	NA	NA	NA	NA	NA	NA
CP026051.1	NA	NA	NA	NA	NA	NA	NA	NA	NA	NA	NA
CP026056.1	NA	NA	NA	NA	NA	NA	NA	NA	NA	NA	NA
CP026057.1	ENA|CP026057|CP026057.1	60032	No terminal repeats	76	11	0.9935	NA	9	39.2811	MOBP1;T_virB2;virb4;T_virB6;T_virB8;T_virB9	NA
CP026058.1	ENA|CP026058|CP026058.1	326508	No terminal repeats	412	11	0.9907	NA	19	65.4396	F_traG;F_traH;F_traF;F_traU;F_traW;virb4;F_traV;F_traB;F_traK;F_traE;F_traL;t4cp1;MOBH	NA
CP026059.1	NA	NA	NA	NA	NA	NA	NA	NA	NA	NA	NA
CP026060.1	ENA|CP026060|CP026060.1	34615	No terminal repeats	51	11	0.9942	NA	10	31.8183	t4cp2;T_virB9;T_virB8;T_virB6;T_virB5;virb4;T_virB3;T_virB1	NA
CP026061.1	ENA|CP026061|CP026061.1	36059	No terminal repeats	51	11	0.9934	NA	10	30.7692	T_virB11;T_virB9;T_virB8;T_virB6;virb4;T_virB2;T_virB1;MOBP1	NA
CP026062.1	NA	NA	NA	NA	NA	NA	NA	NA	NA	NA	NA
CP026063.1	NA	NA	NA	NA	NA	NA	NA	NA	NA	NA	NA
CP026082.1	NA	NA	NA	NA	NA	NA	NA	NA	NA	NA	NA
CP026083.1	NA	NA	NA	NA	NA	NA	NA	NA	NA	NA	NA
CP026084.1	NA	NA	NA	NA	NA	NA	NA	NA	NA	NA	NA
CP026159.1	NA	NA	NA	NA	NA	NA	NA	NA	NA	NA	NA
CP026325.1	NA	NA	NA	NA	NA	NA	NA	NA	NA	NA	NA
CP026338.1	NA	NA	NA	NA	NA	NA	NA	NA	NA	NA	NA
CP026339.1	ENA|CP026339|CP026339.1	16095	No terminal repeats	19	11	0.9920	NA	2	3.6381	T_virB6;MOBQ	NA
CP026340.1	ENA|CP026340|CP026340.1	5281	No terminal repeats	9	11	0.9926	NA	1	3.2636	NA	NA
CP026361.1	NA	NA	NA	NA	NA	NA	NA	NA	NA	NA	NA
CP026571.1	NA	NA	NA	NA	NA	NA	NA	NA	NA	NA	NA
CP026581.1	NA	NA	NA	NA	NA	NA	NA	NA	NA	NA	NA
CP026647.1	NA	NA	NA	NA	NA	NA	NA	NA	NA	NA	NA
CP026648.1	NA	NA	NA	NA	NA	NA	NA	NA	NA	NA	NA
CP026670.1	NA	NA	NA	NA	NA	NA	NA	NA	NA	NA	NA
CP026711.1	NA	NA	NA	NA	NA	NA	NA	NA	NA	NA	NA
CP026712.1	ENA|CP026712|CP026712.1	72990	No terminal repeats	104	11	0.9886	NA	15	35.7221	F_traG;F_traH;F_traF;F_trbC;F_trbC;F_traU;F_traW;F_traV;F_traB;F_traK;F_traE;F_traL;t4cp2	NF040806
CP026713.1	NA	NA	NA	NA	NA	NA	NA	NA	NA	NA	NA
CP026714.1	ENA|CP026714|CP026714.1	59333	No terminal repeats	75	11	0.9946	NA	16	45.1457	F_traL;F_traE;F_traK;F_traV	NA
CP026723.1	NA	NA	NA	NA	NA	NA	NA	NA	NA	NA	NA
CP026724.1	ENA|CP026724|CP026724.1	129627	No terminal repeats	147	11	0.9944	NA	31	84.2223	MOBF;F_traG;F_traH;F_traF;F_traN;F_traU;F_traW;virb4;F_traV;F_traK;F_traE;F_traL	NA
CP026725.1	NA	NA	NA	NA	NA	NA	NA	NA	NA	NA	NA
CP026726.1	ENA|CP026726|CP026726.1	83010	No terminal repeats	88	11	0.9953	NA	19	70.2845	MOBP1;I_trbB;I_trbA;I_traY;I_traW;I_traV;traU;I_traT;I_traR;I_traQ;I_traP;I_traO;I_traN;I_traL;I_traK;I_traI;I_traE	NA
CP026727.1	ENA|CP026727|CP026727.1	51479	No terminal repeats	65	11	0.9941	NA	9	31.1327	T_virB1;T_virB2;virb4;T_virB6;T_virB8;T_virB9	NF040806
CP026728.1	ENA|CP026728|CP026728.1	33288	No terminal repeats	48	11	0.9943	NA	10	26.7523	T_virB1;T_virB2;virb4;T_virB6;T_virB8;T_virB9;T_virB11	NA
CP026754.1	ENA|CP026754|CP026754.1	90045	No terminal repeats	107	11	0.9954	NA	28	93.8883	MOBF;F_traG;F_traH;F_traF;F_traN;F_traU;F_traW;virb4;F_traV;F_traK;F_traE;F_traL	NA
CP026755.1	NA	NA	NA	NA	NA	NA	NA	NA	NA	NA	NA
CP026761.1	NA	NA	NA	NA	NA	NA	NA	NA	NA	NA	NA
CP026953.1	NA	NA	NA	NA	NA	NA	NA	NA	NA	NA	NA
CP026954.1	NA	NA	NA	NA	NA	NA	NA	NA	NA	NA	NA
CP026955.1	NA	NA	NA	NA	NA	NA	NA	NA	NA	NA	NA
CP026956.1	ENA|CP026956|CP026956.1	2117	No terminal repeats	3	11	0.9838	NA	1	1.7183	NA	NA
CP026962.1	NA	NA	NA	NA	NA	NA	NA	NA	NA	NA	NA
CP026963.1	ENA|CP026963|CP026963.1	61643	No terminal repeats	68	11	0.9930	NA	8	28.4844	FATA_trsC;FATA_trsF;FATA_trsJ;FATA_trsL	NF000027;NF033693
CP027157.1	ENA|CP027157|CP027157.1	27546	No terminal repeats	33	11	0.9939	NA	9	19.3994	T_virB1;T_virB2;virb4;T_virB6;T_virB8;T_virB9	NA
CP027158.1	ENA|CP027158|CP027158.1	113639	No terminal repeats	132	11	0.9949	NA	29	102.9539	MOBF;F_traG;F_traH;F_traF;F_traN;F_trbC;F_traU;F_traW;virb4;F_traV;F_traK;F_traE;F_traL	NF000270;NF000270
CP027159.1	NA	NA	NA	NA	NA	NA	NA	NA	NA	NA	NA
CP027160.1	NA	NA	NA	NA	NA	NA	NA	NA	NA	NA	NA
CP027161.1	ENA|CP027161|CP027161.1	207543	No terminal repeats	218	11	0.9945	NA	31	122.1003	F_traV;F_traK;F_traE;F_traL;F_traE;F_traE;MOBF;F_traG;F_traH;F_traF;F_traN;F_trbC;F_traU;F_traW;virb4	NF000402;NF012178
CP027162.1	ENA|CP027162|CP027162.1	42420	No terminal repeats	47	11	0.9932	NA	1	12.0752	NA	NF012174;NF000107
CP027163.1	NA	NA	NA	NA	NA	NA	NA	NA	NA	NA	NA
CP027164.1	NA	NA	NA	NA	NA	NA	NA	NA	NA	NA	NA
CP027177.1	NA	NA	NA	NA	NA	NA	NA	NA	NA	NA	NA
CP027373.1	NA	NA	NA	NA	NA	NA	NA	NA	NA	NA	NA
CP027374.1	ENA|CP027374|CP027374.1	91648	No terminal repeats	101	11	0.9952	NA	18	73.0862	MOBP1;I_trbB;I_trbA;I_traY;I_traW;I_traV;traU;I_traT;I_traR;I_traQ;I_traP;I_traO;I_traN;I_traL;I_traK;I_traI;I_traE	NA
CP027375.1	ENA|CP027375|CP027375.1	118863	No terminal repeats	135	11	0.9953	NA	31	97.5682	F_traF;F_traN;F_trbC;F_traU;F_traW;virb4;F_traV;F_traK;F_traE;F_traL;MOBF;F_traG;F_traH	NA
CP027390.1	NA	NA	NA	NA	NA	NA	NA	NA	NA	NA	NA
CP027391.1	ENA|CP027391|CP027391.1	98724	No terminal repeats	107	11	0.9943	NA	7	30.8498	F_traE;MOBP1	NA
CP027401.1	ENA|CP027401|CP027401.1	159454	No terminal repeats	161	11	0.9892	NA	2	42.6959	MOBP2	NA
CP027402.1	NA	NA	NA	NA	NA	NA	NA	NA	NA	NA	NA
CP027405.1	NA	NA	NA	NA	NA	NA	NA	NA	NA	NA	NA
CP027442.1	NA	NA	NA	NA	NA	NA	NA	NA	NA	NA	NA
CP027443.1	NA	NA	NA	NA	NA	NA	NA	NA	NA	NA	NA
CP027444.1	ENA|CP027444|CP027444.1	91399	No terminal repeats	96	11	0.9941	NA	7	30.8668	F_traE;MOBP1	NA
CP027454.1	NA	NA	NA	NA	NA	NA	NA	NA	NA	NA	NA
CP027455.1	ENA|CP027455|CP027455.1	73262	No terminal repeats	95	11	0.9955	NA	32	89.1338	F_traU;F_traW;virb4;F_traV;F_traK;F_traE;F_traL;MOBF;MOBF;F_traG;F_traH;F_traF;F_traN;F_trbC;F_traU	NA
CP027456.1	ENA|CP027456|CP027456.1	79682	No terminal repeats	80	11	0.9940	NA	5	26.2237	F_traE	NA
CP027462.1	NA	NA	NA	NA	NA	NA	NA	NA	NA	NA	NA
CP027463.1	ENA|CP027463|CP027463.1	125059	No terminal repeats	121	11	0.9950	NA	20	74.6735	I_traE;I_traI;I_traK;I_traL;I_traN;I_traO;I_traP;I_traQ;I_traR;I_traT;traU;I_traV;I_traW;I_traY;I_trbA;I_trbB;MOBP1	NA
CP027497.1	NA	NA	NA	NA	NA	NA	NA	NA	NA	NA	NA
CP027498.1	NA	NA	NA	NA	NA	NA	NA	NA	NA	NA	NA
CP027499.1	ENA|CP027499|CP027499.1	63221	No terminal repeats	72	11	0.9937	NA	2	33.8927	MOBP2	NA
CP027500.1	ENA|CP027500|CP027500.1	46474	No terminal repeats	61	11	0.9931	NA	3	16.0784	NA	NF033068;NF033115
CP027501.1	NA	NA	NA	NA	NA	NA	NA	NA	NA	NA	NA
CP027502.1	ENA|CP027502|CP027502.1	168778	No terminal repeats	178	11	0.9899	NA	2	39.1345	MOBP2	NA
CP027503.1	ENA|CP027503|CP027503.1	54738	No terminal repeats	59	11	0.9937	NA	2	33.9807	MOBP2	NA
CP027504.1	ENA|CP027504|CP027504.1	36024	No terminal repeats	46	11	0.9914	NA	1	7.1834	NA	NF033068
CP027505.1	NA	NA	NA	NA	NA	NA	NA	NA	NA	NA	NA
CP027512.1	NA	NA	NA	NA	NA	NA	NA	NA	NA	NA	NA
CP027513.1	ENA|CP027513|CP027513.1	184337	No terminal repeats	204	11	0.9889	NA	2	54.0157	MOBP2	NA
CP027514.1	ENA|CP027514|CP027514.1	54737	No terminal repeats	59	11	0.9938	NA	2	33.9807	MOBP2	NA
CP027515.1	ENA|CP027515|CP027515.1	53654	No terminal repeats	64	11	0.9908	NA	3	19.7056	T_virB11;MOBP2	NA
CP027516.1	NA	NA	NA	NA	NA	NA	NA	NA	NA	NA	NA
CP027517.1	NA	NA	NA	NA	NA	NA	NA	NA	NA	NA	NA
CP027518.1	ENA|CP027518|CP027518.1	259384	No terminal repeats	286	11	0.9901	NA	5	78.3645	MOBP2;MOBP2	NF033693
CP027519.1	ENA|CP027519|CP027519.1	48209	No terminal repeats	60	11	0.9932	NA	3	19.1986	NA	NF033115
CP027539.1	NA	NA	NA	NA	NA	NA	NA	NA	NA	NA	NA
CP027540.1	NA	NA	NA	NA	NA	NA	NA	NA	NA	NA	NA
CP027550.1	NA	NA	NA	NA	NA	NA	NA	NA	NA	NA	NA
CP027551.1	ENA|CP027551|CP027551.1	162810	No terminal repeats	197	11	0.9945	NA	45	112.9544	F_traE;F_traE;F_traE;F_traE;F_traE;F_traK;F_traE;F_traL;MOBF;F_traG;F_traH;F_traF;F_traN;F_traU;F_traW;virb4;F_traV;F_traK;F_traE;F_traL	NA
CP027579.1	NA	NA	NA	NA	NA	NA	NA	NA	NA	NA	NA
CP027580.1	ENA|CP027580|CP027580.1	54544	No terminal repeats	76	11	0.9956	NA	26	69.5511	F_traE;F_traK;F_traV;virb4;F_traW;F_traU;F_trbC;F_traN;F_traF;F_traH;F_traG;F_traG;MOBF	NA
CP027581.1	ENA|CP027581|CP027581.1	118822	No terminal repeats	138	11	0.9951	NA	31	97.5682	F_traL;F_traE;F_traK;F_traV;virb4;F_traW;F_traU;F_trbC;F_traN;F_traF;F_traH;F_traG;MOBF	NA
CP027582.1	NA	NA	NA	NA	NA	NA	NA	NA	NA	NA	NA
CP027583.1	ENA|CP027583|CP027583.1	88339	No terminal repeats	90	11	0.9941	NA	6	29.6607	MOBP1;F_traE	NA
CP027771.1	NA	NA	NA	NA	NA	NA	NA	NA	NA	NA	NA
CP028120.1	ENA|CP028120|CP028120.1	86617	No terminal repeats	100	11	0.9953	NA	20	72.4359	I_traE;I_traI;I_traK;I_traL;I_traN;I_traO;I_traP;I_traQ;I_traR;I_traT;traU;I_traV;I_traW;I_traY;I_trbA;I_trbB;MOBP1	NA
CP028121.1	ENA|CP028121|CP028121.1	109466	No terminal repeats	112	11	0.9943	NA	8	50.8134	MOBP1;F_traE	NA
CP028122.1	NA	NA	NA	NA	NA	NA	NA	NA	NA	NA	NA
CP028123.1	ENA|CP028123|CP028123.1	8120	No terminal repeats	10	11	0.9950	NA	3	10.2831	NA	NA
CP028131.1	NA	NA	NA	NA	NA	NA	NA	NA	NA	NA	NA
CP028138.1	NA	NA	NA	NA	NA	NA	NA	NA	NA	NA	NA
CP028139.1	ENA|CP028139|CP028139.1	133709	No terminal repeats	149	11	0.9919	NA	1	22.3566	F_traE	NA
CP028187.1	NA	NA	NA	NA	NA	NA	NA	NA	NA	NA	NA
CP028188.1	ENA|CP028188|CP028188.1	30303	No terminal repeats	39	11	0.9919	NA	8	12.0764	T_virB9;T_virB8;T_virB5;T_virB2;T_virB11;T_virB10	NA
CP028190.1	NA	NA	NA	NA	NA	NA	NA	NA	NA	NA	NA
CP028191.1	ENA|CP028191|CP028191.1	4397	No terminal repeats	5	11	0.9944	NA	1	5.0923	NA	NA
CP028201.1	NA	NA	NA	NA	NA	NA	NA	NA	NA	NA	NA
CP028213.1	NA	NA	NA	NA	NA	NA	NA	NA	NA	NA	NA
CP028214.1	ENA|CP028214|CP028214.1	28255	No terminal repeats	33	11	0.9838	NA	2	7.2327	FA_orf17b;FA_orf13	NA
CP028217.1	NA	NA	NA	NA	NA	NA	NA	NA	NA	NA	NA
CP028218.1	NA	NA	NA	NA	NA	NA	NA	NA	NA	NA	NA
CP028283.1	ENA|CP028283|CP028283.1	49440	No terminal repeats	55	11	0.9918	NA	3	14.0766	FATA_prgIc;FATA_prgL	NA
CP028284.1	ENA|CP028284|CP028284.1	78592	No terminal repeats	86	11	0.9926	NA	2	20.9591	MOBP2	NA
CP028285.1	NA	NA	NA	NA	NA	NA	NA	NA	NA	NA	NA
CP028286.1	ENA|CP028286|CP028286.1	103690	No terminal repeats	116	11	0.9910	NA	3	31.7792	FA_orf13	NA
CP028320.1	NA	NA	NA	NA	NA	NA	NA	NA	NA	NA	NA
CP028321.1	ENA|CP028321|CP028321.1	114229	No terminal repeats	132	11	0.9953	NA	32	94.2991	F_traL;F_traE;F_traK;F_traV;virb4;F_traW;F_traU;F_traN;F_traF;F_traH;F_traG;MOBF;F_traE	NA
CP028322.1	ENA|CP028322|CP028322.1	96272	No terminal repeats	114	11	0.9952	NA	29	85.5277	F_traN;F_traF;F_traH;F_traG;MOBF;F_traL;F_traE;F_traK;F_traV;virb4;F_traW;F_traU;F_traU	NF012174;NF012178
CP028323.1	ENA|CP028323|CP028323.1	12894	No terminal repeats	12	11	0.9943	NA	3	7.5290	MOBP1	NA
CP028325.1	NA	NA	NA	NA	NA	NA	NA	NA	NA	NA	NA
CP028470.1	NA	NA	NA	NA	NA	NA	NA	NA	NA	NA	NA
CP028471.1	ENA|CP028471|CP028471.1	34104	No terminal repeats	39	11	0.9908	NA	3	11.0506	MOBV	NA
CP028483.1	NA	NA	NA	NA	NA	NA	NA	NA	NA	NA	NA
CP028484.1	ENA|CP028484|CP028484.1	128911	No terminal repeats	146	11	0.9947	NA	15	76.7184	F_traE;F_traE;F_traH;F_traG;MOBF	NF012174;NF012171;NF012178
CP028485.1	ENA|CP028485|CP028485.1	86657	No terminal repeats	97	11	0.9954	NA	19	76.3192	MOBP1;I_trbB;I_trbA;I_traY;I_traW;I_traV;traU;I_traT;I_traR;I_traQ;I_traP;I_traO;I_traN;I_traL;I_traK;I_traI;I_traE	NA
CP028486.1	ENA|CP028486|CP028486.1	52864	No terminal repeats	68	11	0.9945	NA	9	46.8609	T_virB5;virb4;T_virB3;T_virB1;T_virB9;T_virB8;T_virB6	NF012147
CP028592.1	NA	NA	NA	NA	NA	NA	NA	NA	NA	NA	NA
CP028593.1	ENA|CP028593|CP028593.1	2679	No terminal repeats	5	11	0.9919	NA	1	1.6586	NA	NA
CP028594.1	ENA|CP028594|CP028594.1	40334	No terminal repeats	51	11	0.9934	NA	8	27.0421	T_virB9;T_virB8;virb4;T_virB6;F_traE;MOBP1	NA
CP028595.1	ENA|CP028595|CP028595.1	95624	No terminal repeats	93	11	0.9946	NA	8	50.6350	T_virB11;MOBP1	NA
CP028626.1	NA	NA	NA	NA	NA	NA	NA	NA	NA	NA	NA
CP028627.1	ENA|CP028627|CP028627.1	6078	No terminal repeats	7	11	0.9952	NA	4	5.6062	MOBP1	NA
CP028628.1	ENA|CP028628|CP028628.1	94492	No terminal repeats	93	11	0.9943	NA	8	49.6888	T_virB11;MOBP1	NA
CP028647.1	NA	NA	NA	NA	NA	NA	NA	NA	NA	NA	NA
CP028648.1	ENA|CP028648|CP028648.1	6078	No terminal repeats	7	11	0.9952	NA	4	5.6062	MOBP1	NA
CP028649.1	ENA|CP028649|CP028649.1	93179	No terminal repeats	90	11	0.9944	NA	8	49.6888	T_virB11;MOBP1	NA
CP028677.1	NA	NA	NA	NA	NA	NA	NA	NA	NA	NA	NA
CP028678.1	ENA|CP028678|CP028678.1	6078	No terminal repeats	8	11	0.9948	NA	4	5.6062	MOBP1	NA
CP028679.1	ENA|CP028679|CP028679.1	93182	No terminal repeats	90	11	0.9944	NA	8	49.6888	T_virB11;MOBP1	NA
CP028727.1	NA	NA	NA	NA	NA	NA	NA	NA	NA	NA	NA
CP028728.1	ENA|CP028728|CP028728.1	28222	No terminal repeats	28	11	0.9923	NA	2	7.9770	MOBV	NF012176;NF000424;NF033068
CP028734.1	NA	NA	NA	NA	NA	NA	NA	NA	NA	NA	NA
CP028737.1	NA	NA	NA	NA	NA	NA	NA	NA	NA	NA	NA
CP028740.1	NA	NA	NA	NA	NA	NA	NA	NA	NA	NA	NA
CP028827.1	NA	NA	NA	NA	NA	NA	NA	NA	NA	NA	NA
CP028828.1	NA	NA	NA	NA	NA	NA	NA	NA	NA	NA	NA
CP028841.1	NA	NA	NA	NA	NA	NA	NA	NA	NA	NA	NA
CP028892.1	NA	NA	NA	NA	NA	NA	NA	NA	NA	NA	NA
CP028893.1	NA	NA	NA	NA	NA	NA	NA	NA	NA	NA	NA
CP028894.1	NA	NA	NA	NA	NA	NA	NA	NA	NA	NA	NA
CP028895.1	NA	NA	NA	NA	NA	NA	NA	NA	NA	NA	NA
CP028912.1	NA	NA	NA	NA	NA	NA	NA	NA	NA	NA	NA
CP028946.1	NA	NA	NA	NA	NA	NA	NA	NA	NA	NA	NA
CP028947.1	NA	NA	NA	NA	NA	NA	NA	NA	NA	NA	NA
CP028956.1	NA	NA	NA	NA	NA	NA	NA	NA	NA	NA	NA
CP028957.1	ENA|CP028957|CP028957.1	5884	No terminal repeats	9	11	0.9945	NA	3	7.5716	MOBQ	NA
CP028958.1	ENA|CP028958|CP028958.1	71304	No terminal repeats	80	11	0.9940	NA	9	47.2782	T_virB1;T_virB3;virb4;T_virB5;T_virB6;T_virB8;T_virB9	NA
CP028990.1	NA	NA	NA	NA	NA	NA	NA	NA	NA	NA	NA
CP028991.1	ENA|CP028991|CP028991.1	85698	No terminal repeats	100	11	0.9936	NA	6	38.3012	NA	NA
CP028992.1	NA	NA	NA	NA	NA	NA	NA	NA	NA	NA	NA
CP028993.1	ENA|CP028993|CP028993.1	49476	No terminal repeats	54	11	0.9943	NA	6	21.9713	MOBF;MOBC	NF012174
CP029029.1	NA	NA	NA	NA	NA	NA	NA	NA	NA	NA	NA
CP029054.1	NA	NA	NA	NA	NA	NA	NA	NA	NA	NA	NA
CP029055.1	NA	NA	NA	NA	NA	NA	NA	NA	NA	NA	NA
CP029056.1	NA	NA	NA	NA	NA	NA	NA	NA	NA	NA	NA
CP029103.1	NA	NA	NA	NA	NA	NA	NA	NA	NA	NA	NA
CP029104.1	ENA|CP029104|CP029104.1	76919	No terminal repeats	95	11	0.9953	NA	28	69.3323	MOBF;F_traG;F_traH;F_traF;F_traN;F_trbC;F_traU;F_traW;virb4;F_traV;F_traK;F_traE;F_traL	NF012174
CP029105.1	NA	NA	NA	NA	NA	NA	NA	NA	NA	NA	NA
CP029106.1	NA	NA	NA	NA	NA	NA	NA	NA	NA	NA	NA
CP029107.1	ENA|CP029107|CP029107.1	93435	No terminal repeats	105	11	0.9945	NA	8	43.3952	F_traE;F_traE	NF012174;NF000270;NF012178
CP029108.1	NA	NA	NA	NA	NA	NA	NA	NA	NA	NA	NA
CP029129.1	NA	NA	NA	NA	NA	NA	NA	NA	NA	NA	NA
CP029130.1	NA	NA	NA	NA	NA	NA	NA	NA	NA	NA	NA
CP029131.1	NA	NA	NA	NA	NA	NA	NA	NA	NA	NA	NA
CP029132.1	NA	NA	NA	NA	NA	NA	NA	NA	NA	NA	NA
CP029133.1	NA	NA	NA	NA	NA	NA	NA	NA	NA	NA	NA
CP029134.1	ENA|CP029134|CP029134.1	3125	No terminal repeats	3	11	0.9937	NA	2	3.1860	virb4	NA
CP029336.1	NA	NA	NA	NA	NA	NA	NA	NA	NA	NA	NA
CP029444.1	ENA|CP029444|CP029444.1	3223	No terminal repeats	5	11	0.9949	NA	2	4.5840	MOBP1	NA
CP029445.1	NA	NA	NA	NA	NA	NA	NA	NA	NA	NA	NA
CP029446.1	ENA|CP029446|CP029446.1	69158	No terminal repeats	80	11	0.9929	NA	10	40.7730	virb4;T_virB2;MOBP1;T_virB9;T_virB8;T_virB6;virb4	NF000270
CP029447.1	ENA|CP029447|CP029447.1	73100	No terminal repeats	95	11	0.9929	NA	15	41.9858	MOBP1;I_trbA;I_trbB;I_traY;I_traW;traU;I_traR;I_traQ;I_traP;I_traO;I_traN;I_traL;I_traK;I_traI	NA
CP029448.1	ENA|CP029448|CP029448.1	204825	No terminal repeats	221	11	0.9936	NA	27	108.2735	F_traL;F_traE;F_traK;F_traB;F_traV;virb4;F_traW;F_traU;F_trbC;F_traN;F_traF;F_traH;F_traG;MOBF	NF000402
CP029449.1	NA	NA	NA	NA	NA	NA	NA	NA	NA	NA	NA
CP029461.2	NA	NA	NA	NA	NA	NA	NA	NA	NA	NA	NA
CP029561.1	NA	NA	NA	NA	NA	NA	NA	NA	NA	NA	NA
CP029605.1	NA	NA	NA	NA	NA	NA	NA	NA	NA	NA	NA
CP029609.1	NA	NA	NA	NA	NA	NA	NA	NA	NA	NA	NA
CP029660.1	NA	NA	NA	NA	NA	NA	NA	NA	NA	NA	NA
CP029666.1	ENA|CP029666|CP029666.1	27063	No terminal repeats	34	11	0.9921	NA	1	9.5644	NA	NF012167;NF040806;NF033068
CP029667.1	NA	NA	NA	NA	NA	NA	NA	NA	NA	NA	NA
CP029681.1	NA	NA	NA	NA	NA	NA	NA	NA	NA	NA	NA
CP029690.1	ENA|CP029690|CP029690.1	188342	No terminal repeats	215	11	0.9939	NA	18	168.0090	F_traE;F_traB;F_traV;virb4;F_traW;F_traU;F_trbC;F_traG;F_traH;F_traF;MOBH;t4cp1	NF012171
CP029691.1	ENA|CP029691|CP029691.1	78329	No terminal repeats	82	11	0.9951	NA	19	57.7537	F_traL;F_traE;F_traK;F_traH;F_traG;F_traG;MOBF;F_traE	NA
CP029692.1	NA	NA	NA	NA	NA	NA	NA	NA	NA	NA	NA
CP029715.1	NA	NA	NA	NA	NA	NA	NA	NA	NA	NA	NA
CP029725.1	NA	NA	NA	NA	NA	NA	NA	NA	NA	NA	NA
CP029726.1	ENA|CP029726|CP029726.1	10024	No terminal repeats	10	11	0.9923	NA	2	5.7264	MOBQ	NA
CP029749.1	NA	NA	NA	NA	NA	NA	NA	NA	NA	NA	NA
CP029846.1	NA	NA	NA	NA	NA	NA	NA	NA	NA	NA	NA
CP029847.1	NA	NA	NA	NA	NA	NA	NA	NA	NA	NA	NA
CP029852.1	NA	NA	NA	NA	NA	NA	NA	NA	NA	NA	NA
CP029864.1	NA	NA	NA	NA	NA	NA	NA	NA	NA	NA	NA
CP029865.1	NA	NA	NA	NA	NA	NA	NA	NA	NA	NA	NA
CP029870.1	NA	NA	NA	NA	NA	NA	NA	NA	NA	NA	NA
CP029882.1	NA	NA	NA	NA	NA	NA	NA	NA	NA	NA	NA
CP029906.1	NA	NA	NA	NA	NA	NA	NA	NA	NA	NA	NA
CP029922.1	NA	NA	NA	NA	NA	NA	NA	NA	NA	NA	NA
CP029927.1	NA	NA	NA	NA	NA	NA	NA	NA	NA	NA	NA
CP029933.1	NA	NA	NA	NA	NA	NA	NA	NA	NA	NA	NA
CP029934.1	ENA|CP029934|CP029934.1	217083	No terminal repeats	241	11	0.9939	NA	20	175.5573	F_traE;F_traB;F_traV;virb4;F_traW;F_traU;F_trbC;F_traG;F_traH;F_traF;MOBH;t4cp1	NF012171
CP029945.1	NA	NA	NA	NA	NA	NA	NA	NA	NA	NA	NA
CP029955.1	ENA|CP029955|CP029955.1	217339	No terminal repeats	240	11	0.9938	NA	20	175.5573	F_traE;F_traB;F_traV;virb4;F_traW;F_traU;F_trbC;F_traG;F_traH;F_traF;MOBH;t4cp1	NF012171
CP029956.1	NA	NA	NA	NA	NA	NA	NA	NA	NA	NA	NA
CP029989.1	NA	NA	NA	NA	NA	NA	NA	NA	NA	NA	NA
CP029990.1	ENA|CP029990|CP029990.1	121189	No terminal repeats	130	11	0.9947	NA	18	83.8326	I_traE;I_traI;I_traL;I_traN;I_traO;I_traP;I_traQ;I_traR;I_traT;traU;I_traV;I_traW;I_traY;I_trbA;I_trbB;MOBP1	NA
CP030045.1	NA	NA	NA	NA	NA	NA	NA	NA	NA	NA	NA
CP030046.1	ENA|CP030046|CP030046.1	64500	No terminal repeats	71	11	0.9930	NA	2	18.4227	FATA_prgL	NF012176
CP030106.1	NA	NA	NA	NA	NA	NA	NA	NA	NA	NA	NA
CP030107.1	NA	NA	NA	NA	NA	NA	NA	NA	NA	NA	NA
CP030108.1	NA	NA	NA	NA	NA	NA	NA	NA	NA	NA	NA
CP030109.1	ENA|CP030109|CP030109.1	84678	No terminal repeats	116	11	0.9887	NA	15	38.7794	t4cp2;F_traL;F_traE;F_traK;F_traB;F_traV;F_traW;F_traU;F_trbC;F_trbC;F_traF;F_traH;F_traG	NF040806
CP030111.1	NA	NA	NA	NA	NA	NA	NA	NA	NA	NA	NA
CP030112.1	ENA|CP030112|CP030112.1	88421	No terminal repeats	97	11	0.9946	NA	3	48.1617	F_traE	NA
CP030113.1	ENA|CP030113|CP030113.1	6465	No terminal repeats	6	11	0.9932	NA	2	2.4653	NA	NA
CP030114.1	ENA|CP030114|CP030114.1	4082	No terminal repeats	3	11	0.9918	NA	1	1.7183	NA	NA
CP030115.1	NA	NA	NA	NA	NA	NA	NA	NA	NA	NA	NA
CP030116.1	NA	NA	NA	NA	NA	NA	NA	NA	NA	NA	NA
CP030136.1	NA	NA	NA	NA	NA	NA	NA	NA	NA	NA	NA
CP030351.1	NA	NA	NA	NA	NA	NA	NA	NA	NA	NA	NA
CP030768.1	NA	NA	NA	NA	NA	NA	NA	NA	NA	NA	NA
CP030769.1	ENA|CP030769|CP030769.1	27128	No terminal repeats	39	11	0.9925	NA	3	16.0005	MOBP1	NA
CP030770.1	ENA|CP030770|CP030770.1	149680	No terminal repeats	177	11	0.9949	NA	33	105.3192	MOBF;F_traG;F_traH;F_traF;F_traN;F_traU;F_traW;virb4;F_traV;F_traK;F_traE;F_traL;F_traE	NF012171;NF012178
CP030814.1	NA	NA	NA	NA	NA	NA	NA	NA	NA	NA	NA
CP030823.1	NA	NA	NA	NA	NA	NA	NA	NA	NA	NA	NA
CP030825.1	NA	NA	NA	NA	NA	NA	NA	NA	NA	NA	NA
CP030845.1	NA	NA	NA	NA	NA	NA	NA	NA	NA	NA	NA
CP031027.1	NA	NA	NA	NA	NA	NA	NA	NA	NA	NA	NA
CP031028.1	ENA|CP031028|CP031028.1	75758	No terminal repeats	94	11	0.9923	NA	4	25.2785	MOBV;FA_orf13	NF033068
CP031029.1	ENA|CP031029|CP031029.1	58791	No terminal repeats	61	11	0.9913	NA	4	21.0120	FA_orf13	NF033693
CP031236.1	NA	NA	NA	NA	NA	NA	NA	NA	NA	NA	NA
CP031237.1	NA	NA	NA	NA	NA	NA	NA	NA	NA	NA	NA
CP031239.1	NA	NA	NA	NA	NA	NA	NA	NA	NA	NA	NA
CP031241.1	NA	NA	NA	NA	NA	NA	NA	NA	NA	NA	NA
CP031242.1	NA	NA	NA	NA	NA	NA	NA	NA	NA	NA	NA
CP031245.1	NA	NA	NA	NA	NA	NA	NA	NA	NA	NA	NA
CP031246.1	NA	NA	NA	NA	NA	NA	NA	NA	NA	NA	NA
CP031247.1	NA	NA	NA	NA	NA	NA	NA	NA	NA	NA	NA
CP031249.1	NA	NA	NA	NA	NA	NA	NA	NA	NA	NA	NA
CP031250.1	NA	NA	NA	NA	NA	NA	NA	NA	NA	NA	NA
CP031254.1	NA	NA	NA	NA	NA	NA	NA	NA	NA	NA	NA
CP031256.1	NA	NA	NA	NA	NA	NA	NA	NA	NA	NA	NA
CP031315.1	NA	NA	NA	NA	NA	NA	NA	NA	NA	NA	NA
CP031316.1	NA	NA	NA	NA	NA	NA	NA	NA	NA	NA	NA
CP031321.1	NA	NA	NA	NA	NA	NA	NA	NA	NA	NA	NA
CP031322.1	ENA|CP031322|CP031322.1	75645	No terminal repeats	95	11	0.9928	NA	15	44.0578	I_traL;I_traN;I_traO;I_traP;I_traQ;I_traR;traU;I_traW;I_traY;I_trbB;I_trbA;MOBP1;I_traI;I_traK	NF000005;NF012147
CP031323.1	ENA|CP031323|CP031323.1	82461	No terminal repeats	101	11	0.9943	NA	13	49.9625	F_traL;F_traE;F_traK	NA
CP031324.1	NA	NA	NA	NA	NA	NA	NA	NA	NA	NA	NA
CP031328.1	NA	NA	NA	NA	NA	NA	NA	NA	NA	NA	NA
CP031329.1	NA	NA	NA	NA	NA	NA	NA	NA	NA	NA	NA
CP031330.1	NA	NA	NA	NA	NA	NA	NA	NA	NA	NA	NA
CP031333.1	NA	NA	NA	NA	NA	NA	NA	NA	NA	NA	NA
CP031334.1	NA	NA	NA	NA	NA	NA	NA	NA	NA	NA	NA
CP031335.1	NA	NA	NA	NA	NA	NA	NA	NA	NA	NA	NA
CP031336.1	NA	NA	NA	NA	NA	NA	NA	NA	NA	NA	NA
CP031449.2	NA	NA	NA	NA	NA	NA	NA	NA	NA	NA	NA
CP031556.1	NA	NA	NA	NA	NA	NA	NA	NA	NA	NA	NA
CP031571.1	NA	NA	NA	NA	NA	NA	NA	NA	NA	NA	NA
CP031572.1	ENA|CP031572|CP031572.1	106689	No terminal repeats	119	11	0.9948	NA	19	84.2400	MOBP1;I_trbB;I_trbA;I_traY;I_traW;I_traV;traU;I_traT;I_traR;I_traQ;I_traP;I_traO;I_traN;I_traL;I_traK;I_traI;I_traE	NF033085
CP031573.1	ENA|CP031573|CP031573.1	164095	No terminal repeats	200	11	0.9929	NA	22	73.8972	MOBH;t4cp1;F_traL;F_traE;F_traK;F_traB;F_traV;virb4;F_traW;F_traU;F_trbC;F_traF;F_traH;F_traG;T_virB1	NF000153;NF012178;NF012147
CP031577.1	NA	NA	NA	NA	NA	NA	NA	NA	NA	NA	NA
CP031578.1	NA	NA	NA	NA	NA	NA	NA	NA	NA	NA	NA
CP031579.1	NA	NA	NA	NA	NA	NA	NA	NA	NA	NA	NA
CP031580.1	ENA|CP031580|CP031580.1	86800	No terminal repeats	100	11	0.9931	NA	7	44.3409	t4cp1;MOBH;F_traF;F_traH;F_traG	NA
CP031581.1	ENA|CP031581|CP031581.1	71335	No terminal repeats	77	11	0.9946	NA	4	30.4777	F_traE	NA
CP031582.1	ENA|CP031582|CP031582.1	206229	No terminal repeats	232	11	0.9927	NA	12	75.4345	F_trbC;F_traU;F_traW;virb4;F_traV;F_traB;F_traK;F_traE	NA
CP031583.1	ENA|CP031583|CP031583.1	198719	No terminal repeats	213	11	0.9946	NA	32	125.3969	MOBF;F_traG;F_traH;F_traF;F_traN;F_trbC;F_traU;F_traU;F_traW;virb4;F_traV;F_traK;F_traE;F_traL;F_traE;F_traE	NF000402
CP031584.1	ENA|CP031584|CP031584.1	164082	No terminal repeats	203	11	0.9932	NA	21	75.0584	MOBH;t4cp1;F_traL;F_traE;F_traK;F_traB;F_traV;virb4;F_traW;F_traU;F_trbC;F_traF;F_traH;F_traG;T_virB1	NF000153;NF012178;NF012178;NF012147
CP031618.1	NA	NA	NA	NA	NA	NA	NA	NA	NA	NA	NA
CP031623.1	NA	NA	NA	NA	NA	NA	NA	NA	NA	NA	NA
CP031625.1	NA	NA	NA	NA	NA	NA	NA	NA	NA	NA	NA
CP031627.1	NA	NA	NA	NA	NA	NA	NA	NA	NA	NA	NA
CP031632.1	NA	NA	NA	NA	NA	NA	NA	NA	NA	NA	NA
CP031634.1	NA	NA	NA	NA	NA	NA	NA	NA	NA	NA	NA
CP031636.1	NA	NA	NA	NA	NA	NA	NA	NA	NA	NA	NA
CP031638.1	NA	NA	NA	NA	NA	NA	NA	NA	NA	NA	NA
CP031640.1	NA	NA	NA	NA	NA	NA	NA	NA	NA	NA	NA
CP031678.1	NA	NA	NA	NA	NA	NA	NA	NA	NA	NA	NA
CP031679.1	NA	NA	NA	NA	NA	NA	NA	NA	NA	NA	NA
CP031681.1	NA	NA	NA	NA	NA	NA	NA	NA	NA	NA	NA
CP031682.1	NA	NA	NA	NA	NA	NA	NA	NA	NA	NA	NA
CP031684.1	NA	NA	NA	NA	NA	NA	NA	NA	NA	NA	NA
CP031686.1	NA	NA	NA	NA	NA	NA	NA	NA	NA	NA	NA
CP031687.1	NA	NA	NA	NA	NA	NA	NA	NA	NA	NA	NA
CP031688.1	NA	NA	NA	NA	NA	NA	NA	NA	NA	NA	NA
CP031690.1	NA	NA	NA	NA	NA	NA	NA	NA	NA	NA	NA
CP031691.1	NA	NA	NA	NA	NA	NA	NA	NA	NA	NA	NA
CP031692.1	NA	NA	NA	NA	NA	NA	NA	NA	NA	NA	NA
CP031693.1	NA	NA	NA	NA	NA	NA	NA	NA	NA	NA	NA
CP031722.1	NA	NA	NA	NA	NA	NA	NA	NA	NA	NA	NA
CP031723.1	ENA|CP031723|CP031723.1	88009	No terminal repeats	92	11	0.9941	NA	3	33.9260	NA	NF000402;NF012171;NF012171
CP031724.1	ENA|CP031724|CP031724.1	296580	No terminal repeats	320	11	0.9941	NA	17	195.4906	F_traE;F_traB;F_traV;virb4;F_traW;F_traU;F_trbC;F_traH;F_traF;MOBH;t4cp1	NF000153
CP031725.1	ENA|CP031725|CP031725.1	46161	No terminal repeats	59	11	0.9936	NA	9	25.1041	T_virB1;T_virB2;virb4;T_virB6;T_virB8;T_virB9	NF012147
CP031726.1	NA	NA	NA	NA	NA	NA	NA	NA	NA	NA	NA
CP031784.1	NA	NA	NA	NA	NA	NA	NA	NA	NA	NA	NA
CP031846.1	NA	NA	NA	NA	NA	NA	NA	NA	NA	NA	NA
CP031847.1	NA	NA	NA	NA	NA	NA	NA	NA	NA	NA	NA
CP032126.1	NA	NA	NA	NA	NA	NA	NA	NA	NA	NA	NA
CP032180.1	ENA|CP032180|CP032180.1	137578	No terminal repeats	151	11	0.9950	NA	26	101.3787	F_traG;t4cp2;MOBF;F_traL;F_traE;F_traK;F_traB;F_traV;virb4;F_traW;F_traU;F_traN;F_traF;F_traH;F_traG	NF000153;NF000402
CP032181.1	ENA|CP032181|CP032181.1	81323	No terminal repeats	94	11	0.9951	NA	25	83.4474	MOBF;F_traG;F_traH;F_traF;F_traN;F_trbC;F_traU;F_traW;virb4;F_traV;F_traK;F_traE;F_traL	NA
CP032182.1	NA	NA	NA	NA	NA	NA	NA	NA	NA	NA	NA
CP032183.1	NA	NA	NA	NA	NA	NA	NA	NA	NA	NA	NA
CP032184.1	NA	NA	NA	NA	NA	NA	NA	NA	NA	NA	NA
CP032206.1	NA	NA	NA	NA	NA	NA	NA	NA	NA	NA	NA
CP032207.1	NA	NA	NA	NA	NA	NA	NA	NA	NA	NA	NA
CP032208.1	ENA|CP032208|CP032208.1	310872	No terminal repeats	343	11	0.9936	NA	18	127.3758	F_traE;F_trbC;F_traU;F_traW;virb4;F_traV;F_traB;F_traK;F_traE;t4cp1;MOBH;F_traF;F_traH	NF012178
CP032209.1	ENA|CP032209|CP032209.1	161618	No terminal repeats	171	11	0.9947	NA	29	111.0993	MOBF;F_traG;F_traH;F_traF;F_traN;F_trbC;F_traU;F_traW;virb4;F_traV;F_traK;F_traE;F_traL	NF000402
CP032210.1	ENA|CP032210|CP032210.1	40448	No terminal repeats	54	11	0.9933	NA	9	34.0457	T_virB3;T_virB6;T_virB8;T_virB9;MOBP1	NA
CP032211.1	ENA|CP032211|CP032211.1	5861	No terminal repeats	11	11	0.9929	NA	1	3.6515	NA	NA
CP032212.1	ENA|CP032212|CP032212.1	83015	No terminal repeats	94	11	0.9935	NA	2	29.2731	NA	NF012171;NF000270
CP032295.1	NA	NA	NA	NA	NA	NA	NA	NA	NA	NA	NA
CP032307.1	ENA|CP032307|CP032307.1	258852	No terminal repeats	313	11	0.9896	NA	4	74.1331	MOBP2	NA
CP032308.1	NA	NA	NA	NA	NA	NA	NA	NA	NA	NA	NA
CP032309.1	ENA|CP032309|CP032309.1	21516	No terminal repeats	28	11	0.9904	NA	2	12.2361	NA	NA
CP032310.1	NA	NA	NA	NA	NA	NA	NA	NA	NA	NA	NA
CP032316.1	NA	NA	NA	NA	NA	NA	NA	NA	NA	NA	NA
CP032390.1	NA	NA	NA	NA	NA	NA	NA	NA	NA	NA	NA
CP032391.1	ENA|CP032391|CP032391.1	146176	No terminal repeats	180	11	0.9928	NA	21	70.4680	MOBH;t4cp1;F_traL;F_traE;F_traK;F_traB;F_traV;virb4;F_traW;F_traU;F_trbC;F_traF;F_traH;F_traG;T_virB1	NF033085;NF012174;NF012171
CP032392.1	ENA|CP032392|CP032392.1	74461	No terminal repeats	90	11	0.9947	NA	14	57.5394	MOBF;T_virB9;T_virB8;T_virB6;virb4;T_virB2	NA
CP032398.2	NA	NA	NA	NA	NA	NA	NA	NA	NA	NA	NA
CP032399.1	ENA|CP032399|CP032399.1	4305	DTR	8	11	0.9960	NA	3	9.8962	MOBP1	NA
CP032444.1	NA	NA	NA	NA	NA	NA	NA	NA	NA	NA	NA
CP032445.1	ENA|CP032445|CP032445.1	89737	No terminal repeats	102	11	0.9954	NA	20	79.7939	MOBP1;I_trbB;I_trbA;I_traY;I_traW;I_traV;traU;I_traT;I_traR;I_traQ;I_traP;I_traO;I_traN;I_traL;I_traK;I_traI;I_traE	NA
CP032476.1	NA	NA	NA	NA	NA	NA	NA	NA	NA	NA	NA
CP032477.1	NA	NA	NA	NA	NA	NA	NA	NA	NA	NA	NA
CP032479.1	NA	NA	NA	NA	NA	NA	NA	NA	NA	NA	NA
CP032666.1	NA	NA	NA	NA	NA	NA	NA	NA	NA	NA	NA
CP032699.1	NA	NA	NA	NA	NA	NA	NA	NA	NA	NA	NA
CP032700.1	NA	NA	NA	NA	NA	NA	NA	NA	NA	NA	NA
CP032701.1	ENA|CP032701|CP032701.1	4968	No terminal repeats	6	11	0.9956	NA	1	6.2948	MOBV	NA
CP032741.1	ENA|CP032741|CP032741.1	51223	No terminal repeats	94	11	0.9876	NA	1	3.0654	t4cp2	NA
CP032742.1	ENA|CP032742|CP032742.1	28674	No terminal repeats	47	11	0.9853	NA	9	15.8967	F_traF;F_traF;F_traN;F_trbC;F_traU;F_traW;F_traV	NA
CP032743.1	NA	NA	NA	NA	NA	NA	NA	NA	NA	NA	NA
CP032831.1	NA	NA	NA	NA	NA	NA	NA	NA	NA	NA	NA
CP032832.1	ENA|CP032832|CP032832.1	399913	No terminal repeats	415	11	0.9936	NA	31	256.4208	F_traE;MOBF;F_traG;F_traH;F_traF;F_traN;F_trbC;F_traU;F_traW;virb4;F_traV;F_traK;F_traE;F_traL	NF033134
CP032841.1	NA	NA	NA	NA	NA	NA	NA	NA	NA	NA	NA
CP032842.1	ENA|CP032842|CP032842.1	339920	No terminal repeats	373	11	0.9940	NA	18	220.0993	F_traE;F_traB;F_traV;virb4;F_traW;F_traU;F_trbC;F_traH;F_traF;MOBH;t4cp1	NF033144;NF012171;NF000402
CP032843.1	NA	NA	NA	NA	NA	NA	NA	NA	NA	NA	NA
CP032844.1	ENA|CP032844|CP032844.1	4302	No terminal repeats	4	11	0.9938	NA	2	3.1408	MOBP1	NA
CP032845.1	ENA|CP032845|CP032845.1	4048	No terminal repeats	3	11	0.9947	NA	2	3.1408	MOBP1	NA
CP032846.1	ENA|CP032846|CP032846.1	2496	No terminal repeats	3	11	0.9953	NA	1	3.1262	NA	NA
CP032847.1	NA	NA	NA	NA	NA	NA	NA	NA	NA	NA	NA
CP032857.1	NA	NA	NA	NA	NA	NA	NA	NA	NA	NA	NA
CP032858.1	NA	NA	NA	NA	NA	NA	NA	NA	NA	NA	NA
CP032859.1	ENA|CP032859|CP032859.1	9827	No terminal repeats	14	11	0.9941	NA	3	5.9918	NA	NA
CP032860.1	NA	NA	NA	NA	NA	NA	NA	NA	NA	NA	NA
CP032861.1	NA	NA	NA	NA	NA	NA	NA	NA	NA	NA	NA
CP032862.1	ENA|CP032862|CP032862.1	64613	No terminal repeats	89	11	0.9879	NA	2	27.0752	T_virB11;MOBP2	NF000145
CP032867.1	NA	NA	NA	NA	NA	NA	NA	NA	NA	NA	NA
CP032868.1	ENA|CP032868|CP032868.1	64614	No terminal repeats	91	11	0.9864	NA	2	27.0752	MOBP2;T_virB11	NF000145
CP032898.1	NA	NA	NA	NA	NA	NA	NA	NA	NA	NA	NA
CP032901.1	NA	NA	NA	NA	NA	NA	NA	NA	NA	NA	NA
CP032904.1	NA	NA	NA	NA	NA	NA	NA	NA	NA	NA	NA
CP032907.1	NA	NA	NA	NA	NA	NA	NA	NA	NA	NA	NA
CP033056.1	NA	NA	NA	NA	NA	NA	NA	NA	NA	NA	NA
CP033057.1	ENA|CP033057|CP033057.1	46161	No terminal repeats	59	11	0.9937	NA	9	25.1041	T_virB1;T_virB2;virb4;T_virB6;T_virB8;T_virB9	NF012147
CP033091.2	ENA|CP033091|CP033091.2	131333	No terminal repeats	129	11	0.9949	NA	30	85.6689	MOBF;F_traG;F_traH;F_traF;F_traN;F_traU;F_traW;virb4;F_traV;F_traK;F_traE;F_traL	NA
CP033092.2	NA	NA	NA	NA	NA	NA	NA	NA	NA	NA	NA
CP033336.1	NA	NA	NA	NA	NA	NA	NA	NA	NA	NA	NA
CP033513.1	NA	NA	NA	NA	NA	NA	NA	NA	NA	NA	NA
CP033514.1	ENA|CP033514|CP033514.1	171829	No terminal repeats	219	11	0.9929	NA	22	78.4769	MOBH;t4cp1;F_traL;F_traE;F_traK;F_traB;F_traV;virb4;F_traW;F_traU;F_trbC;F_traF;F_traH;F_traG;T_virB1	NF012171
CP033515.1	NA	NA	NA	NA	NA	NA	NA	NA	NA	NA	NA
CP033621.1	NA	NA	NA	NA	NA	NA	NA	NA	NA	NA	NA
CP033623.1	NA	NA	NA	NA	NA	NA	NA	NA	NA	NA	NA
CP033624.1	NA	NA	NA	NA	NA	NA	NA	NA	NA	NA	NA
CP033625.1	NA	NA	NA	NA	NA	NA	NA	NA	NA	NA	NA
CP033626.1	NA	NA	NA	NA	NA	NA	NA	NA	NA	NA	NA
CP033627.1	ENA|CP033627|CP033627.1	184083	No terminal repeats	194	11	0.9945	NA	30	109.9698	F_traE;F_traE;MOBF;F_traG;F_traH;F_traF;F_traN;F_trbC;F_traU;F_traW;virb4;F_traV;F_traK;F_traE;F_traL;MOBC	NF000402
CP033628.1	ENA|CP033628|CP033628.1	110020	No terminal repeats	113	11	0.9943	NA	18	70.2754	MOBC;virb4;F_traW;F_traU;F_trbC;F_traN;F_traF;F_traH;F_traG;MOBF	NF000270;NF000270;NF000466
CP033629.1	ENA|CP033629|CP033629.1	67867	No terminal repeats	79	11	0.9956	NA	28	69.0040	F_traL;F_traE;F_traK;F_traV;virb4;F_traW;F_traU;F_traN;F_traF;F_traH;F_traG;MOBF	NA
CP033630.1	ENA|CP033630|CP033630.1	23185	No terminal repeats	28	11	0.9952	NA	6	21.2559	MOBC;MOBC	NA
CP033685.1	NA	NA	NA	NA	NA	NA	NA	NA	NA	NA	NA
CP033686.1	NA	NA	NA	NA	NA	NA	NA	NA	NA	NA	NA
CP033742.1	NA	NA	NA	NA	NA	NA	NA	NA	NA	NA	NA
CP033822.1	NA	NA	NA	NA	NA	NA	NA	NA	NA	NA	NA
CP033833.1	NA	NA	NA	NA	NA	NA	NA	NA	NA	NA	NA
CP033869.1	NA	NA	NA	NA	NA	NA	NA	NA	NA	NA	NA
CP033870.1	NA	NA	NA	NA	NA	NA	NA	NA	NA	NA	NA
CP033871.1	ENA|CP033871|CP033871.1	14807	No terminal repeats	19	11	0.9944	NA	1	10.8759	NA	NA
CP033872.1	NA	NA	NA	NA	NA	NA	NA	NA	NA	NA	NA
CP033893.1	NA	NA	NA	NA	NA	NA	NA	NA	NA	NA	NA
CP033894.1	ENA|CP033894|CP033894.1	159042	No terminal repeats	181	11	0.9929	NA	24	86.4188	MOBF;t4cp2;F_traG;F_traH;F_traF;F_traN;F_traU;F_traW;virb4;F_traV;F_traB;F_traK;F_traE;F_traL;F_traE	NA
CP033895.1	ENA|CP033895|CP033895.1	125113	No terminal repeats	142	11	0.9934	NA	28	81.1905	F_traL;F_traE;F_traK;F_traV;virb4;F_traW;F_traU;F_traN;F_traF;F_traH;F_traG;t4cp2;MOBF	NA
CP033907.1	NA	NA	NA	NA	NA	NA	NA	NA	NA	NA	NA
CP033978.1	NA	NA	NA	NA	NA	NA	NA	NA	NA	NA	NA
CP033979.1	NA	NA	NA	NA	NA	NA	NA	NA	NA	NA	NA
CP033980.1	ENA|CP033980|CP033980.1	3785	No terminal repeats	4	11	0.9924	NA	1	3.4296	NA	NA
CP033981.1	ENA|CP033981|CP033981.1	25519	No terminal repeats	29	11	0.9947	NA	2	9.4768	MOBV	NF012167;NF040806
CP033982.1	NA	NA	NA	NA	NA	NA	NA	NA	NA	NA	NA
CP033983.1	NA	NA	NA	NA	NA	NA	NA	NA	NA	NA	NA
CP033984.1	NA	NA	NA	NA	NA	NA	NA	NA	NA	NA	NA
CP033985.1	ENA|CP033985|CP033985.1	3785	No terminal repeats	4	11	0.9924	NA	1	3.4296	NA	NA
CP033986.1	ENA|CP033986|CP033986.1	25519	No terminal repeats	29	11	0.9947	NA	2	9.4768	MOBV	NF012167;NF040806
CP033987.1	NA	NA	NA	NA	NA	NA	NA	NA	NA	NA	NA
CP033994.1	NA	NA	NA	NA	NA	NA	NA	NA	NA	NA	NA
CP033995.1	ENA|CP033995|CP033995.1	4525	No terminal repeats	6	11	0.9948	NA	1	6.8105	NA	NA
CP033996.1	NA	NA	NA	NA	NA	NA	NA	NA	NA	NA	NA
CP034000.1	NA	NA	NA	NA	NA	NA	NA	NA	NA	NA	NA
CP034001.1	ENA|CP034001|CP034001.1	4525	No terminal repeats	6	11	0.9948	NA	1	6.8105	NA	NA
CP034002.1	NA	NA	NA	NA	NA	NA	NA	NA	NA	NA	NA
CP034016.1	NA	NA	NA	NA	NA	NA	NA	NA	NA	NA	NA
CP034017.1	ENA|CP034017|CP034017.1	4207	No terminal repeats	9	11	0.9956	NA	3	9.8962	MOBP1	NA
CP034022.1	NA	NA	NA	NA	NA	NA	NA	NA	NA	NA	NA
CP034023.1	ENA|CP034023|CP034023.1	4228	No terminal repeats	9	11	0.9956	NA	3	9.8962	MOBP1	NA
CP034024.1	NA	NA	NA	NA	NA	NA	NA	NA	NA	NA	NA
CP034025.1	ENA|CP034025|CP034025.1	4207	No terminal repeats	9	11	0.9956	NA	3	9.8962	MOBP1	NA
CP034028.1	NA	NA	NA	NA	NA	NA	NA	NA	NA	NA	NA
CP034029.1	ENA|CP034029|CP034029.1	4207	No terminal repeats	9	11	0.9956	NA	3	9.8962	MOBP1	NA
CP034030.1	NA	NA	NA	NA	NA	NA	NA	NA	NA	NA	NA
CP034031.1	ENA|CP034031|CP034031.1	4207	No terminal repeats	9	11	0.9957	NA	3	9.8962	MOBP1	NA
CP034039.1	NA	NA	NA	NA	NA	NA	NA	NA	NA	NA	NA
CP034040.1	ENA|CP034040|CP034040.1	213351	No terminal repeats	246	11	0.9931	NA	20	88.5761	t4cp1;MOBH;F_traF;F_traH;F_traG;F_trbC;F_traU;F_traW;virb4;F_traV;F_traB;F_traK;F_traE	NA
CP034041.1	ENA|CP034041|CP034041.1	65202	No terminal repeats	87	11	0.9916	NA	15	39.1630	I_trbB;I_trbA;MOBP1;I_traI;I_traK;I_traL;I_traN;I_traO;I_traP;I_traQ;I_traR;traU;I_traW;I_traY	NF040806
CP034042.1	NA	NA	NA	NA	NA	NA	NA	NA	NA	NA	NA
CP034043.1	ENA|CP034043|CP034043.1	3511	No terminal repeats	5	11	0.9935	NA	2	3.1408	MOBP1	NA
CP034071.1	NA	NA	NA	NA	NA	NA	NA	NA	NA	NA	NA
CP034090.1	NA	NA	NA	NA	NA	NA	NA	NA	NA	NA	NA
CP034091.1	NA	NA	NA	NA	NA	NA	NA	NA	NA	NA	NA
CP034147.1	NA	NA	NA	NA	NA	NA	NA	NA	NA	NA	NA
CP034243.1	NA	NA	NA	NA	NA	NA	NA	NA	NA	NA	NA
CP034315.1	NA	NA	NA	NA	NA	NA	NA	NA	NA	NA	NA
CP034393.1	NA	NA	NA	NA	NA	NA	NA	NA	NA	NA	NA
CP034415.1	NA	NA	NA	NA	NA	NA	NA	NA	NA	NA	NA
CP034416.1	ENA|CP034416|CP034416.1	215950	No terminal repeats	234	11	0.9941	NA	5	75.2337	F_traE	NF000402;NF033134
CP034417.1	ENA|CP034417|CP034417.1	128299	No terminal repeats	169	11	0.9950	NA	28	114.7168	F_traL;F_traE;F_traK;F_traV;virb4;F_traW;F_traU;F_trbC;F_traL;F_traE	NF000496;NF000466
CP034418.1	ENA|CP034418|CP034418.1	10061	No terminal repeats	14	11	0.9940	NA	4	9.6066	MOBC	NA
CP034419.1	ENA|CP034419|CP034419.1	5596	No terminal repeats	9	11	0.9926	NA	2	4.5972	MOBP1	NA
CP034484.1	NA	NA	NA	NA	NA	NA	NA	NA	NA	NA	NA
CP034485.1	NA	NA	NA	NA	NA	NA	NA	NA	NA	NA	NA
CP034662.1	NA	NA	NA	NA	NA	NA	NA	NA	NA	NA	NA
CP034663.1	NA	NA	NA	NA	NA	NA	NA	NA	NA	NA	NA
CP034664.1	NA	NA	NA	NA	NA	NA	NA	NA	NA	NA	NA
CP034665.1	NA	NA	NA	NA	NA	NA	NA	NA	NA	NA	NA
CP034666.1	NA	NA	NA	NA	NA	NA	NA	NA	NA	NA	NA
CP034944.1	NA	NA	NA	NA	NA	NA	NA	NA	NA	NA	NA
CP034954.1	NA	NA	NA	NA	NA	NA	NA	NA	NA	NA	NA
CP034955.1	NA	NA	NA	NA	NA	NA	NA	NA	NA	NA	NA
CP034956.1	ENA|CP034956|CP034956.1	98397	No terminal repeats	105	11	0.9941	NA	6	43.6704	NA	NF012178;NF012171;NF000270
CP034957.1	ENA|CP034957|CP034957.1	46161	No terminal repeats	59	11	0.9933	NA	9	25.1041	T_virB1;T_virB2;virb4;T_virB6;T_virB8;T_virB9	NF012147
CP034958.1	NA	NA	NA	NA	NA	NA	NA	NA	NA	NA	NA
CP035106.1	NA	NA	NA	NA	NA	NA	NA	NA	NA	NA	NA
CP035136.1	NA	NA	NA	NA	NA	NA	NA	NA	NA	NA	NA
CP035137.1	ENA|CP035137|CP035137.1	211011	No terminal repeats	234	11	0.9911	NA	4	57.7762	MOBP2	NA
CP035138.1	ENA|CP035138|CP035138.1	4609	No terminal repeats	5	11	0.9947	NA	1	4.3738	NA	NA
CP035161.1	NA	NA	NA	NA	NA	NA	NA	NA	NA	NA	NA
CP035162.1	NA	NA	NA	NA	NA	NA	NA	NA	NA	NA	NA
CP035165.1	NA	NA	NA	NA	NA	NA	NA	NA	NA	NA	NA
CP035166.1	NA	NA	NA	NA	NA	NA	NA	NA	NA	NA	NA
CP035183.1	NA	NA	NA	NA	NA	NA	NA	NA	NA	NA	NA
CP035226.1	NA	NA	NA	NA	NA	NA	NA	NA	NA	NA	NA
CP035227.1	NA	NA	NA	NA	NA	NA	NA	NA	NA	NA	NA
CP035231.1	NA	NA	NA	NA	NA	NA	NA	NA	NA	NA	NA
CP035234.1	NA	NA	NA	NA	NA	NA	NA	NA	NA	NA	NA
CP035236.1	NA	NA	NA	NA	NA	NA	NA	NA	NA	NA	NA
CP035238.1	NA	NA	NA	NA	NA	NA	NA	NA	NA	NA	NA
CP035239.1	NA	NA	NA	NA	NA	NA	NA	NA	NA	NA	NA
CP035241.1	NA	NA	NA	NA	NA	NA	NA	NA	NA	NA	NA
CP035242.1	NA	NA	NA	NA	NA	NA	NA	NA	NA	NA	NA
CP035243.1	NA	NA	NA	NA	NA	NA	NA	NA	NA	NA	NA
CP035244.1	NA	NA	NA	NA	NA	NA	NA	NA	NA	NA	NA
CP035245.1	NA	NA	NA	NA	NA	NA	NA	NA	NA	NA	NA
CP035248.1	NA	NA	NA	NA	NA	NA	NA	NA	NA	NA	NA
CP035249.1	NA	NA	NA	NA	NA	NA	NA	NA	NA	NA	NA
CP035251.1	NA	NA	NA	NA	NA	NA	NA	NA	NA	NA	NA
CP035252.1	NA	NA	NA	NA	NA	NA	NA	NA	NA	NA	NA
CP035256.1	NA	NA	NA	NA	NA	NA	NA	NA	NA	NA	NA
CP035257.1	NA	NA	NA	NA	NA	NA	NA	NA	NA	NA	NA
CP035258.1	NA	NA	NA	NA	NA	NA	NA	NA	NA	NA	NA
CP035259.1	NA	NA	NA	NA	NA	NA	NA	NA	NA	NA	NA
CP035260.1	NA	NA	NA	NA	NA	NA	NA	NA	NA	NA	NA
CP035261.1	NA	NA	NA	NA	NA	NA	NA	NA	NA	NA	NA
CP035262.1	NA	NA	NA	NA	NA	NA	NA	NA	NA	NA	NA
CP035264.1	NA	NA	NA	NA	NA	NA	NA	NA	NA	NA	NA
CP035265.1	NA	NA	NA	NA	NA	NA	NA	NA	NA	NA	NA
CP035276.1	NA	NA	NA	NA	NA	NA	NA	NA	NA	NA	NA
CP035277.1	ENA|CP035277|CP035277.1	206820	No terminal repeats	227	11	0.9931	NA	28	92.9047	MOBF;F_traG;F_traH;F_traF;F_traN;F_trbC;F_traU;F_traW;virb4;F_traV;F_traK;F_traE;F_traL	NF012178
CP035385.1	NA	NA	NA	NA	NA	NA	NA	NA	NA	NA	NA
CP035386.1	ENA|CP035386|CP035386.1	119994	No terminal repeats	122	11	0.9939	NA	28	70.3293	MOBF;F_traG;F_traH;F_traF;F_traN;F_trbC;F_traU;F_traW;virb4;F_traV;F_traK;F_traE;F_traL	NA
CP035387.1	ENA|CP035387|CP035387.1	63369	No terminal repeats	75	11	0.9943	NA	9	48.3977	T_virB9;T_virB8;T_virB6;T_virB5;virb4;T_virB3;T_virB1	NF012171
CP035388.1	NA	NA	NA	NA	NA	NA	NA	NA	NA	NA	NA
CP035389.1	ENA|CP035389|CP035389.1	2495	No terminal repeats	3	11	0.9953	NA	1	3.1262	NA	NA
CP035390.1	NA	NA	NA	NA	NA	NA	NA	NA	NA	NA	NA
CP035397.1	NA	NA	NA	NA	NA	NA	NA	NA	NA	NA	NA
CP035398.1	NA	NA	NA	NA	NA	NA	NA	NA	NA	NA	NA
CP035400.1	NA	NA	NA	NA	NA	NA	NA	NA	NA	NA	NA
CP035401.1	NA	NA	NA	NA	NA	NA	NA	NA	NA	NA	NA
CP035402.1	NA	NA	NA	NA	NA	NA	NA	NA	NA	NA	NA
CP035428.1	NA	NA	NA	NA	NA	NA	NA	NA	NA	NA	NA
CP035431.1	NA	NA	NA	NA	NA	NA	NA	NA	NA	NA	NA
CP035432.1	NA	NA	NA	NA	NA	NA	NA	NA	NA	NA	NA
CP035433.1	NA	NA	NA	NA	NA	NA	NA	NA	NA	NA	NA
CP035435.1	NA	NA	NA	NA	NA	NA	NA	NA	NA	NA	NA
CP035436.1	NA	NA	NA	NA	NA	NA	NA	NA	NA	NA	NA
CP035437.1	NA	NA	NA	NA	NA	NA	NA	NA	NA	NA	NA
CP035438.1	NA	NA	NA	NA	NA	NA	NA	NA	NA	NA	NA
CP035440.1	NA	NA	NA	NA	NA	NA	NA	NA	NA	NA	NA
CP035442.1	NA	NA	NA	NA	NA	NA	NA	NA	NA	NA	NA
CP035444.1	NA	NA	NA	NA	NA	NA	NA	NA	NA	NA	NA
CP035445.1	NA	NA	NA	NA	NA	NA	NA	NA	NA	NA	NA
CP035446.1	NA	NA	NA	NA	NA	NA	NA	NA	NA	NA	NA
CP035448.1	NA	NA	NA	NA	NA	NA	NA	NA	NA	NA	NA
CP035449.1	NA	NA	NA	NA	NA	NA	NA	NA	NA	NA	NA
CP035451.1	NA	NA	NA	NA	NA	NA	NA	NA	NA	NA	NA
CP035452.1	NA	NA	NA	NA	NA	NA	NA	NA	NA	NA	NA
CP035455.1	NA	NA	NA	NA	NA	NA	NA	NA	NA	NA	NA
CP035644.1	NA	NA	NA	NA	NA	NA	NA	NA	NA	NA	NA
CP035645.1	ENA|CP035645|CP035645.1	6303	No terminal repeats	10	11	0.9949	NA	1	9.2514	NA	NA
CP035646.1	ENA|CP035646|CP035646.1	4316	No terminal repeats	6	11	0.9954	NA	1	6.0921	NA	NA
CP035647.1	NA	NA	NA	NA	NA	NA	NA	NA	NA	NA	NA
CP035648.1	NA	NA	NA	NA	NA	NA	NA	NA	NA	NA	NA
CP035649.1	ENA|CP035649|CP035649.1	257028	No terminal repeats	323	11	0.9890	NA	3	79.9199	MOBP2;MOBP2	NA
CP035650.1	NA	NA	NA	NA	NA	NA	NA	NA	NA	NA	NA
CP035651.1	ENA|CP035651|CP035651.1	6303	No terminal repeats	10	11	0.9948	NA	1	8.0310	NA	NA
CP035652.1	ENA|CP035652|CP035652.1	4316	No terminal repeats	6	11	0.9952	NA	1	6.0921	NA	NA
CP035653.1	NA	NA	NA	NA	NA	NA	NA	NA	NA	NA	NA
CP035654.1	NA	NA	NA	NA	NA	NA	NA	NA	NA	NA	NA
CP035655.1	ENA|CP035655|CP035655.1	256961	No terminal repeats	318	11	0.9889	NA	3	73.4892	MOBP2;MOBP2	NA
CP035822.1	NA	NA	NA	NA	NA	NA	NA	NA	NA	NA	NA
CP035823.1	ENA|CP035823|CP035823.1	99306	No terminal repeats	112	11	0.9926	NA	8	42.3688	F_traE	NA
CP035824.1	ENA|CP035824|CP035824.1	52003	No terminal repeats	62	11	0.9942	NA	4	37.0254	NA	NA
CP035825.1	ENA|CP035825|CP035825.1	42841	No terminal repeats	50	11	0.9947	NA	5	27.1667	MOBF	NA
CP035917.1	NA	NA	NA	NA	NA	NA	NA	NA	NA	NA	NA
CP035918.1	ENA|CP035918|CP035918.1	247705	No terminal repeats	274	11	0.9943	NA	17	188.0171	F_traE;F_traB;F_traV;virb4;F_traW;F_traU;F_trbC;F_traH;F_traF;MOBH;t4cp1	NF000496;NF000107;NF012174;NF000027
CP035927.1	NA	NA	NA	NA	NA	NA	NA	NA	NA	NA	NA
CP036167.1	NA	NA	NA	NA	NA	NA	NA	NA	NA	NA	NA
CP036376.1	NA	NA	NA	NA	NA	NA	NA	NA	NA	NA	NA
CP036380.1	NA	NA	NA	NA	NA	NA	NA	NA	NA	NA	NA
CP036381.1	NA	NA	NA	NA	NA	NA	NA	NA	NA	NA	NA
CP036382.1	NA	NA	NA	NA	NA	NA	NA	NA	NA	NA	NA
CP036384.1	NA	NA	NA	NA	NA	NA	NA	NA	NA	NA	NA
CP036387.1	NA	NA	NA	NA	NA	NA	NA	NA	NA	NA	NA
CP036389.1	NA	NA	NA	NA	NA	NA	NA	NA	NA	NA	NA
CP036391.1	NA	NA	NA	NA	NA	NA	NA	NA	NA	NA	NA
CP036393.1	NA	NA	NA	NA	NA	NA	NA	NA	NA	NA	NA
CP036395.1	NA	NA	NA	NA	NA	NA	NA	NA	NA	NA	NA
CP036399.1	NA	NA	NA	NA	NA	NA	NA	NA	NA	NA	NA
CP036438.1	NA	NA	NA	NA	NA	NA	NA	NA	NA	NA	NA
CP036439.1	ENA|CP036439|CP036439.1	115291	No terminal repeats	142	11	0.9943	NA	28	93.0825	F_traU;F_traN;F_traF;F_traH;F_traG;MOBF;F_traL;F_traE;F_traK;F_traB;F_traV;virb4;F_traW;F_traU	NA
CP036440.1	ENA|CP036440|CP036440.1	51570	No terminal repeats	62	11	0.9923	NA	8	24.2809	T_virB10;T_virB9;MOBC	NA
CP036441.1	ENA|CP036441|CP036441.1	19305	No terminal repeats	18	11	0.9935	NA	3	11.6661	MOBC	NA
CP036499.1	NA	NA	NA	NA	NA	NA	NA	NA	NA	NA	NA
CP036500.1	NA	NA	NA	NA	NA	NA	NA	NA	NA	NA	NA
CP036530.1	NA	NA	NA	NA	NA	NA	NA	NA	NA	NA	NA
CP036531.1	NA	NA	NA	NA	NA	NA	NA	NA	NA	NA	NA
CP037734.1	NA	NA	NA	NA	NA	NA	NA	NA	NA	NA	NA
CP037735.1	ENA|CP037735|CP037735.1	208702	No terminal repeats	272	11	0.9892	NA	20	50.2041	MOBH;t4cp1;F_traL;F_traE;F_traK;F_traB;F_traV;virb4;F_traW;F_traU;F_traF;F_traH;F_traG;T_virB1	NA
CP037736.1	ENA|CP037736|CP037736.1	105233	No terminal repeats	113	11	0.9934	NA	20	54.0912	F_traG;F_traH;F_traF;F_traN;F_traN;F_traU;F_traW;F_traV;F_traK;F_traE;F_traL	NA
CP037737.1	ENA|CP037737|CP037737.1	85575	No terminal repeats	100	11	0.9925	NA	15	46.7715	I_trbB;I_trbA;MOBP1;I_traI;I_traK;I_traL;I_traN;I_traO;I_traP;I_traQ;I_traR;traU;I_traW;I_traY;I_traY	NA
CP037738.1	ENA|CP037738|CP037738.1	47742	No terminal repeats	55	11	0.9935	NA	9	31.8430	T_virB9;T_virB8;T_virB6;virb4;T_virB2;MOBP1	NA
CP037740.1	ENA|CP037740|CP037740.1	3223	No terminal repeats	4	11	0.9953	NA	2	4.5840	MOBP1	NA
CP037741.1	NA	NA	NA	NA	NA	NA	NA	NA	NA	NA	NA
CP037892.1	NA	NA	NA	NA	NA	NA	NA	NA	NA	NA	NA
CP038162.1	ENA|CP038162|CP038162.1	36911	No terminal repeats	39	11	0.9947	NA	3	14.0128	NA	NF012176;NF012176
CP038163.1	NA	NA	NA	NA	NA	NA	NA	NA	NA	NA	NA
CP038168.1	NA	NA	NA	NA	NA	NA	NA	NA	NA	NA	NA
CP038169.1	ENA|CP038169|CP038169.1	41082	No terminal repeats	41	11	0.9945	NA	3	17.2521	MOBV;FATA_trsF	NF012176;NF012176
CP038170.1	NA	NA	NA	NA	NA	NA	NA	NA	NA	NA	NA
CP038172.1	NA	NA	NA	NA	NA	NA	NA	NA	NA	NA	NA
CP038173.1	ENA|CP038173|CP038173.1	41394	No terminal repeats	43	11	0.9943	NA	3	17.2521	MOBV;FATA_trsF	NF012176;NF012176
CP038176.1	ENA|CP038176|CP038176.1	69757	No terminal repeats	81	11	0.9935	NA	4	30.3370	MOBV	NF033068;NF012176;NF012176
CP038177.1	NA	NA	NA	NA	NA	NA	NA	NA	NA	NA	NA
CP038251.1	NA	NA	NA	NA	NA	NA	NA	NA	NA	NA	NA
CP038253.1	NA	NA	NA	NA	NA	NA	NA	NA	NA	NA	NA
CP038258.1	NA	NA	NA	NA	NA	NA	NA	NA	NA	NA	NA
CP038259.1	NA	NA	NA	NA	NA	NA	NA	NA	NA	NA	NA
CP038260.1	ENA|CP038260|CP038260.1	25856	No terminal repeats	34	11	0.9945	NA	2	21.2375	F_traE;MOBQ	NA
CP038261.1	NA	NA	NA	NA	NA	NA	NA	NA	NA	NA	NA
CP038268.1	NA	NA	NA	NA	NA	NA	NA	NA	NA	NA	NA
CP038282.1	NA	NA	NA	NA	NA	NA	NA	NA	NA	NA	NA
CP038283.1	ENA|CP038283|CP038283.1	93247	No terminal repeats	92	11	0.9944	NA	9	51.0337	T_virB11;MOBP1;MOBP1	NA
CP038284.1	NA	NA	NA	NA	NA	NA	NA	NA	NA	NA	NA
CP038285.1	ENA|CP038285|CP038285.1	2679	No terminal repeats	5	11	0.9919	NA	1	1.6586	NA	NA
CP038286.1	ENA|CP038286|CP038286.1	100480	No terminal repeats	101	11	0.9946	NA	10	54.5084	F_traE;F_traE;T_virB11;MOBP1	NA
CP038292.1	NA	NA	NA	NA	NA	NA	NA	NA	NA	NA	NA
CP038293.1	ENA|CP038293|CP038293.1	95611	No terminal repeats	93	11	0.9947	NA	8	50.6350	T_virB11;MOBP1	NA
CP038294.1	ENA|CP038294|CP038294.1	3171	No terminal repeats	5	11	0.9951	NA	2	3.6681	NA	NA
CP038313.1	NA	NA	NA	NA	NA	NA	NA	NA	NA	NA	NA
CP038314.1	ENA|CP038314|CP038314.1	97630	No terminal repeats	94	11	0.9946	NA	8	50.6350	T_virB11;MOBP1	NA
CP038315.1	ENA|CP038315|CP038315.1	3306	No terminal repeats	3	11	0.9913	NA	1	1.6586	NA	NA
CP038434.1	NA	NA	NA	NA	NA	NA	NA	NA	NA	NA	NA
CP038435.1	ENA|CP038435|CP038435.1	94009	DTR	118	11	0.9948	NA	31	78.7366	F_traL;F_traE;F_traK;F_traV;virb4;F_traW;F_traU;F_traN;F_traF;F_traH;F_traG;MOBF	NA
CP038601.1	NA	NA	NA	NA	NA	NA	NA	NA	NA	NA	NA
CP038602.1	NA	NA	NA	NA	NA	NA	NA	NA	NA	NA	NA
CP038603.1	NA	NA	NA	NA	NA	NA	NA	NA	NA	NA	NA
CP038644.1	NA	NA	NA	NA	NA	NA	NA	NA	NA	NA	NA
CP038645.1	NA	NA	NA	NA	NA	NA	NA	NA	NA	NA	NA
CP038646.1	NA	NA	NA	NA	NA	NA	NA	NA	NA	NA	NA
CP038647.1	ENA|CP038647|CP038647.1	9909	No terminal repeats	11	11	0.9924	NA	3	6.7185	MOBP1	NF000153
CP038648.1	ENA|CP038648|CP038648.1	9205	No terminal repeats	12	11	0.9944	NA	1	8.3641	MOBQ	NA
CP038649.1	ENA|CP038649|CP038649.1	7396	No terminal repeats	11	11	0.9923	NA	3	6.7185	MOBP1;MOBP1	NF000153
CP038650.1	ENA|CP038650|CP038650.1	6944	No terminal repeats	13	11	0.9906	NA	1	3.2819	NA	NF000153
CP038651.1	ENA|CP038651|CP038651.1	5844	No terminal repeats	9	11	0.9938	NA	3	6.7185	MOBP1;MOBP1	NF000153
CP038652.1	ENA|CP038652|CP038652.1	5734	No terminal repeats	9	11	0.9876	NA	1	3.2819	NA	NF000153
CP038653.1	NA	NA	NA	NA	NA	NA	NA	NA	NA	NA	NA
CP038654.1	ENA|CP038654|CP038654.1	296117	DTR	323	11	0.9938	NA	18	199.9728	F_trbC;F_traU;F_traW;virb4;F_traV;F_traB;F_traE;t4cp1;MOBH;F_traF;F_traH	NF012147;NF000153
CP038655.1	ENA|CP038655|CP038655.1	5584	No terminal repeats	7	11	0.9930	NA	2	4.5972	MOBP1	NA
CP038656.1	NA	NA	NA	NA	NA	NA	NA	NA	NA	NA	NA
CP038657.1	ENA|CP038657|CP038657.1	263189	No terminal repeats	285	11	0.9943	NA	18	192.0756	F_trbC;F_traU;F_traW;virb4;F_traV;F_traB;F_traE;t4cp1;MOBH;F_traF;F_traH	NF012147
CP038658.1	NA	NA	NA	NA	NA	NA	NA	NA	NA	NA	NA
CP038659.1	ENA|CP038659|CP038659.1	385971	DTR	445	11	0.9937	NA	31	223.2496	t4cp2;F_traH;F_traF;F_trbC;F_traU;F_trbC;virb4;F_traV;F_traK;F_traL;F_traH;F_traF;MOBH;t4cp1;F_traE;F_traB;F_traV;virb4;F_traW;F_traU;F_trbC	NF000270;NF012147;NF000153
CP038660.1	ENA|CP038660|CP038660.1	4051	No terminal repeats	7	11	0.9919	NA	2	4.5972	MOBP1	NA
CP038809.1	NA	NA	NA	NA	NA	NA	NA	NA	NA	NA	NA
CP038996.1	NA	NA	NA	NA	NA	NA	NA	NA	NA	NA	NA
CP038997.1	ENA|CP038997|CP038997.1	123020	No terminal repeats	138	11	0.9880	NA	2	11.0513	NA	NA
CP039377.1	NA	NA	NA	NA	NA	NA	NA	NA	NA	NA	NA
CP039403.1	NA	NA	NA	NA	NA	NA	NA	NA	NA	NA	NA
CP039436.1	NA	NA	NA	NA	NA	NA	NA	NA	NA	NA	NA
CP039473.1	NA	NA	NA	NA	NA	NA	NA	NA	NA	NA	NA
CP039474.1	ENA|CP039474|CP039474.1	81900	No terminal repeats	92	11	0.9947	NA	25	64.0329	MOBF;t4cp2;F_traG;F_traH;F_traF;F_traN;F_trbC;F_traU;F_traW;F_traV;F_traK;F_traE;F_traL;F_traE	NA
CP039475.1	ENA|CP039475|CP039475.1	95348	No terminal repeats	106	11	0.9953	NA	20	77.1041	I_traE;I_traI;I_traK;I_traL;I_traN;I_traO;I_traP;I_traQ;I_traR;I_traT;traU;I_traV;I_traW;I_traY;I_trbA;I_trbB;MOBP1	NA
CP039491.1	NA	NA	NA	NA	NA	NA	NA	NA	NA	NA	NA
CP039492.1	ENA|CP039492|CP039492.1	81941	No terminal repeats	92	11	0.9946	NA	25	64.0329	F_traF;F_traH;F_traG;t4cp2;MOBF;F_traE;F_traL;F_traE;F_traK;F_traV;F_traW;F_traU;F_trbC;F_traN	NA
CP039500.1	NA	NA	NA	NA	NA	NA	NA	NA	NA	NA	NA
CP039503.1	NA	NA	NA	NA	NA	NA	NA	NA	NA	NA	NA
CP039504.1	NA	NA	NA	NA	NA	NA	NA	NA	NA	NA	NA
CP039505.1	ENA|CP039505|CP039505.1	2733	No terminal repeats	3	11	0.9946	NA	2	2.1806	NA	NA
CP039506.1	ENA|CP039506|CP039506.1	5900	No terminal repeats	7	11	0.9926	NA	2	4.0398	MOBP1	NA
CP039507.1	ENA|CP039507|CP039507.1	2495	No terminal repeats	4	11	0.9946	NA	1	3.1262	NA	NA
CP039508.1	NA	NA	NA	NA	NA	NA	NA	NA	NA	NA	NA
CP039548.1	NA	NA	NA	NA	NA	NA	NA	NA	NA	NA	NA
CP039935.1	NA	NA	NA	NA	NA	NA	NA	NA	NA	NA	NA
CP039945.1	NA	NA	NA	NA	NA	NA	NA	NA	NA	NA	NA
CP039946.1	ENA|CP039946|CP039946.1	54251	No terminal repeats	62	11	0.9934	NA	1	20.3521	NA	NF000270;NF033144;NF012178
CP039947.1	ENA|CP039947|CP039947.1	63589	No terminal repeats	86	11	0.9917	NA	15	39.1630	I_trbB;I_trbA;MOBP1;I_traI;I_traK;I_traL;I_traN;I_traO;I_traP;I_traQ;I_traR;traU;I_traW;I_traY	NF040806
CP040015.1	NA	NA	NA	NA	NA	NA	NA	NA	NA	NA	NA
CP040016.1	NA	NA	NA	NA	NA	NA	NA	NA	NA	NA	NA
CP040171.1	ENA|CP040171|CP040171.1	140291	No terminal repeats	176	11	0.9930	NA	24	72.2411	T_virB1;F_traG;F_traH;F_traF;F_trbC;F_traU;F_traW;virb4;F_traV;F_traB;F_traK;F_traE;F_traL;t4cp1;MOBH;T_virB9;T_virB8	NA
CP040172.1	NA	NA	NA	NA	NA	NA	NA	NA	NA	NA	NA
CP040173.1	NA	NA	NA	NA	NA	NA	NA	NA	NA	NA	NA
CP040182.1	NA	NA	NA	NA	NA	NA	NA	NA	NA	NA	NA
CP040263.1	NA	NA	NA	NA	NA	NA	NA	NA	NA	NA	NA
CP040264.1	ENA|CP040264|CP040264.1	97726	No terminal repeats	108	11	0.9952	NA	19	73.6404	MOBP1;I_trbB;I_trbA;I_traY;I_traW;I_traV;traU;I_traT;I_traR;I_traQ;I_traP;I_traO;I_traN;I_traL;I_traK;I_traI;I_traE	NA
CP040265.1	ENA|CP040265|CP040265.1	73952	No terminal repeats	90	11	0.9953	NA	29	79.6688	F_traL;F_traE;F_traK;F_traV;virb4;F_traW;F_traU;F_traN;F_traF;F_traH;F_traG;MOBF	NA
CP040266.1	ENA|CP040266|CP040266.1	30240	No terminal repeats	43	11	0.9925	NA	6	24.2518	T_virB9	NA
CP040267.1	ENA|CP040267|CP040267.1	7464	No terminal repeats	7	11	0.9930	NA	1	2.5721	MOBQ	NA
CP040268.1	ENA|CP040268|CP040268.1	5165	No terminal repeats	5	11	0.9949	NA	1	3.7523	MOBQ	NA
CP040269.1	NA	NA	NA	NA	NA	NA	NA	NA	NA	NA	NA
CP040270.1	ENA|CP040270|CP040270.1	91123	No terminal repeats	98	11	0.9953	NA	19	73.2648	MOBP1;I_trbB;I_trbA;I_traY;I_traW;I_traV;traU;I_traT;I_traR;I_traQ;I_traP;I_traO;I_traN;I_traL;I_traK;I_traI;I_traE	NA
CP040271.1	ENA|CP040271|CP040271.1	4087	No terminal repeats	4	11	0.9926	NA	1	1.7183	NA	NA
CP040350.1	NA	NA	NA	NA	NA	NA	NA	NA	NA	NA	NA
CP040646.1	NA	NA	NA	NA	NA	NA	NA	NA	NA	NA	NA
CP040647.1	ENA|CP040647|CP040647.1	59372	No terminal repeats	76	11	0.9946	NA	16	46.7065	F_traV;F_traK;F_traE;F_traL	NA
CP040664.1	NA	NA	NA	NA	NA	NA	NA	NA	NA	NA	NA
CP040696.1	ENA|CP040696|CP040696.1	309536	No terminal repeats	349	11	0.9941	NA	19	212.3300	T_virB1;F_traH;F_traF;MOBH;t4cp1;F_traE;F_traB;F_traV;virb4;F_traW;F_traU;F_trbC	NF012171;NF033144
CP040697.1	ENA|CP040697|CP040697.1	53964	No terminal repeats	64	11	0.9937	NA	2	19.4611	MOBC	NF033144
CP040698.1	NA	NA	NA	NA	NA	NA	NA	NA	NA	NA	NA
CP040701.1	NA	NA	NA	NA	NA	NA	NA	NA	NA	NA	NA
CP040702.1	ENA|CP040702|CP040702.1	104768	No terminal repeats	96	11	0.9930	NA	25	57.0539	F_traL;F_traE;F_traK;F_traV;F_traW;F_traU;F_trbC;F_traN;F_traF;F_traH;F_traG;t4cp2;MOBF	NA
CP040703.1	ENA|CP040703|CP040703.1	10664	No terminal repeats	15	11	0.9923	NA	1	6.3127	NA	NA
CP040704.1	ENA|CP040704|CP040704.1	206851	No terminal repeats	232	11	0.9906	NA	3	45.6798	MOBV;MOBP2	NA
CP040705.1	ENA|CP040705|CP040705.1	8748	DTR	12	11	0.9940	NA	2	11.8049	NA	NA
CP040706.1	NA	NA	NA	NA	NA	NA	NA	NA	NA	NA	NA
CP040707.1	NA	NA	NA	NA	NA	NA	NA	NA	NA	NA	NA
CP040708.1	ENA|CP040708|CP040708.1	71214	No terminal repeats	88	11	0.9920	NA	1	20.8301	NA	NF033115;NF033068;NF033115
CP040740.1	NA	NA	NA	NA	NA	NA	NA	NA	NA	NA	NA
CP040741.1	ENA|CP040741|CP040741.1	238664	No terminal repeats	276	11	0.9895	NA	2	56.3718	MOBP2	NA
CP040742.1	ENA|CP040742|CP040742.1	132733	No terminal repeats	167	11	0.9906	NA	2	31.1448	NA	NF033115;NF033068
CP040743.1	ENA|CP040743|CP040743.1	6175	No terminal repeats	8	11	0.9956	NA	1	9.3098	NA	NA
CP040744.1	NA	NA	NA	NA	NA	NA	NA	NA	NA	NA	NA
CP040801.1	NA	NA	NA	NA	NA	NA	NA	NA	NA	NA	NA
CP040802.1	ENA|CP040802|CP040802.1	25946	No terminal repeats	29	11	0.9941	NA	3	10.6020	NA	NF040806;NF012167;NF012176
CP040859.1	ENA|CP040859|CP040859.1	60832	No terminal repeats	73	11	0.9945	NA	10	49.9107	T_virB9;T_virB8;T_virB6;T_virB5;virb4;T_virB3;T_virB1	NF012171
CP040860.1	ENA|CP040860|CP040860.1	5840	No terminal repeats	8	11	0.9957	NA	2	7.4904	NA	NA
CP040861.1	NA	NA	NA	NA	NA	NA	NA	NA	NA	NA	NA
CP040862.1	ENA|CP040862|CP040862.1	263991	No terminal repeats	286	11	0.9942	NA	25	149.2287	MOBF;F_traF;F_traN;F_trbC;F_traU;F_traW;virb4;F_traV;F_traK;F_traE;F_traL	NF012178;NF000402
CP040877.1	NA	NA	NA	NA	NA	NA	NA	NA	NA	NA	NA
CP040878.1	NA	NA	NA	NA	NA	NA	NA	NA	NA	NA	NA
CP040997.1	NA	NA	NA	NA	NA	NA	NA	NA	NA	NA	NA
CP041005.1	NA	NA	NA	NA	NA	NA	NA	NA	NA	NA	NA
CP041006.1	ENA|CP041006|CP041006.1	93933	No terminal repeats	117	11	0.9949	NA	31	78.7366	MOBF;F_traG;F_traH;F_traF;F_traN;F_traU;F_traW;virb4;F_traV;F_traK;F_traE;F_traL	NA
CP041007.1	NA	NA	NA	NA	NA	NA	NA	NA	NA	NA	NA
CP041009.1	ENA|CP041009|CP041009.1	32188	No terminal repeats	38	11	0.9932	NA	2	13.7809	NA	NF012167;NF040806;NF000025
CP041010.1	NA	NA	NA	NA	NA	NA	NA	NA	NA	NA	NA
CP041122.1	NA	NA	NA	NA	NA	NA	NA	NA	NA	NA	NA
CP041123.1	NA	NA	NA	NA	NA	NA	NA	NA	NA	NA	NA
CP041124.1	NA	NA	NA	NA	NA	NA	NA	NA	NA	NA	NA
CP041129.1	NA	NA	NA	NA	NA	NA	NA	NA	NA	NA	NA
CP041130.1	NA	NA	NA	NA	NA	NA	NA	NA	NA	NA	NA
CP041134.1	NA	NA	NA	NA	NA	NA	NA	NA	NA	NA	NA
CP041171.1	NA	NA	NA	NA	NA	NA	NA	NA	NA	NA	NA
CP041172.1	ENA|CP041172|CP041172.1	153516	DTR	183	11	0.9933	NA	21	69.1269	T_virB1;F_traG;F_traH;F_traF;MOBH;t4cp1;F_traL;F_traE;F_traK;F_traB;F_traV;virb4;F_traW;F_traU;F_trbC	NF012174;NF012171;NF033085;NF012178
CP041176.1	NA	NA	NA	NA	NA	NA	NA	NA	NA	NA	NA
CP041177.1	ENA|CP041177|CP041177.1	111764	No terminal repeats	131	11	0.9952	NA	28	96.4695	F_traL;F_traE;F_traK;F_traV;virb4;F_traW;F_traU;F_trbC;F_traN;F_traF;F_traH;F_traG;MOBF	NF000496;NF012171;NF012174
CP041178.1	ENA|CP041178|CP041178.1	59372	No terminal repeats	75	11	0.9946	NA	16	46.7065	F_traV;F_traK;F_traE;F_traL	NA
CP041183.1	NA	NA	NA	NA	NA	NA	NA	NA	NA	NA	NA
CP041254.1	ENA|CP041254|CP041254.1	63472	No terminal repeats	74	11	0.9938	NA	2	36.9136	MOBP2	NA
CP041255.1	ENA|CP041255|CP041255.1	53447	No terminal repeats	66	11	0.9919	NA	3	16.5066	T_virB11;MOBP2	NA
CP041256.1	NA	NA	NA	NA	NA	NA	NA	NA	NA	NA	NA
CP041257.1	NA	NA	NA	NA	NA	NA	NA	NA	NA	NA	NA
CP041258.1	ENA|CP041258|CP041258.1	81972	No terminal repeats	94	11	0.9938	NA	3	41.4314	MOBP2	NF033068
CP041261.3	NA	NA	NA	NA	NA	NA	NA	NA	NA	NA	NA
CP041262.3	ENA|CP041262|CP041262.3	195404	No terminal repeats	203	11	0.9902	NA	2	49.9147	MOBP2	NF033693
CP041263.2	ENA|CP041263|CP041263.2	89846	No terminal repeats	108	11	0.9882	NA	2	9.3637	NA	NA
CP041264.2	ENA|CP041264|CP041264.2	65253	No terminal repeats	73	11	0.9936	NA	2	35.2090	MOBP2	NA
CP041265.2	NA	NA	NA	NA	NA	NA	NA	NA	NA	NA	NA
CP041266.2	ENA|CP041266|CP041266.2	6173	No terminal repeats	8	11	0.9955	NA	1	9.3098	NA	NA
CP041267.2	ENA|CP041267|CP041267.2	4372	No terminal repeats	7	11	0.9952	NA	1	7.6207	NA	NA
CP041268.2	NA	NA	NA	NA	NA	NA	NA	NA	NA	NA	NA
CP041269.2	ENA|CP041269|CP041269.2	35172	No terminal repeats	45	11	0.9927	NA	1	11.0347	NA	NF033115;NF033068
CP041270.2	NA	NA	NA	NA	NA	NA	NA	NA	NA	NA	NA
CP041271.2	ENA|CP041271|CP041271.2	194168	No terminal repeats	199	11	0.9898	NA	2	49.9147	MOBP2	NF033693
CP041272.1	ENA|CP041272|CP041272.1	89798	No terminal repeats	107	11	0.9876	NA	2	9.3637	NA	NA
CP041273.1	ENA|CP041273|CP041273.1	65253	No terminal repeats	73	11	0.9936	NA	2	35.2090	MOBP2	NA
CP041275.1	NA	NA	NA	NA	NA	NA	NA	NA	NA	NA	NA
CP041276.1	ENA|CP041276|CP041276.1	4372	No terminal repeats	7	11	0.9947	NA	1	5.9024	NA	NA
CP041278.1	NA	NA	NA	NA	NA	NA	NA	NA	NA	NA	NA
CP041279.2	ENA|CP041279|CP041279.2	35216	No terminal repeats	45	11	0.9927	NA	1	11.0347	NA	NF033115;NF033068
CP041344.1	NA	NA	NA	NA	NA	NA	NA	NA	NA	NA	NA
CP041358.1	ENA|CP041358|CP041358.1	130003	No terminal repeats	153	11	0.9949	NA	27	96.3031	F_traL;F_traE;F_traK;F_traV;F_traN;F_traF;F_traH;F_traG;MOBF	NF033134
CP041359.1	NA	NA	NA	NA	NA	NA	NA	NA	NA	NA	NA
CP041392.1	NA	NA	NA	NA	NA	NA	NA	NA	NA	NA	NA
CP041393.1	ENA|CP041393|CP041393.1	139547	No terminal repeats	145	11	0.9949	NA	26	86.8721	F_traL;F_traE;F_traK;F_traV;virb4;F_traW;F_traU;F_traN;F_traF;F_traH;F_traG;MOBF	NF012174;NF000270;NF000005;NF012147;NF012178
CP041394.1	ENA|CP041394|CP041394.1	137828	No terminal repeats	144	11	0.9950	NA	26	105.6664	I_trbA;I_trbB;MOBP1;MOBP1;I_trbB;I_trbA;I_traY;I_traW;I_traV;traU;I_traT;I_traR;I_traQ;I_traP;I_traO;I_traN;I_traL;I_traK;I_traI;I_traE	NA
CP041431.1	NA	NA	NA	NA	NA	NA	NA	NA	NA	NA	NA
CP041432.1	ENA|CP041432|CP041432.1	80029	No terminal repeats	94	11	0.9954	NA	30	79.3572	MOBF;F_traG;F_traH;F_traF;F_traN;F_traU;F_traW;virb4;F_traV;F_traK;F_traE;F_traL	NA
CP041584.1	NA	NA	NA	NA	NA	NA	NA	NA	NA	NA	NA
CP041587.1	NA	NA	NA	NA	NA	NA	NA	NA	NA	NA	NA
CP041588.1	ENA|CP041588|CP041588.1	6078	No terminal repeats	7	11	0.9936	NA	2	5.0002	MOBP1	NF000153
CP041589.1	ENA|CP041589|CP041589.1	10967	No terminal repeats	12	11	0.9941	NA	1	5.2214	NA	NA
CP041590.1	NA	NA	NA	NA	NA	NA	NA	NA	NA	NA	NA
CP041733.1	NA	NA	NA	NA	NA	NA	NA	NA	NA	NA	NA
CP041735.1	NA	NA	NA	NA	NA	NA	NA	NA	NA	NA	NA
CP041736.1	ENA|CP041736|CP041736.1	2496	No terminal repeats	3	11	0.9954	NA	1	3.1262	NA	NA
CP041737.1	NA	NA	NA	NA	NA	NA	NA	NA	NA	NA	NA
CP041738.1	NA	NA	NA	NA	NA	NA	NA	NA	NA	NA	NA
CP041739.1	ENA|CP041739|CP041739.1	70182	No terminal repeats	74	11	0.9916	NA	3	17.4482	FATA_prgIc;FATA_prgL	NA
CP041740.1	ENA|CP041740|CP041740.1	45436	No terminal repeats	57	11	0.9941	NA	7	24.6993	FATA_trsL;FATA_trsJ;FATA_trsL	NF033693;NF000027
CP041998.1	NA	NA	NA	NA	NA	NA	NA	NA	NA	NA	NA
CP041999.1	NA	NA	NA	NA	NA	NA	NA	NA	NA	NA	NA
CP042000.1	NA	NA	NA	NA	NA	NA	NA	NA	NA	NA	NA
CP042001.1	NA	NA	NA	NA	NA	NA	NA	NA	NA	NA	NA
CP042002.1	NA	NA	NA	NA	NA	NA	NA	NA	NA	NA	NA
CP042107.1	NA	NA	NA	NA	NA	NA	NA	NA	NA	NA	NA
CP042108.1	ENA|CP042108|CP042108.1	17383	DTR	23	11	0.9932	NA	2	7.2716	NA	NA
CP042109.1	NA	NA	NA	NA	NA	NA	NA	NA	NA	NA	NA
CP042211.1	NA	NA	NA	NA	NA	NA	NA	NA	NA	NA	NA
CP042212.1	ENA|CP042212|CP042212.1	6149	No terminal repeats	5	11	0.9936	NA	2	3.3035	MOBP1	NA
CP042216.2	NA	NA	NA	NA	NA	NA	NA	NA	NA	NA	NA
CP042217.2	ENA|CP042217|CP042217.2	85951	No terminal repeats	101	11	0.9893	NA	2	22.2448	NA	NF012176
CP042299.1	NA	NA	NA	NA	NA	NA	NA	NA	NA	NA	NA
CP042300.1	NA	NA	NA	NA	NA	NA	NA	NA	NA	NA	NA
CP042363.1	NA	NA	NA	NA	NA	NA	NA	NA	NA	NA	NA
CP042478.1	NA	NA	NA	NA	NA	NA	NA	NA	NA	NA	NA
CP042479.1	ENA|CP042479|CP042479.1	243455	No terminal repeats	274	11	0.9926	NA	41	106.9848	T_virB10;T_virB9;T_virB8;T_virB6;T_virB5;virb4;T_virB3;T_virB2;T_virB11;t4cp2;t4cp2;T_virB11;T_virB2;T_virB3;virb4;T_virB5;T_virB6;T_virB8;T_virB9;T_virB10;MOBH;t4cp1;F_traL;F_traE;F_traK;F_traB;F_traV;virb4;F_traW;F_traU;F_trbC;F_traF;F_traH;F_traG;T_virB1	NA
CP042480.1	ENA|CP042480|CP042480.1	176400	No terminal repeats	183	11	0.9932	NA	28	79.1578	F_traL;F_traE;F_traK;F_traV;virb4;F_traW;F_traU;F_trbC;F_traN;F_traF;F_traH;F_traG;MOBF	NF012147;NF040806;NF000270;NF033144;NF012178
CP042488.1	NA	NA	NA	NA	NA	NA	NA	NA	NA	NA	NA
CP042489.1	ENA|CP042489|CP042489.1	340181	No terminal repeats	367	11	0.9940	NA	17	208.4690	F_traE;F_traB;F_traV;virb4;F_traW;F_traU;F_trbC;F_traH;F_traF;MOBH;t4cp1	NF012171;NF012178;NF033144;NF000270
CP042491.1	ENA|CP042491|CP042491.1	4853	No terminal repeats	8	11	0.9943	NA	2	3.7423	MOBP1	NA
CP042492.1	ENA|CP042492|CP042492.1	2494	No terminal repeats	3	11	0.9953	NA	1	3.1262	NA	NA
CP042512.1	NA	NA	NA	NA	NA	NA	NA	NA	NA	NA	NA
CP042513.1	ENA|CP042513|CP042513.1	186249	No terminal repeats	213	11	0.9945	NA	27	135.3807	MOBF;F_traG;F_traH;F_traF;F_traN;F_trbC;F_traU;F_traW;virb4;F_traV;F_traK;F_traE;F_traL	NF000402;NF012178
CP042514.1	ENA|CP042514|CP042514.1	87731	No terminal repeats	109	11	0.9926	NA	15	46.5950	I_trbB;I_trbA;MOBP1;I_traI;I_traK;I_traL;I_traN;I_traO;I_traP;I_traQ;I_traR;traU;I_traW;I_traY	NF012147;NF012178
CP042515.1	NA	NA	NA	NA	NA	NA	NA	NA	NA	NA	NA
CP042516.1	ENA|CP042516|CP042516.1	2694	No terminal repeats	4	11	0.9942	NA	2	2.1806	NA	NA
CP042517.1	NA	NA	NA	NA	NA	NA	NA	NA	NA	NA	NA
CP042518.1	ENA|CP042518|CP042518.1	243455	No terminal repeats	274	11	0.9926	NA	41	106.9848	T_virB10;T_virB9;T_virB8;T_virB6;T_virB5;virb4;T_virB3;T_virB2;T_virB11;t4cp2;t4cp2;T_virB11;T_virB2;T_virB3;virb4;T_virB5;T_virB6;T_virB8;T_virB9;T_virB10;MOBH;t4cp1;F_traL;F_traE;F_traK;F_traB;F_traV;virb4;F_traW;F_traU;F_trbC;F_traF;F_traH;F_traG;T_virB1	NA
CP042524.1	NA	NA	NA	NA	NA	NA	NA	NA	NA	NA	NA
CP042525.1	ENA|CP042525|CP042525.1	339433	No terminal repeats	354	11	0.9940	NA	18	193.5100	F_traE;F_traB;F_traV;virb4;F_traW;F_traU;F_trbC;F_traH;F_traF;MOBH;t4cp1;F_traE	NA
CP042526.1	ENA|CP042526|CP042526.1	87731	No terminal repeats	109	11	0.9927	NA	15	46.5950	I_trbB;I_trbA;MOBP1;I_traI;I_traK;I_traL;I_traN;I_traO;I_traP;I_traQ;I_traR;traU;I_traW;I_traY	NF012178;NF012147
CP042527.1	NA	NA	NA	NA	NA	NA	NA	NA	NA	NA	NA
CP042528.1	ENA|CP042528|CP042528.1	4938	No terminal repeats	6	11	0.9940	NA	2	4.5840	MOBP1	NA
CP042529.1	ENA|CP042529|CP042529.1	3223	No terminal repeats	4	11	0.9955	NA	2	4.5840	MOBP1	NA
CP042534.1	NA	NA	NA	NA	NA	NA	NA	NA	NA	NA	NA
CP042535.1	ENA|CP042535|CP042535.1	306224	No terminal repeats	372	11	0.9897	NA	20	50.8829	T_virB1;F_traG;F_traH;F_traF;F_traU;F_traW;virb4;F_traV;F_traB;F_traK;F_traE;F_traL;t4cp1;MOBH	NA
CP042536.1	ENA|CP042536|CP042536.1	140460	No terminal repeats	174	11	0.9920	NA	21	61.2531	MOBH;t4cp1;F_traL;F_traE;F_traK;F_traB;F_traV;virb4;F_traW;F_traU;F_trbC;F_traF;F_traH;F_traG;T_virB1	NA
CP042537.1	ENA|CP042537|CP042537.1	87731	No terminal repeats	109	11	0.9926	NA	15	46.5950	I_trbB;I_trbA;MOBP1;I_traI;I_traK;I_traL;I_traN;I_traO;I_traP;I_traQ;I_traR;traU;I_traW;I_traY	NF012147;NF012178
CP042538.1	ENA|CP042538|CP042538.1	4938	No terminal repeats	6	11	0.9945	NA	2	4.5840	MOBP1	NA
CP042539.1	ENA|CP042539|CP042539.1	3223	No terminal repeats	5	11	0.9948	NA	2	4.5840	MOBP1	NA
CP042556.1	NA	NA	NA	NA	NA	NA	NA	NA	NA	NA	NA
CP042557.1	ENA|CP042557|CP042557.1	327867	No terminal repeats	333	11	0.9930	NA	9	239.8373	F_traE;traU;I_traN;I_traM;I_traI;I_traY;I_traW	NF040806;NF000025;NF012174;NF012147
CP042558.1	NA	NA	NA	NA	NA	NA	NA	NA	NA	NA	NA
CP042559.1	ENA|CP042559|CP042559.1	8795	No terminal repeats	11	11	0.9953	NA	2	9.8696	MOBQ	NA
CP042560.1	ENA|CP042560|CP042560.1	7703	No terminal repeats	11	11	0.9937	NA	1	6.7327	NA	NA
CP042561.1	ENA|CP042561|CP042561.1	5234	No terminal repeats	7	11	0.9950	NA	2	5.5461	MOBQ	NA
CP042562.1	ENA|CP042562|CP042562.1	5039	No terminal repeats	7	11	0.9940	NA	3	5.1548	MOBP1;MOBP1	NA
CP042563.1	ENA|CP042563|CP042563.1	4715	No terminal repeats	8	11	0.9944	NA	2	5.6249	MOBP1	NA
CP042564.1	ENA|CP042564|CP042564.1	3065	No terminal repeats	4	11	0.9942	NA	1	3.4296	NA	NA
CP042565.1	NA	NA	NA	NA	NA	NA	NA	NA	NA	NA	NA
CP042571.1	NA	NA	NA	NA	NA	NA	NA	NA	NA	NA	NA
CP042572.1	ENA|CP042572|CP042572.1	167131	No terminal repeats	177	11	0.9938	NA	22	98.9700	MOBF;t4cp2;F_traG;F_traH;F_traF;F_traN;F_traU;F_traW;virb4;F_traV;F_traB;F_traK;F_traE;F_traL	NA
CP042573.1	NA	NA	NA	NA	NA	NA	NA	NA	NA	NA	NA
CP042574.1	ENA|CP042574|CP042574.1	86404	No terminal repeats	108	11	0.9928	NA	15	46.5950	I_trbB;I_trbA;MOBP1;I_traI;I_traK;I_traL;I_traN;I_traO;I_traP;I_traQ;I_traR;traU;I_traW;I_traY	NF012147;NF012178
CP042575.1	ENA|CP042575|CP042575.1	4921	No terminal repeats	4	11	0.9939	NA	2	3.1408	MOBP1	NA
CP042576.1	ENA|CP042576|CP042576.1	2495	No terminal repeats	3	11	0.9953	NA	1	3.1262	NA	NA
CP042577.1	NA	NA	NA	NA	NA	NA	NA	NA	NA	NA	NA
CP042841.1	NA	NA	NA	NA	NA	NA	NA	NA	NA	NA	NA
CP042842.1	ENA|CP042842|CP042842.1	67023	No terminal repeats	94	11	0.9888	NA	15	32.4269	F_traL;F_traE;F_traK;F_traB;F_traV;F_traW;F_traU;F_trbC;F_trbC;F_traF;F_traH;F_traG;t4cp2	NA
CP042845.1	NA	NA	NA	NA	NA	NA	NA	NA	NA	NA	NA
CP042857.1	NA	NA	NA	NA	NA	NA	NA	NA	NA	NA	NA
CP042885.1	ENA|CP042885|CP042885.1	167966	No terminal repeats	204	11	0.9938	NA	22	89.1229	MOBP1;I_trbB;I_trbA;I_traY;I_traW;I_traV;traU;F_traE;F_traL;F_traE;F_traK;F_traE	NA
CP042886.1	ENA|CP042886|CP042886.1	88772	No terminal repeats	101	11	0.9952	NA	18	76.9222	MOBP1;I_trbB;I_trbA;I_traY;I_traW;I_traV;traU;I_traT;I_traR;I_traQ;I_traP;I_traO;I_traN;I_traL;I_traK;I_traI;I_traE	NA
CP042887.1	ENA|CP042887|CP042887.1	68601	No terminal repeats	81	11	0.9956	NA	28	72.1785	F_traL;F_traE;F_traK;F_traV;virb4;F_traW;F_traU;F_traN;F_traF;F_traH;F_traG;MOBF	NF012178
CP042888.1	ENA|CP042888|CP042888.1	57966	No terminal repeats	74	11	0.9935	NA	8	39.5390	MOBP1;T_virB9;T_virB8;T_virB6	NA
CP042889.1	ENA|CP042889|CP042889.1	7939	No terminal repeats	9	11	0.9942	NA	3	4.5487	MOBP1	NA
CP042890.1	ENA|CP042890|CP042890.1	4057	No terminal repeats	4	11	0.9928	NA	1	1.7183	NA	NA
CP042891.1	NA	NA	NA	NA	NA	NA	NA	NA	NA	NA	NA
CP042892.1	NA	NA	NA	NA	NA	NA	NA	NA	NA	NA	NA
CP042896.1	NA	NA	NA	NA	NA	NA	NA	NA	NA	NA	NA
CP042897.1	ENA|CP042897|CP042897.1	167754	No terminal repeats	165	11	0.9948	NA	29	103.3696	F_traN;F_traF;F_traH;F_traG;MOBF;F_traL;F_traE;F_traK;F_traV;virb4;F_traW;F_traU	NF012171
CP042898.1	ENA|CP042898|CP042898.1	215531	No terminal repeats	238	11	0.9943	NA	17	176.7784	t4cp1;MOBH;F_traF;F_traH;F_trbC;F_traU;F_traW;virb4;F_traV;F_traB;F_traE	NF012174
CP042899.1	NA	NA	NA	NA	NA	NA	NA	NA	NA	NA	NA
CP042900.1	ENA|CP042900|CP042900.1	117296	No terminal repeats	134	11	0.9933	NA	9	39.4394	MOBC;T_virB9;T_virB8;T_virB6;virb4	NF012174;NF012171
CP042907.1	NA	NA	NA	NA	NA	NA	NA	NA	NA	NA	NA
CP043191.1	NA	NA	NA	NA	NA	NA	NA	NA	NA	NA	NA
CP043192.1	ENA|CP043192|CP043192.1	165649	No terminal repeats	200	11	0.9929	NA	22	76.2864	F_trbC;F_traU;F_traW;virb4;F_traV;F_traB;F_traK;F_traE;F_traL;t4cp1;MOBH;F_traF;F_traH;F_traG;T_virB1	NF033085;NF012171;NF012174
CP043203.1	NA	NA	NA	NA	NA	NA	NA	NA	NA	NA	NA
CP043204.1	ENA|CP043204|CP043204.1	64415	No terminal repeats	85	11	0.9931	NA	8	38.7464	MOBP1;T_virB9;T_virB8;T_virB6	NF033085
CP043211.1	NA	NA	NA	NA	NA	NA	NA	NA	NA	NA	NA
CP043212.1	ENA|CP043212|CP043212.1	64997	No terminal repeats	85	11	0.9933	NA	8	38.7464	MOBP1;T_virB9;T_virB8;T_virB6	NF033085
CP043225.1	NA	NA	NA	NA	NA	NA	NA	NA	NA	NA	NA
CP043284.1	NA	NA	NA	NA	NA	NA	NA	NA	NA	NA	NA
CP043285.1	ENA|CP043285|CP043285.1	99721	No terminal repeats	114	11	0.9952	NA	19	76.9739	MOBP1;I_trbB;I_trbA;I_traY;I_traW;I_traV;traU;I_traT;I_traR;I_traQ;I_traP;I_traO;I_traN;I_traL;I_traK;I_traI;I_traE	NF033085
CP043286.1	ENA|CP043286|CP043286.1	111058	No terminal repeats	128	11	0.9945	NA	16	66.7708	MOBF;t4cp2;F_traG;F_traH;F_traE;F_traL	NF040806;NF012174;NF033144;NF012171;NF000119
CP043287.1	ENA|CP043287|CP043287.1	46161	No terminal repeats	58	11	0.9934	NA	9	25.1041	T_virB9;T_virB8;T_virB6;virb4;T_virB2;T_virB1	NF012147
CP043288.1	NA	NA	NA	NA	NA	NA	NA	NA	NA	NA	NA
CP043289.1	ENA|CP043289|CP043289.1	72276	No terminal repeats	87	11	0.9956	NA	29	82.1572	F_traL;F_traE;F_traK;F_traV;virb4;F_traW;F_traU;F_traN;F_traF;F_traH;F_traG;F_traG;MOBF	NA
CP043290.1	NA	NA	NA	NA	NA	NA	NA	NA	NA	NA	NA
CP043291.1	ENA|CP043291|CP043291.1	3372	No terminal repeats	4	11	0.9950	NA	3	4.5487	MOBP1	NA
CP043292.1	ENA|CP043292|CP043292.1	2255	No terminal repeats	4	11	0.9897	NA	2	2.3458	NA	NA
CP043293.1	ENA|CP043293|CP043293.1	2028	No terminal repeats	2	11	0.9964	NA	2	2.1806	NA	NA
CP043294.1	ENA|CP043294|CP043294.1	1308	No terminal repeats	2	11	0.9843	NA	2	1.9887	NA	NA
CP043332.1	NA	NA	NA	NA	NA	NA	NA	NA	NA	NA	NA
CP043333.1	ENA|CP043333|CP043333.1	46161	No terminal repeats	59	11	0.9939	NA	9	25.1041	T_virB9;T_virB8;T_virB6;virb4;T_virB2;T_virB1	NF012147
CP043362.1	NA	NA	NA	NA	NA	NA	NA	NA	NA	NA	NA
CP043363.1	ENA|CP043363|CP043363.1	131027	No terminal repeats	142	11	0.9950	NA	29	106.4781	F_traL;F_traE;F_traK;F_traV;virb4;F_traW;F_traU;F_trbC;F_traN;F_traF;F_traH;F_traG;MOBF	NA
CP043364.1	ENA|CP043364|CP043364.1	127885	No terminal repeats	155	11	0.9949	NA	28	114.8116	MOBF;F_traG;F_traH;F_traF;F_traN;F_trbC;F_traU;F_traW;virb4;F_traV;F_traK;F_traE;F_traL	NF012171;NF012174
CP043389.1	NA	NA	NA	NA	NA	NA	NA	NA	NA	NA	NA
CP043390.1	ENA|CP043390|CP043390.1	4439	No terminal repeats	4	11	0.9943	NA	1	3.7538	NA	NF012176
CP043391.1	NA	NA	NA	NA	NA	NA	NA	NA	NA	NA	NA
CP043401.1	NA	NA	NA	NA	NA	NA	NA	NA	NA	NA	NA
CP043414.1	NA	NA	NA	NA	NA	NA	NA	NA	NA	NA	NA
CP043415.1	ENA|CP043415|CP043415.1	138121	No terminal repeats	141	11	0.9951	NA	31	91.5941	F_traE;F_traE;MOBF;F_traG;F_traH;F_traF;F_traN;F_traU;F_traW;virb4;F_traV;F_traK;F_traE;F_traL	NA
CP043452.1	NA	NA	NA	NA	NA	NA	NA	NA	NA	NA	NA
CP043453.1	NA	NA	NA	NA	NA	NA	NA	NA	NA	NA	NA
CP043454.1	NA	NA	NA	NA	NA	NA	NA	NA	NA	NA	NA
CP043554.1	NA	NA	NA	NA	NA	NA	NA	NA	NA	NA	NA
CP043555.1	ENA|CP043555|CP043555.1	49113	No terminal repeats	71	11	0.9895	NA	15	25.6954	MOBC;F_traL;F_traE;F_traK;F_traB;F_traV;virb4;F_traW;F_traU;F_trbC;F_traN;F_traF;F_traH;F_traG	NA
CP043556.1	NA	NA	NA	NA	NA	NA	NA	NA	NA	NA	NA
CP043763.1	NA	NA	NA	NA	NA	NA	NA	NA	NA	NA	NA
CP043764.1	ENA|CP043764|CP043764.1	41772	No terminal repeats	47	11	0.9923	NA	9	21.1093	T_virB9;T_virB8;T_virB6;virb4;T_virB2;MOBP1	NA
CP043770.1	NA	NA	NA	NA	NA	NA	NA	NA	NA	NA	NA
CP043771.1	NA	NA	NA	NA	NA	NA	NA	NA	NA	NA	NA
CP043772.1	NA	NA	NA	NA	NA	NA	NA	NA	NA	NA	NA
CP043812.1	NA	NA	NA	NA	NA	NA	NA	NA	NA	NA	NA
CP043813.1	ENA|CP043813|CP043813.1	41357	No terminal repeats	47	11	0.9750	NA	9	16.3681	T_virB11;T_virB2;virb4;T_virB8;T_virB9;T_virB10;T_virB5	NA
CP043814.1	ENA|CP043814|CP043814.1	5600	No terminal repeats	8	11	0.9940	NA	1	4.4739	MOBQ	NA
CP043815.1	ENA|CP043815|CP043815.1	4207	No terminal repeats	10	11	0.9950	NA	3	9.8962	MOBP1	NA
CP043816.1	NA	NA	NA	NA	NA	NA	NA	NA	NA	NA	NA
CP043817.1	ENA|CP043817|CP043817.1	41356	No terminal repeats	46	11	0.9785	NA	9	16.3681	T_virB9;T_virB10;T_virB5;T_virB11;T_virB2;virb4;T_virB8	NA
CP043818.1	ENA|CP043818|CP043818.1	5600	No terminal repeats	7	11	0.9943	NA	1	4.4739	MOBQ	NA
CP043819.1	ENA|CP043819|CP043819.1	4207	No terminal repeats	9	11	0.9950	NA	2	8.1946	MOBP1	NA
CP043910.1	NA	NA	NA	NA	NA	NA	NA	NA	NA	NA	NA
CP043955.1	NA	NA	NA	NA	NA	NA	NA	NA	NA	NA	NA
CP044028.1	NA	NA	NA	NA	NA	NA	NA	NA	NA	NA	NA
CP044090.1	NA	NA	NA	NA	NA	NA	NA	NA	NA	NA	NA
CP044091.1	NA	NA	NA	NA	NA	NA	NA	NA	NA	NA	NA
CP044093.1	NA	NA	NA	NA	NA	NA	NA	NA	NA	NA	NA
CP044094.1	NA	NA	NA	NA	NA	NA	NA	NA	NA	NA	NA
CP044095.1	NA	NA	NA	NA	NA	NA	NA	NA	NA	NA	NA
CP044096.1	NA	NA	NA	NA	NA	NA	NA	NA	NA	NA	NA
CP044136.1	NA	NA	NA	NA	NA	NA	NA	NA	NA	NA	NA
CP044137.1	ENA|CP044137|CP044137.1	88229	No terminal repeats	103	11	0.9953	NA	19	77.1946	I_traE;I_traI;I_traK;I_traL;I_traN;I_traO;I_traP;I_traQ;I_traR;I_traT;traU;I_traV;I_traW;I_traY;I_trbA;I_trbB;MOBP1	NF033085
CP044138.1	ENA|CP044138|CP044138.1	34677	No terminal repeats	50	11	0.9943	NA	10	27.6637	T_virB9;T_virB11;T_virB2;virb4;virb4;T_virB6;T_virB6;T_virB8	NA
CP044139.1	ENA|CP044139|CP044139.1	92728	No terminal repeats	93	11	0.9945	NA	8	48.1530	T_virB11;MOBP1	NA
CP044140.1	NA	NA	NA	NA	NA	NA	NA	NA	NA	NA	NA
CP044141.1	NA	NA	NA	NA	NA	NA	NA	NA	NA	NA	NA
CP044161.1	NA	NA	NA	NA	NA	NA	NA	NA	NA	NA	NA
CP044184.1	NA	NA	NA	NA	NA	NA	NA	NA	NA	NA	NA
CP044185.1	NA	NA	NA	NA	NA	NA	NA	NA	NA	NA	NA
CP044264.1	NA	NA	NA	NA	NA	NA	NA	NA	NA	NA	NA
CP044265.1	ENA|CP044265|CP044265.1	194666	No terminal repeats	203	11	0.9901	NA	3	51.8938	MOBP2	NA
CP044266.1	ENA|CP044266|CP044266.1	147595	No terminal repeats	189	11	0.9910	NA	3	29.1799	NA	NF033115;NF033693
CP044267.1	NA	NA	NA	NA	NA	NA	NA	NA	NA	NA	NA
CP044268.1	ENA|CP044268|CP044268.1	11638	No terminal repeats	15	11	0.9938	NA	1	6.1180	NA	NA
CP044269.1	ENA|CP044269|CP044269.1	6173	No terminal repeats	8	11	0.9955	NA	1	9.3098	NA	NA
CP044270.1	NA	NA	NA	NA	NA	NA	NA	NA	NA	NA	NA
CP044271.1	NA	NA	NA	NA	NA	NA	NA	NA	NA	NA	NA
CP044272.1	ENA|CP044272|CP044272.1	4374	No terminal repeats	6	11	0.9951	NA	1	5.9024	NA	NA
CP044273.1	NA	NA	NA	NA	NA	NA	NA	NA	NA	NA	NA
CP044314.1	NA	NA	NA	NA	NA	NA	NA	NA	NA	NA	NA
CP044315.2	NA	NA	NA	NA	NA	NA	NA	NA	NA	NA	NA
CP044436.1	NA	NA	NA	NA	NA	NA	NA	NA	NA	NA	NA
CP044437.1	NA	NA	NA	NA	NA	NA	NA	NA	NA	NA	NA
CP044497.1	NA	NA	NA	NA	NA	NA	NA	NA	NA	NA	NA
CP045008.1	NA	NA	NA	NA	NA	NA	NA	NA	NA	NA	NA
CP045009.1	ENA|CP045009|CP045009.1	59167	No terminal repeats	68	11	0.9901	NA	9	12.5239	MOBP1;virb4;T_virB5;T_virB6;T_virB8;T_virB9	NF000027;NF000424
CP045010.1	NA	NA	NA	NA	NA	NA	NA	NA	NA	NA	NA
CP045011.1	NA	NA	NA	NA	NA	NA	NA	NA	NA	NA	NA
CP045108.1	NA	NA	NA	NA	NA	NA	NA	NA	NA	NA	NA
CP045109.1	ENA|CP045109|CP045109.1	9540	No terminal repeats	15	11	0.9950	NA	1	9.4120	MOBQ	NA
CP045110.1	NA	NA	NA	NA	NA	NA	NA	NA	NA	NA	NA
CP045193.1	NA	NA	NA	NA	NA	NA	NA	NA	NA	NA	NA
CP045194.1	ENA|CP045194|CP045194.1	232148	No terminal repeats	238	11	0.9926	NA	8	78.1407	F_traE;F_traE	NF000402
CP045195.1	ENA|CP045195|CP045195.1	50514	No terminal repeats	64	11	0.9936	NA	9	31.1327	T_virB1;T_virB2;virb4;T_virB6;T_virB8;T_virB9	NF040806
CP045255.1	ENA|CP045255|CP045255.1	36067	No terminal repeats	43	11	0.9942	NA	10	16.7641	I_traV;T_virB10;T_virB9;T_virB8;T_virB5;T_virB3;T_virB2;T_virB11	NA
CP045256.1	NA	NA	NA	NA	NA	NA	NA	NA	NA	NA	NA
CP045257.1	NA	NA	NA	NA	NA	NA	NA	NA	NA	NA	NA
CP045451.1	NA	NA	NA	NA	NA	NA	NA	NA	NA	NA	NA
CP045465.1	NA	NA	NA	NA	NA	NA	NA	NA	NA	NA	NA
CP045478.1	NA	NA	NA	NA	NA	NA	NA	NA	NA	NA	NA
CP045479.1	NA	NA	NA	NA	NA	NA	NA	NA	NA	NA	NA
CP045509.1	NA	NA	NA	NA	NA	NA	NA	NA	NA	NA	NA
CP045510.1	ENA|CP045510|CP045510.1	90966	No terminal repeats	122	11	0.9936	NA	7	38.7903	T_virB1;F_traG;F_traH;F_traF	NF012174;NF012171;NF000119
CP045511.1	ENA|CP045511|CP045511.1	54907	No terminal repeats	70	11	0.9934	NA	13	38.3415	MOBP1;I_traI;I_traK;I_traL;I_traN;I_traO;I_traP;I_traQ;I_traR;traU;I_traW;I_traY	NA
CP045512.1	ENA|CP045512|CP045512.1	48530	No terminal repeats	56	11	0.9917	NA	9	36.9081	T_virB3;T_virB6;T_virB8;T_virB9;MOBP1	NA
CP045538.2	NA	NA	NA	NA	NA	NA	NA	NA	NA	NA	NA
CP045539.1	NA	NA	NA	NA	NA	NA	NA	NA	NA	NA	NA
CP045540.1	ENA|CP045540|CP045540.1	99278	No terminal repeats	109	11	0.9904	NA	20	32.7532	MOBH;t4cp1;F_traL;F_traE;F_traK;F_traB;F_traV;virb4;F_traW;F_traU;F_traF;F_traH;F_traG;F_trbC;T_virB1	NF033144;NF040806;NF012147
CP045602.1	NA	NA	NA	NA	NA	NA	NA	NA	NA	NA	NA
CP045603.1	ENA|CP045603|CP045603.1	78670	No terminal repeats	88	11	0.9929	NA	2	33.6234	MOBP2	NA
CP045718.1	NA	NA	NA	NA	NA	NA	NA	NA	NA	NA	NA
CP045719.1	NA	NA	NA	NA	NA	NA	NA	NA	NA	NA	NA
CP045726.1	NA	NA	NA	NA	NA	NA	NA	NA	NA	NA	NA
CP045727.1	ENA|CP045727|CP045727.1	63589	No terminal repeats	86	11	0.9917	NA	15	39.1630	I_trbB;I_trbA;MOBP1;I_traI;I_traK;I_traL;I_traN;I_traO;I_traP;I_traQ;I_traR;traU;I_traW;I_traY	NF040806
CP045768.1	NA	NA	NA	NA	NA	NA	NA	NA	NA	NA	NA
CP045812.1	NA	NA	NA	NA	NA	NA	NA	NA	NA	NA	NA
CP045813.1	NA	NA	NA	NA	NA	NA	NA	NA	NA	NA	NA
CP045819.1	NA	NA	NA	NA	NA	NA	NA	NA	NA	NA	NA
CP045820.1	NA	NA	NA	NA	NA	NA	NA	NA	NA	NA	NA
CP045821.1	NA	NA	NA	NA	NA	NA	NA	NA	NA	NA	NA
CP045822.1	NA	NA	NA	NA	NA	NA	NA	NA	NA	NA	NA
CP045823.1	NA	NA	NA	NA	NA	NA	NA	NA	NA	NA	NA
CP045824.1	NA	NA	NA	NA	NA	NA	NA	NA	NA	NA	NA
CP045826.1	NA	NA	NA	NA	NA	NA	NA	NA	NA	NA	NA
CP045832.1	NA	NA	NA	NA	NA	NA	NA	NA	NA	NA	NA
CP045833.1	ENA|CP045833|CP045833.1	41998	No terminal repeats	48	11	0.9790	NA	9	16.3681	T_virB5;T_virB10;T_virB9;T_virB8;virb4;T_virB2;T_virB11	NA
CP045834.1	ENA|CP045834|CP045834.1	4197	No terminal repeats	8	11	0.9952	NA	2	8.1779	MOBP1	NA
CP045922.1	NA	NA	NA	NA	NA	NA	NA	NA	NA	NA	NA
CP045923.1	NA	NA	NA	NA	NA	NA	NA	NA	NA	NA	NA
CP045930.1	NA	NA	NA	NA	NA	NA	NA	NA	NA	NA	NA
CP045931.1	NA	NA	NA	NA	NA	NA	NA	NA	NA	NA	NA
CP045947.1	NA	NA	NA	NA	NA	NA	NA	NA	NA	NA	NA
CP045948.1	ENA|CP045948|CP045948.1	4251	No terminal repeats	4	11	0.9943	NA	2	3.1408	MOBP1	NA
CP045960.1	NA	NA	NA	NA	NA	NA	NA	NA	NA	NA	NA
CP045961.1	NA	NA	NA	NA	NA	NA	NA	NA	NA	NA	NA
CP046022.1	NA	NA	NA	NA	NA	NA	NA	NA	NA	NA	NA
CP046025.1	NA	NA	NA	NA	NA	NA	NA	NA	NA	NA	NA
CP046026.1	ENA|CP046026|CP046026.1	104812	No terminal repeats	124	11	0.9909	NA	22	45.6551	F_traF;F_traH;F_traG;F_trbC;T_virB1;MOBH;t4cp1;F_traL;F_traE;F_traK;F_traB;F_traV;virb4;F_traW;F_traU	NF000270;NF012171
CP046048.1	NA	NA	NA	NA	NA	NA	NA	NA	NA	NA	NA
CP046049.1	NA	NA	NA	NA	NA	NA	NA	NA	NA	NA	NA
CP046050.1	ENA|CP046050|CP046050.1	165918	No terminal repeats	175	11	0.9914	NA	22	52.2121	MOBH;t4cp1;F_traL;F_traE;F_traK;F_traB;F_traV;virb4;F_traW;F_traU;F_traF;F_traH;F_traG;F_trbC;T_virB1	NF033144;NF040806;NF012147;NF033144;NF000107
CP046108.1	NA	NA	NA	NA	NA	NA	NA	NA	NA	NA	NA
CP046109.1	ENA|CP046109|CP046109.1	74657	No terminal repeats	82	11	0.9911	NA	2	20.9591	MOBP2	NA
CP046110.1	NA	NA	NA	NA	NA	NA	NA	NA	NA	NA	NA
CP046111.1	NA	NA	NA	NA	NA	NA	NA	NA	NA	NA	NA
CP046112.1	NA	NA	NA	NA	NA	NA	NA	NA	NA	NA	NA
CP046259.1	NA	NA	NA	NA	NA	NA	NA	NA	NA	NA	NA
CP046260.1	ENA|CP046260|CP046260.1	108424	No terminal repeats	119	11	0.9946	NA	13	56.5550	F_traE;F_traL;F_traE;t4cp2;MOBF;T_virB11	NF012174;NF012174;NF012171
CP046261.1	ENA|CP046261|CP046261.1	66053	No terminal repeats	78	11	0.9957	NA	28	70.2863	F_traL;F_traE;F_traK;F_traV;virb4;F_traW;F_traU;F_traN;F_traF;F_traH;F_traG;MOBF	NF012147;NF000005
CP046282.1	ENA|CP046282|CP046282.1	94642	No terminal repeats	117	11	0.9950	NA	31	78.5745	MOBF;F_traG;F_traH;F_traF;F_traN;F_traU;F_traW;virb4;F_traV;F_traK;F_traE;F_traL	NA
CP046283.1	NA	NA	NA	NA	NA	NA	NA	NA	NA	NA	NA
CP046284.1	ENA|CP046284|CP046284.1	87018	No terminal repeats	99	11	0.9952	NA	19	69.9909	MOBP1;I_trbB;I_trbA;I_traY;I_traW;I_traV;traU;I_traT;I_traR;I_traQ;I_traP;I_traO;I_traN;I_traL;I_traK;I_traI;I_traE	NA
CP046317.1	NA	NA	NA	NA	NA	NA	NA	NA	NA	NA	NA
CP046318.1	ENA|CP046318|CP046318.1	38104	No terminal repeats	48	11	0.9935	NA	9	19.7631	T_virB2;T_virB11;T_virB10;T_virB9;T_virB8;T_virB5	NA
CP046354.1	NA	NA	NA	NA	NA	NA	NA	NA	NA	NA	NA
CP046356.1	NA	NA	NA	NA	NA	NA	NA	NA	NA	NA	NA
CP046358.1	NA	NA	NA	NA	NA	NA	NA	NA	NA	NA	NA
CP046359.1	NA	NA	NA	NA	NA	NA	NA	NA	NA	NA	NA
CP046360.1	NA	NA	NA	NA	NA	NA	NA	NA	NA	NA	NA
CP046379.1	NA	NA	NA	NA	NA	NA	NA	NA	NA	NA	NA
CP046448.1	NA	NA	NA	NA	NA	NA	NA	NA	NA	NA	NA
CP046476.1	NA	NA	NA	NA	NA	NA	NA	NA	NA	NA	NA
CP046477.1	ENA|CP046477|CP046477.1	16100	No terminal repeats	21	11	0.9929	NA	1	9.3065	NA	NA
CP046526.1	ENA|CP046526|CP046526.1	98304	DTR	96	11	0.9945	NA	8	51.4071	MOBP1;T_virB11	NA
CP046527.1	NA	NA	NA	NA	NA	NA	NA	NA	NA	NA	NA
CP046546.1	NA	NA	NA	NA	NA	NA	NA	NA	NA	NA	NA
CP046547.1	ENA|CP046547|CP046547.1	19653	No terminal repeats	25	11	0.9913	NA	2	6.1593	MOBQ;T_virB6	NA
CP046548.1	NA	NA	NA	NA	NA	NA	NA	NA	NA	NA	NA
CP046591.1	NA	NA	NA	NA	NA	NA	NA	NA	NA	NA	NA
CP046612.1	NA	NA	NA	NA	NA	NA	NA	NA	NA	NA	NA
CP046613.1	ENA|CP046613|CP046613.1	237090	No terminal repeats	244	11	0.9933	NA	7	74.5318	F_traE;F_traE	NF000402
CP046614.1	ENA|CP046614|CP046614.1	230910	No terminal repeats	260	11	0.9931	NA	12	83.8150	F_trbC;F_traU;F_traW;virb4;F_traV;F_traB;F_traK;F_traE	NF012147
CP046735.1	NA	NA	NA	NA	NA	NA	NA	NA	NA	NA	NA
CP046736.1	NA	NA	NA	NA	NA	NA	NA	NA	NA	NA	NA
CP046737.1	NA	NA	NA	NA	NA	NA	NA	NA	NA	NA	NA
CP046738.1	NA	NA	NA	NA	NA	NA	NA	NA	NA	NA	NA
CP046739.1	NA	NA	NA	NA	NA	NA	NA	NA	NA	NA	NA
CP046740.1	NA	NA	NA	NA	NA	NA	NA	NA	NA	NA	NA
CP046741.1	NA	NA	NA	NA	NA	NA	NA	NA	NA	NA	NA
CP046742.1	NA	NA	NA	NA	NA	NA	NA	NA	NA	NA	NA
CP046743.1	NA	NA	NA	NA	NA	NA	NA	NA	NA	NA	NA
CP046744.1	NA	NA	NA	NA	NA	NA	NA	NA	NA	NA	NA
CP046747.1	NA	NA	NA	NA	NA	NA	NA	NA	NA	NA	NA
CP046748.1	NA	NA	NA	NA	NA	NA	NA	NA	NA	NA	NA
CP046749.1	NA	NA	NA	NA	NA	NA	NA	NA	NA	NA	NA
CP046750.1	NA	NA	NA	NA	NA	NA	NA	NA	NA	NA	NA
CP046838.1	NA	NA	NA	NA	NA	NA	NA	NA	NA	NA	NA
CP046839.1	NA	NA	NA	NA	NA	NA	NA	NA	NA	NA	NA
CP046840.1	NA	NA	NA	NA	NA	NA	NA	NA	NA	NA	NA
CP046841.1	NA	NA	NA	NA	NA	NA	NA	NA	NA	NA	NA
CP046844.1	NA	NA	NA	NA	NA	NA	NA	NA	NA	NA	NA
CP046845.1	NA	NA	NA	NA	NA	NA	NA	NA	NA	NA	NA
CP047059.1	NA	NA	NA	NA	NA	NA	NA	NA	NA	NA	NA
CP047060.1	NA	NA	NA	NA	NA	NA	NA	NA	NA	NA	NA
CP047112.1	NA	NA	NA	NA	NA	NA	NA	NA	NA	NA	NA
CP047113.1	ENA|CP047113|CP047113.1	12795	No terminal repeats	16	11	0.9938	NA	2	2.9666	MOBV	NF000424
CP047114.1	ENA|CP047114|CP047114.1	138818	No terminal repeats	152	11	0.9916	NA	21	48.4312	F_traG;F_traH;F_traF;F_traU;F_traW;virb4;F_traV;F_traB;F_traK;F_traE;F_traL;t4cp1;MOBH;T_virB1;F_trbC	NF000119;NF000107;NF033144
CP047120.1	NA	NA	NA	NA	NA	NA	NA	NA	NA	NA	NA
CP047197.1	NA	NA	NA	NA	NA	NA	NA	NA	NA	NA	NA
CP047212.1	NA	NA	NA	NA	NA	NA	NA	NA	NA	NA	NA
CP047213.1	ENA|CP047213|CP047213.1	62417	No terminal repeats	69	11	0.9926	NA	10	24.7467	MOBP1;T_virB2;virb4;T_virB6;T_virB8;T_virB9	NF033068
CP047216.1	NA	NA	NA	NA	NA	NA	NA	NA	NA	NA	NA
CP047217.1	ENA|CP047217|CP047217.1	57366	No terminal repeats	65	11	0.9923	NA	10	24.0120	T_virB9;T_virB8;T_virB6;virb4;T_virB2;MOBP1	NF033068
CP047269.1	NA	NA	NA	NA	NA	NA	NA	NA	NA	NA	NA
CP047270.1	ENA|CP047270|CP047270.1	277055	No terminal repeats	306	11	0.9937	NA	44	135.2477	MOBH;t4cp1;F_traL;F_traE;F_traK;F_traB;F_traV;virb4;F_traW;F_traF;F_traH;F_traG;T_virB1;F_traL;F_traE;F_traK;F_traV;F_traW;F_traU;F_traN;F_traN;F_traF;F_traH;F_traG;t4cp2;MOBF	NF033085;NF040806;NF012178;NF033144;NF000270
CP047273.1	NA	NA	NA	NA	NA	NA	NA	NA	NA	NA	NA
CP047274.1	ENA|CP047274|CP047274.1	277055	No terminal repeats	306	11	0.9937	NA	44	135.2477	MOBH;t4cp1;F_traL;F_traE;F_traK;F_traB;F_traV;virb4;F_traW;F_traF;F_traH;F_traG;T_virB1;F_traL;F_traE;F_traK;F_traV;F_traW;F_traU;F_traN;F_traN;F_traF;F_traH;F_traG;t4cp2;MOBF	NF033085;NF040806;NF012178;NF033144;NF000270
CP047275.1	NA	NA	NA	NA	NA	NA	NA	NA	NA	NA	NA
CP047276.1	ENA|CP047276|CP047276.1	282258	No terminal repeats	316	11	0.9936	NA	44	138.7900	MOBH;t4cp1;F_traL;F_traE;F_traK;F_traB;F_traV;virb4;F_traW;F_traF;F_traH;F_traG;T_virB1;F_traL;F_traE;F_traK;F_traV;F_traW;F_traU;F_traN;F_traN;F_traF;F_traH;F_traG;t4cp2;MOBF	NF033085;NF040806;NF012171;NF012174;NF012178;NF033144;NF000270
CP047279.1	NA	NA	NA	NA	NA	NA	NA	NA	NA	NA	NA
CP047280.1	ENA|CP047280|CP047280.1	262422	No terminal repeats	299	11	0.9937	NA	44	135.6503	MOBH;t4cp1;F_traL;F_traE;F_traK;F_traB;F_traV;virb4;F_traW;F_traF;F_traH;F_traG;T_virB1;F_traL;F_traE;F_traK;F_traV;F_traW;F_traU;F_traN;F_traN;F_traF;F_traH;F_traG;t4cp2;MOBF	NF033085;NF040806;NF012171;NF012174;NF012178;NF033144;NF000270
CP047295.1	NA	NA	NA	NA	NA	NA	NA	NA	NA	NA	NA
CP047296.1	NA	NA	NA	NA	NA	NA	NA	NA	NA	NA	NA
CP047297.1	NA	NA	NA	NA	NA	NA	NA	NA	NA	NA	NA
CP047298.1	NA	NA	NA	NA	NA	NA	NA	NA	NA	NA	NA
CP047299.1	NA	NA	NA	NA	NA	NA	NA	NA	NA	NA	NA
CP047300.1	NA	NA	NA	NA	NA	NA	NA	NA	NA	NA	NA
CP047301.1	NA	NA	NA	NA	NA	NA	NA	NA	NA	NA	NA
CP047302.1	NA	NA	NA	NA	NA	NA	NA	NA	NA	NA	NA
CP047303.1	NA	NA	NA	NA	NA	NA	NA	NA	NA	NA	NA
CP047304.1	NA	NA	NA	NA	NA	NA	NA	NA	NA	NA	NA
CP047305.1	NA	NA	NA	NA	NA	NA	NA	NA	NA	NA	NA
CP047306.1	NA	NA	NA	NA	NA	NA	NA	NA	NA	NA	NA
CP047307.1	NA	NA	NA	NA	NA	NA	NA	NA	NA	NA	NA
CP047308.1	ENA|CP047308|CP047308.1	146252	No terminal repeats	183	11	0.9927	NA	21	67.5686	MOBH;t4cp1;F_traL;F_traE;F_traK;F_traB;F_traV;virb4;F_traW;F_traU;F_trbC;F_traF;F_traH;F_traG;T_virB1	NF033144;NF000005;NF012147;NF033144;NF012178;NF012171
CP047309.1	ENA|CP047309|CP047309.1	73749	No terminal repeats	74	11	0.9942	NA	8	42.8464	F_traG;t4cp2;MOBF	NA
CP047325.1	NA	NA	NA	NA	NA	NA	NA	NA	NA	NA	NA
CP047326.1	NA	NA	NA	NA	NA	NA	NA	NA	NA	NA	NA
CP047327.1	ENA|CP047327|CP047327.1	181744	No terminal repeats	191	11	0.9917	NA	2	45.5990	MOBP2	NA
CP047328.1	ENA|CP047328|CP047328.1	21625	No terminal repeats	33	11	0.9931	NA	1	7.4754	NA	NF012176
CP047329.1	ENA|CP047329|CP047329.1	31694	No terminal repeats	38	11	0.9943	NA	4	26.0174	FATA_trsC;FATA_trsD;FATA_trsL	NA
CP047340.1	NA	NA	NA	NA	NA	NA	NA	NA	NA	NA	NA
CP047341.1	ENA|CP047341|CP047341.1	59168	No terminal repeats	69	11	0.9903	NA	10	14.1197	MOBP1;virb4;T_virB5;T_virB6;T_virB8;T_virB9;MOBP1	NF000027;NF000424
CP047342.1	NA	NA	NA	NA	NA	NA	NA	NA	NA	NA	NA
CP047343.1	NA	NA	NA	NA	NA	NA	NA	NA	NA	NA	NA
CP047349.1	NA	NA	NA	NA	NA	NA	NA	NA	NA	NA	NA
CP047350.1	ENA|CP047350|CP047350.1	171208	No terminal repeats	200	11	0.9928	NA	25	80.1797	T_virB8;T_virB9;MOBH;t4cp1;F_traL;F_traE;F_traK;F_traB;F_traV;virb4;F_traW;F_traU;F_trbC;F_traF;F_traH;F_traG;T_virB1	NF012171;NF012171
CP047351.1	NA	NA	NA	NA	NA	NA	NA	NA	NA	NA	NA
CP047352.1	NA	NA	NA	NA	NA	NA	NA	NA	NA	NA	NA
CP047353.1	ENA|CP047353|CP047353.1	168512	No terminal repeats	197	11	0.9927	NA	25	78.9228	T_virB8;T_virB9;MOBH;t4cp1;F_traL;F_traE;F_traK;F_traB;F_traV;virb4;F_traW;F_traU;F_trbC;F_traF;F_traH;F_traG;T_virB1	NF012171;NF012171
CP047354.1	NA	NA	NA	NA	NA	NA	NA	NA	NA	NA	NA
CP047391.1	NA	NA	NA	NA	NA	NA	NA	NA	NA	NA	NA
CP047392.1	ENA|CP047392|CP047392.1	42724	No terminal repeats	56	11	0.9928	NA	8	29.4850	T_virB2;virb4;T_virB6;T_virB8;T_virB9	NA
CP047469.1	NA	NA	NA	NA	NA	NA	NA	NA	NA	NA	NA
CP047470.1	ENA|CP047470|CP047470.1	29812	No terminal repeats	37	11	0.9897	NA	10	22.3539	MOBP1;T_virB9;T_virB8;T_virB6;T_virB5;virb4;T_virB3	NA
CP047471.1	ENA|CP047471|CP047471.1	75321	No terminal repeats	93	11	0.9944	NA	11	59.0014	T_virB9;T_virB8;T_virB6;T_virB5;virb4;T_virB3;T_virB1	NF000424
CP047472.1	ENA|CP047472|CP047472.1	12887	No terminal repeats	16	11	0.9910	NA	2	6.8707	NA	NA
CP047473.1	ENA|CP047473|CP047473.1	97200	No terminal repeats	105	11	0.9929	NA	5	37.8511	NA	NF012174;NF012171;NF012174
CP047474.1	ENA|CP047474|CP047474.1	9578	No terminal repeats	7	11	0.9951	NA	3	6.0011	MOBQ	NA
CP047485.1	NA	NA	NA	NA	NA	NA	NA	NA	NA	NA	NA
CP047548.1	NA	NA	NA	NA	NA	NA	NA	NA	NA	NA	NA
CP047549.1	ENA|CP047549|CP047549.1	249152	No terminal repeats	270	11	0.9942	NA	17	186.0764	F_traU;F_trbC;F_traH;F_traF;MOBH;t4cp1;F_traE;F_traB;F_traV;virb4;F_traW	NF033144;NF000270;NF000107;NF012174;NF000027
CP047589.1	NA	NA	NA	NA	NA	NA	NA	NA	NA	NA	NA
CP047590.1	ENA|CP047590|CP047590.1	165923	No terminal repeats	172	11	0.9909	NA	22	52.2121	MOBH;t4cp1;F_traL;F_traE;F_traK;F_traB;F_traV;virb4;F_traW;F_traU;F_traF;F_traH;F_traG;F_trbC;T_virB1	NF033144;NF000107;NF033144;NF040806;NF012147
CP047633.1	NA	NA	NA	NA	NA	NA	NA	NA	NA	NA	NA
CP047634.1	ENA|CP047634|CP047634.1	174647	No terminal repeats	197	11	0.9946	NA	26	125.8928	MOBF;F_traG;F_traH;F_traF;F_traN;F_trbC;F_traU;F_traW;virb4;F_traV;F_traK;F_traE;F_traL	NF000402;NF012174;NF012178;NF033144
CP047635.1	ENA|CP047635|CP047635.1	138314	No terminal repeats	144	11	0.9944	NA	26	97.4545	MOBF;F_traG;F_traH;F_traF;F_traN;F_trbC;F_traU;F_traW;virb4;F_traV;F_traK;F_traE;F_traL	NA
CP047636.1	NA	NA	NA	NA	NA	NA	NA	NA	NA	NA	NA
CP047637.1	ENA|CP047637|CP047637.1	70729	No terminal repeats	87	11	0.9954	NA	27	76.6808	F_traL;F_traE;F_traK;F_traV;virb4;F_traW;F_traU;F_traN;F_traF;F_traH;F_traG;MOBF	NF033134
CP047638.1	ENA|CP047638|CP047638.1	10077	No terminal repeats	14	11	0.9938	NA	4	7.8883	MOBC	NA
CP047643.1	NA	NA	NA	NA	NA	NA	NA	NA	NA	NA	NA
CP047646.1	NA	NA	NA	NA	NA	NA	NA	NA	NA	NA	NA
CP047665.1	NA	NA	NA	NA	NA	NA	NA	NA	NA	NA	NA
CP047666.1	ENA|CP047666|CP047666.1	251000	No terminal repeats	277	11	0.9942	NA	17	189.7712	F_traE;F_traB;F_traV;virb4;F_traW;F_traU;F_trbC;F_traH;F_traF;MOBH;t4cp1	NF012178;NF000496;NF000107;NF012174;NF000027
CP047667.1	ENA|CP047667|CP047667.1	135123	No terminal repeats	146	11	0.9947	NA	29	94.7991	MOBF;F_traG;F_traH;F_traF;F_traN;F_traU;F_traW;virb4;F_traV;F_traK;F_traE;F_traL	NF012174
CP047677.1	NA	NA	NA	NA	NA	NA	NA	NA	NA	NA	NA
CP047678.1	ENA|CP047678|CP047678.1	229024	No terminal repeats	248	11	0.9937	NA	5	83.5963	F_traE	NF033134;NF000402
CP047679.1	NA	NA	NA	NA	NA	NA	NA	NA	NA	NA	NA
CP047680.1	ENA|CP047680|CP047680.1	94056	No terminal repeats	108	11	0.9952	NA	25	85.6566	MOBF;F_traG;F_traH;F_traF;F_traN;F_trbC;F_traU;F_traW;virb4;F_traV;F_traK;F_traE;F_traL	NA
CP047681.1	ENA|CP047681|CP047681.1	2953	No terminal repeats	3	11	0.9964	NA	2	3.2106	NA	NA
CP047682.1	NA	NA	NA	NA	NA	NA	NA	NA	NA	NA	NA
CP047683.1	ENA|CP047683|CP047683.1	103175	No terminal repeats	125	11	0.9953	NA	27	102.0954	MOBF;F_traG;F_traH;F_traF;F_traN;F_trbC;F_traU;F_traW;virb4;F_traV;F_traK;F_traE;F_traL	NA
CP047684.1	ENA|CP047684|CP047684.1	2953	No terminal repeats	3	11	0.9964	NA	2	3.2106	NA	NA
CP047685.1	NA	NA	NA	NA	NA	NA	NA	NA	NA	NA	NA
CP047686.1	ENA|CP047686|CP047686.1	103167	No terminal repeats	125	11	0.9953	NA	27	102.0954	MOBF;F_traG;F_traH;F_traF;F_traN;F_trbC;F_traU;F_traW;virb4;F_traV;F_traK;F_traE;F_traL	NA
CP047687.1	ENA|CP047687|CP047687.1	2953	No terminal repeats	3	11	0.9964	NA	2	3.2106	NA	NA
CP047688.1	NA	NA	NA	NA	NA	NA	NA	NA	NA	NA	NA
CP047689.1	ENA|CP047689|CP047689.1	103167	No terminal repeats	125	11	0.9953	NA	27	102.0954	MOBF;F_traG;F_traH;F_traF;F_traN;F_trbC;F_traU;F_traW;virb4;F_traV;F_traK;F_traE;F_traL	NA
CP047690.1	ENA|CP047690|CP047690.1	2953	No terminal repeats	3	11	0.9964	NA	2	3.2106	NA	NA
CP047807.1	NA	NA	NA	NA	NA	NA	NA	NA	NA	NA	NA
CP047808.1	ENA|CP047808|CP047808.1	22726	No terminal repeats	24	11	0.9937	NA	2	11.9541	NA	NA
CP047809.1	NA	NA	NA	NA	NA	NA	NA	NA	NA	NA	NA
CP047810.1	ENA|CP047810|CP047810.1	27353	No terminal repeats	32	11	0.9914	NA	1	11.0747	NA	NF040806;NF012167
CP047833.1	NA	NA	NA	NA	NA	NA	NA	NA	NA	NA	NA
CP047834.1	ENA|CP047834|CP047834.1	8034	No terminal repeats	12	11	0.9916	NA	1	3.3740	NA	NA
CP047843.1	NA	NA	NA	NA	NA	NA	NA	NA	NA	NA	NA
CP047844.1	ENA|CP047844|CP047844.1	20730	No terminal repeats	23	11	0.9942	NA	2	10.8004	MOBV	NF040806;NF012167
CP047849.1	NA	NA	NA	NA	NA	NA	NA	NA	NA	NA	NA
CP047850.1	ENA|CP047850|CP047850.1	25704	No terminal repeats	30	11	0.9936	NA	3	10.3494	MOBV	NF012176
CP047865.1	NA	NA	NA	NA	NA	NA	NA	NA	NA	NA	NA
CP047866.1	ENA|CP047866|CP047866.1	27266	No terminal repeats	31	11	0.9937	NA	2	7.7985	NA	NF012167;NF040806
CP047867.1	NA	NA	NA	NA	NA	NA	NA	NA	NA	NA	NA
CP047868.1	NA	NA	NA	NA	NA	NA	NA	NA	NA	NA	NA
CP047881.1	NA	NA	NA	NA	NA	NA	NA	NA	NA	NA	NA
CP047882.1	ENA|CP047882|CP047882.1	285081	No terminal repeats	283	11	0.9941	NA	24	130.7266	MOBP1;I_traE;I_traI;I_traK;I_traL;I_traN;I_traO;I_traP;I_traQ;I_traR;I_traT;traU;I_traV;I_traW;I_traY;I_trbA;I_trbB;MOBP1	NF012171;NF012174
CP047929.1	NA	NA	NA	NA	NA	NA	NA	NA	NA	NA	NA
CP047965.1	NA	NA	NA	NA	NA	NA	NA	NA	NA	NA	NA
CP047966.1	ENA|CP047966|CP047966.1	133022	No terminal repeats	165	11	0.9934	NA	6	63.1073	MOBC;MOBC	NF000270;NF000270;NF012171
CP047967.1	NA	NA	NA	NA	NA	NA	NA	NA	NA	NA	NA
CP047968.1	ENA|CP047968|CP047968.1	106698	No terminal repeats	116	11	0.9948	NA	19	84.2400	MOBP1;I_trbB;I_trbA;I_traY;I_traW;I_traV;traU;I_traT;I_traR;I_traQ;I_traP;I_traO;I_traN;I_traL;I_traK;I_traI;I_traE	NF033085
CP047969.1	ENA|CP047969|CP047969.1	41439	No terminal repeats	54	11	0.9936	NA	8	34.5310	T_virB9;T_virB8;T_virB6;T_virB5;virb4;T_virB3	NF012147
CP048246.1	NA	NA	NA	NA	NA	NA	NA	NA	NA	NA	NA
CP048247.1	ENA|CP048247|CP048247.1	39072	No terminal repeats	45	11	0.9737	NA	9	16.3681	T_virB5;T_virB10;T_virB9;T_virB8;virb4;T_virB2;T_virB11	NA
CP048248.1	NA	NA	NA	NA	NA	NA	NA	NA	NA	NA	NA
CP048249.1	ENA|CP048249|CP048249.1	4207	No terminal repeats	10	11	0.9953	NA	3	9.8962	MOBP1	NA
CP048250.1	NA	NA	NA	NA	NA	NA	NA	NA	NA	NA	NA
CP048251.1	ENA|CP048251|CP048251.1	42001	No terminal repeats	50	11	0.9796	NA	9	16.3681	T_virB5;T_virB10;T_virB9;T_virB8;virb4;T_virB2;T_virB11	NA
CP048252.1	NA	NA	NA	NA	NA	NA	NA	NA	NA	NA	NA
CP048253.1	ENA|CP048253|CP048253.1	4207	No terminal repeats	10	11	0.9951	NA	3	9.4335	MOBP1	NA
CP048275.1	NA	NA	NA	NA	NA	NA	NA	NA	NA	NA	NA
CP048382.1	NA	NA	NA	NA	NA	NA	NA	NA	NA	NA	NA
CP048383.1	ENA|CP048383|CP048383.1	254268	No terminal repeats	291	11	0.9916	NA	5	44.5200	NA	NF000402
CP048384.1	ENA|CP048384|CP048384.1	190655	No terminal repeats	230	11	0.9925	NA	22	79.9954	MOBH;t4cp1;F_traL;F_traE;F_traK;F_traB;F_traV;virb4;F_traW;F_traU;F_trbC;F_traF;F_traH;F_traG;T_virB1	NF012171;NF000153;NF000270;NF000270
CP048385.1	NA	NA	NA	NA	NA	NA	NA	NA	NA	NA	NA
CP048404.1	NA	NA	NA	NA	NA	NA	NA	NA	NA	NA	NA
CP048416.1	NA	NA	NA	NA	NA	NA	NA	NA	NA	NA	NA
CP048418.1	ENA|CP048418|CP048418.1	56468	No terminal repeats	76	11	0.9936	NA	16	39.3375	I_trbB;I_trbA;MOBP1;I_traI;I_traK;I_traL;I_traN;I_traO;I_traP;I_traQ;I_traR;traU;I_traW;I_traY	NA
CP048600.1	NA	NA	NA	NA	NA	NA	NA	NA	NA	NA	NA
CP048601.1	NA	NA	NA	NA	NA	NA	NA	NA	NA	NA	NA
CP048692.1	NA	NA	NA	NA	NA	NA	NA	NA	NA	NA	NA
CP048771.1	NA	NA	NA	NA	NA	NA	NA	NA	NA	NA	NA
CP048772.1	ENA|CP048772|CP048772.1	145093	No terminal repeats	160	11	0.9909	NA	2	52.1028	NA	NA
CP048773.1	ENA|CP048773|CP048773.1	3780	No terminal repeats	4	11	0.9942	NA	1	2.6203	NA	NA
CP048774.1	NA	NA	NA	NA	NA	NA	NA	NA	NA	NA	NA
CP048784.1	NA	NA	NA	NA	NA	NA	NA	NA	NA	NA	NA
CP048785.1	NA	NA	NA	NA	NA	NA	NA	NA	NA	NA	NA
CP048786.1	ENA|CP048786|CP048786.1	8823	No terminal repeats	11	11	0.9944	NA	2	6.4277	MOBQ	NA
CP048787.1	NA	NA	NA	NA	NA	NA	NA	NA	NA	NA	NA
CP048806.1	NA	NA	NA	NA	NA	NA	NA	NA	NA	NA	NA
CP048807.1	ENA|CP048807|CP048807.1	4982	No terminal repeats	5	11	0.9955	NA	2	3.9076	MOBV	NF012176
CP048808.1	NA	NA	NA	NA	NA	NA	NA	NA	NA	NA	NA
CP048809.1	NA	NA	NA	NA	NA	NA	NA	NA	NA	NA	NA
CP048893.1	NA	NA	NA	NA	NA	NA	NA	NA	NA	NA	NA
CP048894.1	ENA|CP048894|CP048894.1	39059	No terminal repeats	46	11	0.9702	NA	10	17.3868	T_virB8;T_virB9;T_virB10;T_virB5;T_virB11;T_virB2;virb4;T_virB8	NA
CP048895.1	ENA|CP048895|CP048895.1	4207	No terminal repeats	10	11	0.9953	NA	3	9.8962	MOBP1	NA
CP048899.1	NA	NA	NA	NA	NA	NA	NA	NA	NA	NA	NA
CP048900.1	ENA|CP048900|CP048900.1	39059	No terminal repeats	46	11	0.9752	NA	9	16.3681	T_virB5;T_virB10;T_virB9;T_virB8;virb4;T_virB2;T_virB11	NA
CP048901.1	ENA|CP048901|CP048901.1	4207	No terminal repeats	9	11	0.9956	NA	3	9.8962	MOBP1	NA
CP048902.1	NA	NA	NA	NA	NA	NA	NA	NA	NA	NA	NA
CP048903.1	ENA|CP048903|CP048903.1	39059	No terminal repeats	46	11	0.9747	NA	9	16.3681	T_virB11;T_virB2;virb4;T_virB8;T_virB9;T_virB10;T_virB5	NA
CP048904.1	ENA|CP048904|CP048904.1	4207	No terminal repeats	10	11	0.9947	NA	3	9.4335	MOBP1	NA
CP048905.1	NA	NA	NA	NA	NA	NA	NA	NA	NA	NA	NA
CP048906.1	ENA|CP048906|CP048906.1	39059	No terminal repeats	46	11	0.9761	NA	9	16.3681	T_virB11;T_virB2;virb4;T_virB8;T_virB9;T_virB10;T_virB5	NA
CP048907.1	ENA|CP048907|CP048907.1	4207	No terminal repeats	9	11	0.9958	NA	3	9.8962	MOBP1	NA
CP048908.1	NA	NA	NA	NA	NA	NA	NA	NA	NA	NA	NA
CP048909.1	ENA|CP048909|CP048909.1	39059	No terminal repeats	46	11	0.9739	NA	9	16.3681	T_virB5;T_virB10;T_virB9;T_virB8;virb4;T_virB2;T_virB11	NA
CP048910.1	ENA|CP048910|CP048910.1	4207	No terminal repeats	9	11	0.9957	NA	3	9.8962	MOBP1	NA
CP048911.1	NA	NA	NA	NA	NA	NA	NA	NA	NA	NA	NA
CP048912.1	ENA|CP048912|CP048912.1	39059	No terminal repeats	46	11	0.9744	NA	9	16.3681	T_virB11;T_virB2;virb4;T_virB8;T_virB9;T_virB10;T_virB5	NA
CP048913.1	ENA|CP048913|CP048913.1	4207	No terminal repeats	9	11	0.9957	NA	3	9.8962	MOBP1	NA
CP049015.1	NA	NA	NA	NA	NA	NA	NA	NA	NA	NA	NA
CP049110.1	NA	NA	NA	NA	NA	NA	NA	NA	NA	NA	NA
CP049111.1	ENA|CP049111|CP049111.1	436531	No terminal repeats	521	11	0.9936	NA	41	279.8495	F_traF;F_traH;F_traG;T_virB1;T_virB8;T_virB9;MOBH;t4cp1;F_traL;F_traE;F_traK;F_traB;F_traV;virb4;F_traW;F_traU;F_trbC;F_trbC;F_traU;F_traW;virb4;F_traV;F_traB;F_traE;t4cp1;MOBH;F_traF;F_traH	NF012147;NF000496;NF012174;NF000107;NF012178;NF012178;NF012178
CP049161.1	NA	NA	NA	NA	NA	NA	NA	NA	NA	NA	NA
CP049162.1	ENA|CP049162|CP049162.1	50130	No terminal repeats	67	11	0.9891	NA	9	18.7746	T_virB10;T_virB9;MOBC;I_traV	NA
CP049192.1	NA	NA	NA	NA	NA	NA	NA	NA	NA	NA	NA
CP049193.1	ENA|CP049193|CP049193.1	303394	No terminal repeats	367	11	0.9939	NA	19	207.1520	t4cp1;MOBH;F_traF;F_traH;T_virB1;F_traE;F_traB;F_traV;virb4	NF012171;NF033144
CP049194.1	ENA|CP049194|CP049194.1	5976	No terminal repeats	7	11	0.9943	NA	2	4.2571	MOBP1	NA
CP049195.1	ENA|CP049195|CP049195.1	2495	No terminal repeats	3	11	0.9952	NA	1	3.1262	NA	NA
CP049197.1	NA	NA	NA	NA	NA	NA	NA	NA	NA	NA	NA
CP049314.1	NA	NA	NA	NA	NA	NA	NA	NA	NA	NA	NA
CP049315.1	NA	NA	NA	NA	NA	NA	NA	NA	NA	NA	NA
CP049685.1	NA	NA	NA	NA	NA	NA	NA	NA	NA	NA	NA
CP049686.1	NA	NA	NA	NA	NA	NA	NA	NA	NA	NA	NA
CP049692.1	NA	NA	NA	NA	NA	NA	NA	NA	NA	NA	NA
CP049695.1	NA	NA	NA	NA	NA	NA	NA	NA	NA	NA	NA
CP049697.1	NA	NA	NA	NA	NA	NA	NA	NA	NA	NA	NA
CP049753.1	NA	NA	NA	NA	NA	NA	NA	NA	NA	NA	NA
CP049754.1	ENA|CP049754|CP049754.1	8937	No terminal repeats	14	11	0.9928	NA	2	5.5045	MOBQ	NA
CP049755.1	NA	NA	NA	NA	NA	NA	NA	NA	NA	NA	NA
CP049775.1	NA	NA	NA	NA	NA	NA	NA	NA	NA	NA	NA
CP049776.1	ENA|CP049776|CP049776.1	85096	No terminal repeats	101	11	0.9922	NA	2	33.1305	NA	NF012176
CP049777.1	ENA|CP049777|CP049777.1	53121	No terminal repeats	61	11	0.9935	NA	3	32.3401	FATA_trsC;FATA_trsD;FATA_trsL	NF033693
CP049924.1	NA	NA	NA	NA	NA	NA	NA	NA	NA	NA	NA
CP049938.1	NA	NA	NA	NA	NA	NA	NA	NA	NA	NA	NA
CP049941.1	NA	NA	NA	NA	NA	NA	NA	NA	NA	NA	NA
CP049942.1	NA	NA	NA	NA	NA	NA	NA	NA	NA	NA	NA
CP050013.1	NA	NA	NA	NA	NA	NA	NA	NA	NA	NA	NA
CP050171.1	NA	NA	NA	NA	NA	NA	NA	NA	NA	NA	NA
CP050172.1	ENA|CP050172|CP050172.1	122261	No terminal repeats	110	11	0.9931	NA	18	68.6946	F_traL;F_traE;F_traK;MOBF;F_traE	NA
CP050173.1	NA	NA	NA	NA	NA	NA	NA	NA	NA	NA	NA
CP050174.1	ENA|CP050174|CP050174.1	97366	No terminal repeats	109	11	0.9938	NA	4	39.4365	F_traE	NF000051;NF012174;NF000402
CP050175.1	NA	NA	NA	NA	NA	NA	NA	NA	NA	NA	NA
CP050176.1	NA	NA	NA	NA	NA	NA	NA	NA	NA	NA	NA
CP050311.1	NA	NA	NA	NA	NA	NA	NA	NA	NA	NA	NA
CP050312.1	ENA|CP050312|CP050312.1	288096	No terminal repeats	318	11	0.9941	NA	17	195.0186	F_traE;F_traB;F_traV;virb4;F_traW;F_traU;F_trbC;t4cp1;MOBH;F_traF;F_traH	NF033144;NF012171
CP050322.1	NA	NA	NA	NA	NA	NA	NA	NA	NA	NA	NA
CP050324.1	NA	NA	NA	NA	NA	NA	NA	NA	NA	NA	NA
CP050385.1	NA	NA	NA	NA	NA	NA	NA	NA	NA	NA	NA
CP050386.1	ENA|CP050386|CP050386.1	215278	No terminal repeats	217	11	0.9912	NA	3	59.6732	I_traW;I_traY;I_traI	NF040806;NF012171;NF000466;NF012174;NF033144
CP050387.1	NA	NA	NA	NA	NA	NA	NA	NA	NA	NA	NA
CP050425.1	NA	NA	NA	NA	NA	NA	NA	NA	NA	NA	NA
CP050426.1	ENA|CP050426|CP050426.1	150385	No terminal repeats	157	11	0.9906	NA	2	32.9712	I_traI;I_traY;I_traW	NF000466;NF012174;NF033144;NF012171;NF012147
CP050427.1	NA	NA	NA	NA	NA	NA	NA	NA	NA	NA	NA
CP050428.1	NA	NA	NA	NA	NA	NA	NA	NA	NA	NA	NA
CP050429.1	NA	NA	NA	NA	NA	NA	NA	NA	NA	NA	NA
CP050430.1	NA	NA	NA	NA	NA	NA	NA	NA	NA	NA	NA
CP050431.1	NA	NA	NA	NA	NA	NA	NA	NA	NA	NA	NA
CP050447.1	NA	NA	NA	NA	NA	NA	NA	NA	NA	NA	NA
CP050491.1	NA	NA	NA	NA	NA	NA	NA	NA	NA	NA	NA
CP050505.1	NA	NA	NA	NA	NA	NA	NA	NA	NA	NA	NA
CP050506.1	NA	NA	NA	NA	NA	NA	NA	NA	NA	NA	NA
CP050507.1	ENA|CP050507|CP050507.1	288061	No terminal repeats	318	11	0.9940	NA	17	193.6854	F_traE;F_traB;F_traV;virb4;F_traW;F_traU;F_trbC;t4cp1;MOBH;F_traF;F_traH	NF033144;NF012171
CP050523.1	NA	NA	NA	NA	NA	NA	NA	NA	NA	NA	NA
CP050524.1	NA	NA	NA	NA	NA	NA	NA	NA	NA	NA	NA
CP050525.1	NA	NA	NA	NA	NA	NA	NA	NA	NA	NA	NA
CP050526.1	NA	NA	NA	NA	NA	NA	NA	NA	NA	NA	NA
CP050527.1	NA	NA	NA	NA	NA	NA	NA	NA	NA	NA	NA
CP050528.1	ENA|CP050528|CP050528.1	5679	No terminal repeats	8	11	0.9954	NA	2	8.3625	MOBQ	NA
CP050529.1	NA	NA	NA	NA	NA	NA	NA	NA	NA	NA	NA
CP050706.1	NA	NA	NA	NA	NA	NA	NA	NA	NA	NA	NA
CP050707.1	ENA|CP050707|CP050707.1	108447	No terminal repeats	125	11	0.9950	NA	28	92.5032	F_traL;F_traE;F_traK;F_traV;virb4;F_traW;F_traU;F_trbC;F_traN;F_traF;F_traH;F_traG;MOBF	NF012174;NF012171
CP050708.1	ENA|CP050708|CP050708.1	59371	No terminal repeats	75	11	0.9947	NA	16	46.7065	F_traV;F_traK;F_traE;F_traL	NA
CP050757.1	NA	NA	NA	NA	NA	NA	NA	NA	NA	NA	NA
CP050758.1	ENA|CP050758|CP050758.1	87883	No terminal repeats	96	11	0.9957	NA	20	83.0557	MOBP1;I_trbB;I_trbA;I_traY;I_traW;I_traV;traU;I_traT;I_traR;I_traQ;I_traP;I_traO;I_traN;I_traL;I_traK;I_traI;I_traE	NA
CP050759.1	ENA|CP050759|CP050759.1	29164	No terminal repeats	36	11	0.9935	NA	1	13.0261	NA	NF000270;NF033144
CP050777.1	NA	NA	NA	NA	NA	NA	NA	NA	NA	NA	NA
CP050778.1	ENA|CP050778|CP050778.1	190811	No terminal repeats	210	11	0.9944	NA	12	146.3892	F_trbC;F_traU;F_traW;virb4;F_traV;F_traB;F_traE	NF000270;NF033144;NF012174;NF012178;NF012171
CP050779.1	NA	NA	NA	NA	NA	NA	NA	NA	NA	NA	NA
CP050780.1	ENA|CP050780|CP050780.1	239058	No terminal repeats	261	11	0.9942	NA	11	163.9347	F_traE;F_traB;F_traV;virb4;F_traW;F_traU;F_trbC	NF012174;NF033144;NF000270;NF000107;NF000466;NF012178
CP050781.1	ENA|CP050781|CP050781.1	4234	No terminal repeats	4	11	0.9932	NA	1	2.8010	NA	NA
CP050782.1	ENA|CP050782|CP050782.1	3372	No terminal repeats	5	11	0.9958	NA	4	5.9811	NA	NA
CP050845.1	NA	NA	NA	NA	NA	NA	NA	NA	NA	NA	NA
CP050846.1	ENA|CP050846|CP050846.1	57277	No terminal repeats	76	11	0.9930	NA	15	38.1240	I_traI;I_traK;I_traL;I_traN;I_traO;I_traP;I_traQ;I_traR;traU;I_traW;I_traY;I_trbB;I_trbA;MOBP1	NA
CP050847.1	ENA|CP050847|CP050847.1	107922	No terminal repeats	106	11	0.9930	NA	1	28.6029	NA	NF000402
CP050904.1	NA	NA	NA	NA	NA	NA	NA	NA	NA	NA	NA
CP050905.1	NA	NA	NA	NA	NA	NA	NA	NA	NA	NA	NA
CP050906.1	NA	NA	NA	NA	NA	NA	NA	NA	NA	NA	NA
CP051004.1	NA	NA	NA	NA	NA	NA	NA	NA	NA	NA	NA
CP051005.1	NA	NA	NA	NA	NA	NA	NA	NA	NA	NA	NA
CP051260.1	NA	NA	NA	NA	NA	NA	NA	NA	NA	NA	NA
CP051267.1	NA	NA	NA	NA	NA	NA	NA	NA	NA	NA	NA
CP051268.1	ENA|CP051268|CP051268.1	93798	No terminal repeats	117	11	0.9950	NA	31	78.7366	F_traL;F_traE;F_traK;F_traV;virb4;F_traW;F_traU;F_traN;F_traF;F_traH;F_traG;MOBF	NA
CP051290.1	NA	NA	NA	NA	NA	NA	NA	NA	NA	NA	NA
CP051291.1	NA	NA	NA	NA	NA	NA	NA	NA	NA	NA	NA
CP051310.1	NA	NA	NA	NA	NA	NA	NA	NA	NA	NA	NA
CP051311.1	ENA|CP051311|CP051311.1	239428	No terminal repeats	248	11	0.9947	NA	18	182.6127	t4cp1;MOBH;F_traF;F_traH;F_trbC;F_traU;F_traW;virb4;F_traV;F_traB;F_traB;F_traE	NF012171;NF000402;NF012171
CP051312.1	ENA|CP051312|CP051312.1	101468	No terminal repeats	118	11	0.9950	NA	20	87.5425	MOBP1;I_trbB;I_trbA;I_traY;I_traW;I_traV;traU;I_traT;I_traR;I_traQ;I_traP;I_traO;I_traN;I_traL;I_traK;I_traI;I_traE	NF033085
CP051332.1	ENA|CP051332|CP051332.1	330859	No terminal repeats	356	11	0.9940	NA	21	202.3580	F_traE;F_traB;F_traV;virb4;F_traW;F_traU;F_trbC;F_traE;t4cp1;MOBH;F_traF;F_traH;F_traE;T_virB9	NA
CP051333.1	ENA|CP051333|CP051333.1	4091	No terminal repeats	4	11	0.9935	NA	2	3.3991	MOBQ	NA
CP051334.1	ENA|CP051334|CP051334.1	48514	No terminal repeats	56	11	0.9915	NA	9	36.9081	T_virB3;T_virB6;T_virB8;T_virB9;MOBP1	NA
CP051335.1	ENA|CP051335|CP051335.1	159544	No terminal repeats	181	11	0.9943	NA	32	98.1627	F_traL;F_traE;F_traK;F_traV;virb4;F_traW;F_traU;F_traN;F_traF;F_traH;F_traG;MOBF;F_traE;F_traE;F_traE	NF012171
CP051336.1	ENA|CP051336|CP051336.1	5852	DTR	7	11	0.9962	NA	6	9.1317	NA	NA
CP051337.1	NA	NA	NA	NA	NA	NA	NA	NA	NA	NA	NA
CP051338.1	NA	NA	NA	NA	NA	NA	NA	NA	NA	NA	NA
CP051339.1	ENA|CP051339|CP051339.1	4251	No terminal repeats	6	11	0.9952	NA	4	6.2914	MOBP1	NA
CP051340.1	ENA|CP051340|CP051340.1	3373	No terminal repeats	6	11	0.9959	NA	5	7.4036	NA	NA
CP051341.1	ENA|CP051341|CP051341.1	5417	No terminal repeats	7	11	0.9958	NA	5	7.6994	MOBP1	NA
CP051342.1	NA	NA	NA	NA	NA	NA	NA	NA	NA	NA	NA
CP051343.1	ENA|CP051343|CP051343.1	101468	No terminal repeats	117	11	0.9952	NA	20	87.5425	I_traE;I_traI;I_traK;I_traL;I_traN;I_traO;I_traP;I_traQ;I_traR;I_traT;traU;I_traV;I_traW;I_traY;I_trbA;I_trbB;MOBP1	NF033085
CP051344.1	ENA|CP051344|CP051344.1	5698	No terminal repeats	9	11	0.9944	NA	3	4.2272	MOBP1	NA
CP051345.1	ENA|CP051345|CP051345.1	277441	No terminal repeats	303	11	0.9941	NA	17	199.9452	F_traH;F_traF;MOBH;t4cp1;F_traE;F_traB;F_traV;virb4;F_traW;F_traU;F_trbC	NF000402
CP051396.1	NA	NA	NA	NA	NA	NA	NA	NA	NA	NA	NA
CP051397.1	ENA|CP051397|CP051397.1	191208	No terminal repeats	233	11	0.9927	NA	21	78.2969	T_virB1;F_traG;F_traH;F_traF;virb4;F_traW;F_traU;F_trbC;F_traV;F_traB;F_traK;F_traE;F_traL;t4cp1;MOBH	NF033085;NF000153;NF012174;NF012171;NF012174
CP051435.1	NA	NA	NA	NA	NA	NA	NA	NA	NA	NA	NA
CP051479.2	NA	NA	NA	NA	NA	NA	NA	NA	NA	NA	NA
CP051490.1	NA	NA	NA	NA	NA	NA	NA	NA	NA	NA	NA
CP051491.1	ENA|CP051491|CP051491.1	222864	No terminal repeats	251	11	0.9940	NA	27	117.0529	MOBF;F_traG;F_traH;F_traF;F_traN;F_trbC;F_traU;F_traW;virb4;F_traV;F_traK;F_traE;F_traL	NF012171;NF000402
CP051492.1	ENA|CP051492|CP051492.1	225763	No terminal repeats	314	11	0.9944	NA	51	190.0612	MOBF;F_traG;F_traG;F_traH;F_traH;F_traF;F_trbC;F_traU;F_traW;virb4;F_traV;F_traB;F_traK;F_traE;MOBF;MOBF;t4cp2;F_traG;F_traH;F_traH;F_traF;F_traN;F_traU;F_traW;virb4;F_traV;F_traK;F_traK;F_traE;F_traL	NF012171;NF012174;NF012178;NF033144
CP051494.1	NA	NA	NA	NA	NA	NA	NA	NA	NA	NA	NA
CP051495.1	NA	NA	NA	NA	NA	NA	NA	NA	NA	NA	NA
CP051496.1	NA	NA	NA	NA	NA	NA	NA	NA	NA	NA	NA
CP051497.1	NA	NA	NA	NA	NA	NA	NA	NA	NA	NA	NA
CP051499.1	NA	NA	NA	NA	NA	NA	NA	NA	NA	NA	NA
CP051500.1	NA	NA	NA	NA	NA	NA	NA	NA	NA	NA	NA
CP051502.1	NA	NA	NA	NA	NA	NA	NA	NA	NA	NA	NA
CP051507.1	NA	NA	NA	NA	NA	NA	NA	NA	NA	NA	NA
CP051509.1	NA	NA	NA	NA	NA	NA	NA	NA	NA	NA	NA
CP051511.1	NA	NA	NA	NA	NA	NA	NA	NA	NA	NA	NA
CP051533.1	NA	NA	NA	NA	NA	NA	NA	NA	NA	NA	NA
CP051534.1	NA	NA	NA	NA	NA	NA	NA	NA	NA	NA	NA
CP051536.1	NA	NA	NA	NA	NA	NA	NA	NA	NA	NA	NA
CP051537.1	NA	NA	NA	NA	NA	NA	NA	NA	NA	NA	NA
CP051539.1	NA	NA	NA	NA	NA	NA	NA	NA	NA	NA	NA
CP051540.1	NA	NA	NA	NA	NA	NA	NA	NA	NA	NA	NA
CP051615.1	NA	NA	NA	NA	NA	NA	NA	NA	NA	NA	NA
CP051616.1	ENA|CP051616|CP051616.1	134872	No terminal repeats	152	11	0.9947	NA	19	81.6277	F_traE;F_traE;MOBF;F_traG;F_traH;F_traL	NF012178;NF012171;NF012174
CP051617.1	ENA|CP051617|CP051617.1	8554	No terminal repeats	9	11	0.9959	NA	4	9.4195	MOBP1	NA
CP051618.1	ENA|CP051618|CP051618.1	5631	No terminal repeats	5	11	0.9960	NA	3	5.8134	MOBP1	NA
CP051619.1	ENA|CP051619|CP051619.1	5167	No terminal repeats	5	11	0.9949	NA	1	3.7523	MOBQ	NA
CP051620.1	NA	NA	NA	NA	NA	NA	NA	NA	NA	NA	NA
CP051657.1	ENA|CP051657|CP051657.1	74390	No terminal repeats	80	11	0.9946	NA	7	31.7868	F_traH;F_traG;MOBF;T_virB11	NA
CP051658.1	ENA|CP051658|CP051658.1	53543	No terminal repeats	63	11	0.9955	NA	24	55.8976	F_traL;F_traE;F_traK;F_traV;virb4;F_traW;F_traU;F_traN;F_traF;F_traH;F_traG;MOBF	NA
CP051711.1	NA	NA	NA	NA	NA	NA	NA	NA	NA	NA	NA
CP051712.1	ENA|CP051712|CP051712.1	116892	No terminal repeats	131	11	0.9953	NA	32	93.0490	F_traE;MOBF;F_traG;F_traH;F_traF;F_traN;F_traU;F_traW;virb4;F_traV;F_traK;F_traE;F_traL	NA
CP051713.1	ENA|CP051713|CP051713.1	94616	No terminal repeats	100	11	0.9955	NA	20	80.6763	MOBP1;I_trbB;I_trbA;I_traY;I_traW;I_traV;traU;I_traT;I_traR;I_traQ;I_traP;I_traO;I_traN;I_traL;I_traK;I_traI;I_traE	NF012171
CP051860.2	NA	NA	NA	NA	NA	NA	NA	NA	NA	NA	NA
CP052759.1	NA	NA	NA	NA	NA	NA	NA	NA	NA	NA	NA
CP052760.1	ENA|CP052760|CP052760.1	133551	No terminal repeats	200	11	0.9868	NA	12	32.8824	F_traE;G_tfc8;G_tfc9;G_tfc10;G_tfc11;G_tfc12;G_tfc13;T_virB1;t4cp1;MOBH;F_trbC	NA
CP052877.1	NA	NA	NA	NA	NA	NA	NA	NA	NA	NA	NA
CP052878.1	ENA|CP052878|CP052878.1	63878	No terminal repeats	86	11	0.9919	NA	8	38.4410	MOBP1;T_virB9;T_virB8;T_virB6	NA
CP052879.1	ENA|CP052879|CP052879.1	62933	No terminal repeats	69	11	0.9942	NA	1	32.6956	NA	NF000466;NF012174;NF012171
CP052880.1	ENA|CP052880|CP052880.1	87627	No terminal repeats	97	11	0.9956	NA	20	80.4979	MOBP1;I_trbB;I_trbA;I_traY;I_traW;I_traV;traU;I_traT;I_traR;I_traQ;I_traP;I_traO;I_traN;I_traL;I_traK;I_traI;I_traE	NA
CP052881.1	NA	NA	NA	NA	NA	NA	NA	NA	NA	NA	NA
CP053027.1	NA	NA	NA	NA	NA	NA	NA	NA	NA	NA	NA
CP053033.1	ENA|CP053033|CP053033.1	72257	No terminal repeats	99	11	0.9884	NA	15	29.6170	t4cp2;F_traL;F_traE;F_traK;F_traB;F_traV;F_traW;F_traU;F_trbC;F_trbC;F_traF;F_traH;F_traG	NA
CP053034.1	NA	NA	NA	NA	NA	NA	NA	NA	NA	NA	NA
CP053035.1	NA	NA	NA	NA	NA	NA	NA	NA	NA	NA	NA
CP053036.1	ENA|CP053036|CP053036.1	248660	No terminal repeats	273	11	0.9939	NA	29	131.7690	F_traE;F_traE;MOBF;F_traG;F_traH;F_traF;F_traN;F_trbC;F_traU;F_traW;virb4;F_traV;F_traK;F_traE;F_traL	NF000402;NF012178
CP053037.1	ENA|CP053037|CP053037.1	85168	No terminal repeats	101	11	0.9936	NA	4	29.5048	F_traE	NF012171
CP053038.1	ENA|CP053038|CP053038.1	53270	No terminal repeats	69	11	0.9924	NA	16	36.9607	I_trbB;I_trbA;MOBP1;I_traI;I_traK;I_traL;I_traN;I_traO;I_traP;I_traQ;I_traR;traU;I_traW;I_traY	NA
CP053039.1	ENA|CP053039|CP053039.1	8312	No terminal repeats	9	11	0.9929	NA	2	4.7620	NA	NA
CP053040.1	ENA|CP053040|CP053040.1	4167	No terminal repeats	5	11	0.9927	NA	1	2.2083	NA	NA
CP053041.1	NA	NA	NA	NA	NA	NA	NA	NA	NA	NA	NA
CP053042.1	NA	NA	NA	NA	NA	NA	NA	NA	NA	NA	NA
CP053043.1	ENA|CP053043|CP053043.1	139490	No terminal repeats	154	11	0.9911	NA	21	49.2695	F_trbC;T_virB1;MOBH;t4cp1;F_traL;F_traE;F_traK;F_traB;F_traV;virb4;F_traW;F_traU;F_traF;F_traH;F_traG	NF033144;NF012147;NF000107;NF000119
CP053044.1	NA	NA	NA	NA	NA	NA	NA	NA	NA	NA	NA
CP053102.1	NA	NA	NA	NA	NA	NA	NA	NA	NA	NA	NA
CP053286.1	NA	NA	NA	NA	NA	NA	NA	NA	NA	NA	NA
CP053371.1	NA	NA	NA	NA	NA	NA	NA	NA	NA	NA	NA
CP053372.1	ENA|CP053372|CP053372.1	177911	No terminal repeats	208	11	0.9907	NA	20	56.6059	MOBH;t4cp1;F_traL;F_traE;F_traK;F_traB;F_traV;virb4;F_traW;F_traU;F_traF;F_traH;F_traG;F_trbC;T_virB1	NF000107;NF000270;NF033144;NF033144;NF000270;NF000107;NF012174;NF000119;NF012174
CP053373.1	ENA|CP053373|CP053373.1	51686	No terminal repeats	68	11	0.9908	NA	10	14.2422	T_virB9;T_virB8;T_virB6;T_virB5;virb4;MOBP1;MOBV	NF000424;NF000027
CP053378.1	NA	NA	NA	NA	NA	NA	NA	NA	NA	NA	NA
CP053379.1	ENA|CP053379|CP053379.1	100934	No terminal repeats	92	11	0.9938	NA	19	61.2128	MOBP1;I_traI;I_traK;I_traL;I_traN;I_traO;I_traP;I_traQ;I_traR;traU;I_traW;I_traY;I_trbA;I_trbB	NA
CP053380.1	ENA|CP053380|CP053380.1	87789	No terminal repeats	102	11	0.9927	NA	27	63.5145	MOBF;t4cp2;F_traG;F_traH;F_traF;F_traN;F_traU;F_traW;virb4;F_traV;F_traB;F_traK;F_traE;F_traL	NF000487
CP053396.1	NA	NA	NA	NA	NA	NA	NA	NA	NA	NA	NA
CP053397.1	ENA|CP053397|CP053397.1	11054	No terminal repeats	11	11	0.9877	NA	2	3.3035	MOBP1	NA
CP053398.1	NA	NA	NA	NA	NA	NA	NA	NA	NA	NA	NA
CP053572.1	NA	NA	NA	NA	NA	NA	NA	NA	NA	NA	NA
CP053614.1	NA	NA	NA	NA	NA	NA	NA	NA	NA	NA	NA
CP053615.1	NA	NA	NA	NA	NA	NA	NA	NA	NA	NA	NA
CP053616.1	NA	NA	NA	NA	NA	NA	NA	NA	NA	NA	NA
CP053636.1	NA	NA	NA	NA	NA	NA	NA	NA	NA	NA	NA
CP053637.1	ENA|CP053637|CP053637.1	25430	No terminal repeats	31	11	0.9917	NA	1	7.8919	NA	NF033068;NF012167;NF040806
CP053643.1	NA	NA	NA	NA	NA	NA	NA	NA	NA	NA	NA
CP053645.1	ENA|CP053645|CP053645.1	295898	No terminal repeats	320	11	0.9941	NA	17	197.1223	F_traE;F_traB;F_traV;virb4;F_traW;F_traU;F_trbC;F_traH;F_traF;MOBH;t4cp1	NF000153
CP053646.1	ENA|CP053646|CP053646.1	53096	No terminal repeats	68	11	0.9930	NA	9	22.9003	T_virB1;T_virB2;virb4;T_virB6;T_virB8;T_virB9	NF012147;NF000005
CP053647.1	ENA|CP053647|CP053647.1	6364	No terminal repeats	9	11	0.9951	NA	2	5.9375	MOBP1	NA
CP053648.1	ENA|CP053648|CP053648.1	79223	No terminal repeats	81	11	0.9941	NA	3	30.3862	NA	NF000402;NF012171
CP053659.1	NA	NA	NA	NA	NA	NA	NA	NA	NA	NA	NA
CP053681.1	NA	NA	NA	NA	NA	NA	NA	NA	NA	NA	NA
CP053682.1	NA	NA	NA	NA	NA	NA	NA	NA	NA	NA	NA
CP053683.1	NA	NA	NA	NA	NA	NA	NA	NA	NA	NA	NA
CP053684.1	NA	NA	NA	NA	NA	NA	NA	NA	NA	NA	NA
CP053685.1	NA	NA	NA	NA	NA	NA	NA	NA	NA	NA	NA
CP053691.1	NA	NA	NA	NA	NA	NA	NA	NA	NA	NA	NA
CP053692.1	NA	NA	NA	NA	NA	NA	NA	NA	NA	NA	NA
CP053693.1	ENA|CP053693|CP053693.1	274120	No terminal repeats	298	11	0.9940	NA	17	195.7406	F_traE;F_traB;F_traV;virb4;F_traW;F_traU;F_trbC;F_traH;F_traF;MOBH;t4cp1	NF000153
CP053694.1	ENA|CP053694|CP053694.1	53096	No terminal repeats	68	11	0.9931	NA	9	22.9003	T_virB1;T_virB2;virb4;T_virB6;T_virB8;T_virB9	NF012147;NF000005
CP053695.1	ENA|CP053695|CP053695.1	6364	No terminal repeats	10	11	0.9949	NA	2	5.9375	MOBP1	NA
CP053696.1	ENA|CP053696|CP053696.1	79223	No terminal repeats	81	11	0.9941	NA	3	30.3862	NA	NF000402;NF012171
CP053705.1	NA	NA	NA	NA	NA	NA	NA	NA	NA	NA	NA
CP053718.1	NA	NA	NA	NA	NA	NA	NA	NA	NA	NA	NA
CP053719.1	NA	NA	NA	NA	NA	NA	NA	NA	NA	NA	NA
CP053744.1	NA	NA	NA	NA	NA	NA	NA	NA	NA	NA	NA
CP053745.1	NA	NA	NA	NA	NA	NA	NA	NA	NA	NA	NA
CP053794.1	NA	NA	NA	NA	NA	NA	NA	NA	NA	NA	NA
CP053795.1	NA	NA	NA	NA	NA	NA	NA	NA	NA	NA	NA
CP053796.1	NA	NA	NA	NA	NA	NA	NA	NA	NA	NA	NA
CP053797.1	NA	NA	NA	NA	NA	NA	NA	NA	NA	NA	NA
CP053798.1	NA	NA	NA	NA	NA	NA	NA	NA	NA	NA	NA
CP053799.1	NA	NA	NA	NA	NA	NA	NA	NA	NA	NA	NA
CP053800.1	NA	NA	NA	NA	NA	NA	NA	NA	NA	NA	NA
CP053801.1	NA	NA	NA	NA	NA	NA	NA	NA	NA	NA	NA
CP053802.1	NA	NA	NA	NA	NA	NA	NA	NA	NA	NA	NA
CP053803.1	NA	NA	NA	NA	NA	NA	NA	NA	NA	NA	NA
CP053804.1	NA	NA	NA	NA	NA	NA	NA	NA	NA	NA	NA
CP053805.1	NA	NA	NA	NA	NA	NA	NA	NA	NA	NA	NA
CP053806.1	NA	NA	NA	NA	NA	NA	NA	NA	NA	NA	NA
CP053807.1	NA	NA	NA	NA	NA	NA	NA	NA	NA	NA	NA
CP053808.1	NA	NA	NA	NA	NA	NA	NA	NA	NA	NA	NA
CP053809.1	NA	NA	NA	NA	NA	NA	NA	NA	NA	NA	NA
CP053810.1	NA	NA	NA	NA	NA	NA	NA	NA	NA	NA	NA
CP053811.1	NA	NA	NA	NA	NA	NA	NA	NA	NA	NA	NA
CP053812.1	ENA|CP053812|CP053812.1	306484	No terminal repeats	343	11	0.9828	NA	20	49.0864	F_traW;F_traU;F_trbC;F_traG;F_traH;F_traF;MOBH;t4cp1;F_traE;F_traK;F_traB;F_traV;virb4;I_traE	NF000138
CP053813.1	NA	NA	NA	NA	NA	NA	NA	NA	NA	NA	NA
CP053814.1	NA	NA	NA	NA	NA	NA	NA	NA	NA	NA	NA
CP053815.1	ENA|CP053815|CP053815.1	306481	No terminal repeats	341	11	0.9830	NA	20	49.0864	F_traG;F_traH;F_traF;MOBH;t4cp1;F_traE;F_traK;F_traB;F_traV;virb4;I_traE;F_traW;F_traU;F_trbC	NF000138
CP053816.1	NA	NA	NA	NA	NA	NA	NA	NA	NA	NA	NA
CP053817.1	NA	NA	NA	NA	NA	NA	NA	NA	NA	NA	NA
CP053818.1	ENA|CP053818|CP053818.1	79397	No terminal repeats	134	11	0.9855	NA	14	25.5530	F_traL;F_traE;F_traK;F_traV;virb4;F_trbC;F_traW;F_traU;F_trbC;F_traH;t4cp2	NA
CP053819.1	NA	NA	NA	NA	NA	NA	NA	NA	NA	NA	NA
CP053820.1	NA	NA	NA	NA	NA	NA	NA	NA	NA	NA	NA
CP053821.1	NA	NA	NA	NA	NA	NA	NA	NA	NA	NA	NA
CP053822.1	NA	NA	NA	NA	NA	NA	NA	NA	NA	NA	NA
CP053823.1	NA	NA	NA	NA	NA	NA	NA	NA	NA	NA	NA
CP053824.1	NA	NA	NA	NA	NA	NA	NA	NA	NA	NA	NA
CP053886.1	NA	NA	NA	NA	NA	NA	NA	NA	NA	NA	NA
CP053887.1	NA	NA	NA	NA	NA	NA	NA	NA	NA	NA	NA
CP053888.1	NA	NA	NA	NA	NA	NA	NA	NA	NA	NA	NA
CP053889.1	NA	NA	NA	NA	NA	NA	NA	NA	NA	NA	NA
CP053890.1	NA	NA	NA	NA	NA	NA	NA	NA	NA	NA	NA
CP053891.1	NA	NA	NA	NA	NA	NA	NA	NA	NA	NA	NA
CP053894.1	NA	NA	NA	NA	NA	NA	NA	NA	NA	NA	NA
CP053895.1	ENA|CP053895|CP053895.1	102319	No terminal repeats	120	11	0.9905	NA	20	36.3908	F_traF;F_traH;F_traG;F_trbC;T_virB1;MOBH;t4cp1;F_traL;F_traE;F_traK;F_traB;F_traV;virb4;F_traW;F_traU	NF000119
CP053898.1	NA	NA	NA	NA	NA	NA	NA	NA	NA	NA	NA
CP053899.1	ENA|CP053899|CP053899.1	135623	No terminal repeats	153	11	0.9911	NA	21	42.7878	T_virB1;F_trbC;F_traG;F_traH;F_traF;F_traU;F_traW;virb4;F_traV;F_traB;F_traK;F_traE;F_traL;t4cp1;MOBH	NF000107;NF033144;NF000119;NF012147
CP053900.1	ENA|CP053900|CP053900.1	35276	No terminal repeats	42	11	0.9899	NA	5	9.7161	T_virB9	NF000424
CP053901.1	NA	NA	NA	NA	NA	NA	NA	NA	NA	NA	NA
CP053925.1	NA	NA	NA	NA	NA	NA	NA	NA	NA	NA	NA
CP053926.1	ENA|CP053926|CP053926.1	139857	No terminal repeats	156	11	0.9908	NA	20	75.5684	F_traL;F_traE;F_traK;F_traB;F_traV;virb4;F_traW;F_traU;F_traN;F_traF;F_traH;F_traG;t4cp2;MOBF	NA
CP053927.1	NA	NA	NA	NA	NA	NA	NA	NA	NA	NA	NA
CP054054.1	NA	NA	NA	NA	NA	NA	NA	NA	NA	NA	NA
CP054055.1	NA	NA	NA	NA	NA	NA	NA	NA	NA	NA	NA
CP054160.3	NA	NA	NA	NA	NA	NA	NA	NA	NA	NA	NA
CP054177.1	NA	NA	NA	NA	NA	NA	NA	NA	NA	NA	NA
CP054227.1	NA	NA	NA	NA	NA	NA	NA	NA	NA	NA	NA
CP054228.1	ENA|CP054228|CP054228.1	135461	No terminal repeats	141	11	0.9946	NA	29	94.5363	MOBF;F_traG;F_traH;F_traF;F_traN;F_traU;F_traU;F_traW;virb4;F_traV;F_traK;F_traE;F_traL	NA
CP054229.1	ENA|CP054229|CP054229.1	6431	No terminal repeats	8	11	0.9923	NA	2	2.4653	NA	NA
CP054277.1	NA	NA	NA	NA	NA	NA	NA	NA	NA	NA	NA
CP054278.1	NA	NA	NA	NA	NA	NA	NA	NA	NA	NA	NA
CP054279.1	ENA|CP054279|CP054279.1	140764	No terminal repeats	153	11	0.9937	NA	28	71.1356	MOBF;F_traG;F_traH;F_traF;F_traN;F_trbC;F_traU;F_traW;virb4;F_traV;F_traK;F_traE;F_traL	NF012178
CP054280.1	ENA|CP054280|CP054280.1	109094	No terminal repeats	122	11	0.9947	NA	25	83.0354	F_traL;F_traE;F_traK;F_traV;F_traW;F_traU;F_trbC;F_traN;F_traF;F_traH;F_traG;t4cp2;MOBF	NA
CP054281.1	ENA|CP054281|CP054281.1	12137	No terminal repeats	8	11	0.9913	NA	1	3.8916	NA	NA
CP054285.1	NA	NA	NA	NA	NA	NA	NA	NA	NA	NA	NA
CP054286.1	ENA|CP054286|CP054286.1	176330	No terminal repeats	185	11	0.9941	NA	27	102.9633	F_traE;F_traL;F_traE;F_traK;F_traV;virb4;F_traW;F_traU;F_trbC;F_traN;F_traF;F_traH;F_traG;MOBF	NF000402
CP054287.1	ENA|CP054287|CP054287.1	156980	No terminal repeats	179	11	0.9946	NA	32	113.3981	MOBF;F_traG;F_traH;F_traF;F_traN;F_trbC;F_traU;F_traW;virb4;F_traV;F_traK;F_traE;F_traL	NF000270;NF012171;NF012174
CP054288.1	ENA|CP054288|CP054288.1	43620	No terminal repeats	50	11	0.9921	NA	8	24.5799	MOBC;T_virB9;T_virB10	NA
CP054294.1	NA	NA	NA	NA	NA	NA	NA	NA	NA	NA	NA
CP054295.1	ENA|CP054295|CP054295.1	156725	No terminal repeats	166	11	0.9939	NA	23	75.4645	MOBF;t4cp2;F_traG;F_traH;F_traF;F_traN;F_traN;F_traU;F_traW;F_traV;F_traK;F_traE;F_traL	NF033144;NF000270;NF012178
CP054296.1	ENA|CP054296|CP054296.1	73366	No terminal repeats	77	11	0.9898	NA	11	32.4540	T_virB3;virb4;T_virB5;T_virB6;T_virB8;T_virB9;F_traE;MOBP1	NA
CP054297.1	ENA|CP054297|CP054297.1	43621	No terminal repeats	49	11	0.9921	NA	8	24.5799	T_virB10;T_virB9;MOBC	NA
CP054299.1	ENA|CP054299|CP054299.1	3576	No terminal repeats	4	11	0.9933	NA	1	2.2083	NA	NA
CP054300.1	NA	NA	NA	NA	NA	NA	NA	NA	NA	NA	NA
CP054407.1	NA	NA	NA	NA	NA	NA	NA	NA	NA	NA	NA
CP054408.1	ENA|CP054408|CP054408.1	147764	No terminal repeats	185	11	0.9924	NA	21	67.5686	F_traF;F_traH;F_traG;T_virB1;MOBH;t4cp1;F_traL;F_traE;F_traK;F_traB;F_traV;virb4;F_traW;F_traU;F_trbC	NF012178;NF033144;NF012147;NF000005;NF033144;NF012171
CP054409.1	ENA|CP054409|CP054409.1	44960	No terminal repeats	57	11	0.9940	NA	9	25.1041	T_virB1;T_virB2;virb4;T_virB6;T_virB8;T_virB9	NF012147
CP054410.1	NA	NA	NA	NA	NA	NA	NA	NA	NA	NA	NA
CP054744.1	NA	NA	NA	NA	NA	NA	NA	NA	NA	NA	NA
CP054745.1	ENA|CP054745|CP054745.1	195025	No terminal repeats	220	11	0.9938	NA	5	66.8743	F_traE	NF033134
CP054746.1	ENA|CP054746|CP054746.1	133772	No terminal repeats	164	11	0.9948	NA	16	99.5851	F_traL;F_traE	NF000466;NF000402
CP054747.1	ENA|CP054747|CP054747.1	87095	No terminal repeats	103	11	0.9939	NA	18	57.9135	MOBP1;I_traI;I_traK;I_traL;I_traN;I_traO;I_traP;I_traQ;I_traR;traU;I_traW;I_traY;I_trbA;I_trbB	NF012174
CP054748.1	ENA|CP054748|CP054748.1	11971	No terminal repeats	14	11	0.9931	NA	4	7.8883	MOBC	NA
CP054749.1	ENA|CP054749|CP054749.1	5596	No terminal repeats	8	11	0.9930	NA	2	4.5972	MOBP1	NA
CP054793.1	NA	NA	NA	NA	NA	NA	NA	NA	NA	NA	NA
CP054844.1	NA	NA	NA	NA	NA	NA	NA	NA	NA	NA	NA
CP054940.1	NA	NA	NA	NA	NA	NA	NA	NA	NA	NA	NA
CP054941.1	ENA|CP054941|CP054941.1	142890	No terminal repeats	168	11	0.9945	NA	18	83.9085	F_traL;F_traE;F_traV;virb4;F_traW;F_traE	NF000270;NF012147;NF000005
CP054942.1	ENA|CP054942|CP054942.1	76661	No terminal repeats	82	11	0.9955	NA	27	69.4319	F_traL;F_traE;F_traK;F_traV;virb4;F_traW;F_traU;F_traN;F_traF;F_traH;F_traG;MOBF	NF000466
CP054943.1	ENA|CP054943|CP054943.1	86336	No terminal repeats	92	11	0.9957	NA	19	74.2920	MOBP1;I_trbB;I_trbA;I_traY;I_traW;I_traV;traU;I_traT;I_traR;I_traQ;I_traP;I_traO;I_traN;I_traL;I_traK;I_traI;I_traE	NA
CP054944.1	ENA|CP054944|CP054944.1	3608	No terminal repeats	2	11	0.9960	NA	1	3.1403	NA	NA
CP054984.1	NA	NA	NA	NA	NA	NA	NA	NA	NA	NA	NA
CP054985.1	ENA|CP054985|CP054985.1	221140	No terminal repeats	224	11	0.9940	NA	27	119.1788	MOBF;F_traG;F_traH;F_traF;F_traN;F_trbC;F_traU;F_traW;virb4;F_traV;F_traK;F_traE;F_traL	NF000402
CP054986.1	ENA|CP054986|CP054986.1	121235	No terminal repeats	155	11	0.9951	NA	28	120.6624	MOBF;F_traG;F_traH;F_traF;F_traN;F_trbC;F_traU;F_traW;virb4;F_traV;F_traK;F_traE;F_traL	NF012178;NF033144
CP054987.1	NA	NA	NA	NA	NA	NA	NA	NA	NA	NA	NA
CP054988.1	ENA|CP054988|CP054988.1	68256	No terminal repeats	82	11	0.9933	NA	1	23.3222	NA	NF012174;NF012174;NF000051
CP054989.1	ENA|CP054989|CP054989.1	6817	No terminal repeats	10	11	0.9957	NA	4	10.0857	MOBP1	NA
CP055009.1	NA	NA	NA	NA	NA	NA	NA	NA	NA	NA	NA
CP055095.1	NA	NA	NA	NA	NA	NA	NA	NA	NA	NA	NA
CP055225.1	NA	NA	NA	NA	NA	NA	NA	NA	NA	NA	NA
CP055226.1	NA	NA	NA	NA	NA	NA	NA	NA	NA	NA	NA
CP055246.1	NA	NA	NA	NA	NA	NA	NA	NA	NA	NA	NA
CP055247.1	NA	NA	NA	NA	NA	NA	NA	NA	NA	NA	NA
CP055248.1	ENA|CP055248|CP055248.1	89672	No terminal repeats	104	11	0.9954	NA	27	79.4568	F_traL;F_traE;F_traK;F_traV;virb4;F_traW;F_traU;F_trbC;F_traN;F_traF;F_traH;F_traG;MOBF	NF012174;NF012171;NF000496
CP055249.1	ENA|CP055249|CP055249.1	143918	No terminal repeats	182	11	0.9916	NA	22	68.7674	MOBH;t4cp1;F_traL;F_traE;F_traK;F_traB;F_traV;virb4;F_traW;F_traU;F_trbC;F_traF;F_traH;F_traG;T_virB1	NF012171
CP055250.1	ENA|CP055250|CP055250.1	53573	No terminal repeats	69	11	0.9939	NA	9	24.6186	T_virB1;T_virB2;virb4;T_virB6;T_virB8;T_virB9	NF012147;NF000005
CP055421.1	NA	NA	NA	NA	NA	NA	NA	NA	NA	NA	NA
CP055422.1	ENA|CP055422|CP055422.1	335856	No terminal repeats	389	11	0.9916	NA	10	78.9669	F_traE;T_virB9;T_virB8;T_virB9;T_virB10	NA
CP055423.1	NA	NA	NA	NA	NA	NA	NA	NA	NA	NA	NA
CP055424.1	NA	NA	NA	NA	NA	NA	NA	NA	NA	NA	NA
CP055425.1	ENA|CP055425|CP055425.1	7945	No terminal repeats	11	11	0.9929	NA	3	6.4515	NA	NA
CP055588.1	NA	NA	NA	NA	NA	NA	NA	NA	NA	NA	NA
CP055589.1	ENA|CP055589|CP055589.1	335856	No terminal repeats	389	11	0.9915	NA	10	78.9669	F_traE;T_virB9;T_virB8;T_virB9;T_virB10	NA
CP055590.1	NA	NA	NA	NA	NA	NA	NA	NA	NA	NA	NA
CP055591.1	NA	NA	NA	NA	NA	NA	NA	NA	NA	NA	NA
CP055592.1	ENA|CP055592|CP055592.1	7536	No terminal repeats	9	11	0.9939	NA	3	8.2359	MOBP1;MOBP1	NA
CP056132.1	NA	NA	NA	NA	NA	NA	NA	NA	NA	NA	NA
CP056133.1	ENA|CP056133|CP056133.1	76485	No terminal repeats	80	11	0.9924	NA	2	22.7377	NA	NA
CP056134.1	ENA|CP056134|CP056134.1	3875	No terminal repeats	4	11	0.9941	NA	2	3.1408	MOBP1	NA
CP056135.1	ENA|CP056135|CP056135.1	2495	No terminal repeats	3	11	0.9954	NA	1	3.1262	NA	NA
CP056181.1	NA	NA	NA	NA	NA	NA	NA	NA	NA	NA	NA
CP056182.1	ENA|CP056182|CP056182.1	283642	No terminal repeats	350	11	0.9908	NA	23	68.3676	T_virB9;T_virB9;T_virB10;MOBH;t4cp1;F_traL;F_traE;F_traK;F_traB;F_traV;virb4;F_traW;F_traU;F_traF;F_traH;F_traG;T_virB1	NA
CP056183.1	NA	NA	NA	NA	NA	NA	NA	NA	NA	NA	NA
CP056184.1	NA	NA	NA	NA	NA	NA	NA	NA	NA	NA	NA
CP056208.1	NA	NA	NA	NA	NA	NA	NA	NA	NA	NA	NA
CP056209.1	ENA|CP056209|CP056209.1	291255	No terminal repeats	359	11	0.9902	NA	25	74.8382	F_traE;T_virB9;T_virB9;T_virB10;MOBH;t4cp1;F_traL;F_traE;F_traK;F_traB;F_traV;virb4;F_traW;F_traU;F_traF;F_traH;F_traG;T_virB1	NA
CP056210.1	ENA|CP056210|CP056210.1	98360	No terminal repeats	112	11	0.9921	NA	2	27.3394	NA	NF012171
CP056211.1	ENA|CP056211|CP056211.1	48045	No terminal repeats	56	11	0.9940	NA	9	37.0977	T_virB9;T_virB8;T_virB6;virb4;T_virB2;MOBP1	NA
CP056212.1	ENA|CP056212|CP056212.1	21650	No terminal repeats	29	11	0.9935	NA	3	10.6897	MOBP1	NA
CP056213.1	ENA|CP056213|CP056213.1	9025	No terminal repeats	15	11	0.9900	NA	2	4.7923	NA	NA
CP056214.1	ENA|CP056214|CP056214.1	4947	No terminal repeats	7	11	0.9959	NA	2	7.9401	MOBP1	NA
CP056215.1	ENA|CP056215|CP056215.1	3830	No terminal repeats	4	11	0.9917	NA	2	2.9608	MOBP1	NA
CP056232.1	NA	NA	NA	NA	NA	NA	NA	NA	NA	NA	NA
CP056233.1	ENA|CP056233|CP056233.1	339929	No terminal repeats	415	11	0.9913	NA	22	101.2011	MOBH;t4cp1;F_traL;F_traE;F_traK;F_traB;F_traV;virb4;F_traW;F_traU;F_traF;F_traH;F_traG;T_virB1;F_traE	NF000402
CP056234.1	ENA|CP056234|CP056234.1	4446	No terminal repeats	6	11	0.9941	NA	2	3.2657	NA	NA
CP056235.1	NA	NA	NA	NA	NA	NA	NA	NA	NA	NA	NA
CP056236.1	ENA|CP056236|CP056236.1	312668	No terminal repeats	388	11	0.9903	NA	24	75.6083	T_virB9;T_virB9;T_virB10;MOBH;t4cp1;F_traL;F_traE;F_traK;F_traB;F_traV;virb4;F_traW;F_traU;F_traF;F_traH;F_traG;T_virB1	NA
CP056238.1	NA	NA	NA	NA	NA	NA	NA	NA	NA	NA	NA
CP056239.1	ENA|CP056239|CP056239.1	206642	No terminal repeats	217	11	0.9936	NA	25	91.8833	T_virB10;T_virB9;T_virB8;F_traL;F_traE;F_traK;F_traV;F_traW;F_traU;F_traN;F_traN;F_traF;t4cp2;MOBF	NA
CP056240.1	ENA|CP056240|CP056240.1	100185	No terminal repeats	132	11	0.9928	NA	13	28.7775	F_traH;F_traF;F_trbC;F_traU;F_trbC;virb4;F_traV;F_traK;F_traL;t4cp2	NA
CP056241.1	NA	NA	NA	NA	NA	NA	NA	NA	NA	NA	NA
CP056245.1	NA	NA	NA	NA	NA	NA	NA	NA	NA	NA	NA
CP056246.1	ENA|CP056246|CP056246.1	178786	No terminal repeats	219	11	0.9909	NA	4	31.7687	NA	NA
CP056247.1	ENA|CP056247|CP056247.1	4899	No terminal repeats	8	11	0.9939	NA	1	3.0231	NA	NA
CP056256.1	NA	NA	NA	NA	NA	NA	NA	NA	NA	NA	NA
CP056257.1	ENA|CP056257|CP056257.1	206605	No terminal repeats	217	11	0.9935	NA	25	91.8833	T_virB10;T_virB9;T_virB8;F_traL;F_traE;F_traK;F_traV;F_traW;F_traU;F_traN;F_traN;F_traF;t4cp2;MOBF	NA
CP056258.1	ENA|CP056258|CP056258.1	100185	No terminal repeats	133	11	0.9922	NA	13	28.7775	F_traL;F_traK;F_traV;virb4;F_trbC;F_traU;F_trbC;F_traF;F_traH;t4cp2	NA
CP056259.1	NA	NA	NA	NA	NA	NA	NA	NA	NA	NA	NA
CP056314.1	NA	NA	NA	NA	NA	NA	NA	NA	NA	NA	NA
CP056336.1	NA	NA	NA	NA	NA	NA	NA	NA	NA	NA	NA
CP056337.1	ENA|CP056337|CP056337.1	310147	No terminal repeats	401	11	0.9910	NA	20	76.7139	MOBH;t4cp1;F_traL;F_traE;F_traK;F_traB;F_traV;virb4;F_traW;F_traU;F_traF;F_traH;F_traG;T_virB1	NA
CP056338.1	NA	NA	NA	NA	NA	NA	NA	NA	NA	NA	NA
CP056339.1	ENA|CP056339|CP056339.1	11845	No terminal repeats	15	11	0.9920	NA	1	8.6083	NA	NA
CP056340.1	NA	NA	NA	NA	NA	NA	NA	NA	NA	NA	NA
CP056365.1	NA	NA	NA	NA	NA	NA	NA	NA	NA	NA	NA
CP056366.1	ENA|CP056366|CP056366.1	109317	No terminal repeats	115	11	0.9925	NA	3	24.0375	t4cp1	NA
CP056367.1	ENA|CP056367|CP056367.1	7720	No terminal repeats	10	11	0.9947	NA	2	6.7921	MOBP1	NA
CP056368.1	ENA|CP056368|CP056368.1	5631	No terminal repeats	7	11	0.9930	NA	2	4.0398	MOBP1	NA
CP056369.1	ENA|CP056369|CP056369.1	3576	No terminal repeats	4	11	0.9934	NA	1	2.2083	NA	NA
CP056372.1	NA	NA	NA	NA	NA	NA	NA	NA	NA	NA	NA
CP056373.1	ENA|CP056373|CP056373.1	193688	No terminal repeats	220	11	0.9936	NA	11	94.1765	F_traE;F_traK;F_traE;F_traL	NF000402
CP056374.1	ENA|CP056374|CP056374.1	171701	No terminal repeats	196	11	0.9940	NA	29	114.2571	MOBF;F_traG;F_traH;F_traF;F_traN;F_trbC;F_traU;F_traW;virb4;F_traV;F_traK;F_traE;F_traL;F_traE	NF012178
CP056375.1	NA	NA	NA	NA	NA	NA	NA	NA	NA	NA	NA
CP056376.1	ENA|CP056376|CP056376.1	5783	No terminal repeats	6	11	0.9961	NA	2	5.8711	NA	NA
CP056377.1	NA	NA	NA	NA	NA	NA	NA	NA	NA	NA	NA
CP056378.1	ENA|CP056378|CP056378.1	4416	No terminal repeats	7	11	0.9906	NA	1	1.9097	NA	NA
CP056379.1	ENA|CP056379|CP056379.1	4018	No terminal repeats	5	11	0.9950	NA	2	4.0015	MOBP1	NA
CP056380.1	NA	NA	NA	NA	NA	NA	NA	NA	NA	NA	NA
CP056451.1	NA	NA	NA	NA	NA	NA	NA	NA	NA	NA	NA
CP056466.1	NA	NA	NA	NA	NA	NA	NA	NA	NA	NA	NA
CP056468.1	ENA|CP056468|CP056468.1	4183	No terminal repeats	6	11	0.9914	NA	1	2.7467	NA	NA
CP056469.1	NA	NA	NA	NA	NA	NA	NA	NA	NA	NA	NA
CP056505.1	NA	NA	NA	NA	NA	NA	NA	NA	NA	NA	NA
CP056506.1	ENA|CP056506|CP056506.1	142000	No terminal repeats	160	11	0.9948	NA	24	97.2016	F_traL;F_traE;F_traK;F_traB;F_traV;virb4;F_traW;F_traU;F_traN;F_traF;F_traH;F_traG;t4cp2;MOBF	NF000402
CP056507.1	ENA|CP056507|CP056507.1	4426	No terminal repeats	7	11	0.9934	NA	3	4.5731	MOBP1	NA
CP056527.1	NA	NA	NA	NA	NA	NA	NA	NA	NA	NA	NA
CP056528.1	ENA|CP056528|CP056528.1	244448	No terminal repeats	279	11	0.9941	NA	18	184.3766	F_traE;F_traB;F_traV;virb4;F_traW;F_traU;F_trbC;F_traH;F_traF;MOBH;t4cp1	NA
CP056529.1	NA	NA	NA	NA	NA	NA	NA	NA	NA	NA	NA
CP056573.1	NA	NA	NA	NA	NA	NA	NA	NA	NA	NA	NA
CP056574.1	ENA|CP056574|CP056574.1	254427	No terminal repeats	303	11	0.9909	NA	19	66.9258	MOBH;t4cp1;F_traL;F_traE;F_traK;F_traB;F_traV;virb4;F_traW;F_traU;F_traF;F_traH;F_traG	NF000402
CP056575.1	ENA|CP056575|CP056575.1	148724	No terminal repeats	164	11	0.9942	NA	25	87.9453	F_traL;F_traE;F_traK;F_traV;virb4;F_traW;F_traU;F_traN;F_traN;F_traF;F_traH;F_traG;t4cp2;MOBF;F_traE	NA
CP056576.1	ENA|CP056576|CP056576.1	101715	No terminal repeats	130	11	0.9930	NA	13	28.0046	F_traL;F_traK;F_traV;virb4;F_trbC;F_traU;F_trbC;F_traF;F_traH;t4cp2	NA
CP056577.1	NA	NA	NA	NA	NA	NA	NA	NA	NA	NA	NA
CP056592.1	NA	NA	NA	NA	NA	NA	NA	NA	NA	NA	NA
CP056593.1	ENA|CP056593|CP056593.1	54483	No terminal repeats	56	11	0.9948	NA	6	32.9482	t4cp2	NA
CP056595.1	NA	NA	NA	NA	NA	NA	NA	NA	NA	NA	NA
CP056596.1	ENA|CP056596|CP056596.1	76228	No terminal repeats	75	11	0.9941	NA	6	35.2123	t4cp2	NA
CP056622.1	NA	NA	NA	NA	NA	NA	NA	NA	NA	NA	NA
CP056624.1	ENA|CP056624|CP056624.1	152768	No terminal repeats	184	11	0.9947	NA	30	119.7868	F_traE;F_traL;F_traE;F_traK;F_traV;virb4;F_traW;F_traU;F_trbC;F_traN;F_traF;F_traH;F_traG;t4cp2;MOBF	NA
CP056635.1	NA	NA	NA	NA	NA	NA	NA	NA	NA	NA	NA
CP056636.1	ENA|CP056636|CP056636.1	204018	No terminal repeats	266	11	0.9890	NA	5	41.5312	I_trbA	NA
CP056638.1	ENA|CP056638|CP056638.1	104193	No terminal repeats	115	11	0.9913	NA	10	46.2522	t4cp2;T_virB9;T_virB8;T_virB6;T_virB5;virb4;T_virB3;T_virB1	NA
CP056639.1	ENA|CP056639|CP056639.1	44331	No terminal repeats	52	11	0.9939	NA	9	30.5098	T_virB9;T_virB8;T_virB6;virb4;T_virB2;MOBP1	NA
CP056640.1	ENA|CP056640|CP056640.1	5528	No terminal repeats	12	11	0.9953	NA	4	7.1605	MOBP1	NA
CP056641.1	NA	NA	NA	NA	NA	NA	NA	NA	NA	NA	NA
CP056653.1	NA	NA	NA	NA	NA	NA	NA	NA	NA	NA	NA
CP056654.1	ENA|CP056654|CP056654.1	296441	No terminal repeats	366	11	0.9898	NA	21	73.3798	T_virB9;T_virB9;T_virB10;MOBH;t4cp1;F_traL;F_traE;F_traK;F_traB;F_traV;F_traF;F_traH;F_traG;T_virB1	NA
CP056676.1	NA	NA	NA	NA	NA	NA	NA	NA	NA	NA	NA
CP056677.1	ENA|CP056677|CP056677.1	93159	No terminal repeats	99	11	0.9936	NA	7	46.0915	F_traL;F_traE	NF000402
CP056678.1	ENA|CP056678|CP056678.1	87741	No terminal repeats	94	11	0.9931	NA	4	36.3027	F_traE	NA
CP056679.1	ENA|CP056679|CP056679.1	4858	No terminal repeats	7	11	0.9943	NA	2	3.7423	MOBP1	NA
CP056680.1	ENA|CP056680|CP056680.1	2495	No terminal repeats	3	11	0.9953	NA	1	3.1262	NA	NA
CP056691.1	NA	NA	NA	NA	NA	NA	NA	NA	NA	NA	NA
CP056692.1	ENA|CP056692|CP056692.1	109281	No terminal repeats	120	11	0.9941	NA	7	54.8106	F_traL;F_traE	NF000402
CP056693.1	ENA|CP056693|CP056693.1	60264	No terminal repeats	74	11	0.9940	NA	4	38.1610	T_virB1;T_virB3;virb4	NA
CP056694.1	ENA|CP056694|CP056694.1	4858	No terminal repeats	8	11	0.9942	NA	2	3.7423	MOBP1	NA
CP056695.1	ENA|CP056695|CP056695.1	4665	No terminal repeats	5	11	0.9938	NA	2	3.1408	MOBP1	NA
CP056696.1	ENA|CP056696|CP056696.1	4096	No terminal repeats	6	11	0.9960	NA	3	7.9151	MOBP1	NA
CP056707.1	NA	NA	NA	NA	NA	NA	NA	NA	NA	NA	NA
CP056708.1	ENA|CP056708|CP056708.1	140774	No terminal repeats	149	11	0.9938	NA	29	77.1388	F_traE;MOBF;F_traG;F_traH;F_traF;F_traN;F_trbC;F_traU;F_traW;virb4;F_traV;F_traK;F_traE;F_traL	NA
CP056709.1	ENA|CP056709|CP056709.1	4921	No terminal repeats	4	11	0.9937	NA	2	3.1408	MOBP1	NA
CP056710.1	ENA|CP056710|CP056710.1	2519	No terminal repeats	3	11	0.9953	NA	1	3.1262	NA	NA
CP056719.1	NA	NA	NA	NA	NA	NA	NA	NA	NA	NA	NA
CP056720.1	ENA|CP056720|CP056720.1	123311	No terminal repeats	143	11	0.9950	NA	29	93.0444	MOBF;F_traG;F_traH;F_traF;F_traN;F_trbC;F_traU;F_traW;virb4;F_traV;F_traK;F_traE;F_traL	NA
CP056721.1	ENA|CP056721|CP056721.1	118204	No terminal repeats	127	11	0.9939	NA	8	58.5237	F_traL;F_traE;F_traE	NF000402
CP056722.1	NA	NA	NA	NA	NA	NA	NA	NA	NA	NA	NA
CP056723.1	ENA|CP056723|CP056723.1	6974	No terminal repeats	9	11	0.9884	NA	2	5.2148	NA	NA
CP056724.1	ENA|CP056724|CP056724.1	4859	No terminal repeats	7	11	0.9945	NA	2	3.7423	MOBP1	NA
CP056725.1	ENA|CP056725|CP056725.1	4783	No terminal repeats	7	11	0.9934	NA	2	3.1408	MOBP1	NA
CP056726.1	ENA|CP056726|CP056726.1	2494	No terminal repeats	3	11	0.9950	NA	1	3.1262	NA	NA
CP056727.1	NA	NA	NA	NA	NA	NA	NA	NA	NA	NA	NA
CP056728.1	ENA|CP056728|CP056728.1	96235	No terminal repeats	98	11	0.9942	NA	7	51.3763	F_traL;F_traE	NF000402
CP056729.1	ENA|CP056729|CP056729.1	87112	No terminal repeats	87	11	0.9930	NA	1	25.5560	NA	NA
CP056730.1	ENA|CP056730|CP056730.1	48470	No terminal repeats	52	11	0.9930	NA	1	14.1867	NA	NA
CP056731.1	ENA|CP056731|CP056731.1	5523	No terminal repeats	7	11	0.9935	NA	2	3.1408	MOBP1	NA
CP056732.1	ENA|CP056732|CP056732.1	5299	No terminal repeats	6	11	0.9935	NA	1	2.5721	MOBQ	NA
CP056734.1	ENA|CP056734|CP056734.1	3813	No terminal repeats	4	11	0.9954	NA	1	3.9200	NA	NA
CP056735.1	NA	NA	NA	NA	NA	NA	NA	NA	NA	NA	NA
CP056736.1	ENA|CP056736|CP056736.1	2495	No terminal repeats	3	11	0.9954	NA	1	3.1262	NA	NA
CP056742.1	NA	NA	NA	NA	NA	NA	NA	NA	NA	NA	NA
CP056743.1	ENA|CP056743|CP056743.1	58103	No terminal repeats	56	11	0.9924	NA	1	9.8527	NA	NA
CP056744.1	ENA|CP056744|CP056744.1	5321	No terminal repeats	7	11	0.9951	NA	3	7.2047	MOBP1	NA
CP056745.1	ENA|CP056745|CP056745.1	4853	No terminal repeats	9	11	0.9951	NA	4	6.8930	MOBP1	NA
CP056746.1	ENA|CP056746|CP056746.1	4783	No terminal repeats	8	11	0.9943	NA	4	6.2914	MOBP1	NA
CP056747.1	NA	NA	NA	NA	NA	NA	NA	NA	NA	NA	NA
CP056748.1	ENA|CP056748|CP056748.1	96779	No terminal repeats	106	11	0.9943	NA	7	54.4324	MOBF	NF000402
CP056749.1	ENA|CP056749|CP056749.1	4783	No terminal repeats	8	11	0.9943	NA	4	6.2914	MOBP1	NA
CP056750.1	ENA|CP056750|CP056750.1	2495	No terminal repeats	3	11	0.9952	NA	1	3.1262	NA	NA
CP056751.1	NA	NA	NA	NA	NA	NA	NA	NA	NA	NA	NA
CP056752.1	ENA|CP056752|CP056752.1	58103	No terminal repeats	56	11	0.9925	NA	1	9.8527	NA	NA
CP056753.1	ENA|CP056753|CP056753.1	5321	No terminal repeats	7	11	0.9960	NA	3	8.9229	MOBP1	NA
CP056754.1	ENA|CP056754|CP056754.1	4853	No terminal repeats	7	11	0.9944	NA	2	3.7423	MOBP1	NA
CP056755.1	ENA|CP056755|CP056755.1	4783	No terminal repeats	7	11	0.9941	NA	2	4.5840	MOBP1	NA
CP056784.2	NA	NA	NA	NA	NA	NA	NA	NA	NA	NA	NA
CP056785.1	NA	NA	NA	NA	NA	NA	NA	NA	NA	NA	NA
CP056809.1	NA	NA	NA	NA	NA	NA	NA	NA	NA	NA	NA
CP056827.1	NA	NA	NA	NA	NA	NA	NA	NA	NA	NA	NA
CP056828.1	ENA|CP056828|CP056828.1	295849	No terminal repeats	320	11	0.9944	NA	31	206.2739	F_traE;F_traB;F_traV;virb4;F_traW;F_traU;F_trbC;T_virB10;T_virB9;T_virB8;T_virB6;T_virB5;virb4;T_virB3;T_virB2;T_virB11;t4cp2;T_virB10;T_virB9;T_virB8;T_virB6;T_virB5;virb4;T_virB3;T_virB2;T_virB11;t4cp2	NA
CP056829.1	ENA|CP056829|CP056829.1	100873	No terminal repeats	111	11	0.9950	NA	26	85.7569	F_traL;F_traE;F_traK;F_traV;F_traW;F_traU;F_trbC;F_traN;F_traF;F_traH;F_traG;t4cp2;MOBF	NA
CP056830.1	NA	NA	NA	NA	NA	NA	NA	NA	NA	NA	NA
CP056831.1	ENA|CP056831|CP056831.1	152250	No terminal repeats	159	11	0.9941	NA	7	63.2067	F_traE;F_traE;F_traE	NF000402
CP056832.1	NA	NA	NA	NA	NA	NA	NA	NA	NA	NA	NA
CP056833.1	ENA|CP056833|CP056833.1	3980	No terminal repeats	6	11	0.9940	NA	1	3.2393	MOBQ	NA
CP056839.1	NA	NA	NA	NA	NA	NA	NA	NA	NA	NA	NA
CP056840.1	ENA|CP056840|CP056840.1	63642	No terminal repeats	76	11	0.9948	NA	3	46.8281	NA	NF000402
CP056841.1	ENA|CP056841|CP056841.1	61353	No terminal repeats	72	11	0.9907	NA	2	18.5847	NA	NA
CP056852.1	NA	NA	NA	NA	NA	NA	NA	NA	NA	NA	NA
CP056853.1	ENA|CP056853|CP056853.1	177615	No terminal repeats	213	11	0.9940	NA	25	40.4703	F_traL;F_traE;F_traK;F_traB;F_traV;virb4;F_traW;F_traU;F_traN;F_traF;F_traH;F_traG;F_traG;t4cp2;MOBF	NF000402
CP056854.1	NA	NA	NA	NA	NA	NA	NA	NA	NA	NA	NA
CP056855.1	ENA|CP056855|CP056855.1	188591	No terminal repeats	220	11	0.9944	NA	18	131.9620	MOBF;F_traG;F_traV;F_traK;F_traE;F_traL;F_traE	NF000402;NF012178
CP056856.1	ENA|CP056856|CP056856.1	115230	No terminal repeats	127	11	0.9950	NA	28	95.3402	F_traL;F_traE;F_traK;F_traB;F_traV;virb4;F_traW;F_traU;F_trbC;F_traN;F_traF;F_traH;F_traG;MOBF	NA
CP056857.1	NA	NA	NA	NA	NA	NA	NA	NA	NA	NA	NA
CP056858.1	ENA|CP056858|CP056858.1	53039	No terminal repeats	58	11	0.9939	NA	3	22.9282	NA	NA
CP056859.1	NA	NA	NA	NA	NA	NA	NA	NA	NA	NA	NA
CP056860.1	NA	NA	NA	NA	NA	NA	NA	NA	NA	NA	NA
CP057722.1	NA	NA	NA	NA	NA	NA	NA	NA	NA	NA	NA
CP057723.1	ENA|CP057723|CP057723.1	147522	No terminal repeats	167	11	0.9946	NA	29	110.9581	MOBF;F_traG;F_traH;F_traF;F_traN;F_trbC;F_traU;F_traW;virb4;F_traV;F_traK;F_traE;F_traL	NA
CP057724.1	ENA|CP057724|CP057724.1	48464	No terminal repeats	63	11	0.9948	NA	9	46.5165	T_virB1;T_virB3;virb4;T_virB5;T_virB6;T_virB8;T_virB9	NF012174
CP057864.1	NA	NA	NA	NA	NA	NA	NA	NA	NA	NA	NA
CP057865.1	ENA|CP057865|CP057865.1	5169	No terminal repeats	10	11	0.9938	NA	4	5.0914	MOBQ;T_virB6	NA
CP058146.1	NA	NA	NA	NA	NA	NA	NA	NA	NA	NA	NA
CP058147.1	ENA|CP058147|CP058147.1	87112	No terminal repeats	90	11	0.9944	NA	7	47.0985	F_traL;F_traE	NF000402
CP058148.1	ENA|CP058148|CP058148.1	59112	No terminal repeats	70	11	0.9947	NA	9	49.3567	T_virB1;T_virB3;virb4;T_virB5;T_virB6;T_virB8;T_virB9	NF012178
CP058149.1	NA	NA	NA	NA	NA	NA	NA	NA	NA	NA	NA
CP058150.1	ENA|CP058150|CP058150.1	111966	No terminal repeats	119	11	0.9942	NA	7	57.6110	F_traL;F_traE	NF000402
CP058151.1	ENA|CP058151|CP058151.1	84905	No terminal repeats	85	11	0.9928	NA	1	25.5560	NA	NA
CP058152.1	ENA|CP058152|CP058152.1	2495	No terminal repeats	4	11	0.9945	NA	1	3.1262	NA	NA
CP058153.1	NA	NA	NA	NA	NA	NA	NA	NA	NA	NA	NA
CP058154.1	ENA|CP058154|CP058154.1	113845	No terminal repeats	138	11	0.9945	NA	23	106.8784	F_traL;F_traE;F_traK;F_traB;F_traV;virb4;F_traW;F_traU;F_traN;F_traF;F_traH;F_traG;t4cp2;MOBF	NF012178
CP058155.1	ENA|CP058155|CP058155.1	60671	No terminal repeats	64	11	0.9925	NA	2	18.6219	NA	NA
CP058156.1	ENA|CP058156|CP058156.1	2511	No terminal repeats	5	11	0.9949	NA	1	4.5694	NA	NA
CP058157.1	NA	NA	NA	NA	NA	NA	NA	NA	NA	NA	NA
CP058158.1	ENA|CP058158|CP058158.1	113610	No terminal repeats	119	11	0.9941	NA	7	56.8366	F_traL;F_traE	NF000402
CP058159.1	ENA|CP058159|CP058159.1	2495	No terminal repeats	3	11	0.9953	NA	1	3.1262	NA	NA
CP058160.1	NA	NA	NA	NA	NA	NA	NA	NA	NA	NA	NA
CP058161.1	ENA|CP058161|CP058161.1	113845	No terminal repeats	138	11	0.9945	NA	23	106.8784	F_traL;F_traE;F_traK;F_traB;F_traV;virb4;F_traW;F_traU;F_traN;F_traF;F_traH;F_traG;t4cp2;MOBF	NF012178
CP058162.1	ENA|CP058162|CP058162.1	50583	No terminal repeats	57	11	0.9933	NA	2	18.6219	NA	NA
CP058163.1	ENA|CP058163|CP058163.1	2511	No terminal repeats	6	11	0.9940	NA	1	3.1262	NA	NA
CP058164.1	NA	NA	NA	NA	NA	NA	NA	NA	NA	NA	NA
CP058165.1	NA	NA	NA	NA	NA	NA	NA	NA	NA	NA	NA
CP058166.1	ENA|CP058166|CP058166.1	9923	No terminal repeats	10	11	0.9941	NA	3	7.4782	MOBP1	NF012171
CP058187.1	NA	NA	NA	NA	NA	NA	NA	NA	NA	NA	NA
CP058188.1	ENA|CP058188|CP058188.1	169857	No terminal repeats	182	11	0.9937	NA	5	70.2226	MOBF	NA
CP058189.1	NA	NA	NA	NA	NA	NA	NA	NA	NA	NA	NA
CP058190.1	ENA|CP058190|CP058190.1	2495	No terminal repeats	3	11	0.9953	NA	1	3.1262	NA	NA
CP058250.1	NA	NA	NA	NA	NA	NA	NA	NA	NA	NA	NA
CP058251.1	NA	NA	NA	NA	NA	NA	NA	NA	NA	NA	NA
CP058252.1	NA	NA	NA	NA	NA	NA	NA	NA	NA	NA	NA
CP058281.1	NA	NA	NA	NA	NA	NA	NA	NA	NA	NA	NA
CP058318.1	NA	NA	NA	NA	NA	NA	NA	NA	NA	NA	NA
CP058319.1	ENA|CP058319|CP058319.1	295218	No terminal repeats	397	11	0.9914	NA	4	55.0372	T_virB1	NF012178
CP058353.1	NA	NA	NA	NA	NA	NA	NA	NA	NA	NA	NA
CP058563.1	NA	NA	NA	NA	NA	NA	NA	NA	NA	NA	NA
CP058564.1	ENA|CP058564|CP058564.1	139734	No terminal repeats	180	11	0.9914	NA	8	41.7497	FA_orf13;FATA_prgIc;FATA_prgL	NA
CP058565.1	ENA|CP058565|CP058565.1	32454	No terminal repeats	50	11	0.9939	NA	3	22.3861	NA	NF033115
CP058666.1	NA	NA	NA	NA	NA	NA	NA	NA	NA	NA	NA
CP058891.1	NA	NA	NA	NA	NA	NA	NA	NA	NA	NA	NA
CP058892.1	ENA|CP058892|CP058892.1	12340	No terminal repeats	19	11	0.9953	NA	2	18.6196	NA	NA
CP058893.1	ENA|CP058893|CP058893.1	87675	No terminal repeats	114	11	0.9906	NA	4	21.5172	NA	NF033068;NF033115;NF033115
CP058894.1	NA	NA	NA	NA	NA	NA	NA	NA	NA	NA	NA
CP058895.1	ENA|CP058895|CP058895.1	203651	No terminal repeats	240	11	0.9907	NA	2	53.7399	MOBP2	NF033693
CP059003.1	NA	NA	NA	NA	NA	NA	NA	NA	NA	NA	NA
CP059004.1	ENA|CP059004|CP059004.1	96499	No terminal repeats	108	11	0.9953	NA	22	76.1200	MOBP1;F_traE;I_trbB;I_trbA;I_traY;I_traW;I_traV;traU;I_traT;I_traR;I_traQ;I_traP;I_traO;I_traN;I_traL;I_traK;I_traI;I_traE	NA
CP059005.1	ENA|CP059005|CP059005.1	79323	No terminal repeats	91	11	0.9947	NA	7	39.1255	MOBF;t4cp2;F_traG	NA
CP059006.1	ENA|CP059006|CP059006.1	46161	No terminal repeats	58	11	0.9935	NA	9	25.1041	T_virB9;T_virB8;T_virB6;virb4;T_virB2;T_virB1	NF012147
CP059007.1	ENA|CP059007|CP059007.1	5163	No terminal repeats	6	11	0.9945	NA	1	3.7523	MOBQ	NA
CP059008.1	ENA|CP059008|CP059008.1	3174	No terminal repeats	5	11	0.9951	NA	2	3.6681	NA	NA
CP059039.1	NA	NA	NA	NA	NA	NA	NA	NA	NA	NA	NA
CP059159.1	NA	NA	NA	NA	NA	NA	NA	NA	NA	NA	NA
CP059300.1	NA	NA	NA	NA	NA	NA	NA	NA	NA	NA	NA
CP059301.1	ENA|CP059301|CP059301.1	174292	No terminal repeats	170	11	0.9867	NA	6	40.2392	I_traY;I_traI;I_traM;I_traN;traU;I_traW	NF000025;NF012147;NF012171;NF040806
CP059302.1	ENA|CP059302|CP059302.1	5210	DTR	9	11	0.9944	NA	2	5.7943	MOBQ	NA
CP059303.1	ENA|CP059303|CP059303.1	12651	No terminal repeats	18	11	0.9946	NA	1	14.2902	MOBQ	NA
CP059304.1	ENA|CP059304|CP059304.1	9950	No terminal repeats	13	11	0.9947	NA	1	11.1282	MOBQ	NA
CP059383.1	NA	NA	NA	NA	NA	NA	NA	NA	NA	NA	NA
CP059422.1	NA	NA	NA	NA	NA	NA	NA	NA	NA	NA	NA
CP059423.1	ENA|CP059423|CP059423.1	2493	No terminal repeats	3	11	0.9952	NA	1	3.1262	NA	NA
CP059424.1	ENA|CP059424|CP059424.1	119988	No terminal repeats	140	11	0.9937	NA	10	50.5991	F_traE;T_virB8;T_virB9;T_virB9;T_virB10	NA
CP059425.1	ENA|CP059425|CP059425.1	302836	No terminal repeats	334	11	0.9939	NA	17	200.2549	F_traE;F_traB;F_traV;virb4;F_traW;F_traU;F_trbC;F_traH;F_traF;MOBH;t4cp1	NF012171;NF033144
CP059426.1	ENA|CP059426|CP059426.1	55220	No terminal repeats	69	11	0.9932	NA	9	29.7409	MOBC;T_virB10;T_virB9;MOBC	NF012147
CP059477.1	NA	NA	NA	NA	NA	NA	NA	NA	NA	NA	NA
CP059542.1	NA	NA	NA	NA	NA	NA	NA	NA	NA	NA	NA
CP059543.1	NA	NA	NA	NA	NA	NA	NA	NA	NA	NA	NA
CP059544.1	NA	NA	NA	NA	NA	NA	NA	NA	NA	NA	NA
CP059545.1	ENA|CP059545|CP059545.1	7369	No terminal repeats	10	11	0.9953	NA	1	8.4975	NA	NA
CP059709.1	NA	NA	NA	NA	NA	NA	NA	NA	NA	NA	NA
CP059711.1	NA	NA	NA	NA	NA	NA	NA	NA	NA	NA	NA
CP059712.1	ENA|CP059712|CP059712.1	287277	No terminal repeats	312	11	0.9940	NA	17	194.2337	F_traE;F_traB;F_traV;virb4;F_traW;F_traU;F_trbC;F_traH;F_traF;MOBH;t4cp1	NF000153
CP059713.1	ENA|CP059713|CP059713.1	76436	No terminal repeats	92	11	0.9941	NA	7	48.5128	NA	NF000402
CP059714.1	ENA|CP059714|CP059714.1	52787	No terminal repeats	66	11	0.9945	NA	9	46.8609	T_virB9;T_virB8;T_virB6;T_virB5;virb4;T_virB3;T_virB1	NF012147
CP059715.1	ENA|CP059715|CP059715.1	45739	No terminal repeats	59	11	0.9941	NA	9	26.9433	T_virB9;T_virB8;T_virB6;virb4;T_virB2;T_virB1	NF012147
CP059716.1	ENA|CP059716|CP059716.1	2496	No terminal repeats	3	11	0.9952	NA	1	3.1262	NA	NA
CP059755.1	NA	NA	NA	NA	NA	NA	NA	NA	NA	NA	NA
CP059756.1	ENA|CP059756|CP059756.1	246466	No terminal repeats	291	11	0.9894	NA	4	79.6433	MOBP2;MOBP2	NF012176;NF033068
CP059757.1	ENA|CP059757|CP059757.1	74076	No terminal repeats	83	11	0.9927	NA	4	34.6393	FATA_trsC;FATA_trsD;FATA_trsL	NF033693;NF033115
CP059758.1	ENA|CP059758|CP059758.1	54357	No terminal repeats	66	11	0.9910	NA	3	20.4432	T_virB11;MOBP2	NA
CP059759.1	ENA|CP059759|CP059759.1	35478	No terminal repeats	44	11	0.9889	NA	1	4.9294	NA	NF033068
CP059760.1	ENA|CP059760|CP059760.1	6188	No terminal repeats	8	11	0.9955	NA	1	9.3098	NA	NA
CP059761.1	ENA|CP059761|CP059761.1	4372	No terminal repeats	7	11	0.9948	NA	1	5.9024	NA	NA
CP059762.1	NA	NA	NA	NA	NA	NA	NA	NA	NA	NA	NA
CP059763.1	NA	NA	NA	NA	NA	NA	NA	NA	NA	NA	NA
CP059784.1	NA	NA	NA	NA	NA	NA	NA	NA	NA	NA	NA
CP059785.1	ENA|CP059785|CP059785.1	130516	No terminal repeats	160	11	0.9890	NA	2	15.3479	NA	NF000424;NF033115
CP059786.1	ENA|CP059786|CP059786.1	39414	No terminal repeats	50	11	0.9911	NA	1	12.3760	NA	NF033068
CP059787.1	NA	NA	NA	NA	NA	NA	NA	NA	NA	NA	NA
CP059788.1	ENA|CP059788|CP059788.1	8209	No terminal repeats	12	11	0.9948	NA	1	9.3390	NA	NA
CP059789.1	ENA|CP059789|CP059789.1	6173	No terminal repeats	8	11	0.9955	NA	1	9.3098	NA	NA
CP059790.1	NA	NA	NA	NA	NA	NA	NA	NA	NA	NA	NA
CP059791.1	ENA|CP059791|CP059791.1	3846	No terminal repeats	4	11	0.9944	NA	1	2.6555	NA	NA
CP059793.1	NA	NA	NA	NA	NA	NA	NA	NA	NA	NA	NA
CP059794.1	ENA|CP059794|CP059794.1	227172	No terminal repeats	270	11	0.9887	NA	1	53.2771	MOBP2	NF033693
CP059795.1	NA	NA	NA	NA	NA	NA	NA	NA	NA	NA	NA
CP059796.1	ENA|CP059796|CP059796.1	43862	No terminal repeats	59	11	0.9939	NA	1	15.2596	NA	NF033068
CP059797.1	NA	NA	NA	NA	NA	NA	NA	NA	NA	NA	NA
CP059798.1	NA	NA	NA	NA	NA	NA	NA	NA	NA	NA	NA
CP059800.1	ENA|CP059800|CP059800.1	11638	No terminal repeats	15	11	0.9938	NA	1	6.1180	NA	NA
CP059801.1	ENA|CP059801|CP059801.1	6304	No terminal repeats	9	11	0.9950	NA	1	8.0310	NA	NA
CP059802.1	NA	NA	NA	NA	NA	NA	NA	NA	NA	NA	NA
CP059803.1	NA	NA	NA	NA	NA	NA	NA	NA	NA	NA	NA
CP059804.1	NA	NA	NA	NA	NA	NA	NA	NA	NA	NA	NA
CP059805.1	NA	NA	NA	NA	NA	NA	NA	NA	NA	NA	NA
CP059806.1	NA	NA	NA	NA	NA	NA	NA	NA	NA	NA	NA
CP059807.1	ENA|CP059807|CP059807.1	122126	No terminal repeats	148	11	0.9886	NA	2	16.8257	NA	NF033115;NF000424
CP059808.1	ENA|CP059808|CP059808.1	39407	No terminal repeats	50	11	0.9920	NA	1	12.3760	NA	NF033068
CP059809.1	NA	NA	NA	NA	NA	NA	NA	NA	NA	NA	NA
CP059810.1	ENA|CP059810|CP059810.1	6173	No terminal repeats	8	11	0.9955	NA	1	9.3098	NA	NA
CP059811.1	NA	NA	NA	NA	NA	NA	NA	NA	NA	NA	NA
CP059812.1	ENA|CP059812|CP059812.1	4148	No terminal repeats	5	11	0.9955	NA	1	5.9024	NA	NA
CP059814.1	ENA|CP059814|CP059814.1	3846	No terminal repeats	5	11	0.9941	NA	1	2.6555	NA	NA
CP059815.1	NA	NA	NA	NA	NA	NA	NA	NA	NA	NA	NA
CP059823.1	NA	NA	NA	NA	NA	NA	NA	NA	NA	NA	NA
CP059825.1	NA	NA	NA	NA	NA	NA	NA	NA	NA	NA	NA
CP059828.1	NA	NA	NA	NA	NA	NA	NA	NA	NA	NA	NA
CP059965.1	NA	NA	NA	NA	NA	NA	NA	NA	NA	NA	NA
CP059970.1	NA	NA	NA	NA	NA	NA	NA	NA	NA	NA	NA
CP059986.1	NA	NA	NA	NA	NA	NA	NA	NA	NA	NA	NA
CP060005.1	NA	NA	NA	NA	NA	NA	NA	NA	NA	NA	NA
CP060006.1	ENA|CP060006|CP060006.1	426027	No terminal repeats	530	11	0.9847	NA	4	15.1703	T_virB1	NF033144;NF000270;NF012147
CP060011.1	NA	NA	NA	NA	NA	NA	NA	NA	NA	NA	NA
CP060012.1	NA	NA	NA	NA	NA	NA	NA	NA	NA	NA	NA
CP060065.1	NA	NA	NA	NA	NA	NA	NA	NA	NA	NA	NA
CP060066.1	ENA|CP060066|CP060066.1	148192	No terminal repeats	143	11	0.9888	NA	3	6.9255	NA	NA
CP060067.1	ENA|CP060067|CP060067.1	35863	No terminal repeats	51	11	0.9939	NA	8	36.9063	T_virB9;T_virB8;T_virB6;T_virB5;virb4;T_virB3	NA
CP060068.1	NA	NA	NA	NA	NA	NA	NA	NA	NA	NA	NA
CP060069.1	ENA|CP060069|CP060069.1	4461	No terminal repeats	6	11	0.9934	NA	1	2.5790	MOBP1	NA
CP060070.1	ENA|CP060070|CP060070.1	3214	No terminal repeats	7	11	0.9942	NA	1	4.3207	NA	NA
CP060071.1	NA	NA	NA	NA	NA	NA	NA	NA	NA	NA	NA
CP060072.1	NA	NA	NA	NA	NA	NA	NA	NA	NA	NA	NA
CP060156.1	NA	NA	NA	NA	NA	NA	NA	NA	NA	NA	NA
CP060265.1	NA	NA	NA	NA	NA	NA	NA	NA	NA	NA	NA
CP060266.1	NA	NA	NA	NA	NA	NA	NA	NA	NA	NA	NA
CP060268.1	NA	NA	NA	NA	NA	NA	NA	NA	NA	NA	NA
CP060269.1	NA	NA	NA	NA	NA	NA	NA	NA	NA	NA	NA
CP060276.1	NA	NA	NA	NA	NA	NA	NA	NA	NA	NA	NA
CP060277.1	ENA|CP060277|CP060277.1	122584	No terminal repeats	123	11	0.9945	NA	20	85.8117	I_traN;I_traL;I_traK;I_traI;MOBP1;I_trbB;I_trbA;I_traY;I_traW;traU;I_traR;I_traQ;I_traP;I_traO;I_traN	NA
CP060285.1	NA	NA	NA	NA	NA	NA	NA	NA	NA	NA	NA
CP060417.1	NA	NA	NA	NA	NA	NA	NA	NA	NA	NA	NA
CP060512.1	NA	NA	NA	NA	NA	NA	NA	NA	NA	NA	NA
CP060513.1	ENA|CP060513|CP060513.1	254662	No terminal repeats	244	11	0.9938	NA	20	110.7836	MOBP1;I_traE;I_traI;I_traK;I_traL;I_traN;I_traO;I_traP;I_traQ;I_traR;I_traT;traU;I_traV;I_traW;I_traY;I_trbA;I_trbB;MOBP1	NF012171;NF012174
CP060514.1	NA	NA	NA	NA	NA	NA	NA	NA	NA	NA	NA
CP060640.1	NA	NA	NA	NA	NA	NA	NA	NA	NA	NA	NA
CP060643.1	NA	NA	NA	NA	NA	NA	NA	NA	NA	NA	NA
CP060644.1	NA	NA	NA	NA	NA	NA	NA	NA	NA	NA	NA
CP060645.1	NA	NA	NA	NA	NA	NA	NA	NA	NA	NA	NA
CP060672.1	NA	NA	NA	NA	NA	NA	NA	NA	NA	NA	NA
CP060673.1	ENA|CP060673|CP060673.1	110273	No terminal repeats	142	11	0.9939	NA	16	72.3514	F_traL;F_traE;F_traK;F_traV	NF012174
CP060708.1	NA	NA	NA	NA	NA	NA	NA	NA	NA	NA	NA
CP060801.1	ENA|CP060801|CP060801.1	96486	No terminal repeats	109	11	0.9903	NA	3	27.1574	FA_orf13	NF033068
CP060802.1	ENA|CP060802|CP060802.1	54644	No terminal repeats	62	11	0.9916	NA	2	6.3144	NA	NF033693
CP060803.1	ENA|CP060803|CP060803.1	46541	No terminal repeats	51	11	0.9932	NA	4	28.2940	FATA_trsL;FATA_trsD;FATA_trsC	NF033115
CP060804.1	NA	NA	NA	NA	NA	NA	NA	NA	NA	NA	NA
CP060855.1	NA	NA	NA	NA	NA	NA	NA	NA	NA	NA	NA
CP060856.1	ENA|CP060856|CP060856.1	220699	No terminal repeats	241	11	0.9946	NA	17	185.0799	F_traE;F_traB;F_traV;virb4;F_traW;F_traU;F_trbC;F_traH;F_traF;MOBH;t4cp1	NF012174;NF033144;NF012174;NF040806
CP061034.1	NA	NA	NA	NA	NA	NA	NA	NA	NA	NA	NA
CP061073.2	NA	NA	NA	NA	NA	NA	NA	NA	NA	NA	NA
CP061074.2	ENA|CP061074|CP061074.2	140415	No terminal repeats	170	11	0.9860	NA	8	40.8768	I_traM;I_traN;I_traO;traU;I_trbA;I_traW;I_traW;I_traY;I_traK;I_traI	NA
CP061075.1	NA	NA	NA	NA	NA	NA	NA	NA	NA	NA	NA
CP061077.1	NA	NA	NA	NA	NA	NA	NA	NA	NA	NA	NA
CP061078.1	NA	NA	NA	NA	NA	NA	NA	NA	NA	NA	NA
CP061082.1	NA	NA	NA	NA	NA	NA	NA	NA	NA	NA	NA
CP061131.1	NA	NA	NA	NA	NA	NA	NA	NA	NA	NA	NA
CP061132.1	NA	NA	NA	NA	NA	NA	NA	NA	NA	NA	NA
CP061133.1	NA	NA	NA	NA	NA	NA	NA	NA	NA	NA	NA
CP061134.1	NA	NA	NA	NA	NA	NA	NA	NA	NA	NA	NA
CP061208.1	NA	NA	NA	NA	NA	NA	NA	NA	NA	NA	NA
CP061513.1	NA	NA	NA	NA	NA	NA	NA	NA	NA	NA	NA
CP061521.1	NA	NA	NA	NA	NA	NA	NA	NA	NA	NA	NA
CP061522.1	NA	NA	NA	NA	NA	NA	NA	NA	NA	NA	NA
CP061523.1	NA	NA	NA	NA	NA	NA	NA	NA	NA	NA	NA
CP061524.1	NA	NA	NA	NA	NA	NA	NA	NA	NA	NA	NA
CP061537.1	NA	NA	NA	NA	NA	NA	NA	NA	NA	NA	NA
CP061744.1	NA	NA	NA	NA	NA	NA	NA	NA	NA	NA	NA
CP061745.1	NA	NA	NA	NA	NA	NA	NA	NA	NA	NA	NA
CP061746.1	ENA|CP061746|CP061746.1	348891	No terminal repeats	405	11	0.9941	NA	27	228.2040	F_traE;F_traB;F_traV;virb4;F_traW;F_traU;F_trbC;T_virB1;MOBH;t4cp1;T_virB9;T_virB8;T_virB6;T_virB5;virb4;T_virB3;T_virB1	NF012171;NF012178;NF033144;NF012147
CP061747.1	ENA|CP061747|CP061747.1	44961	No terminal repeats	58	11	0.9937	NA	9	25.1041	T_virB1;T_virB2;virb4;T_virB6;T_virB8;T_virB9	NF012147
CP061748.1	ENA|CP061748|CP061748.1	6364	No terminal repeats	10	11	0.9950	NA	2	5.9375	MOBP1	NA
CP061764.1	NA	NA	NA	NA	NA	NA	NA	NA	NA	NA	NA
CP061765.1	ENA|CP061765|CP061765.1	98015	No terminal repeats	117	11	0.9932	NA	3	34.0239	NA	NA
CP061766.1	ENA|CP061766|CP061766.1	3256	No terminal repeats	4	11	0.9954	NA	2	4.5840	MOBP1	NA
CP061767.1	NA	NA	NA	NA	NA	NA	NA	NA	NA	NA	NA
CP061778.1	NA	NA	NA	NA	NA	NA	NA	NA	NA	NA	NA
CP062146.1	NA	NA	NA	NA	NA	NA	NA	NA	NA	NA	NA
CP062219.1	NA	NA	NA	NA	NA	NA	NA	NA	NA	NA	NA
CP062241.1	NA	NA	NA	NA	NA	NA	NA	NA	NA	NA	NA
CP062265.1	NA	NA	NA	NA	NA	NA	NA	NA	NA	NA	NA
CP062266.1	ENA|CP062266|CP062266.1	227172	No terminal repeats	270	11	0.9887	NA	1	53.2771	MOBP2	NF033693
CP062267.1	NA	NA	NA	NA	NA	NA	NA	NA	NA	NA	NA
CP062268.1	ENA|CP062268|CP062268.1	43862	No terminal repeats	59	11	0.9939	NA	1	15.2596	NA	NF033068
CP062270.1	NA	NA	NA	NA	NA	NA	NA	NA	NA	NA	NA
CP062271.1	NA	NA	NA	NA	NA	NA	NA	NA	NA	NA	NA
CP062272.1	ENA|CP062272|CP062272.1	11638	No terminal repeats	15	11	0.9938	NA	1	6.1180	NA	NA
CP062273.1	ENA|CP062273|CP062273.1	6304	No terminal repeats	9	11	0.9950	NA	1	8.0310	NA	NA
CP062274.1	NA	NA	NA	NA	NA	NA	NA	NA	NA	NA	NA
CP062275.1	NA	NA	NA	NA	NA	NA	NA	NA	NA	NA	NA
CP062276.1	NA	NA	NA	NA	NA	NA	NA	NA	NA	NA	NA
CP062277.1	NA	NA	NA	NA	NA	NA	NA	NA	NA	NA	NA
CP062329.1	NA	NA	NA	NA	NA	NA	NA	NA	NA	NA	NA
CP062330.1	NA	NA	NA	NA	NA	NA	NA	NA	NA	NA	NA
CP062354.1	NA	NA	NA	NA	NA	NA	NA	NA	NA	NA	NA
CP062355.1	ENA|CP062355|CP062355.1	20680	No terminal repeats	23	11	0.9943	NA	2	10.8004	MOBV	NF040806;NF012167
CP062372.1	NA	NA	NA	NA	NA	NA	NA	NA	NA	NA	NA
CP062373.1	ENA|CP062373|CP062373.1	28956	No terminal repeats	33	11	0.9831	NA	2	7.9266	MOBC	NA
CP062374.1	ENA|CP062374|CP062374.1	3566	No terminal repeats	4	11	0.9876	NA	1	3.4296	NA	NA
CP062375.1	ENA|CP062375|CP062375.1	2366	No terminal repeats	3	11	0.9865	NA	1	1.7936	NA	NA
CP062400.1	NA	NA	NA	NA	NA	NA	NA	NA	NA	NA	NA
CP062475.1	NA	NA	NA	NA	NA	NA	NA	NA	NA	NA	NA
CP062708.1	NA	NA	NA	NA	NA	NA	NA	NA	NA	NA	NA
CP062709.1	ENA|CP062709|CP062709.1	92743	No terminal repeats	89	11	0.9946	NA	8	49.6888	T_virB11;MOBP1	NA
CP062710.1	ENA|CP062710|CP062710.1	35980	No terminal repeats	50	11	0.9929	NA	8	23.6304	virb4;T_virB8;T_virB9;MOBP1;MOBP1;T_virB6	NA
CP062723.1	NA	NA	NA	NA	NA	NA	NA	NA	NA	NA	NA
CP062724.1	ENA|CP062724|CP062724.1	92747	No terminal repeats	96	11	0.9943	NA	8	47.9267	T_virB11;MOBP1	NA
CP062727.1	NA	NA	NA	NA	NA	NA	NA	NA	NA	NA	NA
CP062728.1	ENA|CP062728|CP062728.1	92757	No terminal repeats	89	11	0.9947	NA	8	49.6888	T_virB11;MOBP1	NA
CP062758.1	NA	NA	NA	NA	NA	NA	NA	NA	NA	NA	NA
CP062759.1	ENA|CP062759|CP062759.1	92766	No terminal repeats	89	11	0.9947	NA	8	49.6888	T_virB11;MOBP1	NA
CP062760.1	ENA|CP062760|CP062760.1	3306	No terminal repeats	3	11	0.9913	NA	1	1.6586	NA	NA
CP062832.1	NA	NA	NA	NA	NA	NA	NA	NA	NA	NA	NA
CP062833.1	NA	NA	NA	NA	NA	NA	NA	NA	NA	NA	NA
CP062834.1	ENA|CP062834|CP062834.1	3319	No terminal repeats	5	11	0.9935	NA	2	3.0666	NA	NA
CP062835.1	NA	NA	NA	NA	NA	NA	NA	NA	NA	NA	NA
CP062836.1	ENA|CP062836|CP062836.1	109656	No terminal repeats	126	11	0.9949	NA	19	86.7542	MOBP1;I_trbB;I_trbA;I_traY;I_traW;I_traV;traU;I_traT;I_traR;I_traQ;I_traP;I_traO;I_traN;I_traK;I_traI;I_traE	NA
CP062837.1	ENA|CP062837|CP062837.1	141255	No terminal repeats	165	11	0.9932	NA	18	65.2948	F_traE;F_traE;MOBF;F_traG;F_traH;F_traF;F_traN	NA
CP063047.1	NA	NA	NA	NA	NA	NA	NA	NA	NA	NA	NA
CP063127.1	NA	NA	NA	NA	NA	NA	NA	NA	NA	NA	NA
CP063146.1	ENA|CP063146|CP063146.1	3991	No terminal repeats	5	11	0.9926	NA	1	2.2083	NA	NA
CP063147.1	NA	NA	NA	NA	NA	NA	NA	NA	NA	NA	NA
CP063148.1	ENA|CP063148|CP063148.1	159093	No terminal repeats	170	11	0.9944	NA	30	114.4375	F_traL;F_traE;F_traK;F_traB;F_traV;virb4;F_traW;F_traU;F_trbC;F_traN;F_traF;F_traH;F_traG;MOBF	NA
CP063149.1	ENA|CP063149|CP063149.1	375474	No terminal repeats	407	11	0.9928	NA	22	145.5912	F_traE;F_traK;F_traB;F_traV;virb4;F_traW;F_traU;F_trbC;t4cp1;MOBH;F_traF;F_traH;F_traE	NF012178;NF012171;NF012178;NF012147;NF033144
CP063150.1	NA	NA	NA	NA	NA	NA	NA	NA	NA	NA	NA
CP063198.2	NA	NA	NA	NA	NA	NA	NA	NA	NA	NA	NA
CP063229.1	NA	NA	NA	NA	NA	NA	NA	NA	NA	NA	NA
CP063230.1	ENA|CP063230|CP063230.1	87710	No terminal repeats	96	11	0.9942	NA	19	69.5180	MOBP1;I_traI;I_traK;I_traL;I_traN;I_traO;I_traP;I_traQ;I_traR;traU;I_traW;I_traY;I_trbA;I_trbB	NA
CP063238.1	NA	NA	NA	NA	NA	NA	NA	NA	NA	NA	NA
CP063239.1	ENA|CP063239|CP063239.1	83750	No terminal repeats	104	11	0.9927	NA	15	44.0121	I_trbB;I_trbA;MOBP1;I_traI;I_traK;I_traL;I_traN;I_traO;I_traP;I_traQ;I_traR;traU;I_traW;I_traY	NF000153
CP063294.1	NA	NA	NA	NA	NA	NA	NA	NA	NA	NA	NA
CP063295.1	ENA|CP063295|CP063295.1	159330	No terminal repeats	194	11	0.9923	NA	20	69.4879	MOBH;t4cp1;F_traL;F_traE;F_traK;F_traB;F_traV;virb4;F_traW;F_traU;F_trbC;F_traF;F_traH;F_traG	NF012174;NF012171
CP063296.1	ENA|CP063296|CP063296.1	102507	No terminal repeats	119	11	0.9949	NA	20	83.8473	MOBP1;I_trbB;I_trbA;I_traY;I_traW;I_traV;traU;I_traT;I_traR;I_traQ;I_traP;I_traO;I_traN;I_traL;I_traK;I_traI;I_traE	NF033085
CP063297.1	ENA|CP063297|CP063297.1	34894	No terminal repeats	53	11	0.9934	NA	10	33.5366	T_virB1;T_virB3;virb4;T_virB5;T_virB6;T_virB8;T_virB9;t4cp2	NA
CP063298.1	ENA|CP063298|CP063298.1	4234	No terminal repeats	3	11	0.9937	NA	1	2.8010	NA	NA
CP063299.1	NA	NA	NA	NA	NA	NA	NA	NA	NA	NA	NA
CP063300.1	NA	NA	NA	NA	NA	NA	NA	NA	NA	NA	NA
CP063354.1	NA	NA	NA	NA	NA	NA	NA	NA	NA	NA	NA
CP063355.1	ENA|CP063355|CP063355.1	69591	No terminal repeats	76	11	0.9943	NA	17	52.5881	I_trbB;I_trbA;I_traY;I_traW;traU;I_traR;I_traQ;I_traP;I_traO;I_traN;I_traL;I_traK;I_traI;MOBP1	NA
CP063394.1	NA	NA	NA	NA	NA	NA	NA	NA	NA	NA	NA
CP063420.1	NA	NA	NA	NA	NA	NA	NA	NA	NA	NA	NA
CP063421.1	NA	NA	NA	NA	NA	NA	NA	NA	NA	NA	NA
CP063422.1	NA	NA	NA	NA	NA	NA	NA	NA	NA	NA	NA
CP063423.1	NA	NA	NA	NA	NA	NA	NA	NA	NA	NA	NA
CP063440.1	NA	NA	NA	NA	NA	NA	NA	NA	NA	NA	NA
CP063483.1	NA	NA	NA	NA	NA	NA	NA	NA	NA	NA	NA
CP063484.1	ENA|CP063484|CP063484.1	77443	No terminal repeats	81	11	0.9953	NA	30	68.3887	F_traL;F_traE;F_traK;F_traV;virb4;F_traW;F_traE;F_traU;F_traN;F_traF;F_traH;F_traG;MOBF	NA
CP063485.1	NA	NA	NA	NA	NA	NA	NA	NA	NA	NA	NA
CP063486.1	ENA|CP063486|CP063486.1	71139	No terminal repeats	74	11	0.9945	NA	3	33.6620	F_traE;F_traE	NF012174;NF000402
CP063511.1	NA	NA	NA	NA	NA	NA	NA	NA	NA	NA	NA
CP063512.1	ENA|CP063512|CP063512.1	273218	No terminal repeats	293	11	0.9938	NA	18	184.1082	t4cp1;MOBH;F_traF;F_traH;F_traG;F_traE;F_traE;F_traB;F_traV;virb4;F_traW;F_traU;F_trbC	NF000402;NF000051;NF012174
CP063513.1	ENA|CP063513|CP063513.1	2345	No terminal repeats	3	11	0.9953	NA	2	2.1806	NA	NA
CP063514.1	ENA|CP063514|CP063514.1	3764	DTR	5	11	0.9958	NA	4	4.8020	MOBP1	NA
CP063708.1	NA	NA	NA	NA	NA	NA	NA	NA	NA	NA	NA
CP063709.1	ENA|CP063709|CP063709.1	59372	No terminal repeats	75	11	0.9947	NA	16	46.7065	F_traV;F_traK;F_traE;F_traL	NA
CP063710.1	NA	NA	NA	NA	NA	NA	NA	NA	NA	NA	NA
CP063829.1	NA	NA	NA	NA	NA	NA	NA	NA	NA	NA	NA
CP063843.1	NA	NA	NA	NA	NA	NA	NA	NA	NA	NA	NA
CP063890.1	NA	NA	NA	NA	NA	NA	NA	NA	NA	NA	NA
CP063891.1	ENA|CP063891|CP063891.1	227749	No terminal repeats	249	11	0.9937	NA	5	79.1762	F_traE	NF000402;NF033134
CP063908.1	NA	NA	NA	NA	NA	NA	NA	NA	NA	NA	NA
CP063909.1	ENA|CP063909|CP063909.1	214844	No terminal repeats	237	11	0.9936	NA	5	72.9479	F_traE	NF000402;NF033134
CP064054.1	NA	NA	NA	NA	NA	NA	NA	NA	NA	NA	NA
CP064055.1	NA	NA	NA	NA	NA	NA	NA	NA	NA	NA	NA
CP064094.1	NA	NA	NA	NA	NA	NA	NA	NA	NA	NA	NA
CP064096.1	NA	NA	NA	NA	NA	NA	NA	NA	NA	NA	NA
CP064223.1	NA	NA	NA	NA	NA	NA	NA	NA	NA	NA	NA
CP064224.1	ENA|CP064224|CP064224.1	219796	No terminal repeats	240	11	0.9937	NA	5	75.2337	F_traE	NF033134;NF000402
CP064225.1	ENA|CP064225|CP064225.1	133575	No terminal repeats	165	11	0.9942	NA	22	88.4903	I_trbB;I_trbA;I_traY;I_traW;traU;I_traR;I_traQ;I_traP;I_traO;I_traN;I_traL;I_traK;I_traI;MOBP1	NA
CP064226.1	ENA|CP064226|CP064226.1	91913	No terminal repeats	122	11	0.9946	NA	13	75.3341	F_traE;F_traL	NA
CP064227.1	ENA|CP064227|CP064227.1	10060	No terminal repeats	13	11	0.9933	NA	4	7.8883	MOBC	NA
CP064228.1	ENA|CP064228|CP064228.1	5596	No terminal repeats	9	11	0.9933	NA	2	4.5972	MOBP1	NA
CP064229.1	NA	NA	NA	NA	NA	NA	NA	NA	NA	NA	NA
CP064230.1	ENA|CP064230|CP064230.1	228974	No terminal repeats	248	11	0.9937	NA	5	79.1762	F_traE	NF033134;NF000402
CP064231.1	ENA|CP064231|CP064231.1	105085	No terminal repeats	125	11	0.9952	NA	27	99.2337	F_traN;F_trbC;F_traU;F_traW;virb4;F_traV;F_traK;F_traE;F_traL;MOBF;F_traG;F_traH;F_traF	NA
CP064252.1	NA	NA	NA	NA	NA	NA	NA	NA	NA	NA	NA
CP064253.1	ENA|CP064253|CP064253.1	167834	No terminal repeats	213	11	0.9951	NA	39	156.7666	MOBF;F_traG;F_traH;F_traF;F_traN;F_trbC;F_traU;F_traW;virb4;F_traV;F_traK;F_traE;F_traL;F_traE;F_traL	NF000466;NF000496
CP064254.1	ENA|CP064254|CP064254.1	102456	No terminal repeats	116	11	0.9952	NA	21	75.2283	MOBP1;I_trbB;I_trbA;I_traY;I_traW;I_traV;traU;I_traT;I_traR;I_traQ;I_traP;I_traO;I_traN;I_traL;I_traK;I_traI;I_traE	NA
CP064255.1	NA	NA	NA	NA	NA	NA	NA	NA	NA	NA	NA
CP064256.1	ENA|CP064256|CP064256.1	11970	No terminal repeats	16	11	0.9922	NA	4	7.8883	MOBC	NA
CP064257.1	ENA|CP064257|CP064257.1	5596	No terminal repeats	9	11	0.9933	NA	2	4.5972	MOBP1	NA
CP064258.1	NA	NA	NA	NA	NA	NA	NA	NA	NA	NA	NA
CP064259.1	ENA|CP064259|CP064259.1	394328	No terminal repeats	431	11	0.9917	NA	10	20.4792	F_traE	NF000402;NF033134
CP064260.1	ENA|CP064260|CP064260.1	90714	No terminal repeats	119	11	0.9947	NA	13	75.3341	F_traL;F_traE	NA
CP064261.1	ENA|CP064261|CP064261.1	77551	No terminal repeats	93	11	0.9941	NA	18	52.8152	MOBP1;I_traI;I_traK;I_traL;I_traN;I_traO;I_traP;I_traQ;I_traR;traU;I_traW;I_traY;I_trbA;I_trbB	NA
CP064262.1	ENA|CP064262|CP064262.1	5596	No terminal repeats	9	11	0.9933	NA	2	4.5972	MOBP1	NA
CP064343.1	NA	NA	NA	NA	NA	NA	NA	NA	NA	NA	NA
CP064344.1	ENA|CP064344|CP064344.1	196063	No terminal repeats	211	11	0.9904	NA	3	47.4546	MOBP2	NA
CP064345.1	ENA|CP064345|CP064345.1	96497	No terminal repeats	117	11	0.9879	NA	2	8.3284	NA	NA
CP064346.1	NA	NA	NA	NA	NA	NA	NA	NA	NA	NA	NA
CP064347.1	ENA|CP064347|CP064347.1	10814	No terminal repeats	15	11	0.9935	NA	1	3.6174	NA	NA
CP064348.1	ENA|CP064348|CP064348.1	6173	No terminal repeats	8	11	0.9955	NA	1	9.3098	NA	NA
CP064349.1	NA	NA	NA	NA	NA	NA	NA	NA	NA	NA	NA
CP064350.1	NA	NA	NA	NA	NA	NA	NA	NA	NA	NA	NA
CP064351.1	NA	NA	NA	NA	NA	NA	NA	NA	NA	NA	NA
CP064374.1	NA	NA	NA	NA	NA	NA	NA	NA	NA	NA	NA
CP064389.1	NA	NA	NA	NA	NA	NA	NA	NA	NA	NA	NA
CP064390.1	ENA|CP064390|CP064390.1	32188	No terminal repeats	37	11	0.9921	NA	2	13.7809	NA	NF012167;NF040806;NF000025
CP064424.1	NA	NA	NA	NA	NA	NA	NA	NA	NA	NA	NA
CP064425.1	ENA|CP064425|CP064425.1	203164	No terminal repeats	241	11	0.9887	NA	2	53.4682	MOBP2	NA
CP064426.1	ENA|CP064426|CP064426.1	65409	No terminal repeats	80	11	0.9918	NA	3	21.6015	MOBP2;T_virB11	NA
CP064427.1	ENA|CP064427|CP064427.1	58011	No terminal repeats	80	11	0.9933	NA	2	32.1336	MOBP2	NA
CP064428.1	NA	NA	NA	NA	NA	NA	NA	NA	NA	NA	NA
CP064429.1	ENA|CP064429|CP064429.1	9316	No terminal repeats	13	11	0.9931	NA	1	6.3127	NA	NA
CP064430.1	ENA|CP064430|CP064430.1	4074	No terminal repeats	6	11	0.9945	NA	1	4.1842	NA	NA
CP064431.1	NA	NA	NA	NA	NA	NA	NA	NA	NA	NA	NA
CP064818.1	NA	NA	NA	NA	NA	NA	NA	NA	NA	NA	NA
CP064819.1	NA	NA	NA	NA	NA	NA	NA	NA	NA	NA	NA
CP064825.1	NA	NA	NA	NA	NA	NA	NA	NA	NA	NA	NA
CP064847.1	NA	NA	NA	NA	NA	NA	NA	NA	NA	NA	NA
CP064848.1	ENA|CP064848|CP064848.1	130181	No terminal repeats	154	11	0.9950	NA	31	100.3282	F_traE;MOBF;F_traG;F_traH;F_traF;F_traN;F_traU;F_traW;virb4;F_traV;F_traK;F_traE;F_traL	NF012178;NF012171;NF012174
CP064849.1	ENA|CP064849|CP064849.1	5166	No terminal repeats	5	11	0.9949	NA	1	3.7523	MOBQ	NA
CP064850.1	NA	NA	NA	NA	NA	NA	NA	NA	NA	NA	NA
CP065034.1	NA	NA	NA	NA	NA	NA	NA	NA	NA	NA	NA
CP065035.1	ENA|CP065035|CP065035.1	191744	No terminal repeats	194	11	0.9940	NA	7	67.4164	MOBF;t4cp2	NF000402
CP065039.2	NA	NA	NA	NA	NA	NA	NA	NA	NA	NA	NA
CP065078.1	NA	NA	NA	NA	NA	NA	NA	NA	NA	NA	NA
CP065079.1	ENA|CP065079|CP065079.1	106255	No terminal repeats	141	11	0.9930	NA	7	44.1326	T_virB1;F_traG;F_traH;F_traF	NF012171;NF012174;NF000119;NF000119
CP065121.1	NA	NA	NA	NA	NA	NA	NA	NA	NA	NA	NA
CP065122.1	ENA|CP065122|CP065122.1	97648	No terminal repeats	111	11	0.9952	NA	20	81.4485	MOBP1;I_trbB;I_trbA;I_traY;I_traW;I_traV;traU;I_traT;I_traR;I_traQ;I_traP;I_traO;I_traN;I_traL;I_traK;I_traI;I_traE	NF033085
CP065123.1	ENA|CP065123|CP065123.1	59372	No terminal repeats	75	11	0.9947	NA	16	46.7065	F_traV;F_traK;F_traE;F_traL	NA
CP065124.1	ENA|CP065124|CP065124.1	47133	No terminal repeats	61	11	0.9950	NA	9	46.5165	T_virB1;T_virB3;virb4;T_virB5;T_virB6;T_virB8;T_virB9	NF012174
CP065131.1	NA	NA	NA	NA	NA	NA	NA	NA	NA	NA	NA
CP065132.1	ENA|CP065132|CP065132.1	148549	No terminal repeats	177	11	0.9943	NA	10	82.0294	MOBP1;I_trbB;I_trbA;T_virB10	NF033085;NF000107;NF012174;NF012171
CP065133.1	ENA|CP065133|CP065133.1	4593	No terminal repeats	5	11	0.9951	NA	3	4.5487	MOBP1	NA
CP065144.1	NA	NA	NA	NA	NA	NA	NA	NA	NA	NA	NA
CP065145.1	NA	NA	NA	NA	NA	NA	NA	NA	NA	NA	NA
CP065146.1	NA	NA	NA	NA	NA	NA	NA	NA	NA	NA	NA
CP065147.1	NA	NA	NA	NA	NA	NA	NA	NA	NA	NA	NA
CP065148.1	NA	NA	NA	NA	NA	NA	NA	NA	NA	NA	NA
CP065194.1	NA	NA	NA	NA	NA	NA	NA	NA	NA	NA	NA
CP065195.1	ENA|CP065195|CP065195.1	37510	No terminal repeats	42	11	0.9766	NA	2	6.5434	MOBC	NF012176
CP065196.1	ENA|CP065196|CP065196.1	3400	No terminal repeats	3	11	0.9954	NA	1	3.2841	NA	NA
CP065197.1	NA	NA	NA	NA	NA	NA	NA	NA	NA	NA	NA
CP065198.1	ENA|CP065198|CP065198.1	2362	No terminal repeats	2	11	0.9863	NA	1	1.7936	NA	NA
CP065412.1	NA	NA	NA	NA	NA	NA	NA	NA	NA	NA	NA
CP065413.1	ENA|CP065413|CP065413.1	49654	No terminal repeats	61	11	0.9909	NA	9	25.8260	T_virB9;T_virB8;T_virB6;T_virB5;virb4;T_virB3;T_virB2;MOBP1	NA
CP065414.1	ENA|CP065414|CP065414.1	48306	No terminal repeats	74	11	0.9887	NA	3	10.9898	MOBC;I_traV	NA
CP065415.1	NA	NA	NA	NA	NA	NA	NA	NA	NA	NA	NA
CP065416.1	ENA|CP065416|CP065416.1	2953	No terminal repeats	4	11	0.9954	NA	2	3.2106	NA	NA
CP065523.1	NA	NA	NA	NA	NA	NA	NA	NA	NA	NA	NA
CP065524.1	ENA|CP065524|CP065524.1	94576	No terminal repeats	133	11	0.9935	NA	6	67.8334	MOBP2;MOBP2;MOBP2;MOBP2	NA
CP065525.1	ENA|CP065525|CP065525.1	227210	No terminal repeats	287	11	0.9899	NA	2	69.4468	MOBP2	NA
CP065526.1	ENA|CP065526|CP065526.1	25787	No terminal repeats	38	11	0.9937	NA	1	9.1452	NA	NF033068
CP065527.1	NA	NA	NA	NA	NA	NA	NA	NA	NA	NA	NA
CP065528.1	NA	NA	NA	NA	NA	NA	NA	NA	NA	NA	NA
CP065529.1	ENA|CP065529|CP065529.1	215857	No terminal repeats	249	11	0.9873	NA	2	53.2374	MOBP2	NA
CP065530.1	ENA|CP065530|CP065530.1	19873	No terminal repeats	36	11	0.9935	NA	2	15.6726	NA	NA
CP065547.1	NA	NA	NA	NA	NA	NA	NA	NA	NA	NA	NA
CP065548.1	ENA|CP065548|CP065548.1	55498	No terminal repeats	59	11	0.9941	NA	2	31.1530	MOBP2	NA
CP065549.1	ENA|CP065549|CP065549.1	198774	No terminal repeats	214	11	0.9884	NA	2	53.2720	MOBP2	NA
CP065550.1	NA	NA	NA	NA	NA	NA	NA	NA	NA	NA	NA
CP065551.1	ENA|CP065551|CP065551.1	6303	No terminal repeats	9	11	0.9949	NA	1	8.0310	NA	NA
CP065552.1	ENA|CP065552|CP065552.1	6258	No terminal repeats	8	11	0.9951	NA	1	8.0310	NA	NA
CP065553.1	NA	NA	NA	NA	NA	NA	NA	NA	NA	NA	NA
CP065566.1	NA	NA	NA	NA	NA	NA	NA	NA	NA	NA	NA
CP065673.1	NA	NA	NA	NA	NA	NA	NA	NA	NA	NA	NA
CP065688.1	NA	NA	NA	NA	NA	NA	NA	NA	NA	NA	NA
CP065699.1	NA	NA	NA	NA	NA	NA	NA	NA	NA	NA	NA
CP065747.1	NA	NA	NA	NA	NA	NA	NA	NA	NA	NA	NA
CP065767.1	NA	NA	NA	NA	NA	NA	NA	NA	NA	NA	NA
CP065768.1	ENA|CP065768|CP065768.1	141428	No terminal repeats	165	11	0.9908	NA	4	45.9147	MOBP2	NA
CP065769.1	NA	NA	NA	NA	NA	NA	NA	NA	NA	NA	NA
CP065770.1	NA	NA	NA	NA	NA	NA	NA	NA	NA	NA	NA
CP065771.1	ENA|CP065771|CP065771.1	244041	No terminal repeats	273	11	0.9899	NA	3	58.5389	MOBP2	NF033068;NF033693
CP065772.1	ENA|CP065772|CP065772.1	38383	No terminal repeats	41	11	0.9951	NA	3	19.9219	MOBV;FATA_trsF	NF012176;NF012176
CP065773.1	NA	NA	NA	NA	NA	NA	NA	NA	NA	NA	NA
CP065774.1	ENA|CP065774|CP065774.1	226673	No terminal repeats	238	11	0.9905	NA	4	71.6948	MOBP2	NF033068;NF033693
CP065775.1	ENA|CP065775|CP065775.1	27490	No terminal repeats	29	11	0.9940	NA	3	11.7661	MOBV	NF012176
CP065776.1	ENA|CP065776|CP065776.1	27166	No terminal repeats	34	11	0.9934	NA	1	9.1937	NA	NF012176
CP065784.1	NA	NA	NA	NA	NA	NA	NA	NA	NA	NA	NA
CP065785.1	ENA|CP065785|CP065785.1	53948	No terminal repeats	61	11	0.9932	NA	4	19.1359	MOBV	NA
CP065786.1	ENA|CP065786|CP065786.1	51905	No terminal repeats	59	11	0.9930	NA	3	15.7903	FA_orf13	NA
CP065867.1	NA	NA	NA	NA	NA	NA	NA	NA	NA	NA	NA
CP065939.1	NA	NA	NA	NA	NA	NA	NA	NA	NA	NA	NA
CP065941.1	ENA|CP065941|CP065941.1	4853	No terminal repeats	7	11	0.9945	NA	2	3.7423	MOBP1	NA
CP065942.1	ENA|CP065942|CP065942.1	2495	No terminal repeats	3	11	0.9953	NA	1	3.1262	NA	NA
CP065948.1	NA	NA	NA	NA	NA	NA	NA	NA	NA	NA	NA
CP065968.1	ENA|CP065968|CP065968.1	15708	No terminal repeats	17	11	0.9953	NA	5	11.2778	I_traE;I_traI;I_traK;I_traL;I_traN;I_traO;I_traP	NA
CP065969.1	ENA|CP065969|CP065969.1	83533	No terminal repeats	99	11	0.9956	NA	20	82.9077	I_traP;I_traQ;I_traR;I_traT;traU;I_traV;I_traW;I_traY;I_trbA;I_trbB;MOBP1;I_traE;I_traI;I_traK;I_traL;I_traO;I_traO;I_traO;I_traP	NA
CP065970.1	NA	NA	NA	NA	NA	NA	NA	NA	NA	NA	NA
CP065971.1	ENA|CP065971|CP065971.1	128137	No terminal repeats	134	11	0.9950	NA	30	88.9739	F_traE;MOBF;F_traG;F_traH;F_traF;F_traN;F_traU;F_traW;virb4;F_traV;F_traK;F_traE;F_traL	NA
CP066008.1	ENA|CP066008|CP066008.1	8688	No terminal repeats	10	11	0.9938	NA	3	6.9108	NA	NF012171
CP066009.1	NA	NA	NA	NA	NA	NA	NA	NA	NA	NA	NA
CP066010.1	ENA|CP066010|CP066010.1	86768	No terminal repeats	98	11	0.9955	NA	19	81.8828	MOBP1;I_trbB;I_trbA;I_traY;I_traW;I_traV;traU;I_traT;I_traR;I_traQ;I_traP;I_traO;I_traN;I_traL;I_traK;I_traI;I_traE	NA
CP066011.1	ENA|CP066011|CP066011.1	93851	No terminal repeats	117	11	0.9950	NA	31	78.7366	MOBF;F_traG;F_traH;F_traF;F_traN;F_traU;F_traW;virb4;F_traV;F_traK;F_traE;F_traL	NA
CP066101.1	NA	NA	NA	NA	NA	NA	NA	NA	NA	NA	NA
CP066102.1	ENA|CP066102|CP066102.1	307472	No terminal repeats	336	11	0.9940	NA	19	203.9865	F_traE;F_traB;F_traV;virb4;F_traW;F_traU;F_trbC;F_traH;F_traF;MOBH;t4cp1	NF000270;NF012171
CP066103.1	ENA|CP066103|CP066103.1	106698	No terminal repeats	116	11	0.9949	NA	19	84.2400	MOBP1;I_trbB;I_trbA;I_traY;I_traW;I_traV;traU;I_traT;I_traR;I_traQ;I_traP;I_traO;I_traN;I_traL;I_traK;I_traI;I_traE	NF033085
CP066104.1	ENA|CP066104|CP066104.1	32990	No terminal repeats	42	11	0.9937	NA	2	12.5941	NA	NF012178;NF012147
CP066105.1	NA	NA	NA	NA	NA	NA	NA	NA	NA	NA	NA
CP066106.1	ENA|CP066106|CP066106.1	4781	No terminal repeats	8	11	0.9931	NA	3	4.5731	MOBP1	NA
CP066107.1	ENA|CP066107|CP066107.1	2495	No terminal repeats	3	11	0.9952	NA	1	3.1262	NA	NA
CP066127.1	NA	NA	NA	NA	NA	NA	NA	NA	NA	NA	NA
CP066129.1	NA	NA	NA	NA	NA	NA	NA	NA	NA	NA	NA
CP066130.1	NA	NA	NA	NA	NA	NA	NA	NA	NA	NA	NA
CP066131.1	ENA|CP066131|CP066131.1	72755	No terminal repeats	79	11	0.9938	NA	19	37.5711	F_traL;F_traE;F_traK;F_traB;F_traV;virb4;F_traU;F_traN;F_traF;F_traH;F_traG;t4cp2;MOBF	NA
CP066132.1	NA	NA	NA	NA	NA	NA	NA	NA	NA	NA	NA
CP066133.1	NA	NA	NA	NA	NA	NA	NA	NA	NA	NA	NA
CP066134.1	ENA|CP066134|CP066134.1	65233	No terminal repeats	71	11	0.9940	NA	20	37.7627	F_traL;F_traE;F_traK;F_traB;F_traV;virb4;F_traU;F_traN;F_traF;F_traH;F_traG;t4cp2;MOBF;MOBF	NA
CP066135.1	ENA|CP066135|CP066135.1	3186	No terminal repeats	4	11	0.9954	NA	2	4.5840	MOBP1	NA
CP066136.1	ENA|CP066136|CP066136.1	9938	No terminal repeats	10	11	0.9906	NA	2	5.7264	MOBQ	NA
CP066137.1	NA	NA	NA	NA	NA	NA	NA	NA	NA	NA	NA
CP066138.1	NA	NA	NA	NA	NA	NA	NA	NA	NA	NA	NA
CP066139.1	ENA|CP066139|CP066139.1	10567	No terminal repeats	11	11	0.9935	NA	2	5.7264	MOBQ	NA
CP066140.1	NA	NA	NA	NA	NA	NA	NA	NA	NA	NA	NA
CP066141.1	ENA|CP066141|CP066141.1	5221	No terminal repeats	6	11	0.9948	NA	3	2.1492	MOBP1	NA
CP066249.1	NA	NA	NA	NA	NA	NA	NA	NA	NA	NA	NA
CP066250.1	ENA|CP066250|CP066250.1	193221	No terminal repeats	215	11	0.9938	NA	5	67.4673	F_traE	NF033134
CP066251.1	ENA|CP066251|CP066251.1	122076	No terminal repeats	151	11	0.9947	NA	15	88.1444	F_traL;F_traE	NF000466;NF000402
CP066252.1	ENA|CP066252|CP066252.1	99066	No terminal repeats	118	11	0.9942	NA	23	67.1129	MOBP1;MOBC;I_trbB;I_trbA;I_traY;I_traW;traU;I_traR;I_traQ;I_traP;I_traO;I_traN;I_traL;I_traK;I_traI;MOBP1	NF012174
CP066253.1	ENA|CP066253|CP066253.1	5596	No terminal repeats	9	11	0.9933	NA	2	4.5972	MOBP1	NA
CP066366.1	NA	NA	NA	NA	NA	NA	NA	NA	NA	NA	NA
CP066367.1	ENA|CP066367|CP066367.1	101116	No terminal repeats	120	11	0.9954	NA	27	93.3289	F_traL;F_traE;F_traK;F_traV;virb4;F_traW;F_traU;F_trbC;F_traN;F_traF;F_traH;F_traG;MOBF	NF000466;NF012174;NF012171;NF000496
CP066368.1	ENA|CP066368|CP066368.1	66038	No terminal repeats	82	11	0.9933	NA	8	41.1048	MOBP1;T_virB9;T_virB8;T_virB6	NA
CP066380.1	NA	NA	NA	NA	NA	NA	NA	NA	NA	NA	NA
CP066381.1	NA	NA	NA	NA	NA	NA	NA	NA	NA	NA	NA
CP066382.1	ENA|CP066382|CP066382.1	257742	No terminal repeats	282	11	0.9898	NA	3	78.4216	MOBP2;MOBP2	NA
CP066383.1	ENA|CP066383|CP066383.1	104340	No terminal repeats	127	11	0.9887	NA	2	14.6217	NA	NF033115
CP066384.1	ENA|CP066384|CP066384.1	60650	No terminal repeats	65	11	0.9941	NA	2	31.1393	MOBP2	NA
CP066385.1	NA	NA	NA	NA	NA	NA	NA	NA	NA	NA	NA
CP066386.1	NA	NA	NA	NA	NA	NA	NA	NA	NA	NA	NA
CP066387.1	ENA|CP066387|CP066387.1	6303	No terminal repeats	10	11	0.9950	NA	1	9.7493	NA	NA
CP066388.1	NA	NA	NA	NA	NA	NA	NA	NA	NA	NA	NA
CP066396.1	NA	NA	NA	NA	NA	NA	NA	NA	NA	NA	NA
CP066397.1	ENA|CP066397|CP066397.1	4372	No terminal repeats	6	11	0.9951	NA	1	5.9024	NA	NA
CP066398.1	NA	NA	NA	NA	NA	NA	NA	NA	NA	NA	NA
CP066399.1	NA	NA	NA	NA	NA	NA	NA	NA	NA	NA	NA
CP066400.1	NA	NA	NA	NA	NA	NA	NA	NA	NA	NA	NA
CP066401.1	NA	NA	NA	NA	NA	NA	NA	NA	NA	NA	NA
CP066402.1	ENA|CP066402|CP066402.1	83940	No terminal repeats	101	11	0.9861	NA	2	8.4567	NA	NA
CP066403.1	ENA|CP066403|CP066403.1	65409	No terminal repeats	79	11	0.9903	NA	3	21.6015	MOBP2;T_virB11	NA
CP066405.1	ENA|CP066405|CP066405.1	29903	No terminal repeats	41	11	0.9932	NA	1	14.0573	NA	NF033068
CP066406.1	NA	NA	NA	NA	NA	NA	NA	NA	NA	NA	NA
CP066407.1	ENA|CP066407|CP066407.1	6173	No terminal repeats	8	11	0.9955	NA	1	9.3098	NA	NA
CP066408.1	NA	NA	NA	NA	NA	NA	NA	NA	NA	NA	NA
CP066415.1	NA	NA	NA	NA	NA	NA	NA	NA	NA	NA	NA
CP066416.1	ENA|CP066416|CP066416.1	55498	No terminal repeats	60	11	0.9942	NA	2	31.1530	MOBP2	NA
CP066417.1	ENA|CP066417|CP066417.1	198740	No terminal repeats	214	11	0.9897	NA	2	52.7364	MOBP2	NA
CP066418.1	NA	NA	NA	NA	NA	NA	NA	NA	NA	NA	NA
CP066419.1	ENA|CP066419|CP066419.1	6303	No terminal repeats	9	11	0.9951	NA	1	8.0310	NA	NA
CP066420.1	NA	NA	NA	NA	NA	NA	NA	NA	NA	NA	NA
CP066434.1	NA	NA	NA	NA	NA	NA	NA	NA	NA	NA	NA
CP066436.1	ENA|CP066436|CP066436.1	65409	No terminal repeats	79	11	0.9917	NA	3	21.6015	T_virB11;MOBP2	NA
CP066437.1	ENA|CP066437|CP066437.1	57014	No terminal repeats	62	11	0.9940	NA	2	32.8713	MOBP2	NA
CP066438.1	NA	NA	NA	NA	NA	NA	NA	NA	NA	NA	NA
CP066439.1	ENA|CP066439|CP066439.1	8194	No terminal repeats	11	11	0.9947	NA	1	8.0310	NA	NA
CP066440.1	ENA|CP066440|CP066440.1	7012	No terminal repeats	9	11	0.9941	NA	1	6.3127	NA	NA
CP066441.1	ENA|CP066441|CP066441.1	4305	No terminal repeats	6	11	0.9955	NA	1	6.0921	NA	NA
CP066442.1	NA	NA	NA	NA	NA	NA	NA	NA	NA	NA	NA
CP066451.1	NA	NA	NA	NA	NA	NA	NA	NA	NA	NA	NA
CP066452.1	NA	NA	NA	NA	NA	NA	NA	NA	NA	NA	NA
CP066453.1	ENA|CP066453|CP066453.1	55497	No terminal repeats	60	11	0.9941	NA	2	31.1530	MOBP2	NA
CP066454.1	NA	NA	NA	NA	NA	NA	NA	NA	NA	NA	NA
CP066456.1	NA	NA	NA	NA	NA	NA	NA	NA	NA	NA	NA
CP066473.1	NA	NA	NA	NA	NA	NA	NA	NA	NA	NA	NA
CP066474.1	NA	NA	NA	NA	NA	NA	NA	NA	NA	NA	NA
CP066475.1	ENA|CP066475|CP066475.1	63104	No terminal repeats	78	11	0.9914	NA	1	14.6942	NA	NF033068;NF033115
CP066476.1	ENA|CP066476|CP066476.1	62212	No terminal repeats	68	11	0.9937	NA	2	32.9702	MOBP2	NA
CP066477.1	ENA|CP066477|CP066477.1	6303	No terminal repeats	10	11	0.9950	NA	1	9.7493	NA	NA
CP066478.1	NA	NA	NA	NA	NA	NA	NA	NA	NA	NA	NA
CP066479.1	ENA|CP066479|CP066479.1	4374	No terminal repeats	7	11	0.9952	NA	2	6.6500	NA	NA
CP066598.1	NA	NA	NA	NA	NA	NA	NA	NA	NA	NA	NA
CP066599.1	NA	NA	NA	NA	NA	NA	NA	NA	NA	NA	NA
CP066600.1	ENA|CP066600|CP066600.1	212766	No terminal repeats	251	11	0.9901	NA	2	62.2086	MOBP2	NA
CP066601.1	ENA|CP066601|CP066601.1	7165	No terminal repeats	9	11	0.9933	NA	1	4.5944	NA	NA
CP066602.1	ENA|CP066602|CP066602.1	6303	No terminal repeats	9	11	0.9949	NA	1	8.0310	NA	NA
CP066603.1	NA	NA	NA	NA	NA	NA	NA	NA	NA	NA	NA
CP066604.1	ENA|CP066604|CP066604.1	4374	No terminal repeats	7	11	0.9953	NA	2	6.6500	NA	NA
CP066605.1	NA	NA	NA	NA	NA	NA	NA	NA	NA	NA	NA
CP066606.1	NA	NA	NA	NA	NA	NA	NA	NA	NA	NA	NA
CP066607.1	NA	NA	NA	NA	NA	NA	NA	NA	NA	NA	NA
CP066608.1	ENA|CP066608|CP066608.1	198742	No terminal repeats	214	11	0.9891	NA	2	51.7636	MOBP2	NA
CP066609.1	ENA|CP066609|CP066609.1	59583	No terminal repeats	64	11	0.9940	NA	2	31.1393	MOBP2	NA
CP066610.1	NA	NA	NA	NA	NA	NA	NA	NA	NA	NA	NA
CP066611.1	ENA|CP066611|CP066611.1	6303	No terminal repeats	9	11	0.9949	NA	1	8.0310	NA	NA
CP066612.1	ENA|CP066612|CP066612.1	4305	No terminal repeats	5	11	0.9959	NA	1	6.0921	NA	NA
CP066613.1	NA	NA	NA	NA	NA	NA	NA	NA	NA	NA	NA
CP066637.1	NA	NA	NA	NA	NA	NA	NA	NA	NA	NA	NA
CP066638.1	ENA|CP066638|CP066638.1	87407	No terminal repeats	106	11	0.9879	NA	2	10.0467	NA	NA
CP066639.1	ENA|CP066639|CP066639.1	66742	No terminal repeats	82	11	0.9915	NA	3	21.6015	T_virB11;MOBP2	NA
CP066640.1	ENA|CP066640|CP066640.1	56412	No terminal repeats	60	11	0.9941	NA	2	27.7164	MOBP2	NA
CP066641.1	NA	NA	NA	NA	NA	NA	NA	NA	NA	NA	NA
CP066642.1	ENA|CP066642|CP066642.1	6303	No terminal repeats	10	11	0.9948	NA	1	8.0310	NA	NA
CP066643.1	ENA|CP066643|CP066643.1	4075	No terminal repeats	6	11	0.9945	NA	1	4.1842	NA	NA
CP066644.1	NA	NA	NA	NA	NA	NA	NA	NA	NA	NA	NA
CP066645.1	NA	NA	NA	NA	NA	NA	NA	NA	NA	NA	NA
CP066646.1	NA	NA	NA	NA	NA	NA	NA	NA	NA	NA	NA
CP066647.1	ENA|CP066647|CP066647.1	55497	No terminal repeats	59	11	0.9943	NA	2	31.1530	MOBP2	NA
CP066648.1	ENA|CP066648|CP066648.1	194710	No terminal repeats	210	11	0.9891	NA	2	52.2007	MOBP2	NA
CP066649.1	NA	NA	NA	NA	NA	NA	NA	NA	NA	NA	NA
CP066650.1	ENA|CP066650|CP066650.1	6303	No terminal repeats	9	11	0.9949	NA	1	8.0310	NA	NA
CP066651.1	ENA|CP066651|CP066651.1	6263	No terminal repeats	8	11	0.9944	NA	1	8.0310	NA	NA
CP066652.1	NA	NA	NA	NA	NA	NA	NA	NA	NA	NA	NA
CP066653.1	NA	NA	NA	NA	NA	NA	NA	NA	NA	NA	NA
CP066654.1	NA	NA	NA	NA	NA	NA	NA	NA	NA	NA	NA
CP066655.1	NA	NA	NA	NA	NA	NA	NA	NA	NA	NA	NA
CP066656.1	NA	NA	NA	NA	NA	NA	NA	NA	NA	NA	NA
CP066657.1	ENA|CP066657|CP066657.1	6303	No terminal repeats	9	11	0.9950	NA	1	8.0310	NA	NA
CP066658.1	ENA|CP066658|CP066658.1	6173	No terminal repeats	8	11	0.9955	NA	1	9.3098	NA	NA
CP066667.1	NA	NA	NA	NA	NA	NA	NA	NA	NA	NA	NA
CP066668.1	NA	NA	NA	NA	NA	NA	NA	NA	NA	NA	NA
CP066669.1	NA	NA	NA	NA	NA	NA	NA	NA	NA	NA	NA
CP066670.1	NA	NA	NA	NA	NA	NA	NA	NA	NA	NA	NA
CP066671.1	ENA|CP066671|CP066671.1	6303	No terminal repeats	9	11	0.9949	NA	1	8.0310	NA	NA
CP066672.1	ENA|CP066672|CP066672.1	6173	No terminal repeats	8	11	0.9955	NA	1	9.3098	NA	NA
CP066673.1	NA	NA	NA	NA	NA	NA	NA	NA	NA	NA	NA
CP066674.1	ENA|CP066674|CP066674.1	171777	No terminal repeats	185	11	0.9915	NA	2	53.1294	MOBP2	NA
CP066675.1	NA	NA	NA	NA	NA	NA	NA	NA	NA	NA	NA
CP066676.1	NA	NA	NA	NA	NA	NA	NA	NA	NA	NA	NA
CP066677.1	ENA|CP066677|CP066677.1	7165	No terminal repeats	10	11	0.9930	NA	1	4.5944	NA	NA
CP066678.1	ENA|CP066678|CP066678.1	6311	No terminal repeats	8	11	0.9948	NA	1	8.0310	NA	NA
CP066679.1	ENA|CP066679|CP066679.1	4305	No terminal repeats	6	11	0.9961	NA	1	7.8104	NA	NA
CP066745.1	NA	NA	NA	NA	NA	NA	NA	NA	NA	NA	NA
CP066746.1	NA	NA	NA	NA	NA	NA	NA	NA	NA	NA	NA
CP066747.1	ENA|CP066747|CP066747.1	28218	No terminal repeats	38	11	0.9930	NA	9	15.8958	T_virB5;T_virB8;T_virB10;T_virB1;T_virB11;T_virB2;T_virB3	NA
CP066777.1	NA	NA	NA	NA	NA	NA	NA	NA	NA	NA	NA
CP066778.1	ENA|CP066778|CP066778.1	5222	No terminal repeats	6	11	0.9948	NA	3	2.1492	MOBP1	NA
CP066806.1	NA	NA	NA	NA	NA	NA	NA	NA	NA	NA	NA
CP066807.1	ENA|CP066807|CP066807.1	131861	No terminal repeats	152	11	0.9947	NA	30	87.8145	F_traL;F_traE;F_traK;F_traV;virb4;F_traW;F_traU;F_traN;F_traF;F_traH;F_traG;MOBF	NF033134
CP066808.1	ENA|CP066808|CP066808.1	191962	No terminal repeats	236	11	0.9929	NA	24	85.2678	F_trbC;F_traU;F_traW;virb4;F_traV;F_traB;F_traK;F_traE;F_traL;t4cp1;MOBH;T_virB9;T_virB8;T_virB1;F_traG;F_traH;F_traF	NF012147;NF000005;NF012147;NF000005;NF012178
CP066833.1	NA	NA	NA	NA	NA	NA	NA	NA	NA	NA	NA
CP066834.1	NA	NA	NA	NA	NA	NA	NA	NA	NA	NA	NA
CP066835.1	NA	NA	NA	NA	NA	NA	NA	NA	NA	NA	NA
CP066836.1	NA	NA	NA	NA	NA	NA	NA	NA	NA	NA	NA
CP066837.1	ENA|CP066837|CP066837.1	132050	No terminal repeats	131	11	0.9948	NA	29	93.9673	MOBF;F_traG;F_traH;F_traF;F_traN;F_traU;F_traW;virb4;F_traV;F_traK;F_traE;F_traL	NA
CP066838.1	ENA|CP066838|CP066838.1	95616	No terminal repeats	105	11	0.9955	NA	20	85.0208	MOBP1;I_trbB;I_trbA;I_traY;I_traW;I_traV;traU;I_traT;I_traR;I_traQ;I_traP;I_traO;I_traN;I_traL;I_traK;I_traI;I_traE	NA
CP066891.1	NA	NA	NA	NA	NA	NA	NA	NA	NA	NA	NA
CP066892.1	ENA|CP066892|CP066892.1	147717	No terminal repeats	196	11	0.9946	NA	18	116.8560	F_traL	NF000466;NF000466;NF000496
CP066893.1	ENA|CP066893|CP066893.1	10013	No terminal repeats	26	11	0.9918	NA	4	10.1521	MOBC	NA
CP066894.1	ENA|CP066894|CP066894.1	5567	No terminal repeats	11	11	0.9904	NA	2	4.3113	NA	NA
CP066910.1	NA	NA	NA	NA	NA	NA	NA	NA	NA	NA	NA
CP066911.1	ENA|CP066911|CP066911.1	302656	No terminal repeats	327	11	0.9936	NA	19	129.0392	F_traE;F_traK;F_traB;F_traV;virb4;F_traW;F_traU;F_trbC;t4cp1;MOBH;F_traF;F_traH;F_traG	NF000466;NF012178
CP066912.1	ENA|CP066912|CP066912.1	122553	No terminal repeats	147	11	0.9950	NA	30	101.6236	MOBF;F_traG;F_traH;F_traF;F_traN;F_trbC;F_traU;F_traW;virb4;F_traV;F_traK;F_traE;F_traL	NF000466
CP066913.1	ENA|CP066913|CP066913.1	10060	No terminal repeats	13	11	0.9932	NA	4	7.8883	MOBC	NA
CP066914.1	ENA|CP066914|CP066914.1	5596	No terminal repeats	9	11	0.9933	NA	2	4.5972	MOBP1	NA
CP067008.1	NA	NA	NA	NA	NA	NA	NA	NA	NA	NA	NA
CP067009.1	NA	NA	NA	NA	NA	NA	NA	NA	NA	NA	NA
CP067010.1	NA	NA	NA	NA	NA	NA	NA	NA	NA	NA	NA
CP067103.1	ENA|CP067103|CP067103.1	10955	No terminal repeats	12	11	0.9941	NA	1	5.2214	NA	NA
CP067339.1	NA	NA	NA	NA	NA	NA	NA	NA	NA	NA	NA
CP067340.1	ENA|CP067340|CP067340.1	93832	No terminal repeats	116	11	0.9949	NA	31	78.7366	MOBF;F_traG;F_traH;F_traF;F_traN;F_traU;F_traW;virb4;F_traV;F_traK;F_traE;F_traL	NA
CP068096.1	NA	NA	NA	NA	NA	NA	NA	NA	NA	NA	NA
CP068097.1	NA	NA	NA	NA	NA	NA	NA	NA	NA	NA	NA
CP068098.1	NA	NA	NA	NA	NA	NA	NA	NA	NA	NA	NA
CP068099.1	ENA|CP068099|CP068099.1	4111	No terminal repeats	7	11	0.9957	NA	5	7.6994	MOBP1	NA
CP068100.1	NA	NA	NA	NA	NA	NA	NA	NA	NA	NA	NA
CP068101.1	ENA|CP068101|CP068101.1	2581	No terminal repeats	3	11	0.9952	NA	2	3.0666	NA	NA
CP068145.1	NA	NA	NA	NA	NA	NA	NA	NA	NA	NA	NA
CP068152.1	NA	NA	NA	NA	NA	NA	NA	NA	NA	NA	NA
CP068214.1	NA	NA	NA	NA	NA	NA	NA	NA	NA	NA	NA
CP068238.1	NA	NA	NA	NA	NA	NA	NA	NA	NA	NA	NA
CP068244.1	NA	NA	NA	NA	NA	NA	NA	NA	NA	NA	NA
CP068245.1	ENA|CP068245|CP068245.1	154716	No terminal repeats	180	11	0.9921	NA	5	53.1369	MOBP2	NF033068;NF033693
CP068249.1	NA	NA	NA	NA	NA	NA	NA	NA	NA	NA	NA
CP068250.1	ENA|CP068250|CP068250.1	54259	No terminal repeats	66	11	0.9937	NA	3	14.2994	MOBV	NF012176;NF012176
CP068562.1	NA	NA	NA	NA	NA	NA	NA	NA	NA	NA	NA
CP068565.1	NA	NA	NA	NA	NA	NA	NA	NA	NA	NA	NA
CP068618.1	NA	NA	NA	NA	NA	NA	NA	NA	NA	NA	NA
CP068619.1	ENA|CP068619|CP068619.1	13841	No terminal repeats	17	11	0.9949	NA	3	11.5109	MOBC	NA
CP068620.1	ENA|CP068620|CP068620.1	206602	No terminal repeats	216	11	0.9944	NA	31	122.1003	F_traE;F_traE;MOBF;F_traG;F_traH;F_traF;F_traN;F_trbC;F_traU;F_traW;virb4;F_traV;F_traK;F_traE;F_traL	NF000402;NF012178
CP068621.1	ENA|CP068621|CP068621.1	65819	No terminal repeats	66	11	0.9935	NA	1	24.0682	NA	NF000270;NF000270;NF000107
CP068696.1	NA	NA	NA	NA	NA	NA	NA	NA	NA	NA	NA
CP068697.1	ENA|CP068697|CP068697.1	93874	No terminal repeats	116	11	0.9947	NA	31	78.7366	F_traL;F_traE;F_traK;F_traV;virb4;F_traW;F_traU;F_traN;F_traF;F_traH;F_traG;MOBF	NA
CP068761.1	NA	NA	NA	NA	NA	NA	NA	NA	NA	NA	NA
CP068762.1	ENA|CP068762|CP068762.1	42003	No terminal repeats	49	11	0.9777	NA	9	16.3681	T_virB11;T_virB2;virb4;T_virB8;T_virB9;T_virB10;T_virB5	NA
CP068763.1	NA	NA	NA	NA	NA	NA	NA	NA	NA	NA	NA
CP068764.1	ENA|CP068764|CP068764.1	4207	No terminal repeats	10	11	0.9952	NA	3	9.8962	MOBP1	NA
CP068982.1	NA	NA	NA	NA	NA	NA	NA	NA	NA	NA	NA
CP069133.1	NA	NA	NA	NA	NA	NA	NA	NA	NA	NA	NA
CP069157.1	NA	NA	NA	NA	NA	NA	NA	NA	NA	NA	NA
CP069185.1	NA	NA	NA	NA	NA	NA	NA	NA	NA	NA	NA
CP069186.1	NA	NA	NA	NA	NA	NA	NA	NA	NA	NA	NA
CP069187.1	ENA|CP069187|CP069187.1	3247	No terminal repeats	3	11	0.9950	NA	2	2.4589	NA	NA
CP069198.1	NA	NA	NA	NA	NA	NA	NA	NA	NA	NA	NA
CP069238.1	NA	NA	NA	NA	NA	NA	NA	NA	NA	NA	NA
CP069327.1	NA	NA	NA	NA	NA	NA	NA	NA	NA	NA	NA
CP069329.1	NA	NA	NA	NA	NA	NA	NA	NA	NA	NA	NA
CP069331.1	NA	NA	NA	NA	NA	NA	NA	NA	NA	NA	NA
CP069333.1	NA	NA	NA	NA	NA	NA	NA	NA	NA	NA	NA
CP069336.1	NA	NA	NA	NA	NA	NA	NA	NA	NA	NA	NA
CP069445.1	NA	NA	NA	NA	NA	NA	NA	NA	NA	NA	NA
CP069446.1	ENA|CP069446|CP069446.1	36124	No terminal repeats	47	11	0.9944	NA	8	26.3335	T_virB9;T_virB8;T_virB6;virb4;T_virB2	NA
CP069522.1	NA	NA	NA	NA	NA	NA	NA	NA	NA	NA	NA
CP069523.1	ENA|CP069523|CP069523.1	67045	No terminal repeats	78	11	0.9958	NA	30	78.5285	F_traH;F_traG;MOBF;F_traL;F_traE;F_traK;F_traV;virb4;F_traW;F_traU;F_traN;F_traF;F_traH	NA
CP069524.1	NA	NA	NA	NA	NA	NA	NA	NA	NA	NA	NA
CP069525.1	ENA|CP069525|CP069525.1	1247	No terminal repeats	2	11	0.9935	NA	1	1.7183	NA	NA
CP069630.1	NA	NA	NA	NA	NA	NA	NA	NA	NA	NA	NA
CP069631.1	ENA|CP069631|CP069631.1	5514	No terminal repeats	8	11	0.9929	NA	2	5.3495	MOBP1	NA
CP069632.1	ENA|CP069632|CP069632.1	3173	No terminal repeats	6	11	0.9945	NA	2	3.6681	NA	NA
CP069646.1	NA	NA	NA	NA	NA	NA	NA	NA	NA	NA	NA
CP069647.1	NA	NA	NA	NA	NA	NA	NA	NA	NA	NA	NA
CP069648.1	ENA|CP069648|CP069648.1	67974	No terminal repeats	80	11	0.9957	NA	28	73.3378	F_traL;F_traE;F_traK;F_traV;virb4;F_traW;F_traU;F_traN;F_traF;F_traH;F_traG;MOBF	NA
CP069649.1	ENA|CP069649|CP069649.1	45893	No terminal repeats	60	11	0.9947	NA	9	46.9927	T_virB1;T_virB3;virb4;T_virB5;T_virB6;T_virB8;T_virB9	NA
CP069650.1	ENA|CP069650|CP069650.1	33290	No terminal repeats	42	11	0.9938	NA	8	23.5167	T_virB11;T_virB9;T_virB8;T_virB6;virb4;T_virB2	NA
CP069651.1	ENA|CP069651|CP069651.1	4091	No terminal repeats	3	11	0.9941	NA	2	3.3991	MOBQ	NA
CP069652.1	ENA|CP069652|CP069652.1	3688	No terminal repeats	7	11	0.9939	NA	3	4.5487	MOBP1	NA
CP069653.1	NA	NA	NA	NA	NA	NA	NA	NA	NA	NA	NA
CP069654.1	NA	NA	NA	NA	NA	NA	NA	NA	NA	NA	NA
CP069655.1	NA	NA	NA	NA	NA	NA	NA	NA	NA	NA	NA
CP069656.1	NA	NA	NA	NA	NA	NA	NA	NA	NA	NA	NA
CP069789.1	NA	NA	NA	NA	NA	NA	NA	NA	NA	NA	NA
CP069851.1	NA	NA	NA	NA	NA	NA	NA	NA	NA	NA	NA
CP069852.1	NA	NA	NA	NA	NA	NA	NA	NA	NA	NA	NA
CP069980.1	NA	NA	NA	NA	NA	NA	NA	NA	NA	NA	NA
CP069981.1	ENA|CP069981|CP069981.1	34441	No terminal repeats	49	11	0.9939	NA	8	22.9040	T_virB11;T_virB9;T_virB8;T_virB6;virb4	NA
CP069982.1	ENA|CP069982|CP069982.1	116491	No terminal repeats	150	11	0.9942	NA	13	64.6966	F_traL;F_traE	NF012171;NF012178
CP069983.1	ENA|CP069983|CP069983.1	5166	No terminal repeats	6	11	0.9942	NA	1	3.7523	MOBQ	NA
CP069984.1	ENA|CP069984|CP069984.1	2042	No terminal repeats	3	11	0.9952	NA	2	2.1806	NA	NA
CP069985.1	ENA|CP069985|CP069985.1	4072	No terminal repeats	4	11	0.9920	NA	1	1.7183	NA	NA
CP069986.1	ENA|CP069986|CP069986.1	2544	No terminal repeats	3	11	0.9894	NA	2	1.9887	NA	NA
CP069987.1	NA	NA	NA	NA	NA	NA	NA	NA	NA	NA	NA
CP069988.1	ENA|CP069988|CP069988.1	3909	No terminal repeats	5	11	0.9922	NA	1	2.7109	NA	NA
CP069989.1	ENA|CP069989|CP069989.1	3133	No terminal repeats	4	11	0.9921	NA	1	2.9829	MOBP1	NA
CP070124.1	NA	NA	NA	NA	NA	NA	NA	NA	NA	NA	NA
CP070125.1	ENA|CP070125|CP070125.1	114213	No terminal repeats	131	11	0.9954	NA	32	94.2991	MOBF;F_traG;F_traH;F_traF;F_traN;F_traU;F_traW;virb4;F_traV;F_traK;F_traE;F_traL;F_traE	NA
CP070126.1	ENA|CP070126|CP070126.1	6648	No terminal repeats	8	11	0.9963	NA	5	9.7260	MOBP1	NA
CP070127.1	NA	NA	NA	NA	NA	NA	NA	NA	NA	NA	NA
CP070128.1	ENA|CP070128|CP070128.1	5171	No terminal repeats	7	11	0.9954	NA	3	3.3852	MOBP1	NA
CP070129.1	ENA|CP070129|CP070129.1	4992	No terminal repeats	6	11	0.9933	NA	1	2.6872	NA	NA
CP070130.1	ENA|CP070130|CP070130.1	3681	No terminal repeats	6	11	0.9911	NA	1	1.6586	NA	NA
CP070131.1	NA	NA	NA	NA	NA	NA	NA	NA	NA	NA	NA
CP070132.1	ENA|CP070132|CP070132.1	16992	No terminal repeats	25	11	0.9935	NA	1	6.9473	NA	NA
CP070133.1	ENA|CP070133|CP070133.1	151845	No terminal repeats	187	11	0.9948	NA	34	104.3583	F_traE;F_traL;F_traE;F_traK;F_traV;virb4;F_traW;F_traU;F_traN;F_traF;F_traH;F_traG;MOBF;F_traE	NF000270;NF012178
CP070134.1	NA	NA	NA	NA	NA	NA	NA	NA	NA	NA	NA
CP070135.1	NA	NA	NA	NA	NA	NA	NA	NA	NA	NA	NA
CP070136.1	NA	NA	NA	NA	NA	NA	NA	NA	NA	NA	NA
CP070137.1	ENA|CP070137|CP070137.1	37228	No terminal repeats	47	11	0.9945	NA	1	11.6269	NA	NA
CP070138.1	ENA|CP070138|CP070138.1	5631	No terminal repeats	5	11	0.9960	NA	3	5.8134	MOBP1	NA
CP070139.1	NA	NA	NA	NA	NA	NA	NA	NA	NA	NA	NA
CP070140.1	NA	NA	NA	NA	NA	NA	NA	NA	NA	NA	NA
CP070141.1	NA	NA	NA	NA	NA	NA	NA	NA	NA	NA	NA
CP070142.1	NA	NA	NA	NA	NA	NA	NA	NA	NA	NA	NA
CP070143.1	ENA|CP070143|CP070143.1	5183	No terminal repeats	5	11	0.9959	NA	2	5.4706	MOBQ	NA
CP070222.1	NA	NA	NA	NA	NA	NA	NA	NA	NA	NA	NA
CP070464.1	NA	NA	NA	NA	NA	NA	NA	NA	NA	NA	NA
CP070465.1	ENA|CP070465|CP070465.1	137142	No terminal repeats	152	11	0.9946	NA	26	95.9513	MOBF;F_traG;F_traH;F_traF;F_traN;F_trbC;F_traU;F_traW;virb4;F_traV;F_traK;F_traE;F_traL	NF012171;NF012174;NF000270
CP070466.1	ENA|CP070466|CP070466.1	3553	No terminal repeats	6	11	0.9951	NA	3	4.6203	NA	NA
CP070467.1	NA	NA	NA	NA	NA	NA	NA	NA	NA	NA	NA
CP070468.1	NA	NA	NA	NA	NA	NA	NA	NA	NA	NA	NA
CP070469.1	NA	NA	NA	NA	NA	NA	NA	NA	NA	NA	NA
CP070470.1	NA	NA	NA	NA	NA	NA	NA	NA	NA	NA	NA
CP070485.1	NA	NA	NA	NA	NA	NA	NA	NA	NA	NA	NA
CP070486.1	ENA|CP070486|CP070486.1	64309	No terminal repeats	90	11	0.9889	NA	2	27.0752	MOBP2;T_virB11	NF000145
CP070487.1	ENA|CP070487|CP070487.1	5820	No terminal repeats	7	11	0.9922	NA	3	5.0448	NA	NA
CP070521.1	ENA|CP070521|CP070521.1	54351	No terminal repeats	58	11	0.9938	NA	2	23.0294	NA	NF012178;NF033144
CP070522.1	ENA|CP070522|CP070522.1	38408	No terminal repeats	44	11	0.9941	NA	18	31.0510	t4cp2;F_traG;F_traH;F_traF;F_traN;F_traN;F_traU;F_traW;virb4;F_traV;F_traB;F_traK;F_traE	NA
CP070523.1	NA	NA	NA	NA	NA	NA	NA	NA	NA	NA	NA
CP070524.1	NA	NA	NA	NA	NA	NA	NA	NA	NA	NA	NA
CP070535.1	ENA|CP070535|CP070535.1	62326	No terminal repeats	75	11	0.9938	NA	1	28.9230	T_virB1	NF012178;NF033144;NF000270;NF000270
CP070536.1	ENA|CP070536|CP070536.1	50644	No terminal repeats	55	11	0.9597	NA	1	2.7306	NA	NF033135
CP070537.1	NA	NA	NA	NA	NA	NA	NA	NA	NA	NA	NA
CP070550.1	ENA|CP070550|CP070550.1	54347	No terminal repeats	58	11	0.9941	NA	2	22.5088	NA	NF033144;NF012178
CP070551.1	NA	NA	NA	NA	NA	NA	NA	NA	NA	NA	NA
CP070552.1	ENA|CP070552|CP070552.1	8357	No terminal repeats	10	11	0.9931	NA	1	3.1803	NA	NA
CP070553.1	NA	NA	NA	NA	NA	NA	NA	NA	NA	NA	NA
CP070554.1	ENA|CP070554|CP070554.1	63379	No terminal repeats	73	11	0.9941	NA	9	51.0306	T_virB1;T_virB3;virb4;T_virB5;T_virB6;T_virB8;T_virB9	NF012171
CP070555.1	ENA|CP070555|CP070555.1	256277	No terminal repeats	283	11	0.9940	NA	17	193.3359	F_trbC;F_traU;F_traW;virb4;F_traV;F_traB;F_traE;t4cp1;MOBH;F_traF;F_traH	NF033144;NF000270
CP070556.1	ENA|CP070556|CP070556.1	109858	No terminal repeats	116	11	0.9946	NA	23	75.2445	F_traK;F_traE;F_traL;MOBF;t4cp2;F_traG;F_traH;F_traF;F_traN;F_traN;F_traU;F_traW;F_traV	NF000402
CP070557.1	ENA|CP070557|CP070557.1	168105	No terminal repeats	214	11	0.9918	NA	23	77.1521	T_virB1;F_traG;F_traH;F_traF;MOBH;t4cp1;F_traL;F_traE;F_traK;F_traB;F_traV;virb4;F_traW;F_traU;F_trbC;F_traU	NF000018
CP070558.1	NA	NA	NA	NA	NA	NA	NA	NA	NA	NA	NA
CP070559.1	NA	NA	NA	NA	NA	NA	NA	NA	NA	NA	NA
CP070569.1	NA	NA	NA	NA	NA	NA	NA	NA	NA	NA	NA
CP070570.1	ENA|CP070570|CP070570.1	40918	No terminal repeats	54	11	0.9937	NA	10	33.7495	MOBP1;T_virB1;T_virB2;virb4;T_virB6;T_virB8;T_virB9;T_virB11	NA
CP070571.1	ENA|CP070571|CP070571.1	88945	No terminal repeats	108	11	0.9937	NA	11	52.5010	t4cp2;T_virB9;T_virB8;T_virB6;T_virB5;virb4;T_virB3;T_virB1	NF012178;NF033144;NF000270
CP070572.1	NA	NA	NA	NA	NA	NA	NA	NA	NA	NA	NA
CP070573.1	NA	NA	NA	NA	NA	NA	NA	NA	NA	NA	NA
CP070574.1	ENA|CP070574|CP070574.1	40918	No terminal repeats	55	11	0.9935	NA	11	34.7218	virb4;T_virB2;T_virB1;MOBP1;T_virB11;T_virB9;T_virB8;T_virB6;virb4	NA
CP070575.1	ENA|CP070575|CP070575.1	88945	No terminal repeats	106	11	0.9935	NA	11	52.5010	T_virB1;T_virB3;virb4;T_virB5;T_virB6;T_virB8;T_virB9;t4cp2	NF000270;NF033144;NF012178
CP070994.1	NA	NA	NA	NA	NA	NA	NA	NA	NA	NA	NA
CP071009.1	NA	NA	NA	NA	NA	NA	NA	NA	NA	NA	NA
CP071010.1	ENA|CP071010|CP071010.1	337179	No terminal repeats	366	11	0.9938	NA	14	172.7715	F_traE;F_traB;F_traV;virb4;F_traW;F_traU;F_trbC;t4cp1	NF012147
CP071013.1	NA	NA	NA	NA	NA	NA	NA	NA	NA	NA	NA
CP071014.1	ENA|CP071014|CP071014.1	316077	No terminal repeats	338	11	0.9939	NA	18	195.5333	F_traE;F_traB;F_traV;virb4;F_traW;F_traU;F_trbC;F_traH;F_traF;MOBH;t4cp1	NF012147
CP071021.1	NA	NA	NA	NA	NA	NA	NA	NA	NA	NA	NA
CP071022.1	ENA|CP071022|CP071022.1	316079	No terminal repeats	337	11	0.9940	NA	18	195.5333	F_traE;F_traB;F_traV;virb4;F_traW;F_traU;F_trbC;t4cp1;MOBH;F_traF;F_traH	NF012147
CP071023.1	NA	NA	NA	NA	NA	NA	NA	NA	NA	NA	NA
CP071024.1	ENA|CP071024|CP071024.1	316078	No terminal repeats	337	11	0.9939	NA	18	195.5333	F_traE;F_traB;F_traV;virb4;F_traW;F_traU;F_trbC;F_traH;F_traF;MOBH;t4cp1	NF012147
CP071025.1	NA	NA	NA	NA	NA	NA	NA	NA	NA	NA	NA
CP071026.1	ENA|CP071026|CP071026.1	186213	No terminal repeats	233	11	0.9906	NA	21	79.3814	MOBH;t4cp1;F_traL;F_traE;F_traK;F_traB;F_traV;virb4;F_traW;F_traU;F_trbC;F_traF;F_traH;F_traG;T_virB1	NF033144;NF040806;NF012178;NF012147
CP071043.1	NA	NA	NA	NA	NA	NA	NA	NA	NA	NA	NA
CP071172.1	NA	NA	NA	NA	NA	NA	NA	NA	NA	NA	NA
CP071176.1	NA	NA	NA	NA	NA	NA	NA	NA	NA	NA	NA
CP071177.1	ENA|CP071177|CP071177.1	2864	No terminal repeats	4	11	0.9915	NA	1	1.8846	NA	NA
CP071188.1	NA	NA	NA	NA	NA	NA	NA	NA	NA	NA	NA
CP071189.1	ENA|CP071189|CP071189.1	43189	No terminal repeats	42	11	0.9933	NA	13	27.2414	F_traE;F_traW;F_traU;F_traN;F_traF;F_traH;F_traG;t4cp2;MOBF	NA
CP071190.1	NA	NA	NA	NA	NA	NA	NA	NA	NA	NA	NA
CP071191.1	ENA|CP071191|CP071191.1	43189	No terminal repeats	42	11	0.9933	NA	13	27.2414	F_traE;F_traW;F_traU;F_traN;F_traF;F_traH;F_traG;t4cp2;MOBF	NA
CP071192.1	NA	NA	NA	NA	NA	NA	NA	NA	NA	NA	NA
CP071193.1	ENA|CP071193|CP071193.1	43189	No terminal repeats	42	11	0.9933	NA	13	27.2414	F_traE;F_traW;F_traU;F_traN;F_traF;F_traH;F_traG;t4cp2;MOBF	NA
CP071196.1	NA	NA	NA	NA	NA	NA	NA	NA	NA	NA	NA
CP071197.1	ENA|CP071197|CP071197.1	43188	No terminal repeats	43	11	0.9932	NA	13	27.2414	F_traE;F_traW;F_traU;F_traN;F_traF;F_traH;F_traG;t4cp2;MOBF	NA
CP071198.1	NA	NA	NA	NA	NA	NA	NA	NA	NA	NA	NA
CP071199.1	ENA|CP071199|CP071199.1	43189	No terminal repeats	42	11	0.9933	NA	13	27.2414	F_traE;F_traW;F_traU;F_traN;F_traF;F_traH;F_traG;t4cp2;MOBF	NA
CP071202.1	NA	NA	NA	NA	NA	NA	NA	NA	NA	NA	NA
CP071203.1	ENA|CP071203|CP071203.1	43189	No terminal repeats	42	11	0.9933	NA	13	27.2414	F_traE;F_traW;F_traU;F_traN;F_traF;F_traH;F_traG;t4cp2;MOBF	NA
CP071204.1	NA	NA	NA	NA	NA	NA	NA	NA	NA	NA	NA
CP071205.1	ENA|CP071205|CP071205.1	43189	No terminal repeats	42	11	0.9933	NA	13	27.2414	F_traE;F_traW;F_traU;F_traN;F_traF;F_traH;F_traG;t4cp2;MOBF	NA
CP071206.1	NA	NA	NA	NA	NA	NA	NA	NA	NA	NA	NA
CP071207.1	ENA|CP071207|CP071207.1	43189	No terminal repeats	42	11	0.9933	NA	13	27.2414	F_traE;F_traW;F_traU;F_traN;F_traF;F_traH;F_traG;t4cp2;MOBF	NA
CP071208.1	NA	NA	NA	NA	NA	NA	NA	NA	NA	NA	NA
CP071209.1	ENA|CP071209|CP071209.1	43189	No terminal repeats	42	11	0.9933	NA	13	27.2414	F_traE;F_traW;F_traU;F_traN;F_traF;F_traH;F_traG;t4cp2;MOBF	NA
CP071212.1	NA	NA	NA	NA	NA	NA	NA	NA	NA	NA	NA
CP071213.1	ENA|CP071213|CP071213.1	43189	No terminal repeats	42	11	0.9933	NA	13	27.2414	F_traE;F_traW;F_traU;F_traN;F_traF;F_traH;F_traG;t4cp2;MOBF	NA
CP071216.1	NA	NA	NA	NA	NA	NA	NA	NA	NA	NA	NA
CP071217.1	ENA|CP071217|CP071217.1	43187	No terminal repeats	44	11	0.9932	NA	13	27.2414	F_traE;F_traW;F_traU;F_traN;F_traF;F_traH;F_traG;t4cp2;MOBF	NA
CP071218.1	NA	NA	NA	NA	NA	NA	NA	NA	NA	NA	NA
CP071219.1	ENA|CP071219|CP071219.1	43189	No terminal repeats	42	11	0.9933	NA	13	27.2414	F_traE;F_traW;F_traU;F_traN;F_traF;F_traH;F_traG;t4cp2;MOBF	NA
CP071220.1	NA	NA	NA	NA	NA	NA	NA	NA	NA	NA	NA
CP071221.1	ENA|CP071221|CP071221.1	43190	No terminal repeats	42	11	0.9936	NA	13	27.2414	F_traE;F_traW;F_traU;F_traN;F_traF;F_traH;F_traG;t4cp2;MOBF	NA
CP071224.1	NA	NA	NA	NA	NA	NA	NA	NA	NA	NA	NA
CP071225.1	ENA|CP071225|CP071225.1	43190	No terminal repeats	42	11	0.9935	NA	13	27.2414	F_traE;F_traW;F_traU;F_traN;F_traF;F_traH;F_traG;t4cp2;MOBF	NA
CP071226.1	NA	NA	NA	NA	NA	NA	NA	NA	NA	NA	NA
CP071227.1	ENA|CP071227|CP071227.1	43189	No terminal repeats	42	11	0.9935	NA	13	27.2414	F_traE;F_traW;F_traU;F_traN;F_traF;F_traH;F_traG;t4cp2;MOBF	NA
CP071228.1	NA	NA	NA	NA	NA	NA	NA	NA	NA	NA	NA
CP071229.1	ENA|CP071229|CP071229.1	43191	No terminal repeats	45	11	0.9933	NA	13	27.2414	F_traE;F_traW;F_traU;F_traN;F_traF;F_traH;F_traG;t4cp2;MOBF	NA
CP071230.1	NA	NA	NA	NA	NA	NA	NA	NA	NA	NA	NA
CP071231.1	ENA|CP071231|CP071231.1	43189	No terminal repeats	42	11	0.9933	NA	13	27.2414	F_traE;F_traW;F_traU;F_traN;F_traF;F_traH;F_traG;t4cp2;MOBF	NA
CP071232.1	NA	NA	NA	NA	NA	NA	NA	NA	NA	NA	NA
CP071233.1	ENA|CP071233|CP071233.1	43189	No terminal repeats	42	11	0.9933	NA	13	27.2414	F_traE;F_traW;F_traU;F_traN;F_traF;F_traH;F_traG;t4cp2;MOBF	NA
CP071234.1	NA	NA	NA	NA	NA	NA	NA	NA	NA	NA	NA
CP071235.1	ENA|CP071235|CP071235.1	43189	No terminal repeats	42	11	0.9933	NA	13	27.2414	F_traE;F_traW;F_traU;F_traN;F_traF;F_traH;F_traG;t4cp2;MOBF	NA
CP071236.1	NA	NA	NA	NA	NA	NA	NA	NA	NA	NA	NA
CP071237.1	ENA|CP071237|CP071237.1	43190	No terminal repeats	41	11	0.9934	NA	13	27.2414	F_traE;F_traW;F_traU;F_traN;F_traF;F_traH;F_traG;t4cp2;MOBF	NA
CP071240.1	NA	NA	NA	NA	NA	NA	NA	NA	NA	NA	NA
CP071241.1	ENA|CP071241|CP071241.1	43189	No terminal repeats	42	11	0.9933	NA	13	27.2414	F_traE;F_traW;F_traU;F_traN;F_traF;F_traH;F_traG;t4cp2;MOBF	NA
CP071242.1	NA	NA	NA	NA	NA	NA	NA	NA	NA	NA	NA
CP071243.1	ENA|CP071243|CP071243.1	43189	No terminal repeats	42	11	0.9933	NA	13	27.2414	F_traE;F_traW;F_traU;F_traN;F_traF;F_traH;F_traG;t4cp2;MOBF	NA
CP071244.1	NA	NA	NA	NA	NA	NA	NA	NA	NA	NA	NA
CP071245.1	ENA|CP071245|CP071245.1	43189	No terminal repeats	42	11	0.9933	NA	13	27.2414	F_traE;F_traW;F_traU;F_traN;F_traF;F_traH;F_traG;t4cp2;MOBF	NA
CP071265.1	NA	NA	NA	NA	NA	NA	NA	NA	NA	NA	NA
CP071266.1	ENA|CP071266|CP071266.1	63589	No terminal repeats	86	11	0.9917	NA	15	39.1630	I_trbB;I_trbA;MOBP1;I_traI;I_traK;I_traL;I_traN;I_traO;I_traP;I_traQ;I_traR;traU;I_traW;I_traY	NF040806
CP071267.1	ENA|CP071267|CP071267.1	33463	No terminal repeats	46	11	0.9930	NA	10	33.0459	T_virB1;T_virB3;virb4;T_virB5;T_virB6;T_virB8;T_virB9;t4cp2	NA
CP071268.1	ENA|CP071268|CP071268.1	3223	No terminal repeats	4	11	0.9954	NA	2	4.5840	MOBP1	NA
CP071269.1	ENA|CP071269|CP071269.1	3030	No terminal repeats	3	11	0.9939	NA	1	2.5242	NA	NA
CP071270.1	ENA|CP071270|CP071270.1	2495	No terminal repeats	4	11	0.9943	NA	1	3.1262	NA	NA
CP071276.1	NA	NA	NA	NA	NA	NA	NA	NA	NA	NA	NA
CP071277.1	ENA|CP071277|CP071277.1	64606	No terminal repeats	89	11	0.9881	NA	2	28.7935	MOBP2	NF000145
CP071278.1	ENA|CP071278|CP071278.1	5820	No terminal repeats	6	11	0.9919	NA	2	4.1025	NA	NA
CP071320.1	NA	NA	NA	NA	NA	NA	NA	NA	NA	NA	NA
CP071459.1	NA	NA	NA	NA	NA	NA	NA	NA	NA	NA	NA
CP071460.1	NA	NA	NA	NA	NA	NA	NA	NA	NA	NA	NA
CP071461.1	ENA|CP071461|CP071461.1	38030	No terminal repeats	43	11	0.9916	NA	8	22.2192	MOBP1;T_virB2;virb4;T_virB8;T_virB9	NA
CP071522.1	NA	NA	NA	NA	NA	NA	NA	NA	NA	NA	NA
CP071523.1	ENA|CP071523|CP071523.1	49605	No terminal repeats	60	11	0.9947	NA	5	31.1175	F_traE	NA
CP071524.1	ENA|CP071524|CP071524.1	5627	No terminal repeats	5	11	0.9961	NA	3	5.8134	MOBP1	NA
CP071577.1	NA	NA	NA	NA	NA	NA	NA	NA	NA	NA	NA
CP071583.1	NA	NA	NA	NA	NA	NA	NA	NA	NA	NA	NA
CP071584.1	NA	NA	NA	NA	NA	NA	NA	NA	NA	NA	NA
CP071585.1	NA	NA	NA	NA	NA	NA	NA	NA	NA	NA	NA
CP071731.1	NA	NA	NA	NA	NA	NA	NA	NA	NA	NA	NA
CP071773.1	NA	NA	NA	NA	NA	NA	NA	NA	NA	NA	NA
CP071774.1	ENA|CP071774|CP071774.1	4875	No terminal repeats	6	11	0.9949	NA	3	2.8521	MOBP1	NA
CP071775.1	NA	NA	NA	NA	NA	NA	NA	NA	NA	NA	NA
CP071776.1	NA	NA	NA	NA	NA	NA	NA	NA	NA	NA	NA
CP071777.1	NA	NA	NA	NA	NA	NA	NA	NA	NA	NA	NA
CP071778.1	NA	NA	NA	NA	NA	NA	NA	NA	NA	NA	NA
CP071779.1	ENA|CP071779|CP071779.1	4875	No terminal repeats	6	11	0.9950	NA	3	2.8521	MOBP1	NA
CP071780.1	NA	NA	NA	NA	NA	NA	NA	NA	NA	NA	NA
CP071781.1	ENA|CP071781|CP071781.1	4875	No terminal repeats	6	11	0.9943	NA	3	2.8521	MOBP1	NA
CP071782.1	NA	NA	NA	NA	NA	NA	NA	NA	NA	NA	NA
CP071783.1	NA	NA	NA	NA	NA	NA	NA	NA	NA	NA	NA
CP071871.1	NA	NA	NA	NA	NA	NA	NA	NA	NA	NA	NA
CP071916.1	NA	NA	NA	NA	NA	NA	NA	NA	NA	NA	NA
CP071917.1	NA	NA	NA	NA	NA	NA	NA	NA	NA	NA	NA
CP071918.1	NA	NA	NA	NA	NA	NA	NA	NA	NA	NA	NA
CP071924.1	ENA|CP071924|CP071924.1	2857	No terminal repeats	5	11	0.9931	NA	1	4.1842	NA	NA
CP071925.1	ENA|CP071925|CP071925.1	6173	No terminal repeats	8	11	0.9955	NA	1	9.3098	NA	NA
CP071926.1	ENA|CP071926|CP071926.1	6268	No terminal repeats	9	11	0.9947	NA	1	5.9024	NA	NA
CP071927.1	NA	NA	NA	NA	NA	NA	NA	NA	NA	NA	NA
CP071929.1	ENA|CP071929|CP071929.1	24233	No terminal repeats	32	11	0.9948	NA	1	12.4273	NA	NA
CP071930.1	ENA|CP071930|CP071930.1	220241	No terminal repeats	258	11	0.9899	NA	2	64.6561	MOBP2	NA
CP071931.1	NA	NA	NA	NA	NA	NA	NA	NA	NA	NA	NA
CP071936.1	NA	NA	NA	NA	NA	NA	NA	NA	NA	NA	NA
CP071958.1	NA	NA	NA	NA	NA	NA	NA	NA	NA	NA	NA
CP071959.1	ENA|CP071959|CP071959.1	296092	No terminal repeats	352	11	0.9895	NA	3	82.5720	MOBP2;MOBP2	NF012176;NF033068;NF033693
CP071960.1	NA	NA	NA	NA	NA	NA	NA	NA	NA	NA	NA
CP071961.1	ENA|CP071961|CP071961.1	10238	No terminal repeats	8	11	0.9947	NA	1	4.1275	NA	NA
CP071962.1	ENA|CP071962|CP071962.1	9934	No terminal repeats	14	11	0.9922	NA	1	6.1180	NA	NA
CP071963.1	NA	NA	NA	NA	NA	NA	NA	NA	NA	NA	NA
CP071964.1	NA	NA	NA	NA	NA	NA	NA	NA	NA	NA	NA
CP071965.1	NA	NA	NA	NA	NA	NA	NA	NA	NA	NA	NA
CP071966.1	ENA|CP071966|CP071966.1	4374	No terminal repeats	7	11	0.9946	NA	1	5.9024	NA	NA
CP071967.1	NA	NA	NA	NA	NA	NA	NA	NA	NA	NA	NA
CP071968.1	NA	NA	NA	NA	NA	NA	NA	NA	NA	NA	NA
CP071969.1	NA	NA	NA	NA	NA	NA	NA	NA	NA	NA	NA
CP071978.1	NA	NA	NA	NA	NA	NA	NA	NA	NA	NA	NA
CP071979.1	ENA|CP071979|CP071979.1	7565	DTR	11	11	0.9902	NA	2	3.3035	MOBP1	NA
CP071980.1	ENA|CP071980|CP071980.1	13779	DTR	12	11	0.9946	NA	6	7.9195	MOBP1;MOBP1	NA
CP071981.1	NA	NA	NA	NA	NA	NA	NA	NA	NA	NA	NA
CP071982.1	NA	NA	NA	NA	NA	NA	NA	NA	NA	NA	NA
CP071983.1	ENA|CP071983|CP071983.1	9259	DTR	9	11	0.9883	NA	2	3.3035	MOBP1	NA
CP072122.1	NA	NA	NA	NA	NA	NA	NA	NA	NA	NA	NA
CP072123.1	ENA|CP072123|CP072123.1	218105	No terminal repeats	220	11	0.9891	NA	7	48.1480	traU;I_traN;I_traM;I_traI;I_traY;I_traW	NF000466;NF012174;NF033144;NF012171
CP072124.1	ENA|CP072124|CP072124.1	87529	No terminal repeats	116	11	0.9893	NA	15	39.7906	t4cp2;F_traL;F_traE;F_traK;F_traB;F_traV;F_traW;F_traU;F_trbC;F_trbC;F_traF;F_traH;F_traG	NF040806
CP072125.1	NA	NA	NA	NA	NA	NA	NA	NA	NA	NA	NA
CP072126.1	ENA|CP072126|CP072126.1	5679	No terminal repeats	9	11	0.9950	NA	2	8.3625	MOBQ	NA
CP072280.1	NA	NA	NA	NA	NA	NA	NA	NA	NA	NA	NA
CP072281.1	ENA|CP072281|CP072281.1	218105	No terminal repeats	220	11	0.9891	NA	7	48.1480	traU;I_traN;I_traM;I_traI;I_traY;I_traW	NF000466;NF012174;NF033144;NF012171
CP072282.1	ENA|CP072282|CP072282.1	87529	No terminal repeats	116	11	0.9893	NA	15	39.7906	t4cp2;F_traL;F_traE;F_traK;F_traB;F_traV;F_traW;F_traU;F_trbC;F_trbC;F_traF;F_traH;F_traG	NF040806
CP072283.1	NA	NA	NA	NA	NA	NA	NA	NA	NA	NA	NA
CP072284.1	ENA|CP072284|CP072284.1	5679	No terminal repeats	9	11	0.9951	NA	2	8.3625	MOBQ	NA
CP072300.1	NA	NA	NA	NA	NA	NA	NA	NA	NA	NA	NA
CP072301.1	ENA|CP072301|CP072301.1	218105	No terminal repeats	220	11	0.9891	NA	7	48.1480	traU;I_traN;I_traM;I_traI;I_traY;I_traW	NF000466;NF012174;NF033144;NF012171
CP072302.1	ENA|CP072302|CP072302.1	68309	No terminal repeats	96	11	0.9882	NA	15	33.2261	F_traG;F_traH;F_traF;F_trbC;F_trbC;F_traU;F_traW;F_traV;F_traB;F_traK;F_traE;F_traL;t4cp2	NA
CP072303.1	NA	NA	NA	NA	NA	NA	NA	NA	NA	NA	NA
CP072304.1	ENA|CP072304|CP072304.1	5679	No terminal repeats	9	11	0.9950	NA	2	8.3625	MOBQ	NA
CP072398.1	NA	NA	NA	NA	NA	NA	NA	NA	NA	NA	NA
CP072399.1	ENA|CP072399|CP072399.1	218105	No terminal repeats	220	11	0.9891	NA	7	48.1480	traU;I_traN;I_traM;I_traI;I_traY;I_traW	NF000466;NF012174;NF033144;NF012171
CP072400.1	ENA|CP072400|CP072400.1	87529	No terminal repeats	116	11	0.9892	NA	15	39.7906	t4cp2;F_traL;F_traE;F_traK;F_traB;F_traV;F_traW;F_traU;F_trbC;F_trbC;F_traF;F_traH;F_traG	NF040806
CP072401.1	NA	NA	NA	NA	NA	NA	NA	NA	NA	NA	NA
CP072402.1	ENA|CP072402|CP072402.1	5679	No terminal repeats	9	11	0.9950	NA	2	8.3625	MOBQ	NA
CP072496.1	NA	NA	NA	NA	NA	NA	NA	NA	NA	NA	NA
CP072497.1	ENA|CP072497|CP072497.1	125104	No terminal repeats	137	11	0.9947	NA	29	96.7919	MOBF;F_traG;F_traH;F_traF;F_traN;F_trbC;F_traU;F_traW;virb4;F_traV;F_traK;F_traE;F_traL	NA
CP072498.1	ENA|CP072498|CP072498.1	55508	No terminal repeats	66	11	0.9938	NA	2	25.2527	NA	NF012171;NF012174;NF012171
CP072499.1	ENA|CP072499|CP072499.1	10077	No terminal repeats	14	11	0.9942	NA	4	7.8883	MOBC	NA
CP072508.1	ENA|CP072508|CP072508.1	91525	No terminal repeats	97	11	0.9922	NA	3	33.8445	FA_orf13	NA
CP072523.1	NA	NA	NA	NA	NA	NA	NA	NA	NA	NA	NA
CP072525.1	NA	NA	NA	NA	NA	NA	NA	NA	NA	NA	NA
CP072567.1	NA	NA	NA	NA	NA	NA	NA	NA	NA	NA	NA
CP072568.1	ENA|CP072568|CP072568.1	210114	No terminal repeats	218	11	0.9900	NA	3	52.1030	MOBP2	NF033693
CP072569.1	NA	NA	NA	NA	NA	NA	NA	NA	NA	NA	NA
CP072570.1	ENA|CP072570|CP072570.1	27191	No terminal repeats	32	11	0.9919	NA	1	6.4070	NA	NA
CP072571.1	ENA|CP072571|CP072571.1	7974	No terminal repeats	11	11	0.9942	NA	1	6.3127	NA	NA
CP072572.1	NA	NA	NA	NA	NA	NA	NA	NA	NA	NA	NA
CP072574.1	ENA|CP072574|CP072574.1	6096	No terminal repeats	8	11	0.9953	NA	1	8.0310	NA	NA
CP072575.1	ENA|CP072575|CP072575.1	4372	No terminal repeats	6	11	0.9952	NA	1	5.9024	NA	NA
CP072576.1	ENA|CP072576|CP072576.1	3866	No terminal repeats	4	11	0.9943	NA	1	2.6555	NA	NA
CP072577.1	NA	NA	NA	NA	NA	NA	NA	NA	NA	NA	NA
CP072578.1	NA	NA	NA	NA	NA	NA	NA	NA	NA	NA	NA
CP072586.1	NA	NA	NA	NA	NA	NA	NA	NA	NA	NA	NA
CP072588.1	ENA|CP072588|CP072588.1	123647	No terminal repeats	153	11	0.9894	NA	2	15.8846	NA	NF000424;NF033115
CP072589.1	ENA|CP072589|CP072589.1	29437	No terminal repeats	40	11	0.9935	NA	3	14.5599	NA	NF033068
CP072590.1	ENA|CP072590|CP072590.1	6173	No terminal repeats	8	11	0.9955	NA	1	9.3098	NA	NA
CP072591.1	NA	NA	NA	NA	NA	NA	NA	NA	NA	NA	NA
CP072592.1	ENA|CP072592|CP072592.1	4374	No terminal repeats	7	11	0.9945	NA	1	5.9024	NA	NA
CP072593.1	NA	NA	NA	NA	NA	NA	NA	NA	NA	NA	NA
CP072594.1	NA	NA	NA	NA	NA	NA	NA	NA	NA	NA	NA
CP072595.1	NA	NA	NA	NA	NA	NA	NA	NA	NA	NA	NA
CP072707.1	NA	NA	NA	NA	NA	NA	NA	NA	NA	NA	NA
CP072708.1	ENA|CP072708|CP072708.1	227172	No terminal repeats	270	11	0.9887	NA	1	53.2771	MOBP2	NF033693
CP072709.1	NA	NA	NA	NA	NA	NA	NA	NA	NA	NA	NA
CP072710.1	ENA|CP072710|CP072710.1	43862	No terminal repeats	59	11	0.9939	NA	1	15.2596	NA	NF033068
CP072711.1	NA	NA	NA	NA	NA	NA	NA	NA	NA	NA	NA
CP072712.1	NA	NA	NA	NA	NA	NA	NA	NA	NA	NA	NA
CP072713.1	NA	NA	NA	NA	NA	NA	NA	NA	NA	NA	NA
CP072714.1	ENA|CP072714|CP072714.1	11638	No terminal repeats	15	11	0.9938	NA	1	6.1180	NA	NA
CP072715.1	ENA|CP072715|CP072715.1	6304	No terminal repeats	9	11	0.9950	NA	1	8.0310	NA	NA
CP072716.1	NA	NA	NA	NA	NA	NA	NA	NA	NA	NA	NA
CP072717.1	NA	NA	NA	NA	NA	NA	NA	NA	NA	NA	NA
CP072718.1	NA	NA	NA	NA	NA	NA	NA	NA	NA	NA	NA
CP072719.1	NA	NA	NA	NA	NA	NA	NA	NA	NA	NA	NA
CP072731.1	NA	NA	NA	NA	NA	NA	NA	NA	NA	NA	NA
CP072732.1	ENA|CP072732|CP072732.1	213054	No terminal repeats	224	11	0.9903	NA	3	50.9689	MOBP2	NF033693
CP072733.1	ENA|CP072733|CP072733.1	99040	No terminal repeats	116	11	0.9879	NA	2	16.4251	NA	NF033115
CP072734.1	ENA|CP072734|CP072734.1	37510	No terminal repeats	46	11	0.9903	NA	1	7.7190	NA	NF033068
CP072735.1	ENA|CP072735|CP072735.1	9934	No terminal repeats	14	11	0.9922	NA	1	6.1180	NA	NA
CP072736.1	NA	NA	NA	NA	NA	NA	NA	NA	NA	NA	NA
CP072737.1	NA	NA	NA	NA	NA	NA	NA	NA	NA	NA	NA
CP072738.1	ENA|CP072738|CP072738.1	3846	No terminal repeats	5	11	0.9942	NA	1	2.6555	NA	NA
CP072739.1	ENA|CP072739|CP072739.1	2574	No terminal repeats	3	11	0.9961	NA	1	3.7309	NA	NA
CP072740.1	NA	NA	NA	NA	NA	NA	NA	NA	NA	NA	NA
CP072741.1	NA	NA	NA	NA	NA	NA	NA	NA	NA	NA	NA
CP072779.1	NA	NA	NA	NA	NA	NA	NA	NA	NA	NA	NA
CP072780.1	NA	NA	NA	NA	NA	NA	NA	NA	NA	NA	NA
CP072845.1	NA	NA	NA	NA	NA	NA	NA	NA	NA	NA	NA
CP072847.1	NA	NA	NA	NA	NA	NA	NA	NA	NA	NA	NA
CP072848.1	NA	NA	NA	NA	NA	NA	NA	NA	NA	NA	NA
CP072849.1	NA	NA	NA	NA	NA	NA	NA	NA	NA	NA	NA
CP072850.1	NA	NA	NA	NA	NA	NA	NA	NA	NA	NA	NA
CP072881.1	NA	NA	NA	NA	NA	NA	NA	NA	NA	NA	NA
CP072882.1	ENA|CP072882|CP072882.1	183270	No terminal repeats	192	11	0.9894	NA	1	33.8228	NA	NA
CP072883.1	NA	NA	NA	NA	NA	NA	NA	NA	NA	NA	NA
CP073060.1	NA	NA	NA	NA	NA	NA	NA	NA	NA	NA	NA
CP073061.1	NA	NA	NA	NA	NA	NA	NA	NA	NA	NA	NA
CP073244.1	NA	NA	NA	NA	NA	NA	NA	NA	NA	NA	NA
CP073245.1	NA	NA	NA	NA	NA	NA	NA	NA	NA	NA	NA
CP073246.1	NA	NA	NA	NA	NA	NA	NA	NA	NA	NA	NA
CP073247.1	NA	NA	NA	NA	NA	NA	NA	NA	NA	NA	NA
CP073248.1	NA	NA	NA	NA	NA	NA	NA	NA	NA	NA	NA
CP073356.1	NA	NA	NA	NA	NA	NA	NA	NA	NA	NA	NA
CP073357.1	ENA|CP073357|CP073357.1	192359	No terminal repeats	215	11	0.9871	NA	5	41.8809	T_virB1	NF000107;NF000119
CP073358.1	NA	NA	NA	NA	NA	NA	NA	NA	NA	NA	NA
CP073359.1	NA	NA	NA	NA	NA	NA	NA	NA	NA	NA	NA
CP073630.1	NA	NA	NA	NA	NA	NA	NA	NA	NA	NA	NA
CP073768.1	NA	NA	NA	NA	NA	NA	NA	NA	NA	NA	NA
CP073769.1	ENA|CP073769|CP073769.1	67125	No terminal repeats	84	11	0.9956	NA	28	76.5072	F_traL;F_traE;F_traK;F_traV;virb4;F_traW;F_traU;F_traN;F_traF;F_traH;F_traG;MOBF	NA
CP073770.1	ENA|CP073770|CP073770.1	64665	No terminal repeats	78	11	0.9933	NA	3	26.0591	F_traE	NA
CP073771.1	NA	NA	NA	NA	NA	NA	NA	NA	NA	NA	NA
CP073772.1	ENA|CP073772|CP073772.1	194047	No terminal repeats	216	11	0.9941	NA	12	127.3733	F_traE;F_trbC;F_traU;F_traW;virb4;F_traV;F_traB;F_traE	NF033144;NF000496;NF012174
CP073773.1	ENA|CP073773|CP073773.1	193176	No terminal repeats	213	11	0.9940	NA	24	125.8950	F_traL;F_traE;F_traK;F_traB;F_traV;virb4;F_traW;F_traU;F_traN;F_traF;F_traH;F_traG;t4cp2;MOBF	NF000402;NF012171;NF012174
CP073774.1	ENA|CP073774|CP073774.1	44286	No terminal repeats	52	11	0.9951	NA	9	46.8966	T_virB1;T_virB3;virb4;T_virB5;T_virB6;T_virB8;T_virB9	NF012171;NF000466
CP073775.1	ENA|CP073775|CP073775.1	3223	No terminal repeats	4	11	0.9955	NA	2	4.5840	MOBP1	NA
CP073776.1	ENA|CP073776|CP073776.1	2460	No terminal repeats	3	11	0.9940	NA	1	1.9016	NA	NA
CP073777.1	NA	NA	NA	NA	NA	NA	NA	NA	NA	NA	NA
CP073914.1	NA	NA	NA	NA	NA	NA	NA	NA	NA	NA	NA
CP073974.1	NA	NA	NA	NA	NA	NA	NA	NA	NA	NA	NA
CP073975.1	NA	NA	NA	NA	NA	NA	NA	NA	NA	NA	NA
CP073994.1	NA	NA	NA	NA	NA	NA	NA	NA	NA	NA	NA
CP073995.1	ENA|CP073995|CP073995.1	98811	No terminal repeats	115	11	0.9943	NA	7	43.0996	F_traE;F_traE	NF000270;NF012178
CP074007.1	NA	NA	NA	NA	NA	NA	NA	NA	NA	NA	NA
CP074008.1	NA	NA	NA	NA	NA	NA	NA	NA	NA	NA	NA
CP074009.1	ENA|CP074009|CP074009.1	84156	No terminal repeats	105	11	0.9876	NA	6	2.5066	F_traE;MOBH	NA
CP074010.1	ENA|CP074010|CP074010.1	9174	No terminal repeats	13	11	0.9955	NA	4	10.6296	NA	NA
CP074011.1	NA	NA	NA	NA	NA	NA	NA	NA	NA	NA	NA
CP074028.1	NA	NA	NA	NA	NA	NA	NA	NA	NA	NA	NA
CP074029.1	ENA|CP074029|CP074029.1	32666	No terminal repeats	44	11	0.9933	NA	1	15.4858	NA	NA
CP074030.1	ENA|CP074030|CP074030.1	3056	No terminal repeats	5	11	0.9928	NA	1	2.4906	NA	NA
CP074105.1	NA	NA	NA	NA	NA	NA	NA	NA	NA	NA	NA
CP074106.1	ENA|CP074106|CP074106.1	168353	No terminal repeats	179	11	0.9921	NA	3	55.9665	MOBP2	NF033115
CP074109.1	NA	NA	NA	NA	NA	NA	NA	NA	NA	NA	NA
CP074168.1	NA	NA	NA	NA	NA	NA	NA	NA	NA	NA	NA
CP074169.1	ENA|CP074169|CP074169.1	106702	No terminal repeats	106	11	0.9938	NA	28	67.0248	MOBF;t4cp2;F_traG;F_traH;F_traF;F_traN;F_traU;F_traW;virb4;F_traV;F_traK;F_traE;F_traL	NA
CP074558.1	NA	NA	NA	NA	NA	NA	NA	NA	NA	NA	NA
CP074559.1	ENA|CP074559|CP074559.1	308362	No terminal repeats	346	11	0.9944	NA	44	178.3286	F_traE;F_traE;T_virB9;T_virB8;T_virB8;T_virB6;virb4;T_virB2;T_virB1;MOBF;F_traG;F_traH;F_traF;F_traN;F_trbC;F_traU;F_traW;virb4;F_traV;F_traK;F_traE;F_traL	NF000402;NF012178;NF012178
CP074560.1	ENA|CP074560|CP074560.1	15271	No terminal repeats	16	11	0.9950	NA	3	10.8896	MOBC	NA
CP074571.1	NA	NA	NA	NA	NA	NA	NA	NA	NA	NA	NA
CP074585.1	NA	NA	NA	NA	NA	NA	NA	NA	NA	NA	NA
CP074586.1	ENA|CP074586|CP074586.1	18598	No terminal repeats	28	11	0.9952	NA	2	18.8240	MOBQ;MOBQ	NA
CP074695.1	NA	NA	NA	NA	NA	NA	NA	NA	NA	NA	NA
CP074696.1	NA	NA	NA	NA	NA	NA	NA	NA	NA	NA	NA
CP074697.1	NA	NA	NA	NA	NA	NA	NA	NA	NA	NA	NA
CP074698.1	NA	NA	NA	NA	NA	NA	NA	NA	NA	NA	NA
CP074699.1	NA	NA	NA	NA	NA	NA	NA	NA	NA	NA	NA
CP074700.1	NA	NA	NA	NA	NA	NA	NA	NA	NA	NA	NA
CP074868.1	NA	NA	NA	NA	NA	NA	NA	NA	NA	NA	NA
CP074869.1	ENA|CP074869|CP074869.1	154128	No terminal repeats	171	11	0.9939	NA	16	81.4199	MOBP1;F_traE;F_traE;traU;I_traV;I_traW;I_traY;I_trbA;I_trbB;I_trbB	NA
CP074870.1	ENA|CP074870|CP074870.1	92785	No terminal repeats	105	11	0.9954	NA	19	81.5246	MOBP1;I_trbB;I_trbA;I_traY;I_traW;I_traV;traU;I_traT;I_traR;I_traQ;I_traP;I_traO;I_traN;I_traL;I_traK;I_traI;I_traE	NF033085
CP074871.1	ENA|CP074871|CP074871.1	70888	No terminal repeats	82	11	0.9952	NA	25	61.4353	MOBF;t4cp2;F_traG;F_traH;F_traF;F_traN;F_trbC;F_traU;F_traW;F_traV;F_traK;F_traE;F_traL	NF012171
CP074879.1	NA	NA	NA	NA	NA	NA	NA	NA	NA	NA	NA
CP074880.1	NA	NA	NA	NA	NA	NA	NA	NA	NA	NA	NA
CP074881.1	ENA|CP074881|CP074881.1	93843	No terminal repeats	101	11	0.9943	NA	7	28.2578	F_traE;MOBP1	NA
CP074882.1	ENA|CP074882|CP074882.1	70472	No terminal repeats	91	11	0.9955	NA	28	77.4599	F_traL;F_traE;F_traK;F_traV;virb4;F_traW;F_traU;F_trbC;F_traN;F_traF;F_traH;F_traG;MOBF	NA
CP074883.1	ENA|CP074883|CP074883.1	6715	No terminal repeats	7	11	0.9947	NA	3	4.5487	MOBP1	NA
CP074884.1	ENA|CP074884|CP074884.1	6674	No terminal repeats	11	11	0.9948	NA	3	6.5940	MOBP1	NA
CP074900.1	NA	NA	NA	NA	NA	NA	NA	NA	NA	NA	NA
CP074901.1	ENA|CP074901|CP074901.1	120615	No terminal repeats	136	11	0.9948	NA	21	84.8464	traU;I_traV;I_traW;I_traY;I_trbA;I_trbB;MOBP1;I_traE;I_traI;I_traK;I_traL;I_traN;I_traO;I_traP;I_traQ;I_traR;I_traT;traU	NF012174;NF012171
CP074902.1	ENA|CP074902|CP074902.1	92601	No terminal repeats	95	11	0.9945	NA	7	33.2144	F_traE;MOBP1	NA
CP074903.1	ENA|CP074903|CP074903.1	6675	No terminal repeats	11	11	0.9952	NA	3	8.1586	MOBP1	NA
CP074909.1	NA	NA	NA	NA	NA	NA	NA	NA	NA	NA	NA
CP074910.1	ENA|CP074910|CP074910.1	150472	No terminal repeats	164	11	0.9941	NA	15	76.9199	MOBP1;I_trbB;I_trbA;I_traY;I_traW;I_traV;traU;F_traE;F_traE	NA
CP074914.1	NA	NA	NA	NA	NA	NA	NA	NA	NA	NA	NA
CP074915.1	ENA|CP074915|CP074915.1	95121	No terminal repeats	102	11	0.9943	NA	7	29.8563	MOBP1;F_traE	NA
CP074916.1	ENA|CP074916|CP074916.1	8106	No terminal repeats	11	11	0.9944	NA	3	11.2542	NA	NA
CP074917.1	ENA|CP074917|CP074917.1	6715	No terminal repeats	8	11	0.9943	NA	3	4.5487	MOBP1	NA
CP074918.1	ENA|CP074918|CP074918.1	6675	No terminal repeats	11	11	0.9948	NA	3	6.5940	MOBP1	NA
CP074919.1	NA	NA	NA	NA	NA	NA	NA	NA	NA	NA	NA
CP074920.1	NA	NA	NA	NA	NA	NA	NA	NA	NA	NA	NA
CP075107.1	NA	NA	NA	NA	NA	NA	NA	NA	NA	NA	NA
CP075128.1	NA	NA	NA	NA	NA	NA	NA	NA	NA	NA	NA
CP075344.1	NA	NA	NA	NA	NA	NA	NA	NA	NA	NA	NA
CP075486.1	ENA|CP075486|CP075486.1	130047	No terminal repeats	129	11	0.9920	NA	4	48.9113	F_traE	NF000051;NF000402;NF012174
CP075487.1	NA	NA	NA	NA	NA	NA	NA	NA	NA	NA	NA
CP075488.1	NA	NA	NA	NA	NA	NA	NA	NA	NA	NA	NA
CP076106.1	NA	NA	NA	NA	NA	NA	NA	NA	NA	NA	NA
CP076107.1	ENA|CP076107|CP076107.1	241766	No terminal repeats	268	11	0.9937	NA	28	121.6134	MOBF;F_traG;F_traH;F_traF;F_traN;F_trbC;F_traU;F_traW;virb4;F_traV;F_traK;F_traE;F_traL	NF012174;NF000402
CP076108.1	ENA|CP076108|CP076108.1	153275	No terminal repeats	173	11	0.9943	NA	27	107.1458	F_traG;F_traH;F_traF;F_traN;F_trbC;F_traU;F_traW;virb4;F_traV;F_traK;F_traE;F_traL;MOBF	NF033144;NF012174
CP076109.1	ENA|CP076109|CP076109.1	9642	No terminal repeats	13	11	0.9947	NA	2	9.2964	NA	NA
CP076272.1	NA	NA	NA	NA	NA	NA	NA	NA	NA	NA	NA
CP076273.1	ENA|CP076273|CP076273.1	88425	No terminal repeats	86	11	0.9954	NA	28	71.0097	MOBF;F_traG;F_traH;F_traF;F_traN;F_traU;F_traW;virb4;F_traV;F_traK;F_traE;F_traL	NA
CP076417.1	NA	NA	NA	NA	NA	NA	NA	NA	NA	NA	NA
CP076420.1	NA	NA	NA	NA	NA	NA	NA	NA	NA	NA	NA
CP076421.1	NA	NA	NA	NA	NA	NA	NA	NA	NA	NA	NA
CP076422.1	NA	NA	NA	NA	NA	NA	NA	NA	NA	NA	NA
CP076423.1	NA	NA	NA	NA	NA	NA	NA	NA	NA	NA	NA
CP076424.1	NA	NA	NA	NA	NA	NA	NA	NA	NA	NA	NA
CP076425.1	NA	NA	NA	NA	NA	NA	NA	NA	NA	NA	NA
CP076426.1	NA	NA	NA	NA	NA	NA	NA	NA	NA	NA	NA
CP076427.1	NA	NA	NA	NA	NA	NA	NA	NA	NA	NA	NA
CP076428.1	NA	NA	NA	NA	NA	NA	NA	NA	NA	NA	NA
CP076429.1	NA	NA	NA	NA	NA	NA	NA	NA	NA	NA	NA
CP076430.1	NA	NA	NA	NA	NA	NA	NA	NA	NA	NA	NA
CP076432.1	NA	NA	NA	NA	NA	NA	NA	NA	NA	NA	NA
CP076433.1	NA	NA	NA	NA	NA	NA	NA	NA	NA	NA	NA
CP076434.1	NA	NA	NA	NA	NA	NA	NA	NA	NA	NA	NA
CP076435.1	NA	NA	NA	NA	NA	NA	NA	NA	NA	NA	NA
CP076445.1	NA	NA	NA	NA	NA	NA	NA	NA	NA	NA	NA
CP076471.1	NA	NA	NA	NA	NA	NA	NA	NA	NA	NA	NA
CP076472.1	NA	NA	NA	NA	NA	NA	NA	NA	NA	NA	NA
CP076473.1	ENA|CP076473|CP076473.1	79679	No terminal repeats	96	11	0.9849	NA	2	9.3254	NA	NA
CP076474.1	ENA|CP076474|CP076474.1	57509	No terminal repeats	62	11	0.9940	NA	2	32.2325	MOBP2	NA
CP076475.1	NA	NA	NA	NA	NA	NA	NA	NA	NA	NA	NA
CP076488.1	NA	NA	NA	NA	NA	NA	NA	NA	NA	NA	NA
CP076489.1	ENA|CP076489|CP076489.1	119713	No terminal repeats	142	11	0.9917	NA	3	26.7011	FA_orf13	NF033068
CP076490.1	ENA|CP076490|CP076490.1	55288	No terminal repeats	58	11	0.9910	NA	3	19.0247	FA_orf13	NA
CP076491.1	ENA|CP076491|CP076491.1	53193	No terminal repeats	60	11	0.9924	NA	4	19.5194	FATA_prgIc;FATA_prgL	NA
CP076492.1	ENA|CP076492|CP076492.1	33659	No terminal repeats	36	11	0.9921	NA	3	9.1433	MOBV	NF033115
CP076493.1	NA	NA	NA	NA	NA	NA	NA	NA	NA	NA	NA
CP076494.1	ENA|CP076494|CP076494.1	119714	No terminal repeats	145	11	0.9917	NA	3	26.7011	FA_orf13	NF033068
CP076495.1	ENA|CP076495|CP076495.1	55304	No terminal repeats	58	11	0.9911	NA	3	19.0247	FA_orf13	NA
CP076496.1	ENA|CP076496|CP076496.1	53047	No terminal repeats	62	11	0.9920	NA	4	19.5194	FATA_prgIc;FATA_prgL	NA
CP076497.1	ENA|CP076497|CP076497.1	33656	No terminal repeats	34	11	0.9924	NA	3	10.7503	MOBV	NF033115
CP076498.1	NA	NA	NA	NA	NA	NA	NA	NA	NA	NA	NA
CP076499.1	ENA|CP076499|CP076499.1	119720	No terminal repeats	143	11	0.9917	NA	3	27.3651	FA_orf13	NF033068
CP076500.1	ENA|CP076500|CP076500.1	55301	No terminal repeats	59	11	0.9917	NA	3	19.0247	FA_orf13	NA
CP076501.1	ENA|CP076501|CP076501.1	53420	No terminal repeats	59	11	0.9930	NA	4	19.5194	FATA_prgL;FATA_prgIc	NA
CP076502.1	ENA|CP076502|CP076502.1	33652	No terminal repeats	34	11	0.9933	NA	3	10.2147	MOBV	NF033115
CP076504.1	NA	NA	NA	NA	NA	NA	NA	NA	NA	NA	NA
CP076510.1	NA	NA	NA	NA	NA	NA	NA	NA	NA	NA	NA
CP076511.1	ENA|CP076511|CP076511.1	49588	No terminal repeats	55	11	0.9917	NA	9	22.9730	T_virB9;T_virB8;T_virB6;virb4;T_virB2;MOBP1	NF033068;NF000107
CP076512.1	ENA|CP076512|CP076512.1	3307	No terminal repeats	3	11	0.9937	NA	1	2.2284	NA	NA
CP076513.1	NA	NA	NA	NA	NA	NA	NA	NA	NA	NA	NA
CP076623.1	NA	NA	NA	NA	NA	NA	NA	NA	NA	NA	NA
CP076624.1	ENA|CP076624|CP076624.1	8480	No terminal repeats	10	11	0.9928	NA	2	6.2303	MOBQ	NA
CP076654.1	NA	NA	NA	NA	NA	NA	NA	NA	NA	NA	NA
CP076655.1	ENA|CP076655|CP076655.1	166302	No terminal repeats	174	11	0.9937	NA	16	67.0966	F_traL;F_traE;F_traK;MOBF;F_traE	NF033134
CP076739.1	NA	NA	NA	NA	NA	NA	NA	NA	NA	NA	NA
CP076740.1	NA	NA	NA	NA	NA	NA	NA	NA	NA	NA	NA
CP076741.1	NA	NA	NA	NA	NA	NA	NA	NA	NA	NA	NA
CP076821.1	NA	NA	NA	NA	NA	NA	NA	NA	NA	NA	NA
CP076822.1	ENA|CP076822|CP076822.1	11714	No terminal repeats	16	11	0.9944	NA	1	8.4128	NA	NA
CP076839.1	NA	NA	NA	NA	NA	NA	NA	NA	NA	NA	NA
CP076840.1	ENA|CP076840|CP076840.1	15048	No terminal repeats	15	11	0.9935	NA	1	7.3789	NA	NA
CP076841.1	ENA|CP076841|CP076841.1	4397	No terminal repeats	6	11	0.9942	NA	1	5.0923	NA	NA
CP076842.1	NA	NA	NA	NA	NA	NA	NA	NA	NA	NA	NA
CP077060.1	NA	NA	NA	NA	NA	NA	NA	NA	NA	NA	NA
CP077061.1	NA	NA	NA	NA	NA	NA	NA	NA	NA	NA	NA
CP077308.1	NA	NA	NA	NA	NA	NA	NA	NA	NA	NA	NA
CP077309.1	NA	NA	NA	NA	NA	NA	NA	NA	NA	NA	NA
CP077310.1	NA	NA	NA	NA	NA	NA	NA	NA	NA	NA	NA
CP077499.1	NA	NA	NA	NA	NA	NA	NA	NA	NA	NA	NA
CP077500.1	ENA|CP077500|CP077500.1	124962	No terminal repeats	139	11	0.9946	NA	20	81.4207	I_traE;I_traI;I_traK;I_traL;I_traN;I_traO;I_traP;I_traQ;I_traR;I_traT;traU;I_traV;I_traW;I_traY;I_trbA;I_trbB;MOBP1	NF012174;NF012171
CP077501.1	ENA|CP077501|CP077501.1	77185	No terminal repeats	92	11	0.9952	NA	28	72.8425	MOBF;F_traG;F_traH;F_traF;F_trbC;F_traU;F_traW;virb4;F_traV;F_traK;F_traE;F_traL	NA
CP077502.1	ENA|CP077502|CP077502.1	8106	No terminal repeats	10	11	0.9946	NA	3	10.2831	NA	NA
CP077503.1	ENA|CP077503|CP077503.1	6673	No terminal repeats	9	11	0.9951	NA	3	6.5940	MOBP1	NA
CP077504.1	NA	NA	NA	NA	NA	NA	NA	NA	NA	NA	NA
CP077505.1	NA	NA	NA	NA	NA	NA	NA	NA	NA	NA	NA
CP077519.1	NA	NA	NA	NA	NA	NA	NA	NA	NA	NA	NA
CP077520.1	ENA|CP077520|CP077520.1	81587	No terminal repeats	88	11	0.9946	NA	19	59.2501	MOBF;F_traG;F_traG;F_traH;F_traK;F_traE;F_traL;F_traE	NA
CP077521.1	ENA|CP077521|CP077521.1	8550	No terminal repeats	14	11	0.9950	NA	4	11.3733	MOBP1;MOBP1	NA
CP077522.1	ENA|CP077522|CP077522.1	6229	No terminal repeats	9	11	0.9931	NA	1	4.7858	NA	NA
CP077523.1	ENA|CP077523|CP077523.1	5569	No terminal repeats	9	11	0.9934	NA	2	3.1408	MOBP1	NA
CP077524.1	ENA|CP077524|CP077524.1	5060	No terminal repeats	8	11	0.9933	NA	1	3.0247	NA	NA
CP077525.1	NA	NA	NA	NA	NA	NA	NA	NA	NA	NA	NA
CP077603.1	NA	NA	NA	NA	NA	NA	NA	NA	NA	NA	NA
CP077633.1	NA	NA	NA	NA	NA	NA	NA	NA	NA	NA	NA
CP077634.1	ENA|CP077634|CP077634.1	46272	No terminal repeats	53	11	0.9932	NA	9	22.0717	virb4;T_virB8;T_virB9;MOBP1;T_virB2	NF012176
CP077699.1	NA	NA	NA	NA	NA	NA	NA	NA	NA	NA	NA
CP077700.1	ENA|CP077700|CP077700.1	136494	No terminal repeats	146	11	0.9950	NA	21	102.5590	G_tfc2;I_traI;I_traK;I_traL;I_traN;I_traO;I_traP;I_traQ;I_traR;traU;I_traW;I_traY;I_trbA;I_trbB;MOBP1	NA
CP077701.1	ENA|CP077701|CP077701.1	26022	No terminal repeats	38	11	0.9919	NA	11	30.2896	virb4;T_virB6;T_virB8;T_virB9;MOBC;T_virB2;T_virB3	NA
CP077818.1	NA	NA	NA	NA	NA	NA	NA	NA	NA	NA	NA
CP077819.1	ENA|CP077819|CP077819.1	88682	No terminal repeats	103	11	0.9944	NA	17	59.0902	MOBF;F_traG;F_traH;F_traF;F_traW;virb4	NA
CP077828.1	NA	NA	NA	NA	NA	NA	NA	NA	NA	NA	NA
CP077829.1	NA	NA	NA	NA	NA	NA	NA	NA	NA	NA	NA
CP077835.1	NA	NA	NA	NA	NA	NA	NA	NA	NA	NA	NA
CP077836.1	ENA|CP077836|CP077836.1	73444	No terminal repeats	101	11	0.9893	NA	15	30.8950	t4cp2;F_traL;F_traE;F_traK;F_traB;F_traV;F_traW;F_traU;F_trbC;F_trbC;F_traF;F_traH;F_traG	NA
CP077846.1	NA	NA	NA	NA	NA	NA	NA	NA	NA	NA	NA
CP077847.1	ENA|CP077847|CP077847.1	70426	No terminal repeats	96	11	0.9886	NA	15	29.8500	t4cp2;F_traL;F_traE;F_traK;F_traB;F_traV;F_traW;F_traU;F_trbC;F_trbC;F_traF;F_traH;F_traG	NA
CP077848.1	NA	NA	NA	NA	NA	NA	NA	NA	NA	NA	NA
CP077917.1	NA	NA	NA	NA	NA	NA	NA	NA	NA	NA	NA
CP077921.1	NA	NA	NA	NA	NA	NA	NA	NA	NA	NA	NA
CP077931.1	NA	NA	NA	NA	NA	NA	NA	NA	NA	NA	NA
CP077963.1	NA	NA	NA	NA	NA	NA	NA	NA	NA	NA	NA
CP077964.1	ENA|CP077964|CP077964.1	211006	No terminal repeats	246	11	0.9914	NA	22	81.6056	MOBH;t4cp1;F_traL;F_traE;F_traK;F_traB;F_traV;virb4;F_traW;F_traU;F_trbC;F_traF;F_traH;F_traG;T_virB1	NF012178;NF033144;NF000270;NF012171;NF012147
CP077965.1	ENA|CP077965|CP077965.1	32132	No terminal repeats	48	11	0.9937	NA	9	33.8899	T_virB1;T_virB2;virb4;T_virB6;T_virB8;T_virB9	NA
CP077971.1	NA	NA	NA	NA	NA	NA	NA	NA	NA	NA	NA
CP077972.1	ENA|CP077972|CP077972.1	71164	No terminal repeats	82	11	0.9892	NA	15	51.8422	MOBP1;I_traI;I_traK;I_traL;I_trbB;I_trbA;I_traY;I_traW;traU;I_traR;I_traQ;I_traP;I_traO;I_traN	NA
CP077973.1	ENA|CP077973|CP077973.1	53593	No terminal repeats	80	11	0.9871	NA	9	18.9731	MOBC;T_virB9;T_virB10;I_traV	NA
CP077974.1	ENA|CP077974|CP077974.1	52415	No terminal repeats	64	11	0.9899	NA	9	28.6939	T_virB1;T_virB3;virb4;T_virB6;T_virB8;T_virB9;I_traV;MOBP1	NA
CP077975.1	ENA|CP077975|CP077975.1	35358	No terminal repeats	43	11	0.9937	NA	3	15.3256	I_traY;MOBP1	NF012174
CP077976.1	ENA|CP077976|CP077976.1	2953	No terminal repeats	4	11	0.9959	NA	3	4.2049	NA	NA
CP078004.1	NA	NA	NA	NA	NA	NA	NA	NA	NA	NA	NA
CP078005.1	ENA|CP078005|CP078005.1	64631	No terminal repeats	85	11	0.9917	NA	9	33.6774	T_virB9;T_virB8;T_virB6;virb4;T_virB3;T_virB1;I_traV;MOBP1	NA
CP078007.1	NA	NA	NA	NA	NA	NA	NA	NA	NA	NA	NA
CP078008.1	ENA|CP078008|CP078008.1	28700	No terminal repeats	35	11	0.9931	NA	2	10.0558	NA	NF012174
CP078009.1	NA	NA	NA	NA	NA	NA	NA	NA	NA	NA	NA
CP078010.1	ENA|CP078010|CP078010.1	24350	No terminal repeats	33	11	0.9929	NA	1	9.8083	NA	NA
CP078011.1	ENA|CP078011|CP078011.1	2953	No terminal repeats	4	11	0.9959	NA	3	4.2049	NA	NA
CP078113.1	NA	NA	NA	NA	NA	NA	NA	NA	NA	NA	NA
CP078114.1	NA	NA	NA	NA	NA	NA	NA	NA	NA	NA	NA
CP078118.1	NA	NA	NA	NA	NA	NA	NA	NA	NA	NA	NA
CP078521.1	NA	NA	NA	NA	NA	NA	NA	NA	NA	NA	NA
CP078522.1	ENA|CP078522|CP078522.1	46979	No terminal repeats	64	11	0.9926	NA	4	16.2663	NA	NF040806;NF012167
CP079736.1	NA	NA	NA	NA	NA	NA	NA	NA	NA	NA	NA
CP079807.1	NA	NA	NA	NA	NA	NA	NA	NA	NA	NA	NA
CP079808.1	ENA|CP079808|CP079808.1	161754	No terminal repeats	195	11	0.9932	NA	21	69.7935	MOBH;t4cp1;F_traL;F_traE;F_traK;F_traB;F_traV;virb4;F_traW;F_traU;F_trbC;F_traF;F_traH;F_traG;T_virB1	NF000466
CP079809.1	ENA|CP079809|CP079809.1	55140	No terminal repeats	60	11	0.9945	NA	1	29.6606	NA	NF000270
CP079810.1	ENA|CP079810|CP079810.1	7753	No terminal repeats	12	11	0.9904	NA	1	2.2083	NA	NA
CP079811.1	ENA|CP079811|CP079811.1	5922	No terminal repeats	6	11	0.9961	NA	2	5.5113	MOBP1	NF040806
CP079812.1	ENA|CP079812|CP079812.1	4982	No terminal repeats	7	11	0.9940	NA	2	4.5840	MOBP1	NA
CP079813.1	NA	NA	NA	NA	NA	NA	NA	NA	NA	NA	NA
CP079814.1	NA	NA	NA	NA	NA	NA	NA	NA	NA	NA	NA
CP079815.1	NA	NA	NA	NA	NA	NA	NA	NA	NA	NA	NA
CP079816.1	NA	NA	NA	NA	NA	NA	NA	NA	NA	NA	NA
CP079817.1	NA	NA	NA	NA	NA	NA	NA	NA	NA	NA	NA
CP079882.1	NA	NA	NA	NA	NA	NA	NA	NA	NA	NA	NA
CP079883.1	NA	NA	NA	NA	NA	NA	NA	NA	NA	NA	NA
CP079922.1	NA	NA	NA	NA	NA	NA	NA	NA	NA	NA	NA
CP079923.1	NA	NA	NA	NA	NA	NA	NA	NA	NA	NA	NA
CP079941.1	NA	NA	NA	NA	NA	NA	NA	NA	NA	NA	NA
CP079944.1	NA	NA	NA	NA	NA	NA	NA	NA	NA	NA	NA
CP080172.1	NA	NA	NA	NA	NA	NA	NA	NA	NA	NA	NA
CP080173.1	ENA|CP080173|CP080173.1	169561	No terminal repeats	173	11	0.9947	NA	29	105.7623	MOBF;F_traG;F_traH;F_traF;F_traN;F_traU;F_traW;virb4;F_traV;F_traK;F_traE;F_traL	NF012174
CP080174.1	ENA|CP080174|CP080174.1	117749	No terminal repeats	129	11	0.9945	NA	19	83.5706	MOBP1;I_trbB;I_trbA;I_traY;I_traW;I_traV;traU;I_traT;I_traR;I_traQ;I_traP;I_traO;I_traN;I_traL;I_traK;I_traI;I_traE	NA
CP080175.1	ENA|CP080175|CP080175.1	111556	No terminal repeats	114	11	0.9948	NA	27	83.9271	MOBF;F_traG;F_traH;F_traF;F_traN;F_traU;F_traW;virb4;F_traV;F_traK;F_traE;F_traL	NF000493;NF012178
CP080176.1	ENA|CP080176|CP080176.1	3553	No terminal repeats	5	11	0.9942	NA	2	3.0666	NA	NA
CP080233.1	NA	NA	NA	NA	NA	NA	NA	NA	NA	NA	NA
CP080234.1	ENA|CP080234|CP080234.1	77484	No terminal repeats	88	11	0.9942	NA	13	46.0844	F_traE;F_traE	NA
CP080280.1	NA	NA	NA	NA	NA	NA	NA	NA	NA	NA	NA
CP080405.1	NA	NA	NA	NA	NA	NA	NA	NA	NA	NA	NA
CP080462.1	NA	NA	NA	NA	NA	NA	NA	NA	NA	NA	NA
CP080463.1	NA	NA	NA	NA	NA	NA	NA	NA	NA	NA	NA
CP080464.1	ENA|CP080464|CP080464.1	33998	No terminal repeats	43	11	0.9929	NA	1	10.6739	NA	NF000270
CP080465.1	NA	NA	NA	NA	NA	NA	NA	NA	NA	NA	NA
CP080466.1	NA	NA	NA	NA	NA	NA	NA	NA	NA	NA	NA
CP080550.1	NA	NA	NA	NA	NA	NA	NA	NA	NA	NA	NA
CP080562.1	NA	NA	NA	NA	NA	NA	NA	NA	NA	NA	NA
CP080563.1	ENA|CP080563|CP080563.1	25109	No terminal repeats	27	11	0.9938	NA	1	14.3583	NA	NF000025;NF033693
CP080584.1	NA	NA	NA	NA	NA	NA	NA	NA	NA	NA	NA
CP080587.1	NA	NA	NA	NA	NA	NA	NA	NA	NA	NA	NA
CP080759.1	NA	NA	NA	NA	NA	NA	NA	NA	NA	NA	NA
CP081324.1	NA	NA	NA	NA	NA	NA	NA	NA	NA	NA	NA
CP081325.1	ENA|CP081325|CP081325.1	72499	No terminal repeats	75	11	0.9937	NA	3	15.0452	NA	NF012174
CP081326.1	ENA|CP081326|CP081326.1	46154	No terminal repeats	61	11	0.9931	NA	9	25.1041	T_virB9;T_virB8;T_virB6;virb4;T_virB2;T_virB1	NF012147
CP081327.1	ENA|CP081327|CP081327.1	6477	No terminal repeats	7	11	0.9927	NA	2	4.7620	NA	NA
CP081345.1	NA	NA	NA	NA	NA	NA	NA	NA	NA	NA	NA
CP081458.1	NA	NA	NA	NA	NA	NA	NA	NA	NA	NA	NA
CP081505.1	NA	NA	NA	NA	NA	NA	NA	NA	NA	NA	NA
CP081506.1	ENA|CP081506|CP081506.1	121520	No terminal repeats	130	11	0.9933	NA	4	43.2719	FA_orf13	NF033693;NF012176
CP081858.1	NA	NA	NA	NA	NA	NA	NA	NA	NA	NA	NA
CP081859.1	ENA|CP081859|CP081859.1	11046	No terminal repeats	14	11	0.9933	NA	2	8.6927	NA	NF012171;NF012174
CP082004.1	ENA|CP082004|CP082004.1	105913	No terminal repeats	125	11	0.9951	NA	27	99.2337	MOBF;F_traG;F_traH;F_traF;F_traN;F_trbC;F_traU;F_traW;virb4;F_traV;F_traK;F_traE;F_traL	NA
CP082005.1	NA	NA	NA	NA	NA	NA	NA	NA	NA	NA	NA
CP082006.1	NA	NA	NA	NA	NA	NA	NA	NA	NA	NA	NA
CP082007.1	ENA|CP082007|CP082007.1	174262	No terminal repeats	184	11	0.9944	NA	26	106.7371	MOBF;F_traG;F_traH;F_traF;F_traN;F_trbC;F_traU;F_traW;virb4;F_traV;F_traK;F_traE;F_traL	NF000402
CP082008.1	ENA|CP082008|CP082008.1	10060	No terminal repeats	14	11	0.9944	NA	4	7.8883	MOBC	NA
CP082087.1	NA	NA	NA	NA	NA	NA	NA	NA	NA	NA	NA
CP082088.1	ENA|CP082088|CP082088.1	100023	No terminal repeats	93	11	0.9941	NA	8	41.7894	MOBF	NA
CP082089.1	ENA|CP082089|CP082089.1	59165	No terminal repeats	66	11	0.9954	NA	11	45.9394	I_trbA;I_trbB;MOBP1;I_traN;I_traO;traU;I_traV;I_traW;I_traY	NA
CP082090.1	ENA|CP082090|CP082090.1	57134	No terminal repeats	60	11	0.9949	NA	9	44.5429	T_virB1;T_virB3;virb4;T_virB5;T_virB6;T_virB8;T_virB9	NF012174
CP082120.1	NA	NA	NA	NA	NA	NA	NA	NA	NA	NA	NA
CP082121.1	ENA|CP082121|CP082121.1	109135	No terminal repeats	114	11	0.9947	NA	14	66.8103	MOBF;F_traG;F_traH	NF012178;NF012171
CP082122.1	NA	NA	NA	NA	NA	NA	NA	NA	NA	NA	NA
CP082123.1	ENA|CP082123|CP082123.1	48592	No terminal repeats	54	11	0.9950	NA	8	29.7677	MOBP1;I_trbB;I_trbA	NF033085
CP082124.1	ENA|CP082124|CP082124.1	46161	No terminal repeats	59	11	0.9935	NA	10	26.3046	T_virB8;T_virB6;virb4;T_virB2;T_virB1;T_virB9;T_virB8	NF012147
CP082125.1	ENA|CP082125|CP082125.1	4693	No terminal repeats	5	11	0.9945	NA	1	3.7395	NA	NA
CP082126.1	ENA|CP082126|CP082126.1	2088	No terminal repeats	3	11	0.9871	NA	2	1.8586	NA	NA
CP082212.1	NA	NA	NA	NA	NA	NA	NA	NA	NA	NA	NA
CP082357.1	NA	NA	NA	NA	NA	NA	NA	NA	NA	NA	NA
CP082358.1	ENA|CP082358|CP082358.1	89947	No terminal repeats	93	11	0.9955	NA	29	89.3927	F_traL;F_traE;F_traK;F_traV;virb4;F_traW;F_traU;F_traN;F_traF;F_traH;F_traG;MOBF	NA
CP082777.1	NA	NA	NA	NA	NA	NA	NA	NA	NA	NA	NA
CP082799.1	NA	NA	NA	NA	NA	NA	NA	NA	NA	NA	NA
CP082800.1	ENA|CP082800|CP082800.1	427807	No terminal repeats	467	11	0.9932	NA	29	173.1984	MOBF;F_traG;F_traH;F_traF;F_traN;F_trbC;F_traU;F_traW;virb4;F_traV;F_traK	NA
CP082801.1	NA	NA	NA	NA	NA	NA	NA	NA	NA	NA	NA
CP082802.1	NA	NA	NA	NA	NA	NA	NA	NA	NA	NA	NA
CP082803.1	NA	NA	NA	NA	NA	NA	NA	NA	NA	NA	NA
CP082804.1	NA	NA	NA	NA	NA	NA	NA	NA	NA	NA	NA
CP082820.1	NA	NA	NA	NA	NA	NA	NA	NA	NA	NA	NA
CP082856.1	NA	NA	NA	NA	NA	NA	NA	NA	NA	NA	NA
CP082924.1	NA	NA	NA	NA	NA	NA	NA	NA	NA	NA	NA
CP082925.1	NA	NA	NA	NA	NA	NA	NA	NA	NA	NA	NA
CP082929.1	NA	NA	NA	NA	NA	NA	NA	NA	NA	NA	NA
CP082930.1	ENA|CP082930|CP082930.1	165260	No terminal repeats	186	11	0.9944	NA	33	106.8498	F_traL;F_traE;F_traK;F_traV;virb4;F_traW;F_traU;F_traN;F_traF;F_traH;F_traG;MOBF	NA
CP082931.1	ENA|CP082931|CP082931.1	64841	No terminal repeats	88	11	0.9919	NA	15	39.1630	I_trbB;I_trbA;MOBP1;I_traI;I_traK;I_traL;I_traN;I_traO;I_traP;I_traQ;I_traR;traU;I_traW;I_traY	NF040806
CP082932.1	ENA|CP082932|CP082932.1	7462	No terminal repeats	7	11	0.9930	NA	1	2.5721	MOBQ	NA
CP082933.1	ENA|CP082933|CP082933.1	5716	No terminal repeats	6	11	0.9955	NA	2	6.1621	MOBQ	NA
CP082934.1	ENA|CP082934|CP082934.1	5631	No terminal repeats	6	11	0.9962	NA	4	7.2359	MOBP1	NA
CP082935.1	NA	NA	NA	NA	NA	NA	NA	NA	NA	NA	NA
CP082936.1	NA	NA	NA	NA	NA	NA	NA	NA	NA	NA	NA
CP082937.1	ENA|CP082937|CP082937.1	122148	No terminal repeats	150	11	0.9952	NA	27	117.9611	MOBF;F_traG;F_traH;F_traF;F_traN;F_trbC;F_traU;F_traW;virb4;F_traV;F_traK;F_traE;F_traL	NF012178;NF012174
CP082938.1	ENA|CP082938|CP082938.1	299755	No terminal repeats	333	11	0.9932	NA	19	113.5319	F_trbC;F_traU;F_traW;virb4;F_traV;F_traB;F_traK;F_traE;t4cp1;MOBH;F_traF;F_traH;F_traG	NA
CP083063.1	NA	NA	NA	NA	NA	NA	NA	NA	NA	NA	NA
CP083064.1	ENA|CP083064|CP083064.1	61693	No terminal repeats	81	11	0.9928	NA	15	38.4706	I_trbB;I_trbA;MOBP1;I_traI;I_traK;I_traL;I_traN;I_traO;I_traP;I_traQ;I_traR;traU;I_traW;I_traY	NF040806
CP083065.1	ENA|CP083065|CP083065.1	5251	No terminal repeats	6	11	0.9935	NA	2	3.1408	MOBP1	NA
CP083179.1	NA	NA	NA	NA	NA	NA	NA	NA	NA	NA	NA
CP083180.1	NA	NA	NA	NA	NA	NA	NA	NA	NA	NA	NA
CP083366.1	NA	NA	NA	NA	NA	NA	NA	NA	NA	NA	NA
CP083367.1	ENA|CP083367|CP083367.1	318215	No terminal repeats	410	11	0.9862	NA	4	13.6601	T_virB1	NF000153;NF040806
CP083368.1	NA	NA	NA	NA	NA	NA	NA	NA	NA	NA	NA
CP083369.1	ENA|CP083369|CP083369.1	69506	No terminal repeats	82	11	0.9913	NA	10	31.8583	T_virB9;T_virB8;T_virB6;T_virB5;virb4;T_virB3	NA
CP083473.1	NA	NA	NA	NA	NA	NA	NA	NA	NA	NA	NA
CP083474.1	NA	NA	NA	NA	NA	NA	NA	NA	NA	NA	NA
CP083475.1	ENA|CP083475|CP083475.1	42864	No terminal repeats	53	11	0.9923	NA	2	18.1889	NA	NF033115;NF033068
CP083476.1	NA	NA	NA	NA	NA	NA	NA	NA	NA	NA	NA
CP083477.1	NA	NA	NA	NA	NA	NA	NA	NA	NA	NA	NA
CP083613.1	NA	NA	NA	NA	NA	NA	NA	NA	NA	NA	NA
CP083614.1	ENA|CP083614|CP083614.1	2495	No terminal repeats	3	11	0.9954	NA	1	3.1262	NA	NA
CP083615.1	ENA|CP083615|CP083615.1	4783	No terminal repeats	7	11	0.9932	NA	2	3.1408	MOBP1	NA
CP083627.1	NA	NA	NA	NA	NA	NA	NA	NA	NA	NA	NA
CP083775.1	NA	NA	NA	NA	NA	NA	NA	NA	NA	NA	NA
CP083776.1	ENA|CP083776|CP083776.1	256803	No terminal repeats	282	11	0.9940	NA	28	144.4519	MOBF;F_traG;F_traH;F_traF;F_traN;F_trbC;F_traU;F_traW;virb4;F_traV;F_traK;F_traE;F_traL	NF000402;NF012178
CP083777.1	ENA|CP083777|CP083777.1	69339	No terminal repeats	85	11	0.9953	NA	28	78.6857	F_traL;F_traE;F_traK;F_traV;virb4;F_traW;F_traU;F_trbC;F_traN;F_traF;F_traH;F_traG;MOBF	NA
CP083778.1	NA	NA	NA	NA	NA	NA	NA	NA	NA	NA	NA
CP083779.1	ENA|CP083779|CP083779.1	5521	No terminal repeats	6	11	0.9953	NA	1	4.9121	NA	NA
CP083780.1	ENA|CP083780|CP083780.1	4740	No terminal repeats	5	11	0.9938	NA	2	3.1408	MOBP1	NA
CP083781.1	ENA|CP083781|CP083781.1	3643	No terminal repeats	6	11	0.9943	NA	1	3.7395	NA	NA
CP083782.1	ENA|CP083782|CP083782.1	3549	No terminal repeats	7	11	0.9960	NA	2	7.4904	NA	NA
CP083783.1	ENA|CP083783|CP083783.1	2892	No terminal repeats	4	11	0.9924	NA	2	2.3388	NA	NA
CP083784.1	NA	NA	NA	NA	NA	NA	NA	NA	NA	NA	NA
CP083785.1	NA	NA	NA	NA	NA	NA	NA	NA	NA	NA	NA
CP083786.1	NA	NA	NA	NA	NA	NA	NA	NA	NA	NA	NA
CP083787.1	ENA|CP083787|CP083787.1	5542	No terminal repeats	6	11	0.9909	NA	2	1.9682	MOBC	NA
CP083788.1	ENA|CP083788|CP083788.1	4616	No terminal repeats	5	11	0.9934	NA	2	3.1408	MOBP1	NA
CP083789.1	ENA|CP083789|CP083789.1	4268	No terminal repeats	4	11	0.9951	NA	1	3.6900	NA	NA
CP083814.1	NA	NA	NA	NA	NA	NA	NA	NA	NA	NA	NA
CP083849.1	NA	NA	NA	NA	NA	NA	NA	NA	NA	NA	NA
CP083850.1	ENA|CP083850|CP083850.1	283626	No terminal repeats	307	11	0.9941	NA	17	194.7892	F_traE;F_traB;F_traV;virb4;F_traW;F_traU;F_trbC;F_traH;F_traF;MOBH;t4cp1	NF000153
CP083851.1	NA	NA	NA	NA	NA	NA	NA	NA	NA	NA	NA
CP083852.1	ENA|CP083852|CP083852.1	2494	No terminal repeats	4	11	0.9942	NA	1	3.1262	NA	NA
CP083880.1	NA	NA	NA	NA	NA	NA	NA	NA	NA	NA	NA
CP083881.1	ENA|CP083881|CP083881.1	159955	No terminal repeats	174	11	0.9947	NA	29	101.7411	F_traL;F_traE;F_traK;F_traV;virb4;F_traW;F_traU;F_traN;F_traF;F_traH;F_traG;MOBF;F_traE	NF000270;NF012178;NF012147;NF000005;NF012174;NF000270;NF012178;NF012147
CP083882.1	ENA|CP083882|CP083882.1	50447	No terminal repeats	75	11	0.9941	NA	11	36.5830	T_virB1;T_virB2;virb4;T_virB6;T_virB8;T_virB9;T_virB11	NA
CP083883.1	ENA|CP083883|CP083883.1	6188	No terminal repeats	9	11	0.9938	NA	1	5.3036	NA	NF012171
CP083920.1	NA	NA	NA	NA	NA	NA	NA	NA	NA	NA	NA
CP083921.1	ENA|CP083921|CP083921.1	213279	No terminal repeats	257	11	0.9900	NA	2	57.1076	MOBP2	NF033693
CP083922.1	ENA|CP083922|CP083922.1	52056	No terminal repeats	69	11	0.9934	NA	3	24.8891	NA	NF033115
CP083923.1	NA	NA	NA	NA	NA	NA	NA	NA	NA	NA	NA
CP083924.1	NA	NA	NA	NA	NA	NA	NA	NA	NA	NA	NA
CP083925.1	NA	NA	NA	NA	NA	NA	NA	NA	NA	NA	NA
CP083926.1	NA	NA	NA	NA	NA	NA	NA	NA	NA	NA	NA
CP083927.1	ENA|CP083927|CP083927.1	2947	No terminal repeats	5	11	0.9966	NA	2	6.6500	NA	NA
CP083928.1	ENA|CP083928|CP083928.1	2857	No terminal repeats	5	11	0.9958	NA	2	4.9317	NA	NA
CP083929.1	NA	NA	NA	NA	NA	NA	NA	NA	NA	NA	NA
CP084080.1	NA	NA	NA	NA	NA	NA	NA	NA	NA	NA	NA
CP084081.1	NA	NA	NA	NA	NA	NA	NA	NA	NA	NA	NA
CP084241.1	NA	NA	NA	NA	NA	NA	NA	NA	NA	NA	NA
CP084242.1	ENA|CP084242|CP084242.1	293653	No terminal repeats	315	11	0.9941	NA	37	158.9086	T_virB1;T_virB2;virb4;T_virB6;T_virB8;T_virB9;MOBF;F_traG;F_traH;F_traF;F_traN;F_trbC;F_traU;F_traW;virb4;F_traV;F_traK;F_traE;F_traL	NF000402;NF012171;NF012174;NF000119;NF040806
CP084243.1	NA	NA	NA	NA	NA	NA	NA	NA	NA	NA	NA
CP084244.1	ENA|CP084244|CP084244.1	8801	No terminal repeats	10	11	0.9941	NA	2	6.8949	MOBC	NA
CP084297.1	NA	NA	NA	NA	NA	NA	NA	NA	NA	NA	NA
CP084298.1	ENA|CP084298|CP084298.1	162264	No terminal repeats	158	11	0.9896	NA	4	36.0391	F_traE;MOBP1;F_traE	NF040806;NF000025;NF000107;NF000272
CP084299.1	ENA|CP084299|CP084299.1	6942	No terminal repeats	10	11	0.9947	NA	1	6.0138	NA	NF012174
CP084418.1	NA	NA	NA	NA	NA	NA	NA	NA	NA	NA	NA
CP084502.1	NA	NA	NA	NA	NA	NA	NA	NA	NA	NA	NA
CP084503.1	ENA|CP084503|CP084503.1	251955	No terminal repeats	271	11	0.9942	NA	27	141.7756	MOBF;F_traG;F_traH;F_traF;F_traN;F_trbC;F_traU;F_traW;virb4;F_traV;F_traK;F_traE;F_traL	NF012174;NF012171;NF000402
CP084504.1	ENA|CP084504|CP084504.1	149924	No terminal repeats	174	11	0.9945	NA	28	117.3209	MOBF;F_traG;F_traH;F_traF;F_traN;F_trbC;F_traU;F_traW;virb4;F_traV;F_traK;F_traE;F_traL	NA
CP084505.1	ENA|CP084505|CP084505.1	4729	No terminal repeats	6	11	0.9947	NA	2	5.4699	NA	NA
CP084829.1	NA	NA	NA	NA	NA	NA	NA	NA	NA	NA	NA
CP085032.1	NA	NA	NA	NA	NA	NA	NA	NA	NA	NA	NA
CP085074.1	NA	NA	NA	NA	NA	NA	NA	NA	NA	NA	NA
CP085075.1	ENA|CP085075|CP085075.1	134984	No terminal repeats	147	11	0.9949	NA	26	88.2304	F_traL;F_traE;F_traK;F_traV;virb4;F_traW;F_traU;F_traN;F_traF;F_traH;F_traG;MOBF	NF000005;NF012147;NF000466;NF012178
CP085076.1	ENA|CP085076|CP085076.1	100217	No terminal repeats	101	11	0.9929	NA	8	42.3337	virb4;T_virB6;T_virB8;T_virB9;MOBC	NF000466;NF012147;NF000005;NF012174
CP085077.1	ENA|CP085077|CP085077.1	56811	No terminal repeats	65	11	0.9949	NA	9	40.2843	MOBP1;I_trbB;I_trbA	NF033085
CP085078.1	ENA|CP085078|CP085078.1	4071	No terminal repeats	4	11	0.9927	NA	1	1.7183	NA	NA
CP085079.1	ENA|CP085079|CP085079.1	3174	No terminal repeats	6	11	0.9947	NA	2	3.6681	NA	NA
CP085291.1	NA	NA	NA	NA	NA	NA	NA	NA	NA	NA	NA
CP085292.1	NA	NA	NA	NA	NA	NA	NA	NA	NA	NA	NA
CP085293.1	ENA|CP085293|CP085293.1	35757	No terminal repeats	43	11	0.9945	NA	4	26.3008	FATA_trsD;FATA_trsC;FATA_trsL	NF000424;NF012176
CP085320.1	NA	NA	NA	NA	NA	NA	NA	NA	NA	NA	NA
CP085321.1	ENA|CP085321|CP085321.1	29583	No terminal repeats	32	11	0.9931	NA	3	9.7415	NA	NF040806;NF012167;NF012176
CP085322.1	NA	NA	NA	NA	NA	NA	NA	NA	NA	NA	NA
CP085726.1	NA	NA	NA	NA	NA	NA	NA	NA	NA	NA	NA
CP085727.1	ENA|CP085727|CP085727.1	265587	No terminal repeats	298	11	0.9941	NA	17	179.8821	F_trbC;F_traU;F_traW;virb4;F_traV;F_traB;F_traE;t4cp1;MOBH;F_traF;F_traH	NF012174;NF000153
CP085728.1	ENA|CP085728|CP085728.1	106850	No terminal repeats	138	11	0.9924	NA	13	30.2075	F_traH;F_traF;F_trbC;F_traU;F_trbC;virb4;F_traV;F_traK;F_traL;t4cp2	NF012147
CP085748.1	NA	NA	NA	NA	NA	NA	NA	NA	NA	NA	NA
CP085749.1	NA	NA	NA	NA	NA	NA	NA	NA	NA	NA	NA
CP085750.1	ENA|CP085750|CP085750.1	2494	No terminal repeats	3	11	0.9953	NA	1	3.1262	NA	NA
CP085751.1	ENA|CP085751|CP085751.1	35058	No terminal repeats	45	11	0.9928	NA	4	23.3141	NA	NA
CP085752.1	ENA|CP085752|CP085752.1	54956	No terminal repeats	68	11	0.9928	NA	8	28.0353	T_virB10;T_virB9;MOBC	NF012147
CP085767.1	NA	NA	NA	NA	NA	NA	NA	NA	NA	NA	NA
CP085768.1	ENA|CP085768|CP085768.1	4047	No terminal repeats	4	11	0.9913	NA	2	2.9608	MOBP1	NA
CP085769.1	NA	NA	NA	NA	NA	NA	NA	NA	NA	NA	NA
CP085770.1	ENA|CP085770|CP085770.1	4921	No terminal repeats	4	11	0.9940	NA	2	3.1408	MOBP1	NA
CP085771.1	ENA|CP085771|CP085771.1	130196	No terminal repeats	152	11	0.9937	NA	8	70.9511	t4cp2;MOBF	NF012178;NF000402
CP085772.1	ENA|CP085772|CP085772.1	51836	No terminal repeats	64	11	0.9943	NA	1	29.3624	NA	NA
CP085773.1	ENA|CP085773|CP085773.1	294454	No terminal repeats	330	11	0.9940	NA	17	209.8831	F_traE;F_traB;F_traV;virb4;F_traW;F_traU;F_trbC;F_traH;F_traF;MOBH;t4cp1	NF012147
CP085774.1	NA	NA	NA	NA	NA	NA	NA	NA	NA	NA	NA
CP085775.1	ENA|CP085775|CP085775.1	4416	No terminal repeats	7	11	0.9930	NA	1	2.9924	NA	NA
CP085776.1	NA	NA	NA	NA	NA	NA	NA	NA	NA	NA	NA
CP085777.1	ENA|CP085777|CP085777.1	3861	No terminal repeats	3	11	0.9939	NA	2	2.9608	MOBP1	NA
CP085778.1	ENA|CP085778|CP085778.1	343120	No terminal repeats	379	11	0.9942	NA	19	214.1950	F_traE;F_traB;F_traV;virb4;F_traW;F_traU;F_trbC;F_traH;F_traF;MOBH;t4cp1	NF012171;NF000270
CP085779.1	ENA|CP085779|CP085779.1	55220	No terminal repeats	69	11	0.9931	NA	9	29.7409	MOBC;T_virB10;T_virB9;MOBC	NF012147
CP085780.1	NA	NA	NA	NA	NA	NA	NA	NA	NA	NA	NA
CP085781.1	ENA|CP085781|CP085781.1	107928	No terminal repeats	120	11	0.9948	NA	19	84.9727	MOBP1;I_trbB;I_trbA;I_traY;I_traW;I_traV;traU;I_traT;I_traR;I_traQ;I_traP;I_traO;I_traN;I_traL;I_traK;I_traI;I_traE	NF033085
CP085782.1	ENA|CP085782|CP085782.1	2495	No terminal repeats	3	11	0.9953	NA	1	3.1262	NA	NA
CP085783.1	ENA|CP085783|CP085783.1	134366	No terminal repeats	138	11	0.9945	NA	16	90.2652	F_traB;F_traV;virb4;F_traW;F_traU;F_traN;F_traF;F_traH;F_traG;t4cp2;MOBF	NF000402;NF012171
CP085784.1	NA	NA	NA	NA	NA	NA	NA	NA	NA	NA	NA
CP085803.1	NA	NA	NA	NA	NA	NA	NA	NA	NA	NA	NA
CP085805.1	NA	NA	NA	NA	NA	NA	NA	NA	NA	NA	NA
CP085809.1	NA	NA	NA	NA	NA	NA	NA	NA	NA	NA	NA
CP085824.1	NA	NA	NA	NA	NA	NA	NA	NA	NA	NA	NA
CP085894.1	NA	NA	NA	NA	NA	NA	NA	NA	NA	NA	NA
CP085895.1	ENA|CP085895|CP085895.1	224636	No terminal repeats	247	11	0.9901	NA	3	77.0461	MOBP2;MOBP2	NF033693
CP085896.1	ENA|CP085896|CP085896.1	134168	No terminal repeats	168	11	0.9902	NA	3	21.2525	NA	NF033115;NF033068
CP085897.1	ENA|CP085897|CP085897.1	63475	No terminal repeats	76	11	0.9917	NA	3	21.5146	T_virB11;MOBP2	NA
CP085898.1	NA	NA	NA	NA	NA	NA	NA	NA	NA	NA	NA
CP085899.1	NA	NA	NA	NA	NA	NA	NA	NA	NA	NA	NA
CP085900.1	ENA|CP085900|CP085900.1	6326	No terminal repeats	10	11	0.9950	NA	1	8.0310	NA	NA
CP085901.1	ENA|CP085901|CP085901.1	6175	No terminal repeats	8	11	0.9956	NA	1	9.3098	NA	NA
CP085902.1	ENA|CP085902|CP085902.1	5275	No terminal repeats	8	11	0.9857	NA	1	1.6104	NA	NA
CP085903.1	NA	NA	NA	NA	NA	NA	NA	NA	NA	NA	NA
CP085904.1	NA	NA	NA	NA	NA	NA	NA	NA	NA	NA	NA
CP085905.1	NA	NA	NA	NA	NA	NA	NA	NA	NA	NA	NA
CP085906.1	NA	NA	NA	NA	NA	NA	NA	NA	NA	NA	NA
CP085907.1	ENA|CP085907|CP085907.1	224638	No terminal repeats	248	11	0.9902	NA	3	76.5104	MOBP2;MOBP2	NF033693
CP085908.1	ENA|CP085908|CP085908.1	134985	No terminal repeats	169	11	0.9906	NA	3	21.7882	NA	NF033115;NF033068
CP085909.1	ENA|CP085909|CP085909.1	63475	No terminal repeats	77	11	0.9911	NA	3	21.5146	MOBP2;T_virB11	NA
CP085910.1	NA	NA	NA	NA	NA	NA	NA	NA	NA	NA	NA
CP085911.1	NA	NA	NA	NA	NA	NA	NA	NA	NA	NA	NA
CP085912.1	ENA|CP085912|CP085912.1	6326	No terminal repeats	10	11	0.9950	NA	1	8.0310	NA	NA
CP085913.1	ENA|CP085913|CP085913.1	6175	No terminal repeats	8	11	0.9956	NA	1	9.3098	NA	NA
CP085914.1	ENA|CP085914|CP085914.1	5275	No terminal repeats	9	11	0.9857	NA	1	1.6104	NA	NA
CP085915.1	NA	NA	NA	NA	NA	NA	NA	NA	NA	NA	NA
CP085916.1	NA	NA	NA	NA	NA	NA	NA	NA	NA	NA	NA
CP085917.1	NA	NA	NA	NA	NA	NA	NA	NA	NA	NA	NA
CP085923.1	NA	NA	NA	NA	NA	NA	NA	NA	NA	NA	NA
CP085924.1	ENA|CP085924|CP085924.1	8108	No terminal repeats	9	11	0.9936	NA	3	3.9598	MOBP1	NA
CP085947.1	NA	NA	NA	NA	NA	NA	NA	NA	NA	NA	NA
CP085948.1	ENA|CP085948|CP085948.1	10031	No terminal repeats	11	11	0.9892	NA	2	3.3035	MOBP1	NA
CP085949.1	NA	NA	NA	NA	NA	NA	NA	NA	NA	NA	NA
CP085950.1	ENA|CP085950|CP085950.1	5457	No terminal repeats	7	11	0.9951	NA	1	6.2104	NA	NA
CP085951.1	NA	NA	NA	NA	NA	NA	NA	NA	NA	NA	NA
CP085952.1	NA	NA	NA	NA	NA	NA	NA	NA	NA	NA	NA
CP086129.1	NA	NA	NA	NA	NA	NA	NA	NA	NA	NA	NA
CP086130.1	NA	NA	NA	NA	NA	NA	NA	NA	NA	NA	NA
CP086159.1	NA	NA	NA	NA	NA	NA	NA	NA	NA	NA	NA
CP086161.1	NA	NA	NA	NA	NA	NA	NA	NA	NA	NA	NA
CP086162.1	NA	NA	NA	NA	NA	NA	NA	NA	NA	NA	NA
CP086165.1	NA	NA	NA	NA	NA	NA	NA	NA	NA	NA	NA
CP086171.1	NA	NA	NA	NA	NA	NA	NA	NA	NA	NA	NA
CP086203.1	NA	NA	NA	NA	NA	NA	NA	NA	NA	NA	NA
CP086215.1	NA	NA	NA	NA	NA	NA	NA	NA	NA	NA	NA
CP086287.1	NA	NA	NA	NA	NA	NA	NA	NA	NA	NA	NA
CP086288.1	ENA|CP086288|CP086288.1	115489	No terminal repeats	121	11	0.9922	NA	1	24.6836	NA	NF012178;NF033144;NF000270
CP086289.1	ENA|CP086289|CP086289.1	46161	No terminal repeats	58	11	0.9938	NA	9	25.1041	T_virB1;T_virB2;virb4;T_virB6;T_virB8;T_virB9	NF012147
CP086290.1	NA	NA	NA	NA	NA	NA	NA	NA	NA	NA	NA
CP086387.1	ENA|CP086387|CP086387.1	107575	No terminal repeats	116	11	0.9921	NA	5	15.6860	MOBH	NA
CP086388.1	NA	NA	NA	NA	NA	NA	NA	NA	NA	NA	NA
CP086389.1	ENA|CP086389|CP086389.1	142329	No terminal repeats	156	11	0.9943	NA	11	101.1347	F_traE;F_traB;F_traV;virb4;F_traW;F_traU;F_trbC	NF012174;NF012147
CP086390.1	NA	NA	NA	NA	NA	NA	NA	NA	NA	NA	NA
CP086391.1	NA	NA	NA	NA	NA	NA	NA	NA	NA	NA	NA
CP086392.1	ENA|CP086392|CP086392.1	65126	No terminal repeats	78	11	0.9937	NA	9	36.5812	MOBP1;T_virB2;virb4;T_virB6;T_virB8;T_virB9	NA
CP086411.1	NA	NA	NA	NA	NA	NA	NA	NA	NA	NA	NA
CP086560.1	NA	NA	NA	NA	NA	NA	NA	NA	NA	NA	NA
CP086561.1	NA	NA	NA	NA	NA	NA	NA	NA	NA	NA	NA
CP086562.1	ENA|CP086562|CP086562.1	33086	No terminal repeats	45	11	0.9930	NA	2	17.4824	MOBP2	NF012176
CP086563.1	NA	NA	NA	NA	NA	NA	NA	NA	NA	NA	NA
CP086564.1	NA	NA	NA	NA	NA	NA	NA	NA	NA	NA	NA
CP086565.1	ENA|CP086565|CP086565.1	48549	No terminal repeats	55	11	0.9925	NA	3	12.3583	FATA_prgIc;FATA_prgL	NA
CP086623.1	NA	NA	NA	NA	NA	NA	NA	NA	NA	NA	NA
CP086726.1	NA	NA	NA	NA	NA	NA	NA	NA	NA	NA	NA
CP086760.1	NA	NA	NA	NA	NA	NA	NA	NA	NA	NA	NA
CP086761.1	NA	NA	NA	NA	NA	NA	NA	NA	NA	NA	NA
CP086762.1	ENA|CP086762|CP086762.1	296148	No terminal repeats	324	11	0.9934	NA	19	112.5300	F_traE;T_virB1;T_virB9;T_virB8;T_virB6;virb4;T_virB2;T_virB1;F_traE	NF000402;NF012147;NF000005;NF012147;NF012171
CP086763.1	NA	NA	NA	NA	NA	NA	NA	NA	NA	NA	NA
CP087146.1	NA	NA	NA	NA	NA	NA	NA	NA	NA	NA	NA
CP087147.1	ENA|CP087147|CP087147.1	197415	No terminal repeats	220	11	0.9938	NA	5	67.6379	F_traE	NF033134
CP087148.1	ENA|CP087148|CP087148.1	133129	No terminal repeats	163	11	0.9947	NA	16	99.5851	F_traL;F_traE	NF000466;NF000402
CP087149.1	ENA|CP087149|CP087149.1	87095	No terminal repeats	104	11	0.9940	NA	18	57.9135	MOBP1;I_traI;I_traK;I_traL;I_traN;I_traO;I_traP;I_traQ;I_traR;traU;I_traW;I_traY;I_trbA;I_trbB	NF012174
CP087150.1	ENA|CP087150|CP087150.1	11970	No terminal repeats	14	11	0.9936	NA	4	7.8883	MOBC	NA
CP087294.1	NA	NA	NA	NA	NA	NA	NA	NA	NA	NA	NA
CP087295.1	ENA|CP087295|CP087295.1	138857	No terminal repeats	138	11	0.9948	NA	29	84.9880	MOBF;F_traG;F_traH;F_traF;F_traN;F_traU;F_traW;virb4;F_traV;F_traK;F_traE;F_traL	NA
CP087296.1	ENA|CP087296|CP087296.1	6810	No terminal repeats	7	11	0.9955	NA	2	7.8859	NA	NA
CP087297.1	ENA|CP087297|CP087297.1	4630	No terminal repeats	6	11	0.9934	NA	1	2.3116	NA	NA
CP087298.1	NA	NA	NA	NA	NA	NA	NA	NA	NA	NA	NA
CP087299.1	ENA|CP087299|CP087299.1	83611	No terminal repeats	116	11	0.9895	NA	17	35.5852	F_traK;F_traE;F_traL;t4cp2;F_traG;F_traH;F_traF;F_trbC;F_trbC;F_traU;F_traW;F_traV;F_traB;F_traK	NF000153;NF012174;NF012171
CP087340.1	NA	NA	NA	NA	NA	NA	NA	NA	NA	NA	NA
CP087341.1	NA	NA	NA	NA	NA	NA	NA	NA	NA	NA	NA
CP087342.1	NA	NA	NA	NA	NA	NA	NA	NA	NA	NA	NA
CP087343.1	ENA|CP087343|CP087343.1	5460	No terminal repeats	9	11	0.9955	NA	2	10.0808	MOBQ	NA
CP087543.1	NA	NA	NA	NA	NA	NA	NA	NA	NA	NA	NA
CP087544.1	ENA|CP087544|CP087544.1	4188	No terminal repeats	6	11	0.9934	NA	2	4.5840	MOBP1	NA
CP087545.1	NA	NA	NA	NA	NA	NA	NA	NA	NA	NA	NA
CP087546.1	ENA|CP087546|CP087546.1	2652	No terminal repeats	4	11	0.9938	NA	2	3.2077	MOBQ	NA
CP087547.1	NA	NA	NA	NA	NA	NA	NA	NA	NA	NA	NA
CP087558.1	NA	NA	NA	NA	NA	NA	NA	NA	NA	NA	NA
CP087645.1	NA	NA	NA	NA	NA	NA	NA	NA	NA	NA	NA
CP087646.1	ENA|CP087646|CP087646.1	273290	No terminal repeats	304	11	0.9938	NA	27	128.6035	MOBF;F_traG;F_traH;F_traF;F_traN;F_trbC;F_traU;F_traW;virb4;F_traV;F_traK;F_traE;F_traL	NF000402;NF012171;NF012174
CP087647.1	ENA|CP087647|CP087647.1	182556	No terminal repeats	229	11	0.9950	NA	39	157.3228	F_traL;F_traE;F_traK;F_traV;virb4;F_traW;F_traU;F_trbC;F_traN;F_traF;F_traH;F_traG;MOBF;F_traL;F_traE	NF000496;NF000466
CP087648.1	NA	NA	NA	NA	NA	NA	NA	NA	NA	NA	NA
CP087649.1	ENA|CP087649|CP087649.1	10061	No terminal repeats	14	11	0.9936	NA	4	9.0611	MOBC	NA
CP087650.1	ENA|CP087650|CP087650.1	5596	No terminal repeats	9	11	0.9924	NA	2	4.5972	MOBP1	NA
CP088126.1	NA	NA	NA	NA	NA	NA	NA	NA	NA	NA	NA
CP088127.1	ENA|CP088127|CP088127.1	83070	No terminal repeats	94	11	0.9935	NA	2	27.3333	NA	NF012171;NF033144;NF012178;NF012174
CP088128.1	ENA|CP088128|CP088128.1	72637	No terminal repeats	87	11	0.9946	NA	18	56.6727	MOBP1;I_traI;I_traK;I_traL;I_traN;I_traO;I_traP;I_traQ;I_traR;traU;I_traW;I_traY;I_trbA;I_trbB	NA
CP088129.1	ENA|CP088129|CP088129.1	186040	No terminal repeats	191	11	0.9933	NA	5	72.2280	NA	NF000402;NF012174
CP088130.1	ENA|CP088130|CP088130.1	100928	No terminal repeats	122	11	0.9951	NA	27	101.0803	F_traL;F_traE;F_traK;F_traV;virb4;F_traW;F_traU;F_trbC;F_traN;F_traF;F_traH;F_traG;MOBF	NF033085;NF033085
CP088134.1	NA	NA	NA	NA	NA	NA	NA	NA	NA	NA	NA
CP088135.1	ENA|CP088135|CP088135.1	49556	No terminal repeats	58	11	0.9944	NA	8	30.7652	MOBF;F_traG	NA
CP088198.1	NA	NA	NA	NA	NA	NA	NA	NA	NA	NA	NA
CP088199.1	ENA|CP088199|CP088199.1	59610	No terminal repeats	68	11	0.9931	NA	2	19.9877	NA	NF012176;NF012176
CP088200.1	NA	NA	NA	NA	NA	NA	NA	NA	NA	NA	NA
CP088201.1	ENA|CP088201|CP088201.1	49180	No terminal repeats	58	11	0.9944	NA	6	26.2481	MOBV	NF033068;NF012176
CP088202.1	ENA|CP088202|CP088202.1	33618	No terminal repeats	37	11	0.9951	NA	5	25.6154	FATA_trsL;FATA_trsF;FATA_trsD;FATA_trsC	NF000424;NF012176
CP088221.1	NA	NA	NA	NA	NA	NA	NA	NA	NA	NA	NA
CP088222.1	ENA|CP088222|CP088222.1	2494	No terminal repeats	3	11	0.9953	NA	1	3.1262	NA	NA
CP088223.1	ENA|CP088223|CP088223.1	277693	No terminal repeats	306	11	0.9942	NA	17	196.1710	F_traE;F_traB;F_traV;virb4;F_traW;F_traU;F_trbC;F_traH;F_traF;MOBH;t4cp1	NF000153
CP088224.1	NA	NA	NA	NA	NA	NA	NA	NA	NA	NA	NA
CP088225.1	ENA|CP088225|CP088225.1	4934	No terminal repeats	4	11	0.9938	NA	2	3.1408	MOBP1	NA
CP088226.1	ENA|CP088226|CP088226.1	53378	No terminal repeats	68	11	0.9937	NA	9	22.9003	T_virB1;T_virB2;virb4;T_virB6;T_virB8;T_virB9	NF012147;NF000005
CP088227.1	ENA|CP088227|CP088227.1	60274	No terminal repeats	82	11	0.9874	NA	10	34.5396	G_tfc2;T_virB9;T_virB8;T_virB6;T_virB5;virb4;T_virB1;t4cp2	NA
CP088228.1	ENA|CP088228|CP088228.1	64293	No terminal repeats	74	11	0.9944	NA	5	39.9672	NA	NA
CP089021.1	NA	NA	NA	NA	NA	NA	NA	NA	NA	NA	NA
CP089022.1	ENA|CP089022|CP089022.1	97945	No terminal repeats	117	11	0.9945	NA	24	76.9114	F_traL;F_traE;F_traK;F_traB;F_traV;F_traW;F_traU;F_traN;F_traF;F_traH;F_traG;t4cp2;MOBF	NA
CP089023.1	ENA|CP089023|CP089023.1	227890	No terminal repeats	247	11	0.9939	NA	5	79.1762	F_traE	NF000402;NF033134
CP089061.2	NA	NA	NA	NA	NA	NA	NA	NA	NA	NA	NA
CP089148.1	NA	NA	NA	NA	NA	NA	NA	NA	NA	NA	NA
CP089149.1	NA	NA	NA	NA	NA	NA	NA	NA	NA	NA	NA
CP089150.1	ENA|CP089150|CP089150.1	26601	No terminal repeats	36	11	0.9867	NA	1	4.6169	FA_orf13	NA
CP089151.1	ENA|CP089151|CP089151.1	8494	No terminal repeats	9	11	0.9946	NA	2	5.8337	NA	NA
CP089152.1	ENA|CP089152|CP089152.1	7948	No terminal repeats	12	11	0.9936	NA	2	5.8689	NA	NA
CP089153.1	NA	NA	NA	NA	NA	NA	NA	NA	NA	NA	NA
CP089165.1	NA	NA	NA	NA	NA	NA	NA	NA	NA	NA	NA
CP089166.1	ENA|CP089166|CP089166.1	28953	No terminal repeats	33	11	0.9935	NA	1	10.2348	NA	NF033068;NF012167;NF040806
CP089167.1	NA	NA	NA	NA	NA	NA	NA	NA	NA	NA	NA
CP089168.1	NA	NA	NA	NA	NA	NA	NA	NA	NA	NA	NA
CP089170.1	NA	NA	NA	NA	NA	NA	NA	NA	NA	NA	NA
CP089171.1	NA	NA	NA	NA	NA	NA	NA	NA	NA	NA	NA
CP089172.1	NA	NA	NA	NA	NA	NA	NA	NA	NA	NA	NA
CP089173.1	NA	NA	NA	NA	NA	NA	NA	NA	NA	NA	NA
CP089174.1	NA	NA	NA	NA	NA	NA	NA	NA	NA	NA	NA
CP089175.1	NA	NA	NA	NA	NA	NA	NA	NA	NA	NA	NA
CP089176.1	NA	NA	NA	NA	NA	NA	NA	NA	NA	NA	NA
CP089177.1	NA	NA	NA	NA	NA	NA	NA	NA	NA	NA	NA
CP089178.1	NA	NA	NA	NA	NA	NA	NA	NA	NA	NA	NA
CP089180.1	NA	NA	NA	NA	NA	NA	NA	NA	NA	NA	NA
CP089182.1	NA	NA	NA	NA	NA	NA	NA	NA	NA	NA	NA
CP089183.1	NA	NA	NA	NA	NA	NA	NA	NA	NA	NA	NA
CP089185.1	NA	NA	NA	NA	NA	NA	NA	NA	NA	NA	NA
CP089186.1	NA	NA	NA	NA	NA	NA	NA	NA	NA	NA	NA
CP089187.1	NA	NA	NA	NA	NA	NA	NA	NA	NA	NA	NA
CP089188.1	NA	NA	NA	NA	NA	NA	NA	NA	NA	NA	NA
CP089189.1	NA	NA	NA	NA	NA	NA	NA	NA	NA	NA	NA
CP089190.1	NA	NA	NA	NA	NA	NA	NA	NA	NA	NA	NA
CP089191.1	NA	NA	NA	NA	NA	NA	NA	NA	NA	NA	NA
CP089194.1	NA	NA	NA	NA	NA	NA	NA	NA	NA	NA	NA
CP089195.1	NA	NA	NA	NA	NA	NA	NA	NA	NA	NA	NA
CP089196.1	NA	NA	NA	NA	NA	NA	NA	NA	NA	NA	NA
CP089198.1	NA	NA	NA	NA	NA	NA	NA	NA	NA	NA	NA
CP089283.1	NA	NA	NA	NA	NA	NA	NA	NA	NA	NA	NA
CP089317.1	NA	NA	NA	NA	NA	NA	NA	NA	NA	NA	NA
CP089318.1	ENA|CP089318|CP089318.1	38572	No terminal repeats	80	11	0.9923	NA	12	33.1939	T_virB1;T_virB2;virb4;virb4;T_virB6;T_virB8;T_virB8;T_virB9;T_virB11	NA
CP089506.1	NA	NA	NA	NA	NA	NA	NA	NA	NA	NA	NA
CP089592.1	NA	NA	NA	NA	NA	NA	NA	NA	NA	NA	NA
CP089771.1	NA	NA	NA	NA	NA	NA	NA	NA	NA	NA	NA
CP089794.1	NA	NA	NA	NA	NA	NA	NA	NA	NA	NA	NA
CP089874.1	NA	NA	NA	NA	NA	NA	NA	NA	NA	NA	NA
CP089875.1	ENA|CP089875|CP089875.1	186670	No terminal repeats	191	11	0.9927	NA	4	48.8609	NA	NF012171;NF000402
CP089876.1	ENA|CP089876|CP089876.1	110438	No terminal repeats	140	11	0.9950	NA	29	115.8952	F_traH;F_traG;MOBF;F_traL;F_traE;F_traK;F_traV;virb4;F_traW;F_traU;F_trbC;F_traN;F_traF	NF012171
CP089930.1	NA	NA	NA	NA	NA	NA	NA	NA	NA	NA	NA
CP089948.1	NA	NA	NA	NA	NA	NA	NA	NA	NA	NA	NA
CP089949.1	NA	NA	NA	NA	NA	NA	NA	NA	NA	NA	NA
CP089959.1	NA	NA	NA	NA	NA	NA	NA	NA	NA	NA	NA
CP089960.1	ENA|CP089960|CP089960.1	298594	No terminal repeats	318	11	0.9933	NA	19	109.3834	t4cp1;MOBH;F_traF;F_traH;F_traG;F_trbC;F_traU;F_traW;virb4;F_traV;F_traB;F_traK;F_traE	NF012171
CP089961.1	ENA|CP089961|CP089961.1	219770	No terminal repeats	229	11	0.9942	NA	24	110.8330	MOBF;F_traG;F_traH;F_traF;F_traN;F_trbC;F_traU;F_traW;virb4;F_traV;F_traK;F_traE;F_traL	NF000402
CP089986.1	NA	NA	NA	NA	NA	NA	NA	NA	NA	NA	NA
CP089987.1	ENA|CP089987|CP089987.1	46162	No terminal repeats	58	11	0.9938	NA	9	25.1041	T_virB1;T_virB2;virb4;T_virB6;T_virB8;T_virB9	NF012147
CP089988.1	NA	NA	NA	NA	NA	NA	NA	NA	NA	NA	NA
CP090001.1	NA	NA	NA	NA	NA	NA	NA	NA	NA	NA	NA
CP090002.1	NA	NA	NA	NA	NA	NA	NA	NA	NA	NA	NA
CP090028.1	NA	NA	NA	NA	NA	NA	NA	NA	NA	NA	NA
CP090137.1	NA	NA	NA	NA	NA	NA	NA	NA	NA	NA	NA
CP090138.1	ENA|CP090138|CP090138.1	300750	No terminal repeats	335	11	0.9943	NA	19	214.0981	F_traE;F_traB;F_traV;virb4;F_traW;F_traU;F_trbC;MOBP1;t4cp1;MOBH;F_traF;F_traH	NF033144;NF000119;NF012174;NF012171
CP090139.1	ENA|CP090139|CP090139.1	53329	No terminal repeats	68	11	0.9907	NA	12	27.5422	I_trbB;I_trbA;I_traK;I_traL;I_traN;I_traO;I_traP;I_traQ;I_traR;traU;I_traW;I_traY	NF040806
CP090140.1	ENA|CP090140|CP090140.1	6727	No terminal repeats	6	11	0.9949	NA	2	3.9045	MOBP1	NA
CP090182.1	NA	NA	NA	NA	NA	NA	NA	NA	NA	NA	NA
CP090183.1	ENA|CP090183|CP090183.1	11179	No terminal repeats	18	11	0.9934	NA	1	7.0816	MOBQ	NA
CP090244.1	NA	NA	NA	NA	NA	NA	NA	NA	NA	NA	NA
CP090348.1	NA	NA	NA	NA	NA	NA	NA	NA	NA	NA	NA
CP090386.1	NA	NA	NA	NA	NA	NA	NA	NA	NA	NA	NA
CP090387.1	NA	NA	NA	NA	NA	NA	NA	NA	NA	NA	NA
CP090388.1	ENA|CP090388|CP090388.1	48351	No terminal repeats	71	11	0.9915	NA	11	22.6299	MOBP1;T_virB9;T_virB9;T_virB8;T_virB6;virb4	NA
CP090399.1	NA	NA	NA	NA	NA	NA	NA	NA	NA	NA	NA
CP090400.1	NA	NA	NA	NA	NA	NA	NA	NA	NA	NA	NA
CP090535.1	NA	NA	NA	NA	NA	NA	NA	NA	NA	NA	NA
CP090536.1	ENA|CP090536|CP090536.1	170071	No terminal repeats	176	11	0.9938	NA	11	108.5017	F_traE;F_traB;F_traV;virb4;F_traW;F_traU;F_trbC	NF033144;NF000270;NF000107;NF000027
CP090537.1	ENA|CP090537|CP090537.1	4074	No terminal repeats	3	11	0.9913	NA	1	1.7183	NA	NA
CP090538.1	ENA|CP090538|CP090538.1	90380	No terminal repeats	96	11	0.9954	NA	19	69.1476	I_traQ;I_traR;I_traT;traU;I_traV;I_traW;I_traY;I_trbA;I_trbB;MOBP1;I_traE;I_traI;I_traK;I_traL;I_traN;I_traO;I_traP	NA
CP090607.1	NA	NA	NA	NA	NA	NA	NA	NA	NA	NA	NA
CP090649.1	NA	NA	NA	NA	NA	NA	NA	NA	NA	NA	NA
CP090650.1	ENA|CP090650|CP090650.1	475129	No terminal repeats	555	11	0.9849	NA	4	27.5808	T_virB1	NF033144;NF000270;NF012147
CP090651.1	ENA|CP090651|CP090651.1	47543	No terminal repeats	70	11	0.9870	NA	9	18.9096	T_virB9;MOBC;I_traV	NA
CP090792.1	NA	NA	NA	NA	NA	NA	NA	NA	NA	NA	NA
CP090793.1	NA	NA	NA	NA	NA	NA	NA	NA	NA	NA	NA
CP090794.1	ENA|CP090794|CP090794.1	54915	No terminal repeats	67	11	0.9868	NA	10	27.9150	t4cp2;G_tfc2;T_virB9;T_virB8;T_virB6;T_virB5;virb4;T_virB1	NA
CP090795.1	ENA|CP090795|CP090795.1	42568	No terminal repeats	53	11	0.9941	NA	9	38.2689	T_virB3;virb4;T_virB5;T_virB6;T_virB8;T_virB9	NF012147
CP090796.1	NA	NA	NA	NA	NA	NA	NA	NA	NA	NA	NA
CP090797.1	ENA|CP090797|CP090797.1	41269	No terminal repeats	53	11	0.9946	NA	9	38.2689	T_virB9;T_virB8;T_virB6;T_virB5;virb4;T_virB3	NF012147
CP090798.1	ENA|CP090798|CP090798.1	35530	No terminal repeats	43	11	0.9911	NA	6	20.7668	T_virB9;MOBC	NA
CP090799.1	NA	NA	NA	NA	NA	NA	NA	NA	NA	NA	NA
CP090881.1	NA	NA	NA	NA	NA	NA	NA	NA	NA	NA	NA
CP090882.1	NA	NA	NA	NA	NA	NA	NA	NA	NA	NA	NA
CP090884.1	NA	NA	NA	NA	NA	NA	NA	NA	NA	NA	NA
CP090885.1	NA	NA	NA	NA	NA	NA	NA	NA	NA	NA	NA
CP090886.1	NA	NA	NA	NA	NA	NA	NA	NA	NA	NA	NA
CP090887.1	NA	NA	NA	NA	NA	NA	NA	NA	NA	NA	NA
CP090888.1	NA	NA	NA	NA	NA	NA	NA	NA	NA	NA	NA
CP090908.1	NA	NA	NA	NA	NA	NA	NA	NA	NA	NA	NA
CP090931.1	NA	NA	NA	NA	NA	NA	NA	NA	NA	NA	NA
CP090932.1	ENA|CP090932|CP090932.1	266289	No terminal repeats	276	11	0.9930	NA	18	110.6506	F_trbC;F_traU;F_traW;virb4;F_traV;F_traB;F_traK;F_traE;t4cp1;MOBH;F_traF;F_traH;F_traG	NF000270;NF033144;NF000466;NF012178
CP090933.1	ENA|CP090933|CP090933.1	66743	No terminal repeats	82	11	0.9944	NA	19	53.8936	traU;I_traW;I_traY;I_trbA;I_trbB;MOBP1;I_traI;I_traK;I_traL;I_traN;I_traO;I_traP;I_traQ;I_traR;traU	NF012171
CP090934.1	ENA|CP090934|CP090934.1	47288	No terminal repeats	66	11	0.9930	NA	10	31.8190	T_virB9;T_virB8;T_virB6;virb4;T_virB2;T_virB1	NA
CP090935.1	ENA|CP090935|CP090935.1	34269	No terminal repeats	39	11	0.9939	NA	1	14.3531	NA	NA
CP090936.1	ENA|CP090936|CP090936.1	33041	No terminal repeats	36	11	0.9938	NA	1	11.2975	NA	NA
CP090937.1	NA	NA	NA	NA	NA	NA	NA	NA	NA	NA	NA
CP090938.1	ENA|CP090938|CP090938.1	9294	No terminal repeats	12	11	0.9952	NA	3	9.1824	MOBC	NA
CP090939.1	NA	NA	NA	NA	NA	NA	NA	NA	NA	NA	NA
CP091018.1	NA	NA	NA	NA	NA	NA	NA	NA	NA	NA	NA
CP091019.1	ENA|CP091019|CP091019.1	33842	No terminal repeats	47	11	0.9936	NA	5	22.9213	NA	NA
CP091044.1	NA	NA	NA	NA	NA	NA	NA	NA	NA	NA	NA
CP091045.1	ENA|CP091045|CP091045.1	63171	No terminal repeats	79	11	0.9957	NA	29	74.1252	F_traL;F_traE;F_traK;F_traB;F_traB;F_traV;virb4;F_traW;F_traU;F_traN;F_traF;F_traH;F_traG;MOBF	NA
CP091046.1	ENA|CP091046|CP091046.1	79133	No terminal repeats	100	11	0.9949	NA	21	62.1825	F_traL;F_traE;F_traK;F_traV;virb4;F_traW;F_traU	NA
CP091047.1	ENA|CP091047|CP091047.1	82263	No terminal repeats	98	11	0.9952	NA	26	70.4220	F_traL;F_traE;F_traK;F_traV;virb4;F_traW;F_traU;F_traN;F_traF;F_traH;F_traG;t4cp2;MOBF	NF012171;NF012174;NF012171
CP091122.1	NA	NA	NA	NA	NA	NA	NA	NA	NA	NA	NA
CP091172.1	NA	NA	NA	NA	NA	NA	NA	NA	NA	NA	NA
CP091197.1	ENA|CP091197|CP091197.1	90994	No terminal repeats	97	11	0.9918	NA	2	15.1095	NA	NA
CP091198.1	NA	NA	NA	NA	NA	NA	NA	NA	NA	NA	NA
CP091199.1	ENA|CP091199|CP091199.1	41202	No terminal repeats	55	11	0.9934	NA	1	6.6235	NA	NA
CP091200.1	ENA|CP091200|CP091200.1	35753	No terminal repeats	49	11	0.9924	NA	1	12.9692	NA	NF033068
CP091210.1	NA	NA	NA	NA	NA	NA	NA	NA	NA	NA	NA
CP091211.1	NA	NA	NA	NA	NA	NA	NA	NA	NA	NA	NA
CP091212.1	ENA|CP091212|CP091212.1	28214	No terminal repeats	31	11	0.9949	NA	2	10.7948	MOBV	NF012176;NF012176
CP091213.1	NA	NA	NA	NA	NA	NA	NA	NA	NA	NA	NA
CP091214.1	ENA|CP091214|CP091214.1	174882	No terminal repeats	184	11	0.9921	NA	4	54.2921	MOBP2	NF033068
CP091215.1	NA	NA	NA	NA	NA	NA	NA	NA	NA	NA	NA
CP091216.1	ENA|CP091216|CP091216.1	27383	No terminal repeats	30	11	0.9949	NA	2	10.2591	MOBV	NF012176;NF012176
CP091217.1	NA	NA	NA	NA	NA	NA	NA	NA	NA	NA	NA
CP091218.1	ENA|CP091218|CP091218.1	182818	No terminal repeats	190	11	0.9910	NA	5	50.5933	MOBP2	NF012176
CP091219.1	ENA|CP091219|CP091219.1	21430	No terminal repeats	28	11	0.9945	NA	1	11.0628	NA	NF012176
CP091220.1	NA	NA	NA	NA	NA	NA	NA	NA	NA	NA	NA
CP091221.1	NA	NA	NA	NA	NA	NA	NA	NA	NA	NA	NA
CP091222.1	ENA|CP091222|CP091222.1	174795	No terminal repeats	202	11	0.9918	NA	2	53.9317	MOBP2	NF033693;NF033068
CP091223.1	ENA|CP091223|CP091223.1	21849	No terminal repeats	25	11	0.9950	NA	2	8.3365	MOBV	NF012176
CP091224.1	NA	NA	NA	NA	NA	NA	NA	NA	NA	NA	NA
CP091225.1	ENA|CP091225|CP091225.1	23596	No terminal repeats	32	11	0.9930	NA	1	8.0111	NA	NF012176
CP091226.1	ENA|CP091226|CP091226.1	20845	No terminal repeats	25	11	0.9946	NA	3	8.1875	NA	NF012176
CP091227.1	NA	NA	NA	NA	NA	NA	NA	NA	NA	NA	NA
CP091228.1	ENA|CP091228|CP091228.1	101904	No terminal repeats	121	11	0.9918	NA	2	37.1119	NA	NF012176;NF033068;NF033693
CP091229.1	NA	NA	NA	NA	NA	NA	NA	NA	NA	NA	NA
CP091230.1	NA	NA	NA	NA	NA	NA	NA	NA	NA	NA	NA
CP091231.1	NA	NA	NA	NA	NA	NA	NA	NA	NA	NA	NA
CP091232.1	ENA|CP091232|CP091232.1	37865	No terminal repeats	38	11	0.9893	NA	1	3.0564	NA	NF012176
CP091233.1	ENA|CP091233|CP091233.1	5122	No terminal repeats	5	11	0.9904	NA	1	3.1574	MOBV	NA
CP091234.1	ENA|CP091234|CP091234.1	4825	No terminal repeats	6	11	0.9917	NA	1	4.6734	MOBV	NA
CP091235.1	NA	NA	NA	NA	NA	NA	NA	NA	NA	NA	NA
CP091236.1	ENA|CP091236|CP091236.1	18962	No terminal repeats	21	11	0.9945	NA	1	4.8508	NA	NF000424;NF012176
CP091237.1	NA	NA	NA	NA	NA	NA	NA	NA	NA	NA	NA
CP091238.1	ENA|CP091238|CP091238.1	68015	No terminal repeats	81	11	0.9925	NA	2	30.3803	NA	NF012176
CP091239.1	ENA|CP091239|CP091239.1	5143	No terminal repeats	5	11	0.9925	NA	1	3.1574	MOBV	NA
CP091301.1	NA	NA	NA	NA	NA	NA	NA	NA	NA	NA	NA
CP091302.1	NA	NA	NA	NA	NA	NA	NA	NA	NA	NA	NA
CP091303.1	ENA|CP091303|CP091303.1	66324	No terminal repeats	90	11	0.9929	NA	3	25.4741	NA	NF033068;NF000119;NF033068;NF000119
CP091304.1	ENA|CP091304|CP091304.1	60386	No terminal repeats	68	11	0.9936	NA	2	35.3896	MOBP2	NA
CP091305.1	NA	NA	NA	NA	NA	NA	NA	NA	NA	NA	NA
CP091306.1	ENA|CP091306|CP091306.1	5966	No terminal repeats	10	11	0.9952	NA	1	9.3098	NA	NA
CP091310.1	NA	NA	NA	NA	NA	NA	NA	NA	NA	NA	NA
CP091333.1	NA	NA	NA	NA	NA	NA	NA	NA	NA	NA	NA
CP091343.1	NA	NA	NA	NA	NA	NA	NA	NA	NA	NA	NA
CP091346.1	NA	NA	NA	NA	NA	NA	NA	NA	NA	NA	NA
CP091348.1	NA	NA	NA	NA	NA	NA	NA	NA	NA	NA	NA
CP091352.1	NA	NA	NA	NA	NA	NA	NA	NA	NA	NA	NA
CP091360.1	NA	NA	NA	NA	NA	NA	NA	NA	NA	NA	NA
CP091370.1	NA	NA	NA	NA	NA	NA	NA	NA	NA	NA	NA
CP091450.1	NA	NA	NA	NA	NA	NA	NA	NA	NA	NA	NA
CP091451.1	NA	NA	NA	NA	NA	NA	NA	NA	NA	NA	NA
CP091577.1	NA	NA	NA	NA	NA	NA	NA	NA	NA	NA	NA
CP091578.1	ENA|CP091578|CP091578.1	231428	No terminal repeats	279	11	0.9884	NA	2	64.9225	MOBP2	NA
CP091579.1	ENA|CP091579|CP091579.1	44472	No terminal repeats	51	11	0.9921	NA	2	15.7279	NA	NF033115
CP091580.1	ENA|CP091580|CP091580.1	21225	No terminal repeats	30	11	0.9924	NA	1	8.8621	NA	NA
CP091581.1	NA	NA	NA	NA	NA	NA	NA	NA	NA	NA	NA
CP091658.1	ENA|CP091658|CP091658.1	137247	No terminal repeats	161	11	0.9948	NA	32	99.5875	F_traE;F_traE;MOBF;F_traG;F_traH;F_traF;F_traN;F_traU;F_traW;virb4;F_traV;F_traK;F_traE;F_traL	NF012178
CP091659.1	NA	NA	NA	NA	NA	NA	NA	NA	NA	NA	NA
CP091660.1	ENA|CP091660|CP091660.1	46313	No terminal repeats	56	11	0.9943	NA	9	28.7020	T_virB2;virb4;T_virB6;T_virB8;T_virB9	NA
CP091661.1	NA	NA	NA	NA	NA	NA	NA	NA	NA	NA	NA
CP091682.1	NA	NA	NA	NA	NA	NA	NA	NA	NA	NA	NA
CP091683.1	ENA|CP091683|CP091683.1	4074	No terminal repeats	3	11	0.9933	NA	1	1.7183	NA	NA
CP091684.1	ENA|CP091684|CP091684.1	100833	No terminal repeats	115	11	0.9952	NA	21	75.7845	MOBP1;I_trbB;I_trbA;I_traY;I_traW;I_traV;traU;I_traT;I_traR;I_traQ;I_traP;I_traO;I_traN;I_traL;I_traK;I_traI;I_traE	NF012174
CP091685.1	ENA|CP091685|CP091685.1	86532	No terminal repeats	99	11	0.9951	NA	3	50.6151	F_traE	NF012171;NF012174
CP091686.1	ENA|CP091686|CP091686.1	5755	No terminal repeats	8	11	0.9943	NA	2	4.1278	MOBP1	NA
CP091687.1	ENA|CP091687|CP091687.1	5166	No terminal repeats	5	11	0.9950	NA	1	3.7523	MOBQ	NA
CP091688.1	ENA|CP091688|CP091688.1	3172	No terminal repeats	5	11	0.9951	NA	2	3.6681	NA	NA
CP091689.1	ENA|CP091689|CP091689.1	4077	No terminal repeats	3	11	0.9934	NA	1	1.7183	NA	NA
CP091690.1	NA	NA	NA	NA	NA	NA	NA	NA	NA	NA	NA
CP091698.1	ENA|CP091698|CP091698.1	86740	No terminal repeats	95	11	0.9953	NA	19	70.2845	traU;I_traV;I_traW;I_traY;I_trbA;I_trbB;MOBP1;I_traE;I_traI;I_traK;I_traL;I_traN;I_traO;I_traP;I_traQ;I_traR;I_traT	NA
CP091699.1	ENA|CP091699|CP091699.1	58919	No terminal repeats	69	11	0.9958	NA	27	66.1150	F_traL;F_traE;F_traK;F_traV;virb4;F_traW;F_traU;F_traN;F_traF;F_traH;F_traG;MOBF	NA
CP091700.1	NA	NA	NA	NA	NA	NA	NA	NA	NA	NA	NA
CP091701.1	ENA|CP091701|CP091701.1	4339	No terminal repeats	6	11	0.9927	NA	1	2.2083	NA	NA
CP091702.1	ENA|CP091702|CP091702.1	2514	No terminal repeats	4	11	0.9939	NA	1	1.9016	NA	NA
CP091770.1	NA	NA	NA	NA	NA	NA	NA	NA	NA	NA	NA
CP091884.1	NA	NA	NA	NA	NA	NA	NA	NA	NA	NA	NA
CP091885.1	ENA|CP091885|CP091885.1	68770	No terminal repeats	77	11	0.9909	NA	2	22.1897	MOBP2	NA
CP091886.1	NA	NA	NA	NA	NA	NA	NA	NA	NA	NA	NA
CP091887.1	ENA|CP091887|CP091887.1	68770	No terminal repeats	77	11	0.9909	NA	2	22.1897	MOBP2	NA
CP091888.1	NA	NA	NA	NA	NA	NA	NA	NA	NA	NA	NA
CP091889.1	NA	NA	NA	NA	NA	NA	NA	NA	NA	NA	NA
CP091890.1	ENA|CP091890|CP091890.1	77272	No terminal repeats	82	11	0.9894	NA	2	15.8447	MOBP2	NA
CP091891.1	ENA|CP091891|CP091891.1	59470	No terminal repeats	63	11	0.9935	NA	2	20.2450	FA_orf13	NF033693
CP091895.1	NA	NA	NA	NA	NA	NA	NA	NA	NA	NA	NA
CP091896.1	NA	NA	NA	NA	NA	NA	NA	NA	NA	NA	NA
CP091897.1	NA	NA	NA	NA	NA	NA	NA	NA	NA	NA	NA
CP091898.1	NA	NA	NA	NA	NA	NA	NA	NA	NA	NA	NA
CP091901.1	NA	NA	NA	NA	NA	NA	NA	NA	NA	NA	NA
CP091902.1	ENA|CP091902|CP091902.1	88965	No terminal repeats	98	11	0.9914	NA	2	25.7599	FA_orf13	NA
CP091903.1	ENA|CP091903|CP091903.1	43739	No terminal repeats	45	11	0.9910	NA	1	8.5414	NA	NF033115
CP091906.1	NA	NA	NA	NA	NA	NA	NA	NA	NA	NA	NA
CP091907.1	ENA|CP091907|CP091907.1	149744	No terminal repeats	174	11	0.9913	NA	3	39.8530	MOBP2	NF033068
CP092018.1	NA	NA	NA	NA	NA	NA	NA	NA	NA	NA	NA
CP092019.1	ENA|CP092019|CP092019.1	44477	No terminal repeats	48	11	0.9932	NA	9	22.5804	T_virB9;T_virB8;virb4;T_virB2;MOBP1	NF033068
CP092052.1	NA	NA	NA	NA	NA	NA	NA	NA	NA	NA	NA
CP092053.1	ENA|CP092053|CP092053.1	13162	No terminal repeats	14	11	0.9948	NA	1	8.1870	NA	NF012167;NF040806
CP092054.1	NA	NA	NA	NA	NA	NA	NA	NA	NA	NA	NA
CP092184.1	NA	NA	NA	NA	NA	NA	NA	NA	NA	NA	NA
CP092252.1	NA	NA	NA	NA	NA	NA	NA	NA	NA	NA	NA
CP092253.1	ENA|CP092253|CP092253.1	84986	No terminal repeats	97	11	0.9954	NA	19	74.5433	MOBP1;I_trbB;I_trbA;I_traY;I_traW;I_traV;traU;I_traT;I_traR;I_traQ;I_traP;I_traO;I_traN;I_traL;I_traK;I_traI;I_traE	NA
CP092254.1	ENA|CP092254|CP092254.1	70864	No terminal repeats	83	11	0.9956	NA	27	71.8741	F_traL;F_traE;F_traK;F_traV;virb4;F_traW;F_traU;F_trbC;F_traN;F_traF;F_traH;F_traG;MOBF	NF000466
CP092255.1	ENA|CP092255|CP092255.1	40170	No terminal repeats	38	11	0.9933	NA	1	12.6901	NA	NA
CP092256.1	ENA|CP092256|CP092256.1	5249	No terminal repeats	9	11	0.9950	NA	5	8.5914	T_virB6;T_virB6	NA
CP092257.1	NA	NA	NA	NA	NA	NA	NA	NA	NA	NA	NA
CP092336.1	NA	NA	NA	NA	NA	NA	NA	NA	NA	NA	NA
CP092337.1	ENA|CP092337|CP092337.1	212639	No terminal repeats	247	11	0.9941	NA	37	134.6205	F_traE;MOBF;F_traG;F_traH;F_traF;F_traN;F_trbC;F_traU;F_traW;virb4;F_traV;F_traK;F_traE;F_traL;F_traE	NF012171;NF033144;NF000466
CP092338.1	NA	NA	NA	NA	NA	NA	NA	NA	NA	NA	NA
CP092339.1	ENA|CP092339|CP092339.1	12435	No terminal repeats	12	11	0.9940	NA	2	6.2180	MOBC	NA
CP092340.1	ENA|CP092340|CP092340.1	8069	No terminal repeats	14	11	0.9941	NA	2	5.8598	NA	NA
CP092341.1	ENA|CP092341|CP092341.1	6141	No terminal repeats	7	11	0.9957	NA	2	5.5113	MOBP1	NF040806
CP092342.1	ENA|CP092342|CP092342.1	5640	No terminal repeats	7	11	0.9942	NA	3	5.4722	MOBP1	NA
CP092343.1	ENA|CP092343|CP092343.1	3770	No terminal repeats	6	11	0.9904	NA	1	1.5190	NA	NA
CP092452.1	NA	NA	NA	NA	NA	NA	NA	NA	NA	NA	NA
CP092453.1	ENA|CP092453|CP092453.1	86914	No terminal repeats	97	11	0.9934	NA	2	29.4982	F_traE	NF012174
CP092461.1	NA	NA	NA	NA	NA	NA	NA	NA	NA	NA	NA
CP092463.1	NA	NA	NA	NA	NA	NA	NA	NA	NA	NA	NA
CP092464.1	ENA|CP092464|CP092464.1	319832	No terminal repeats	410	11	0.9904	NA	20	74.4230	MOBH;t4cp1;F_traL;F_traE;F_traK;F_traB;F_traV;virb4;F_traW;F_traU;F_traF;F_traH;F_traG;T_virB1	NA
CP092493.1	NA	NA	NA	NA	NA	NA	NA	NA	NA	NA	NA
CP092495.1	ENA|CP092495|CP092495.1	56984	No terminal repeats	69	11	0.9933	NA	9	22.9003	T_virB9;T_virB8;T_virB6;virb4;T_virB2;T_virB1	NF000005;NF012147
CP092496.1	ENA|CP092496|CP092496.1	209894	No terminal repeats	227	11	0.9928	NA	29	91.4024	F_traG;F_traL;F_traE;F_traK;F_traV;virb4;F_traW;F_traU;F_trbC;F_traN;F_traF;F_traH;F_traG;MOBF	NF000270;NF033144;NF012178;NF012178
CP092556.1	NA	NA	NA	NA	NA	NA	NA	NA	NA	NA	NA
CP092557.1	ENA|CP092557|CP092557.1	24653	No terminal repeats	30	11	0.9940	NA	3	16.0458	MOBV	NF012167;NF040806
CP092569.1	NA	NA	NA	NA	NA	NA	NA	NA	NA	NA	NA
CP092570.1	ENA|CP092570|CP092570.1	197066	No terminal repeats	227	11	0.9899	NA	3	44.9729	MOBP2;MOBV	NA
CP092571.1	ENA|CP092571|CP092571.1	83629	No terminal repeats	108	11	0.9912	NA	1	27.7475	NA	NF033068;NF033115
CP092572.1	ENA|CP092572|CP092572.1	12429	No terminal repeats	19	11	0.9904	NA	1	6.1180	NA	NA
CP092573.1	NA	NA	NA	NA	NA	NA	NA	NA	NA	NA	NA
CP092581.1	NA	NA	NA	NA	NA	NA	NA	NA	NA	NA	NA
CP092582.1	ENA|CP092582|CP092582.1	24653	No terminal repeats	31	11	0.9939	NA	3	16.0458	MOBV	NF012167;NF040806
CP092627.1	NA	NA	NA	NA	NA	NA	NA	NA	NA	NA	NA
CP092628.1	NA	NA	NA	NA	NA	NA	NA	NA	NA	NA	NA
CP092631.1	NA	NA	NA	NA	NA	NA	NA	NA	NA	NA	NA
CP092652.1	NA	NA	NA	NA	NA	NA	NA	NA	NA	NA	NA
CP092753.1	NA	NA	NA	NA	NA	NA	NA	NA	NA	NA	NA
CP092754.1	ENA|CP092754|CP092754.1	228673	No terminal repeats	286	11	0.9935	NA	29	114.3832	F_traV;F_traK;F_traE;F_traE;F_traE;MOBF;t4cp2;F_traG;F_traG;F_traH;F_traF;F_trbC;F_traU;F_traU;F_traW;virb4	NF000402;NF000088;NF012178;NF012178;NF000270
CP092755.1	ENA|CP092755|CP092755.1	118840	No terminal repeats	158	11	0.9942	NA	30	99.8951	MOBF;t4cp2;F_traG;F_traH;F_traF;F_trbC;F_traU;F_traU;F_traW;virb4;F_traV;F_traB;F_traK;F_traE;F_traL	NF000270;NF000270
CP092756.1	NA	NA	NA	NA	NA	NA	NA	NA	NA	NA	NA
CP092757.1	ENA|CP092757|CP092757.1	43386	No terminal repeats	61	11	0.9939	NA	10	25.5378	virb4;T_virB6;T_virB8;T_virB9;T_virB1;T_virB2;virb4	NA
CP092758.1	ENA|CP092758|CP092758.1	13636	No terminal repeats	17	11	0.9945	NA	3	11.5109	MOBC	NA
CP093011.1	NA	NA	NA	NA	NA	NA	NA	NA	NA	NA	NA
CP093012.1	NA	NA	NA	NA	NA	NA	NA	NA	NA	NA	NA
CP093014.1	NA	NA	NA	NA	NA	NA	NA	NA	NA	NA	NA
CP093021.1	NA	NA	NA	NA	NA	NA	NA	NA	NA	NA	NA
CP093031.1	NA	NA	NA	NA	NA	NA	NA	NA	NA	NA	NA
CP093032.1	NA	NA	NA	NA	NA	NA	NA	NA	NA	NA	NA
CP093067.1	NA	NA	NA	NA	NA	NA	NA	NA	NA	NA	NA
CP093289.1	NA	NA	NA	NA	NA	NA	NA	NA	NA	NA	NA
CP093323.1	NA	NA	NA	NA	NA	NA	NA	NA	NA	NA	NA
CP093356.1	NA	NA	NA	NA	NA	NA	NA	NA	NA	NA	NA
CP093392.1	NA	NA	NA	NA	NA	NA	NA	NA	NA	NA	NA
CP093393.1	ENA|CP093393|CP093393.1	58608	No terminal repeats	81	11	0.9930	NA	8	34.1816	MOBP1;T_virB9;T_virB8;T_virB6	NA
CP093403.1	NA	NA	NA	NA	NA	NA	NA	NA	NA	NA	NA
CP093404.1	ENA|CP093404|CP093404.1	215451	No terminal repeats	235	11	0.9945	NA	16	157.9278	F_traE;F_traB;F_traV;virb4;F_traW;F_traU;F_trbC;F_traH;F_traF;MOBH;t4cp1	NF012174;NF000119;NF033144
CP093405.1	NA	NA	NA	NA	NA	NA	NA	NA	NA	NA	NA
CP093406.1	ENA|CP093406|CP093406.1	265849	No terminal repeats	295	11	0.9944	NA	17	200.5234	F_traE;F_traB;F_traV;virb4;F_traW;F_traU;F_trbC;F_traH;F_traF;MOBH;t4cp1	NF000119;NF012174;NF033144
CP093527.1	NA	NA	NA	NA	NA	NA	NA	NA	NA	NA	NA
CP093854.1	NA	NA	NA	NA	NA	NA	NA	NA	NA	NA	NA
CP093855.1	ENA|CP093855|CP093855.1	337042	No terminal repeats	380	11	0.9938	NA	25	133.1575	F_traE;F_traG;F_traH;F_traF;MOBH;t4cp1;F_trbC;F_traU;F_traW;virb4;F_traV;F_traB;F_traK;F_traE;MOBP1;MOBC	NF000466;NF040806;NF000270
CP093941.1	NA	NA	NA	NA	NA	NA	NA	NA	NA	NA	NA
CP093942.1	ENA|CP093942|CP093942.1	255599	No terminal repeats	275	11	0.9890	NA	3	62.2811	MOBV;MOBP2	NF033693;NF033693
CP093943.1	ENA|CP093943|CP093943.1	66138	No terminal repeats	69	11	0.9924	NA	3	16.8362	NA	NF012176
CP093944.1	NA	NA	NA	NA	NA	NA	NA	NA	NA	NA	NA
CP093945.1	NA	NA	NA	NA	NA	NA	NA	NA	NA	NA	NA
CP093946.1	ENA|CP093946|CP093946.1	6239	No terminal repeats	10	11	0.9949	NA	1	9.3098	NA	NA
CP093953.1	NA	NA	NA	NA	NA	NA	NA	NA	NA	NA	NA
CP093954.1	NA	NA	NA	NA	NA	NA	NA	NA	NA	NA	NA
CP093956.1	NA	NA	NA	NA	NA	NA	NA	NA	NA	NA	NA
CP094051.1	NA	NA	NA	NA	NA	NA	NA	NA	NA	NA	NA
CP094054.1	NA	NA	NA	NA	NA	NA	NA	NA	NA	NA	NA
CP094055.1	NA	NA	NA	NA	NA	NA	NA	NA	NA	NA	NA
CP094056.1	NA	NA	NA	NA	NA	NA	NA	NA	NA	NA	NA
CP094057.1	NA	NA	NA	NA	NA	NA	NA	NA	NA	NA	NA
CP094058.1	NA	NA	NA	NA	NA	NA	NA	NA	NA	NA	NA
CP094063.1	NA	NA	NA	NA	NA	NA	NA	NA	NA	NA	NA
CP094066.1	NA	NA	NA	NA	NA	NA	NA	NA	NA	NA	NA
CP094067.1	NA	NA	NA	NA	NA	NA	NA	NA	NA	NA	NA
CP094068.1	ENA|CP094068|CP094068.1	6011	No terminal repeats	7	11	0.9887	NA	2	3.3035	MOBP1	NA
CP094069.1	NA	NA	NA	NA	NA	NA	NA	NA	NA	NA	NA
CP094071.1	NA	NA	NA	NA	NA	NA	NA	NA	NA	NA	NA
CP094072.1	NA	NA	NA	NA	NA	NA	NA	NA	NA	NA	NA
CP094073.1	NA	NA	NA	NA	NA	NA	NA	NA	NA	NA	NA
CP094074.1	NA	NA	NA	NA	NA	NA	NA	NA	NA	NA	NA
CP094075.1	NA	NA	NA	NA	NA	NA	NA	NA	NA	NA	NA
CP094076.1	NA	NA	NA	NA	NA	NA	NA	NA	NA	NA	NA
CP094078.1	NA	NA	NA	NA	NA	NA	NA	NA	NA	NA	NA
CP094079.1	NA	NA	NA	NA	NA	NA	NA	NA	NA	NA	NA
CP094080.1	NA	NA	NA	NA	NA	NA	NA	NA	NA	NA	NA
CP094085.1	NA	NA	NA	NA	NA	NA	NA	NA	NA	NA	NA
CP094086.1	NA	NA	NA	NA	NA	NA	NA	NA	NA	NA	NA
CP094087.1	NA	NA	NA	NA	NA	NA	NA	NA	NA	NA	NA
CP094088.1	NA	NA	NA	NA	NA	NA	NA	NA	NA	NA	NA
CP094089.1	NA	NA	NA	NA	NA	NA	NA	NA	NA	NA	NA
CP094094.1	NA	NA	NA	NA	NA	NA	NA	NA	NA	NA	NA
CP094095.1	NA	NA	NA	NA	NA	NA	NA	NA	NA	NA	NA
CP094098.1	NA	NA	NA	NA	NA	NA	NA	NA	NA	NA	NA
CP094099.1	NA	NA	NA	NA	NA	NA	NA	NA	NA	NA	NA
CP094100.1	NA	NA	NA	NA	NA	NA	NA	NA	NA	NA	NA
CP094101.1	NA	NA	NA	NA	NA	NA	NA	NA	NA	NA	NA
CP094106.1	NA	NA	NA	NA	NA	NA	NA	NA	NA	NA	NA
CP094107.1	NA	NA	NA	NA	NA	NA	NA	NA	NA	NA	NA
CP094109.1	NA	NA	NA	NA	NA	NA	NA	NA	NA	NA	NA
CP094111.1	NA	NA	NA	NA	NA	NA	NA	NA	NA	NA	NA
CP094112.1	NA	NA	NA	NA	NA	NA	NA	NA	NA	NA	NA
CP094113.1	NA	NA	NA	NA	NA	NA	NA	NA	NA	NA	NA
CP094114.1	NA	NA	NA	NA	NA	NA	NA	NA	NA	NA	NA
CP094116.1	NA	NA	NA	NA	NA	NA	NA	NA	NA	NA	NA
CP094119.1	NA	NA	NA	NA	NA	NA	NA	NA	NA	NA	NA
CP094120.1	NA	NA	NA	NA	NA	NA	NA	NA	NA	NA	NA
CP094122.1	NA	NA	NA	NA	NA	NA	NA	NA	NA	NA	NA
CP094123.1	ENA|CP094123|CP094123.1	9544	No terminal repeats	9	11	0.9936	NA	2	4.8307	MOBP1	NF012174;NF012174
CP094129.1	NA	NA	NA	NA	NA	NA	NA	NA	NA	NA	NA
CP094132.1	NA	NA	NA	NA	NA	NA	NA	NA	NA	NA	NA
CP094133.1	NA	NA	NA	NA	NA	NA	NA	NA	NA	NA	NA
CP094134.1	NA	NA	NA	NA	NA	NA	NA	NA	NA	NA	NA
CP094135.1	NA	NA	NA	NA	NA	NA	NA	NA	NA	NA	NA
CP094137.1	NA	NA	NA	NA	NA	NA	NA	NA	NA	NA	NA
CP094140.1	NA	NA	NA	NA	NA	NA	NA	NA	NA	NA	NA
CP094141.1	NA	NA	NA	NA	NA	NA	NA	NA	NA	NA	NA
CP094143.1	NA	NA	NA	NA	NA	NA	NA	NA	NA	NA	NA
CP094144.1	NA	NA	NA	NA	NA	NA	NA	NA	NA	NA	NA
CP094145.1	NA	NA	NA	NA	NA	NA	NA	NA	NA	NA	NA
CP094146.1	ENA|CP094146|CP094146.1	9339	No terminal repeats	8	11	0.9922	NA	2	3.1705	NA	NA
CP094147.1	NA	NA	NA	NA	NA	NA	NA	NA	NA	NA	NA
CP094148.1	NA	NA	NA	NA	NA	NA	NA	NA	NA	NA	NA
CP094149.1	NA	NA	NA	NA	NA	NA	NA	NA	NA	NA	NA
CP094151.1	NA	NA	NA	NA	NA	NA	NA	NA	NA	NA	NA
CP094152.1	ENA|CP094152|CP094152.1	9668	No terminal repeats	8	11	0.9940	NA	2	4.3523	MOBP1	NF012174
CP094153.1	NA	NA	NA	NA	NA	NA	NA	NA	NA	NA	NA
CP094154.1	ENA|CP094154|CP094154.1	6011	No terminal repeats	6	11	0.9878	NA	2	3.3035	MOBP1	NA
CP094155.1	NA	NA	NA	NA	NA	NA	NA	NA	NA	NA	NA
CP094156.1	NA	NA	NA	NA	NA	NA	NA	NA	NA	NA	NA
CP094159.1	NA	NA	NA	NA	NA	NA	NA	NA	NA	NA	NA
CP094161.1	NA	NA	NA	NA	NA	NA	NA	NA	NA	NA	NA
CP094162.1	ENA|CP094162|CP094162.1	9835	No terminal repeats	10	11	0.9845	NA	2	3.3035	MOBP1	NA
CP094164.1	NA	NA	NA	NA	NA	NA	NA	NA	NA	NA	NA
CP094167.1	NA	NA	NA	NA	NA	NA	NA	NA	NA	NA	NA
CP094172.1	NA	NA	NA	NA	NA	NA	NA	NA	NA	NA	NA
CP094173.1	NA	NA	NA	NA	NA	NA	NA	NA	NA	NA	NA
CP094175.1	NA	NA	NA	NA	NA	NA	NA	NA	NA	NA	NA
CP094176.1	NA	NA	NA	NA	NA	NA	NA	NA	NA	NA	NA
CP094177.1	NA	NA	NA	NA	NA	NA	NA	NA	NA	NA	NA
CP094178.1	NA	NA	NA	NA	NA	NA	NA	NA	NA	NA	NA
CP094230.1	NA	NA	NA	NA	NA	NA	NA	NA	NA	NA	NA
CP094231.1	ENA|CP094231|CP094231.1	181403	No terminal repeats	196	11	0.9905	NA	2	53.5567	MOBP2	NA
CP094232.1	ENA|CP094232|CP094232.1	58545	No terminal repeats	73	11	0.9913	NA	3	20.4432	T_virB11;MOBP2	NA
CP094233.1	ENA|CP094233|CP094233.1	5275	No terminal repeats	8	11	0.9858	NA	1	1.6104	NA	NA
CP094234.1	ENA|CP094234|CP094234.1	4375	No terminal repeats	6	11	0.9954	NA	1	5.9024	NA	NA
CP094235.1	NA	NA	NA	NA	NA	NA	NA	NA	NA	NA	NA
CP094236.1	ENA|CP094236|CP094236.1	36298	No terminal repeats	47	11	0.9925	NA	1	18.6476	NA	NF033068;NF033115
CP094750.1	NA	NA	NA	NA	NA	NA	NA	NA	NA	NA	NA
CP094751.1	ENA|CP094751|CP094751.1	31460	No terminal repeats	36	11	0.9913	NA	1	8.7731	NA	NA
CP094772.1	NA	NA	NA	NA	NA	NA	NA	NA	NA	NA	NA
CP094926.1	NA	NA	NA	NA	NA	NA	NA	NA	NA	NA	NA
CP095177.1	NA	NA	NA	NA	NA	NA	NA	NA	NA	NA	NA
CP095178.1	ENA|CP095178|CP095178.1	148937	No terminal repeats	161	11	0.9931	NA	10	40.1363	MOBF;F_traG	NF012171
CP095331.1	NA	NA	NA	NA	NA	NA	NA	NA	NA	NA	NA
CP095332.1	NA	NA	NA	NA	NA	NA	NA	NA	NA	NA	NA
CP095333.1	NA	NA	NA	NA	NA	NA	NA	NA	NA	NA	NA
CP095334.1	ENA|CP095334|CP095334.1	50620	No terminal repeats	60	11	0.9916	NA	3	11.5554	FATA_prgIc;FATA_prgL	NA
CP095335.1	ENA|CP095335|CP095335.1	10125	No terminal repeats	15	11	0.9943	NA	3	11.4360	MOBV;MOBV;MOBV	NA
CP095382.1	NA	NA	NA	NA	NA	NA	NA	NA	NA	NA	NA
CP095383.1	ENA|CP095383|CP095383.1	67081	No terminal repeats	82	11	0.9925	NA	11	41.0486	F_traE;MOBP1;T_virB9;T_virB8;T_virB6;virb4;T_virB2;T_virB1	NA
CP095736.1	NA	NA	NA	NA	NA	NA	NA	NA	NA	NA	NA
CP095765.1	NA	NA	NA	NA	NA	NA	NA	NA	NA	NA	NA
CP095922.1	NA	NA	NA	NA	NA	NA	NA	NA	NA	NA	NA
CP096117.1	NA	NA	NA	NA	NA	NA	NA	NA	NA	NA	NA
CP096211.1	NA	NA	NA	NA	NA	NA	NA	NA	NA	NA	NA
CP096212.1	ENA|CP096212|CP096212.1	291523	No terminal repeats	343	11	0.9899	NA	4	87.3434	MOBP2;MOBP2	NA
CP096213.1	NA	NA	NA	NA	NA	NA	NA	NA	NA	NA	NA
CP096214.1	ENA|CP096214|CP096214.1	6303	No terminal repeats	9	11	0.9948	NA	1	8.0310	NA	NA
CP096215.1	ENA|CP096215|CP096215.1	6173	No terminal repeats	8	11	0.9955	NA	1	9.3098	NA	NA
CP096216.1	ENA|CP096216|CP096216.1	4374	No terminal repeats	6	11	0.9953	NA	1	5.9024	NA	NA
CP096217.1	NA	NA	NA	NA	NA	NA	NA	NA	NA	NA	NA
CP096218.1	ENA|CP096218|CP096218.1	3109	No terminal repeats	5	11	0.9945	NA	1	5.0923	NA	NA
CP096526.1	NA	NA	NA	NA	NA	NA	NA	NA	NA	NA	NA
CP096527.1	ENA|CP096527|CP096527.1	34523	No terminal repeats	41	11	0.9615	NA	1	2.0078	MOBC	NF012176
CP096681.1	NA	NA	NA	NA	NA	NA	NA	NA	NA	NA	NA
CP096682.1	NA	NA	NA	NA	NA	NA	NA	NA	NA	NA	NA
CP096683.1	ENA|CP096683|CP096683.1	22367	No terminal repeats	35	11	0.9938	NA	2	15.0317	MOBQ;MOBQ	NA
CP096688.1	NA	NA	NA	NA	NA	NA	NA	NA	NA	NA	NA
CP096689.1	ENA|CP096689|CP096689.1	73209	No terminal repeats	101	11	0.9877	NA	15	29.6170	t4cp2;F_traL;F_traE;F_traK;F_traB;F_traV;F_traW;F_traU;F_trbC;F_trbC;F_traF;F_traH;F_traG	NA
CP096690.1	NA	NA	NA	NA	NA	NA	NA	NA	NA	NA	NA
CP096691.1	ENA|CP096691|CP096691.1	71277	No terminal repeats	97	11	0.9883	NA	15	29.6170	t4cp2;F_traL;F_traE;F_traK;F_traB;F_traV;F_traW;F_traU;F_trbC;F_trbC;F_traF;F_traH;F_traG	NA
CP096698.1	NA	NA	NA	NA	NA	NA	NA	NA	NA	NA	NA
CP096699.1	NA	NA	NA	NA	NA	NA	NA	NA	NA	NA	NA
CP096735.1	NA	NA	NA	NA	NA	NA	NA	NA	NA	NA	NA
CP096736.1	ENA|CP096736|CP096736.1	77540	No terminal repeats	103	11	0.9883	NA	16	29.1257	t4cp2;F_traL;F_traE;F_traK;F_traB;F_traV;virb4;F_traW;F_traU;F_trbC;F_traN;F_traF;F_traH;F_traG	NF040806
CP096737.1	NA	NA	NA	NA	NA	NA	NA	NA	NA	NA	NA
CP096738.1	NA	NA	NA	NA	NA	NA	NA	NA	NA	NA	NA
CP096739.1	ENA|CP096739|CP096739.1	73209	No terminal repeats	102	11	0.9863	NA	15	29.6170	t4cp2;F_traL;F_traE;F_traK;F_traB;F_traV;F_traW;F_traU;F_trbC;F_trbC;F_traF;F_traH;F_traG	NA
CP096757.1	NA	NA	NA	NA	NA	NA	NA	NA	NA	NA	NA
CP096758.1	ENA|CP096758|CP096758.1	11194	DTR	16	11	0.9938	NA	1	7.0816	MOBQ	NA
CP096775.1	NA	NA	NA	NA	NA	NA	NA	NA	NA	NA	NA
CP096776.1	NA	NA	NA	NA	NA	NA	NA	NA	NA	NA	NA
CP096818.1	NA	NA	NA	NA	NA	NA	NA	NA	NA	NA	NA
CP096819.1	NA	NA	NA	NA	NA	NA	NA	NA	NA	NA	NA
CP096820.1	ENA|CP096820|CP096820.1	11805	No terminal repeats	17	11	0.9903	NA	1	8.2499	NA	NA
CP096893.1	NA	NA	NA	NA	NA	NA	NA	NA	NA	NA	NA
CP096894.1	NA	NA	NA	NA	NA	NA	NA	NA	NA	NA	NA
CP096895.1	NA	NA	NA	NA	NA	NA	NA	NA	NA	NA	NA
CP096896.1	NA	NA	NA	NA	NA	NA	NA	NA	NA	NA	NA
CP096897.1	NA	NA	NA	NA	NA	NA	NA	NA	NA	NA	NA
CP096898.1	ENA|CP096898|CP096898.1	10966	No terminal repeats	13	11	0.9940	NA	1	5.2214	NA	NA
CP096899.1	NA	NA	NA	NA	NA	NA	NA	NA	NA	NA	NA
CP096900.1	NA	NA	NA	NA	NA	NA	NA	NA	NA	NA	NA
CP096901.1	NA	NA	NA	NA	NA	NA	NA	NA	NA	NA	NA
CP096921.1	NA	NA	NA	NA	NA	NA	NA	NA	NA	NA	NA
CP096922.1	ENA|CP096922|CP096922.1	62214	No terminal repeats	74	11	0.9944	NA	8	47.8329	T_virB1;T_virB3;virb4;T_virB5;T_virB6;T_virB8;T_virB9	NF012147
CP096929.1	NA	NA	NA	NA	NA	NA	NA	NA	NA	NA	NA
CP096930.1	ENA|CP096930|CP096930.1	24305	No terminal repeats	29	11	0.9947	NA	3	15.3696	MOBQ	NF012147
CP096931.1	ENA|CP096931|CP096931.1	50754	No terminal repeats	68	11	0.9882	NA	10	31.7230	MOBP1;T_virB1;T_virB3;virb4;T_virB6;T_virB8;T_virB9;I_traV	NA
CP097002.1	NA	NA	NA	NA	NA	NA	NA	NA	NA	NA	NA
CP097003.1	ENA|CP097003|CP097003.1	72603	No terminal repeats	88	11	0.9917	NA	2	27.3580	NA	NF012176;NF033068
CP097004.1	NA	NA	NA	NA	NA	NA	NA	NA	NA	NA	NA
CP097005.1	NA	NA	NA	NA	NA	NA	NA	NA	NA	NA	NA
CP097006.1	NA	NA	NA	NA	NA	NA	NA	NA	NA	NA	NA
CP097007.1	ENA|CP097007|CP097007.1	59599	No terminal repeats	69	11	0.9930	NA	2	19.9877	NA	NF012176;NF012176
CP097014.1	NA	NA	NA	NA	NA	NA	NA	NA	NA	NA	NA
CP097015.1	ENA|CP097015|CP097015.1	232122	No terminal repeats	259	11	0.9904	NA	3	57.3470	MOBP2	NA
CP097016.1	ENA|CP097016|CP097016.1	41159	No terminal repeats	43	11	0.9946	NA	3	19.3862	FATA_trsF;MOBV	NF012176;NF012176
CP097020.1	NA	NA	NA	NA	NA	NA	NA	NA	NA	NA	NA
CP097021.1	ENA|CP097021|CP097021.1	62360	No terminal repeats	76	11	0.9913	NA	2	28.0925	NA	NF012176;NF033068
CP097030.1	NA	NA	NA	NA	NA	NA	NA	NA	NA	NA	NA
CP097034.1	NA	NA	NA	NA	NA	NA	NA	NA	NA	NA	NA
CP097035.1	ENA|CP097035|CP097035.1	92441	No terminal repeats	100	11	0.9923	NA	4	39.8815	FATA_trsL;FATA_trsD;FATA_trsC	NA
CP097036.1	ENA|CP097036|CP097036.1	57576	No terminal repeats	58	11	0.9914	NA	3	22.1200	FA_orf13	NF012176
CP097037.1	NA	NA	NA	NA	NA	NA	NA	NA	NA	NA	NA
CP097038.1	NA	NA	NA	NA	NA	NA	NA	NA	NA	NA	NA
CP097039.1	ENA|CP097039|CP097039.1	82447	No terminal repeats	92	11	0.9920	NA	1	31.2771	NA	NF012176;NF033068
CP097040.1	ENA|CP097040|CP097040.1	39237	No terminal repeats	42	11	0.9950	NA	4	19.4005	FATA_trsL	NF012176;NF000424
CP097041.1	NA	NA	NA	NA	NA	NA	NA	NA	NA	NA	NA
CP097056.1	NA	NA	NA	NA	NA	NA	NA	NA	NA	NA	NA
CP097057.1	ENA|CP097057|CP097057.1	76911	No terminal repeats	77	11	0.9896	NA	4	18.9050	FA_orf13	NA
CP097058.1	ENA|CP097058|CP097058.1	62360	No terminal repeats	76	11	0.9913	NA	2	28.0925	NA	NF012176;NF033068
CP097059.1	NA	NA	NA	NA	NA	NA	NA	NA	NA	NA	NA
CP097060.1	ENA|CP097060|CP097060.1	69215	No terminal repeats	74	11	0.9928	NA	5	31.0832	FA_orf13	NF033068;NF012176
CP097066.1	NA	NA	NA	NA	NA	NA	NA	NA	NA	NA	NA
CP097067.1	ENA|CP097067|CP097067.1	57278	No terminal repeats	66	11	0.9903	NA	2	18.1947	NA	NF012176;NF000424
CP097068.1	NA	NA	NA	NA	NA	NA	NA	NA	NA	NA	NA
CP097076.1	NA	NA	NA	NA	NA	NA	NA	NA	NA	NA	NA
CP097077.1	ENA|CP097077|CP097077.1	296587	No terminal repeats	330	11	0.9937	NA	14	132.2739	F_traE;T_virB9;T_virB8;T_virB6;T_virB5;virb4;T_virB3;T_virB1	NF033134;NF033144;NF012171;NF000402
CP097078.1	ENA|CP097078|CP097078.1	8802	No terminal repeats	11	11	0.9941	NA	3	8.6132	MOBC	NA
CP097106.1	ENA|CP097106|CP097106.1	45739	No terminal repeats	61	11	0.9941	NA	10	27.9156	T_virB1;T_virB2;virb4;virb4;T_virB6;T_virB8;T_virB9	NF012147
CP097107.1	NA	NA	NA	NA	NA	NA	NA	NA	NA	NA	NA
CP097383.1	NA	NA	NA	NA	NA	NA	NA	NA	NA	NA	NA
CP097486.1	NA	NA	NA	NA	NA	NA	NA	NA	NA	NA	NA
CP097487.1	ENA|CP097487|CP097487.1	124981	No terminal repeats	135	11	0.9899	NA	2	28.2435	FATA_prgL;FATA_prgIc	NA
CP097488.1	ENA|CP097488|CP097488.1	50120	No terminal repeats	54	11	0.9908	NA	2	17.3845	FA_orf13	NA
CP097499.1	NA	NA	NA	NA	NA	NA	NA	NA	NA	NA	NA
CP097560.1	NA	NA	NA	NA	NA	NA	NA	NA	NA	NA	NA
CP097626.1	NA	NA	NA	NA	NA	NA	NA	NA	NA	NA	NA
CP097627.1	ENA|CP097627|CP097627.1	155793	No terminal repeats	191	11	0.9952	NA	39	146.9088	F_traL;F_traE;MOBF;F_traG;F_traH;F_traF;F_traN;F_trbC;F_traU;F_traW;virb4;F_traV;F_traK;F_traE;F_traL	NF000466
CP097628.1	ENA|CP097628|CP097628.1	205645	No terminal repeats	227	11	0.9943	NA	27	118.4817	MOBF;F_traG;F_traH;F_traF;F_traN;F_trbC;F_traU;F_traW;virb4;F_traV;F_traK;F_traE;F_traL	NF000402;NF012178
CP097629.1	ENA|CP097629|CP097629.1	41429	No terminal repeats	54	11	0.9913	NA	10	31.8183	T_virB1;T_virB3;virb4;T_virB5;T_virB6;T_virB8;T_virB9;t4cp2	NA
CP097630.1	ENA|CP097630|CP097630.1	10060	No terminal repeats	14	11	0.9940	NA	4	7.8883	MOBC	NA
CP097631.1	ENA|CP097631|CP097631.1	5595	No terminal repeats	9	11	0.9931	NA	2	4.5972	MOBP1	NA
CP097645.1	NA	NA	NA	NA	NA	NA	NA	NA	NA	NA	NA
CP097803.1	NA	NA	NA	NA	NA	NA	NA	NA	NA	NA	NA
CP097853.1	NA	NA	NA	NA	NA	NA	NA	NA	NA	NA	NA
CP097854.1	ENA|CP097854|CP097854.1	4018	No terminal repeats	5	11	0.9951	NA	2	4.0015	MOBP1	NA
CP097855.1	NA	NA	NA	NA	NA	NA	NA	NA	NA	NA	NA
CP097856.1	NA	NA	NA	NA	NA	NA	NA	NA	NA	NA	NA
CP097900.1	NA	NA	NA	NA	NA	NA	NA	NA	NA	NA	NA
CP098025.1	NA	NA	NA	NA	NA	NA	NA	NA	NA	NA	NA
CP098027.1	ENA|CP098027|CP098027.1	59955	No terminal repeats	63	11	0.9902	NA	2	17.3324	NA	NF012176
CP098028.1	NA	NA	NA	NA	NA	NA	NA	NA	NA	NA	NA
CP098029.1	NA	NA	NA	NA	NA	NA	NA	NA	NA	NA	NA
CP098036.1	NA	NA	NA	NA	NA	NA	NA	NA	NA	NA	NA
CP098037.1	ENA|CP098037|CP098037.1	64309	No terminal repeats	90	11	0.9886	NA	2	27.0752	MOBP2;T_virB11	NF000145
CP098038.1	ENA|CP098038|CP098038.1	5820	No terminal repeats	7	11	0.9940	NA	3	5.0527	NA	NA
CP098203.1	NA	NA	NA	NA	NA	NA	NA	NA	NA	NA	NA
CP098204.1	ENA|CP098204|CP098204.1	68004	No terminal repeats	95	11	0.9953	NA	27	70.8259	F_traL;F_traK;F_traV;virb4;F_traW;F_traU;F_traN;F_traF;F_traH;F_traG;F_traG;MOBF	NA
CP098205.1	ENA|CP098205|CP098205.1	62190	No terminal repeats	87	11	0.9923	NA	8	35.6155	T_virB9;T_virB8;T_virB6;MOBP1	NA
CP098330.1	NA	NA	NA	NA	NA	NA	NA	NA	NA	NA	NA
CP098331.1	ENA|CP098331|CP098331.1	43622	No terminal repeats	49	11	0.9921	NA	8	24.5799	T_virB10;T_virB9;MOBC	NA
CP098332.1	ENA|CP098332|CP098332.1	57636	No terminal repeats	75	11	0.9941	NA	9	39.2811	MOBP1;T_virB2;virb4;T_virB6;T_virB8;T_virB9	NA
CP098333.1	ENA|CP098333|CP098333.1	80499	No terminal repeats	86	11	0.9931	NA	3	27.1685	NA	NA
CP098334.1	ENA|CP098334|CP098334.1	171445	No terminal repeats	215	11	0.9918	NA	22	72.2505	MOBH;t4cp1;F_traL;F_traE;F_traK;F_traB;F_traV;virb4;F_traW;F_traU;F_trbC;F_traF;F_traH;F_traG;T_virB1	NF000005;NF000153
CP098444.1	NA	NA	NA	NA	NA	NA	NA	NA	NA	NA	NA
CP098445.1	ENA|CP098445|CP098445.1	205118	No terminal repeats	242	11	0.9917	NA	21	77.5406	MOBH;t4cp1;F_traL;F_traE;F_traK;F_traB;F_traV;virb4;F_traW;F_traU;F_trbC;F_traF;F_traH;F_traG;T_virB1	NF012147;NF000005;NF033144;NF040806;NF000466
CP098446.1	NA	NA	NA	NA	NA	NA	NA	NA	NA	NA	NA
CP098447.1	NA	NA	NA	NA	NA	NA	NA	NA	NA	NA	NA
CP098448.1	ENA|CP098448|CP098448.1	49422	No terminal repeats	65	11	0.9934	NA	10	35.9594	T_virB11;T_virB9;T_virB8;T_virB6;virb4;T_virB2;T_virB1;MOBP1	NA
CP098449.1	NA	NA	NA	NA	NA	NA	NA	NA	NA	NA	NA
CP098450.1	NA	NA	NA	NA	NA	NA	NA	NA	NA	NA	NA
CP098451.1	ENA|CP098451|CP098451.1	49422	No terminal repeats	66	11	0.9936	NA	10	35.9594	T_virB11;T_virB9;T_virB8;T_virB6;virb4;T_virB2;T_virB1;MOBP1	NA
CP098452.1	NA	NA	NA	NA	NA	NA	NA	NA	NA	NA	NA
CP098458.1	NA	NA	NA	NA	NA	NA	NA	NA	NA	NA	NA
CP098459.1	ENA|CP098459|CP098459.1	4207	No terminal repeats	9	11	0.9956	NA	3	9.8962	MOBP1	NA
CP098460.1	NA	NA	NA	NA	NA	NA	NA	NA	NA	NA	NA
CP098461.1	ENA|CP098461|CP098461.1	4207	No terminal repeats	10	11	0.9957	NA	3	11.6145	MOBP1	NA
CP098462.1	NA	NA	NA	NA	NA	NA	NA	NA	NA	NA	NA
CP098463.1	ENA|CP098463|CP098463.1	4207	No terminal repeats	10	11	0.9952	NA	3	9.8962	MOBP1	NA
CP098466.2	NA	NA	NA	NA	NA	NA	NA	NA	NA	NA	NA
CP098467.2	ENA|CP098467|CP098467.2	4207	No terminal repeats	10	11	0.9957	NA	3	11.1861	MOBP1	NA
CP098470.2	NA	NA	NA	NA	NA	NA	NA	NA	NA	NA	NA
CP098471.2	ENA|CP098471|CP098471.2	4207	No terminal repeats	9	11	0.9957	NA	3	9.8962	MOBP1	NA
CP098472.2	NA	NA	NA	NA	NA	NA	NA	NA	NA	NA	NA
CP098473.2	ENA|CP098473|CP098473.2	4207	No terminal repeats	9	11	0.9958	NA	3	9.8962	MOBP1	NA
CP098474.1	NA	NA	NA	NA	NA	NA	NA	NA	NA	NA	NA
CP098475.1	ENA|CP098475|CP098475.1	4207	No terminal repeats	10	11	0.9948	NA	2	8.1946	MOBP1	NA
CP098486.1	NA	NA	NA	NA	NA	NA	NA	NA	NA	NA	NA
CP098487.1	ENA|CP098487|CP098487.1	49381	No terminal repeats	56	11	0.9952	NA	12	37.7473	T_virB11;T_virB2;virb4;T_virB8;T_virB9;T_virB10;T_virB5	NF012147
CP098503.2	NA	NA	NA	NA	NA	NA	NA	NA	NA	NA	NA
CP098504.2	ENA|CP098504|CP098504.2	4207	No terminal repeats	9	11	0.9957	NA	3	9.8962	MOBP1	NA
CP098505.2	NA	NA	NA	NA	NA	NA	NA	NA	NA	NA	NA
CP098506.2	ENA|CP098506|CP098506.2	4153	No terminal repeats	9	11	0.9956	NA	3	9.8962	MOBP1	NA
CP098532.2	NA	NA	NA	NA	NA	NA	NA	NA	NA	NA	NA
CP098533.2	ENA|CP098533|CP098533.2	4153	No terminal repeats	10	11	0.9951	NA	3	9.8962	MOBP1	NA
CP098534.2	NA	NA	NA	NA	NA	NA	NA	NA	NA	NA	NA
CP098535.2	ENA|CP098535|CP098535.2	4153	No terminal repeats	9	11	0.9956	NA	3	9.8962	MOBP1	NA
CP098538.2	NA	NA	NA	NA	NA	NA	NA	NA	NA	NA	NA
CP098539.1	ENA|CP098539|CP098539.1	4207	No terminal repeats	9	11	0.9956	NA	3	9.8962	MOBP1	NA
CP098542.2	NA	NA	NA	NA	NA	NA	NA	NA	NA	NA	NA
CP098543.2	ENA|CP098543|CP098543.2	4207	No terminal repeats	10	11	0.9952	NA	3	9.8962	MOBP1	NA
CP098544.1	NA	NA	NA	NA	NA	NA	NA	NA	NA	NA	NA
CP098545.1	ENA|CP098545|CP098545.1	4153	No terminal repeats	9	11	0.9957	NA	3	9.8962	MOBP1	NA
CP098548.2	NA	NA	NA	NA	NA	NA	NA	NA	NA	NA	NA
CP098549.2	ENA|CP098549|CP098549.2	4207	No terminal repeats	10	11	0.9953	NA	3	9.8962	MOBP1	NA
CP098743.1	NA	NA	NA	NA	NA	NA	NA	NA	NA	NA	NA
CP098744.1	ENA|CP098744|CP098744.1	66643	No terminal repeats	77	11	0.9916	NA	1	20.6520	NA	NF012176;NF012176;NF033068
CP098745.1	ENA|CP098745|CP098745.1	60149	No terminal repeats	56	11	0.9906	NA	2	10.4538	MOBP2	NA
CP098746.1	ENA|CP098746|CP098746.1	49313	No terminal repeats	54	11	0.9935	NA	3	23.2831	FA_orf13	NA
CP098758.1	NA	NA	NA	NA	NA	NA	NA	NA	NA	NA	NA
CP098759.1	ENA|CP098759|CP098759.1	261525	No terminal repeats	273	11	0.9938	NA	27	136.1164	MOBF;F_traG;F_traH;F_traF;F_traN;F_trbC;F_traU;F_traW;virb4;F_traV;F_traK;F_traE;F_traL	NF040806;NF012174;NF033144;NF012171;NF012174;NF040806;NF012174;NF033144;NF000402;NF012171;NF012174
CP098760.1	ENA|CP098760|CP098760.1	98478	No terminal repeats	108	11	0.9954	NA	20	83.1904	I_traI;I_traK;I_traL;I_traN;I_traO;I_traP;I_traQ;I_traR;I_traT;traU;I_traV;I_traW;I_traY;I_trbA;I_trbB;MOBP1;I_traE	NA
CP098761.1	ENA|CP098761|CP098761.1	10060	No terminal repeats	13	11	0.9936	NA	4	7.8883	MOBC	NA
CP098778.1	NA	NA	NA	NA	NA	NA	NA	NA	NA	NA	NA
CP098779.1	ENA|CP098779|CP098779.1	295136	No terminal repeats	322	11	0.9938	NA	17	186.3981	F_traE;F_traB;F_traV;virb4;F_traW;F_traU;F_trbC;F_traH;F_traF;MOBH;t4cp1	NF012178;NF033144
CP098780.1	ENA|CP098780|CP098780.1	60348	No terminal repeats	82	11	0.9875	NA	10	34.5396	G_tfc2;T_virB9;T_virB8;T_virB6;T_virB5;virb4;T_virB1;t4cp2	NA
CP098781.1	ENA|CP098781|CP098781.1	52492	No terminal repeats	66	11	0.9946	NA	9	46.8609	T_virB1;T_virB3;virb4;T_virB5;T_virB6;T_virB8;T_virB9	NF012147
CP098782.1	ENA|CP098782|CP098782.1	4995	No terminal repeats	8	11	0.9938	NA	2	4.5840	MOBP1	NA
CP098831.1	NA	NA	NA	NA	NA	NA	NA	NA	NA	NA	NA
CP098832.1	ENA|CP098832|CP098832.1	229976	No terminal repeats	252	11	0.9944	NA	11	168.3037	F_trbC;F_traU;F_traW;virb4;F_traV;F_traB;F_traE	NF000119;NF000496;NF000107;NF000270;NF033144;NF012174;NF000466;NF012178;NF012171
CP098833.1	ENA|CP098833|CP098833.1	3372	No terminal repeats	5	11	0.9958	NA	4	5.9811	NA	NA
CP099037.1	NA	NA	NA	NA	NA	NA	NA	NA	NA	NA	NA
CP099128.1	NA	NA	NA	NA	NA	NA	NA	NA	NA	NA	NA
CP099140.1	NA	NA	NA	NA	NA	NA	NA	NA	NA	NA	NA
CP099141.1	ENA|CP099141|CP099141.1	3580	No terminal repeats	6	11	0.9920	NA	1	2.2083	NA	NA
CP099217.1	NA	NA	NA	NA	NA	NA	NA	NA	NA	NA	NA
CP099218.1	ENA|CP099218|CP099218.1	217792	No terminal repeats	286	11	0.9895	NA	16	40.0335	MOBH;t4cp1;F_traL;F_traE;F_traK;F_traB;F_traV;virb4;F_traW;F_traU	NA
CP099219.1	NA	NA	NA	NA	NA	NA	NA	NA	NA	NA	NA
CP099291.1	NA	NA	NA	NA	NA	NA	NA	NA	NA	NA	NA
CP099292.1	ENA|CP099292|CP099292.1	43705	No terminal repeats	59	11	0.9941	NA	9	27.5925	T_virB1;T_virB2;virb4;T_virB6;T_virB8;T_virB9	NA
CP099293.1	ENA|CP099293|CP099293.1	3576	No terminal repeats	4	11	0.9932	NA	1	2.2083	NA	NA
CP099303.1	NA	NA	NA	NA	NA	NA	NA	NA	NA	NA	NA
CP099323.1	NA	NA	NA	NA	NA	NA	NA	NA	NA	NA	NA
CP099324.1	ENA|CP099324|CP099324.1	4938	No terminal repeats	7	11	0.9946	NA	3	6.0163	NA	NA
CP099504.1	NA	NA	NA	NA	NA	NA	NA	NA	NA	NA	NA
CP099505.1	ENA|CP099505|CP099505.1	20723	No terminal repeats	23	11	0.9921	NA	1	6.1007	NA	NF012167;NF040806
CP099519.1	NA	NA	NA	NA	NA	NA	NA	NA	NA	NA	NA
CP099520.1	ENA|CP099520|CP099520.1	192108	No terminal repeats	197	11	0.9934	NA	9	55.9474	F_traG;F_traH;F_traF;MOBH	NA
CP099521.1	ENA|CP099521|CP099521.1	83665	No terminal repeats	95	11	0.9941	NA	9	50.5726	T_virB1;T_virB3;virb4;T_virB5;T_virB6;T_virB8;T_virB9	NF012171;NF033144
CP099576.1	NA	NA	NA	NA	NA	NA	NA	NA	NA	NA	NA
CP099577.1	ENA|CP099577|CP099577.1	16683	No terminal repeats	21	11	0.9945	NA	1	9.8595	NA	NF040806;NF012167
CP099578.1	NA	NA	NA	NA	NA	NA	NA	NA	NA	NA	NA
CP099641.1	NA	NA	NA	NA	NA	NA	NA	NA	NA	NA	NA
CP099670.1	NA	NA	NA	NA	NA	NA	NA	NA	NA	NA	NA
CP099671.1	ENA|CP099671|CP099671.1	328855	No terminal repeats	361	11	0.9930	NA	19	129.2466	F_trbC;F_traU;F_traW;virb4;F_traV;F_traB;F_traK;F_traE;t4cp1;MOBH;F_traF;F_traH	NF012178;NF012178;NF012147
CP099855.1	NA	NA	NA	NA	NA	NA	NA	NA	NA	NA	NA
CP099979.1	NA	NA	NA	NA	NA	NA	NA	NA	NA	NA	NA
CP099980.1	ENA|CP099980|CP099980.1	180811	No terminal repeats	191	11	0.9903	NA	1	36.7358	NA	NA
CP100308.1	NA	NA	NA	NA	NA	NA	NA	NA	NA	NA	NA
CP100309.1	ENA|CP100309|CP100309.1	116484	No terminal repeats	133	11	0.9949	NA	29	104.8725	MOBF;F_traG;F_traH;F_traF;F_traN;F_trbC;F_traU;F_traW;virb4;F_traV;F_traK;F_traE;F_traL	NF000270;NF000270
CP100310.1	ENA|CP100310|CP100310.1	112694	No terminal repeats	119	11	0.9950	NA	27	85.1051	F_traE;MOBF;F_traG;F_traH;F_traF;F_traN;F_trbC;F_traU;F_traW;virb4;F_traV;F_traK;F_traE;F_traL	NA
CP100311.1	NA	NA	NA	NA	NA	NA	NA	NA	NA	NA	NA
CP100436.1	NA	NA	NA	NA	NA	NA	NA	NA	NA	NA	NA
CP100710.1	NA	NA	NA	NA	NA	NA	NA	NA	NA	NA	NA
CP100711.1	NA	NA	NA	NA	NA	NA	NA	NA	NA	NA	NA
CP100712.1	ENA|CP100712|CP100712.1	48530	No terminal repeats	56	11	0.9920	NA	9	36.9081	T_virB3;T_virB6;T_virB8;T_virB9;MOBP1	NA
CP100713.1	ENA|CP100713|CP100713.1	4657	No terminal repeats	6	11	0.9937	NA	2	3.1408	MOBP1	NA
CP100714.1	ENA|CP100714|CP100714.1	4593	No terminal repeats	5	11	0.9960	NA	3	5.9919	MOBP1	NA
CP100715.1	NA	NA	NA	NA	NA	NA	NA	NA	NA	NA	NA
CP100716.1	ENA|CP100716|CP100716.1	294171	No terminal repeats	317	11	0.9945	NA	18	210.8871	t4cp1;MOBH;F_traF;F_traH;F_trbC;F_traU;F_traW;virb4;F_traV;F_traB;F_traE	NF000107;NF012178;NF012174;NF000402;NF012174;NF012171
CP100717.1	ENA|CP100717|CP100717.1	3988	No terminal repeats	5	11	0.9947	NA	2	2.6645	MOBP1	NA
CP100753.1	NA	NA	NA	NA	NA	NA	NA	NA	NA	NA	NA
CP100764.1	NA	NA	NA	NA	NA	NA	NA	NA	NA	NA	NA
CP100765.1	NA	NA	NA	NA	NA	NA	NA	NA	NA	NA	NA
CP101057.1	NA	NA	NA	NA	NA	NA	NA	NA	NA	NA	NA
CP101058.1	ENA|CP101058|CP101058.1	51315	No terminal repeats	62	11	0.9944	NA	23	39.8926	F_traV;virb4;F_traW;F_traU;F_traN;F_traF;F_traH;F_traG;t4cp2;MOBF;MOBF;F_traL;F_traE;F_traK;F_traB	NA
CP101059.1	ENA|CP101059|CP101059.1	48385	No terminal repeats	55	11	0.9935	NA	20	29.8551	F_traV;virb4;F_traW;F_traU;F_traN;F_traF;F_traH;F_traG;t4cp2;MOBF;F_traL;F_traE;F_traK;F_traB	NF000270
CP101123.1	NA	NA	NA	NA	NA	NA	NA	NA	NA	NA	NA
CP101290.1	NA	NA	NA	NA	NA	NA	NA	NA	NA	NA	NA
CP101835.1	NA	NA	NA	NA	NA	NA	NA	NA	NA	NA	NA
CP101836.1	ENA|CP101836|CP101836.1	217547	No terminal repeats	227	11	0.9943	NA	26	111.1224	F_traE;MOBF;F_traG;F_traH;F_traF;F_traN;F_trbC;F_traU;F_traW;virb4;F_traV;F_traK;F_traE;F_traL	NF000402;NF012174;NF000270;NF000270
CP101837.1	ENA|CP101837|CP101837.1	46161	No terminal repeats	58	11	0.9932	NA	9	25.1041	T_virB9;T_virB8;T_virB6;virb4;T_virB2;T_virB1	NF012147
CP101838.1	ENA|CP101838|CP101838.1	38758	No terminal repeats	45	11	0.9939	NA	1	15.7658	NA	NF000270;NF033144;NF012178
CP101839.1	ENA|CP101839|CP101839.1	9294	No terminal repeats	12	11	0.9950	NA	3	9.1824	MOBC	NA
CP101840.1	ENA|CP101840|CP101840.1	4319	No terminal repeats	6	11	0.9936	NA	2	3.1408	MOBP1	NA
CP101841.1	NA	NA	NA	NA	NA	NA	NA	NA	NA	NA	NA
CP101877.1	NA	NA	NA	NA	NA	NA	NA	NA	NA	NA	NA
CP101878.1	ENA|CP101878|CP101878.1	111444	No terminal repeats	130	11	0.9946	NA	14	73.6142	F_traW;virb4;F_traV;F_traE;F_traL	NA
CP101879.1	ENA|CP101879|CP101879.1	85336	No terminal repeats	101	11	0.9954	NA	30	89.9979	MOBF;F_traG;F_traH;F_traF;F_traN;F_trbC;F_traU;F_traW;virb4;F_traV;F_traK;F_traE;F_traL	NA
CP101880.1	ENA|CP101880|CP101880.1	68908	No terminal repeats	91	11	0.9944	NA	26	64.4586	F_traL;F_traE;F_traK;F_traV;virb4;F_traW;F_traU;F_traN;F_traF;F_traH;F_traG;MOBF	NF040806
CP101881.1	ENA|CP101881|CP101881.1	6141	No terminal repeats	7	11	0.9957	NA	2	5.5113	MOBP1	NF040806
CP101882.1	ENA|CP101882|CP101882.1	5251	No terminal repeats	7	11	0.9932	NA	2	3.1408	MOBP1	NA
CP101883.1	ENA|CP101883|CP101883.1	4678	No terminal repeats	6	11	0.9944	NA	1	3.7395	NA	NA
CP101930.1	NA	NA	NA	NA	NA	NA	NA	NA	NA	NA	NA
CP101931.1	NA	NA	NA	NA	NA	NA	NA	NA	NA	NA	NA
CP101932.1	NA	NA	NA	NA	NA	NA	NA	NA	NA	NA	NA
CP101936.1	NA	NA	NA	NA	NA	NA	NA	NA	NA	NA	NA
CP101937.1	NA	NA	NA	NA	NA	NA	NA	NA	NA	NA	NA
CP101991.1	NA	NA	NA	NA	NA	NA	NA	NA	NA	NA	NA
CP101992.1	NA	NA	NA	NA	NA	NA	NA	NA	NA	NA	NA
CP101993.1	NA	NA	NA	NA	NA	NA	NA	NA	NA	NA	NA
CP101994.1	NA	NA	NA	NA	NA	NA	NA	NA	NA	NA	NA
CP101995.1	NA	NA	NA	NA	NA	NA	NA	NA	NA	NA	NA
CP101996.1	NA	NA	NA	NA	NA	NA	NA	NA	NA	NA	NA
CP102070.1	NA	NA	NA	NA	NA	NA	NA	NA	NA	NA	NA
CP102071.1	ENA|CP102071|CP102071.1	60949	No terminal repeats	76	11	0.9889	NA	2	15.0791	FA_orf13	NF033693
CP102072.1	ENA|CP102072|CP102072.1	54298	No terminal repeats	60	11	0.9922	NA	1	10.7504	NA	NA
CP102073.1	ENA|CP102073|CP102073.1	21806	No terminal repeats	23	11	0.9930	NA	1	3.0631	NA	NF000424;NF012176
CP102074.1	ENA|CP102074|CP102074.1	10905	No terminal repeats	13	11	0.9943	NA	1	4.8090	NA	NA
CP102075.1	ENA|CP102075|CP102075.1	3348	No terminal repeats	4	11	0.9954	NA	2	4.1772	NA	NA
CP102076.1	NA	NA	NA	NA	NA	NA	NA	NA	NA	NA	NA
CP102086.1	NA	NA	NA	NA	NA	NA	NA	NA	NA	NA	NA
CP102121.1	NA	NA	NA	NA	NA	NA	NA	NA	NA	NA	NA
CP102546.1	NA	NA	NA	NA	NA	NA	NA	NA	NA	NA	NA
CP102547.1	ENA|CP102547|CP102547.1	132031	No terminal repeats	154	11	0.9947	NA	31	103.3609	MOBF;F_traG;F_traH;F_traF;F_traN;F_trbC;F_traU;F_traW;virb4;F_traV;F_traK;F_traE;F_traL	NF000270
CP102548.1	ENA|CP102548|CP102548.1	125297	No terminal repeats	150	11	0.9947	NA	17	82.2505	F_traE;F_traW;virb4;F_traV;F_traE;F_traL	NF000005;NF012147
CP102549.1	NA	NA	NA	NA	NA	NA	NA	NA	NA	NA	NA
CP102550.1	ENA|CP102550|CP102550.1	5251	No terminal repeats	5	11	0.9938	NA	2	3.1408	MOBP1	NA
CP102551.1	ENA|CP102551|CP102551.1	4642	No terminal repeats	5	11	0.9950	NA	1	3.7395	NA	NA
CP102583.1	NA	NA	NA	NA	NA	NA	NA	NA	NA	NA	NA
CP102756.1	NA	NA	NA	NA	NA	NA	NA	NA	NA	NA	NA
CP102757.1	ENA|CP102757|CP102757.1	84242	No terminal repeats	89	11	0.9953	NA	18	62.2459	I_traE;I_traI;I_traK;I_traL;I_traN;I_traO;I_traP;I_traQ;I_traR;I_traT;traU;I_traW;I_traY;I_trbA;I_trbB;MOBP1	NA
CP102758.1	ENA|CP102758|CP102758.1	6912	No terminal repeats	9	11	0.9942	NA	2	4.9260	MOBQ	NA
CP102759.1	ENA|CP102759|CP102759.1	4657	No terminal repeats	5	11	0.9940	NA	2	3.1408	MOBP1	NA
CP102760.1	ENA|CP102760|CP102760.1	3373	No terminal repeats	4	11	0.9951	NA	3	4.5487	MOBP1	NA
CP102761.1	NA	NA	NA	NA	NA	NA	NA	NA	NA	NA	NA
CP102769.1	NA	NA	NA	NA	NA	NA	NA	NA	NA	NA	NA
CP102927.1	NA	NA	NA	NA	NA	NA	NA	NA	NA	NA	NA
CP102928.1	NA	NA	NA	NA	NA	NA	NA	NA	NA	NA	NA
CP102940.1	NA	NA	NA	NA	NA	NA	NA	NA	NA	NA	NA
CP102941.1	ENA|CP102941|CP102941.1	224137	No terminal repeats	248	11	0.9939	NA	27	119.8687	F_traL;F_traE;F_traK;F_traV;virb4;F_traW;F_traU;F_trbC;F_traN;F_traF;F_traH;F_traG;MOBF	NF012174;NF000402
CP102944.1	NA	NA	NA	NA	NA	NA	NA	NA	NA	NA	NA
CP102962.1	NA	NA	NA	NA	NA	NA	NA	NA	NA	NA	NA
CP102971.1	NA	NA	NA	NA	NA	NA	NA	NA	NA	NA	NA
CP102974.1	NA	NA	NA	NA	NA	NA	NA	NA	NA	NA	NA
CP102977.1	NA	NA	NA	NA	NA	NA	NA	NA	NA	NA	NA
CP102993.1	NA	NA	NA	NA	NA	NA	NA	NA	NA	NA	NA
CP102994.1	ENA|CP102994|CP102994.1	175819	No terminal repeats	183	11	0.9942	NA	31	113.0940	F_traE;MOBF;F_traG;F_traH;F_traF;F_traN;F_trbC;F_traU;F_traW;virb4;F_traV;F_traK;F_traE;F_traL	NF000466;NF033144;NF000005;NF012147
CP102995.1	ENA|CP102995|CP102995.1	121101	No terminal repeats	125	11	0.9926	NA	5	40.4146	F_traE	NA
CP103328.1	NA	NA	NA	NA	NA	NA	NA	NA	NA	NA	NA
CP103350.1	NA	NA	NA	NA	NA	NA	NA	NA	NA	NA	NA
CP103351.1	NA	NA	NA	NA	NA	NA	NA	NA	NA	NA	NA
CP103365.1	NA	NA	NA	NA	NA	NA	NA	NA	NA	NA	NA
CP103367.1	ENA|CP103367|CP103367.1	97059	No terminal repeats	104	11	0.9945	NA	26	72.3048	MOBF;t4cp2;F_traG;F_traH;F_traF;F_traN;F_traN;F_traU;F_traW;virb4;F_traV;F_traK;F_traE;F_traL	NF000466;NF012174;NF000270;NF033144;NF000270
CP103368.1	ENA|CP103368|CP103368.1	339284	No terminal repeats	426	11	0.9900	NA	22	96.5632	T_virB1;F_traG;F_traH;F_traF;F_traU;F_traW;virb4;F_traV;F_traB;F_traK;F_traE;F_traL;t4cp1;MOBH;T_virB9;T_virB10	NA
CP103369.1	ENA|CP103369|CP103369.1	47401	No terminal repeats	51	11	0.9868	NA	10	16.2037	T_virB3;virb4;T_virB5;T_virB6;T_virB8;T_virB9;MOBP1	NA
CP103370.1	ENA|CP103370|CP103370.1	3773	No terminal repeats	7	11	0.9937	NA	1	3.2393	MOBQ	NA
CP103409.1	NA	NA	NA	NA	NA	NA	NA	NA	NA	NA	NA
CP103410.1	ENA|CP103410|CP103410.1	82662	No terminal repeats	94	11	0.9948	NA	9	68.8511	F_traK;F_traE;F_traL	NF012171;NF000402
CP103494.1	NA	NA	NA	NA	NA	NA	NA	NA	NA	NA	NA
CP103495.1	ENA|CP103495|CP103495.1	99163	No terminal repeats	107	11	0.9941	NA	6	50.9518	NA	NF000402
CP103496.1	ENA|CP103496|CP103496.1	83861	No terminal repeats	95	11	0.9948	NA	23	84.6985	F_traL;F_traE;F_traK;F_traB;F_traV;virb4;F_traW;F_traU;F_traN;F_traF;F_traH;F_traG;t4cp2;MOBF	NF012178
CP103497.1	NA	NA	NA	NA	NA	NA	NA	NA	NA	NA	NA
CP103498.1	ENA|CP103498|CP103498.1	2511	No terminal repeats	5	11	0.9944	NA	1	3.1262	NA	NA
CP103512.1	NA	NA	NA	NA	NA	NA	NA	NA	NA	NA	NA
CP103513.1	ENA|CP103513|CP103513.1	230429	No terminal repeats	248	11	0.9937	NA	5	79.1762	F_traE	NF000402;NF033134
CP103514.1	ENA|CP103514|CP103514.1	190614	No terminal repeats	232	11	0.9927	NA	25	82.0577	F_trbC;F_traU;F_traW;virb4;F_traV;F_traB;F_traK;F_traE;F_traL;t4cp1;MOBH;T_virB9;T_virB8;T_virB1;F_traG;F_traH;F_traF	NF000270;NF012178;NF040806;NF012174;NF033144
CP103674.1	NA	NA	NA	NA	NA	NA	NA	NA	NA	NA	NA
CP103675.1	ENA|CP103675|CP103675.1	86737	No terminal repeats	92	11	0.9940	NA	26	65.6267	MOBF;F_traG;F_traH;F_traF;F_traN;F_traU;F_traW;virb4;F_traV;F_traK;F_traE;F_traL	NA
CP103679.1	NA	NA	NA	NA	NA	NA	NA	NA	NA	NA	NA
CP103680.1	ENA|CP103680|CP103680.1	361069	No terminal repeats	398	11	0.9941	NA	38	255.6190	t4cp2;T_virB11;T_virB2;T_virB3;virb4;T_virB5;T_virB6;T_virB8;T_virB9;T_virB10;F_trbC;F_traU;F_traW;virb4;F_traV;F_traB;F_traE;t4cp2;T_virB11;T_virB2;T_virB3;virb4;T_virB5;T_virB6;T_virB8;T_virB9;T_virB10;t4cp1;MOBH;F_traF;F_traH	NF000153
CP103681.1	ENA|CP103681|CP103681.1	64082	No terminal repeats	75	11	0.9933	NA	4	27.4175	F_traE	NA
CP103682.1	ENA|CP103682|CP103682.1	4096	No terminal repeats	4	11	0.9961	NA	3	6.4720	MOBP1	NA
CP103768.1	NA	NA	NA	NA	NA	NA	NA	NA	NA	NA	NA
CP103783.1	NA	NA	NA	NA	NA	NA	NA	NA	NA	NA	NA
CP103784.1	NA	NA	NA	NA	NA	NA	NA	NA	NA	NA	NA
CP103791.1	NA	NA	NA	NA	NA	NA	NA	NA	NA	NA	NA
CP103792.1	ENA|CP103792|CP103792.1	278481	No terminal repeats	281	11	0.9942	NA	24	128.2010	I_traE;I_traI;I_traK;I_traL;I_traN;I_traO;I_traP;I_traQ;I_traR;I_traT;traU;I_traV;I_traW;I_traY;I_trbA;I_trbB;MOBP1;MOBP1	NF012174;NF012171
CP103849.1	NA	NA	NA	NA	NA	NA	NA	NA	NA	NA	NA
CP103850.1	NA	NA	NA	NA	NA	NA	NA	NA	NA	NA	NA
CP103862.1	NA	NA	NA	NA	NA	NA	NA	NA	NA	NA	NA
CP103863.1	NA	NA	NA	NA	NA	NA	NA	NA	NA	NA	NA
CP103995.1	NA	NA	NA	NA	NA	NA	NA	NA	NA	NA	NA
CP103996.1	NA	NA	NA	NA	NA	NA	NA	NA	NA	NA	NA
CP104097.1	NA	NA	NA	NA	NA	NA	NA	NA	NA	NA	NA
CP104170.1	NA	NA	NA	NA	NA	NA	NA	NA	NA	NA	NA
CP104269.1	ENA|CP104269|CP104269.1	10366	No terminal repeats	13	11	0.9934	NA	1	6.3127	NA	NA
CP104354.1	NA	NA	NA	NA	NA	NA	NA	NA	NA	NA	NA
CP104355.1	NA	NA	NA	NA	NA	NA	NA	NA	NA	NA	NA
CP104356.1	NA	NA	NA	NA	NA	NA	NA	NA	NA	NA	NA
CP104357.1	NA	NA	NA	NA	NA	NA	NA	NA	NA	NA	NA
CP104366.1	NA	NA	NA	NA	NA	NA	NA	NA	NA	NA	NA
CP104367.1	ENA|CP104367|CP104367.1	93844	No terminal repeats	117	11	0.9949	NA	31	78.7366	MOBF;F_traG;F_traH;F_traF;F_traN;F_traU;F_traW;virb4;F_traV;F_traK;F_traE;F_traL	NA
CP104405.1	NA	NA	NA	NA	NA	NA	NA	NA	NA	NA	NA
CP104406.1	NA	NA	NA	NA	NA	NA	NA	NA	NA	NA	NA
CP104469.1	NA	NA	NA	NA	NA	NA	NA	NA	NA	NA	NA
CP104470.1	ENA|CP104470|CP104470.1	2495	No terminal repeats	3	11	0.9953	NA	1	3.1262	NA	NA
CP104471.1	NA	NA	NA	NA	NA	NA	NA	NA	NA	NA	NA
CP104478.1	NA	NA	NA	NA	NA	NA	NA	NA	NA	NA	NA
CP104548.2	NA	NA	NA	NA	NA	NA	NA	NA	NA	NA	NA
CP104549.2	ENA|CP104549|CP104549.2	4153	No terminal repeats	9	11	0.9956	NA	3	9.4335	MOBP1	NA
CP104643.1	NA	NA	NA	NA	NA	NA	NA	NA	NA	NA	NA
CP104644.1	ENA|CP104644|CP104644.1	59329	No terminal repeats	75	11	0.9946	NA	16	46.7065	F_traV;F_traK;F_traE;F_traL	NA
CP104659.1	NA	NA	NA	NA	NA	NA	NA	NA	NA	NA	NA
CP104660.1	NA	NA	NA	NA	NA	NA	NA	NA	NA	NA	NA
CP104661.1	ENA|CP104661|CP104661.1	186135	No terminal repeats	200	11	0.9945	NA	28	125.5603	MOBF;F_traG;F_traH;F_traF;F_traN;F_trbC;F_traU;F_traW;virb4;F_traV;F_traK;F_traE;F_traL	NF000402
CP104662.1	ENA|CP104662|CP104662.1	115456	No terminal repeats	147	11	0.9949	NA	28	109.1076	F_traL;F_traE;F_traK;F_traV;virb4;F_traW;F_traU;F_trbC;F_traN;F_traF;F_traH;F_traG;MOBF	NF000005;NF012147;NF000270;NF000270;NF000270;NF000270
CP104663.1	ENA|CP104663|CP104663.1	9294	No terminal repeats	12	11	0.9952	NA	3	9.1824	MOBC	NA
CP104664.1	NA	NA	NA	NA	NA	NA	NA	NA	NA	NA	NA
CP104689.2	NA	NA	NA	NA	NA	NA	NA	NA	NA	NA	NA
CP104690.2	ENA|CP104690|CP104690.2	51479	No terminal repeats	65	11	0.9940	NA	9	31.1327	T_virB9;T_virB8;T_virB6;virb4;T_virB2;T_virB1	NF040806
CP104691.1	NA	NA	NA	NA	NA	NA	NA	NA	NA	NA	NA
CP104692.1	ENA|CP104692|CP104692.1	143089	No terminal repeats	161	11	0.9944	NA	25	102.3352	F_traL;F_traE;F_traK;F_traB;F_traV;virb4;F_traW;F_traU;F_trbC;F_traN;F_traF;F_traH;F_traG;t4cp2;MOBF	NF000402
CP104693.1	ENA|CP104693|CP104693.1	52053	No terminal repeats	63	11	0.9922	NA	8	25.9992	T_virB10;T_virB9;MOBC	NA
CP104720.1	NA	NA	NA	NA	NA	NA	NA	NA	NA	NA	NA
CP104748.1	NA	NA	NA	NA	NA	NA	NA	NA	NA	NA	NA
CP104749.1	NA	NA	NA	NA	NA	NA	NA	NA	NA	NA	NA
CP104750.1	NA	NA	NA	NA	NA	NA	NA	NA	NA	NA	NA
CP104805.1	NA	NA	NA	NA	NA	NA	NA	NA	NA	NA	NA
CP104806.1	ENA|CP104806|CP104806.1	81266	No terminal repeats	92	11	0.9955	NA	30	77.9973	MOBF;F_traG;F_traH;F_traF;F_traN;F_traU;F_traW;virb4;F_traV;F_traK;F_traE;F_traL	NA
CP104807.1	ENA|CP104807|CP104807.1	36957	No terminal repeats	45	11	0.9936	NA	1	11.1779	NA	NA
CP104808.1	NA	NA	NA	NA	NA	NA	NA	NA	NA	NA	NA
CP104809.1	ENA|CP104809|CP104809.1	6477	No terminal repeats	7	11	0.9922	NA	2	4.7620	NA	NA
CP104810.1	ENA|CP104810|CP104810.1	2894	No terminal repeats	6	11	0.9945	NA	1	4.9727	NA	NA
CP104811.1	ENA|CP104811|CP104811.1	2261	No terminal repeats	2	11	0.9950	NA	1	2.1179	NA	NA
CP104816.1	NA	NA	NA	NA	NA	NA	NA	NA	NA	NA	NA
CP104817.1	ENA|CP104817|CP104817.1	6477	No terminal repeats	7	11	0.9922	NA	2	4.7620	NA	NA
CP104818.1	NA	NA	NA	NA	NA	NA	NA	NA	NA	NA	NA
CP104819.1	ENA|CP104819|CP104819.1	2044	No terminal repeats	2	11	0.9965	NA	2	2.1806	NA	NA
CP104820.1	NA	NA	NA	NA	NA	NA	NA	NA	NA	NA	NA
CP104821.1	ENA|CP104821|CP104821.1	164832	No terminal repeats	199	11	0.9943	NA	39	100.5964	virb4;F_traV;F_traK;F_traE;F_traL;F_traE;F_traL;t4cp1;MOBH;I_trbA;I_trbB;MOBP1;MOBF;F_traG;F_traH;F_traF;F_traN;F_traU;F_traW;F_traF;F_traH;F_traG;T_virB1	NF012171;NF012174
CP104822.1	ENA|CP104822|CP104822.1	7540	No terminal repeats	7	11	0.9923	NA	2	3.1408	MOBP1	NA
CP104823.1	NA	NA	NA	NA	NA	NA	NA	NA	NA	NA	NA
CP104824.1	NA	NA	NA	NA	NA	NA	NA	NA	NA	NA	NA
CP104825.1	NA	NA	NA	NA	NA	NA	NA	NA	NA	NA	NA
CP104826.1	ENA|CP104826|CP104826.1	4074	No terminal repeats	4	11	0.9927	NA	1	1.7183	NA	NA
CP104827.1	ENA|CP104827|CP104827.1	3988	No terminal repeats	8	11	0.9936	NA	2	2.6645	MOBP1	NA
CP104828.1	NA	NA	NA	NA	NA	NA	NA	NA	NA	NA	NA
CP104855.1	NA	NA	NA	NA	NA	NA	NA	NA	NA	NA	NA
CP104913.1	NA	NA	NA	NA	NA	NA	NA	NA	NA	NA	NA
CP104986.1	NA	NA	NA	NA	NA	NA	NA	NA	NA	NA	NA
CP104987.1	NA	NA	NA	NA	NA	NA	NA	NA	NA	NA	NA
CP104988.1	NA	NA	NA	NA	NA	NA	NA	NA	NA	NA	NA
CP106671.1	NA	NA	NA	NA	NA	NA	NA	NA	NA	NA	NA
CP106672.1	NA	NA	NA	NA	NA	NA	NA	NA	NA	NA	NA
CP106673.1	NA	NA	NA	NA	NA	NA	NA	NA	NA	NA	NA
CP106674.1	NA	NA	NA	NA	NA	NA	NA	NA	NA	NA	NA
CP106749.1	NA	NA	NA	NA	NA	NA	NA	NA	NA	NA	NA
CP106750.1	ENA|CP106750|CP106750.1	4207	No terminal repeats	10	11	0.9952	NA	3	9.8962	MOBP1	NA
CP106757.1	NA	NA	NA	NA	NA	NA	NA	NA	NA	NA	NA
CP106758.1	ENA|CP106758|CP106758.1	65086	No terminal repeats	70	11	0.9905	NA	2	21.4087	MOBV	NF012176
CP106765.1	NA	NA	NA	NA	NA	NA	NA	NA	NA	NA	NA
CP106766.1	ENA|CP106766|CP106766.1	4207	No terminal repeats	10	11	0.9952	NA	3	9.8962	MOBP1	NA
CP106769.1	NA	NA	NA	NA	NA	NA	NA	NA	NA	NA	NA
CP106770.1	ENA|CP106770|CP106770.1	4207	No terminal repeats	9	11	0.9958	NA	3	9.8962	MOBP1	NA
CP106775.1	NA	NA	NA	NA	NA	NA	NA	NA	NA	NA	NA
CP106776.1	ENA|CP106776|CP106776.1	4207	No terminal repeats	11	11	0.9944	NA	3	9.4335	MOBP1	NA
CP106777.1	NA	NA	NA	NA	NA	NA	NA	NA	NA	NA	NA
CP106778.1	ENA|CP106778|CP106778.1	39245	No terminal repeats	45	11	0.9790	NA	9	16.3681	T_virB11;T_virB2;virb4;T_virB8;T_virB9;T_virB10;T_virB5	NA
CP106779.1	ENA|CP106779|CP106779.1	4210	No terminal repeats	9	11	0.9956	NA	3	9.8962	MOBP1	NA
CP106780.1	NA	NA	NA	NA	NA	NA	NA	NA	NA	NA	NA
CP106781.1	ENA|CP106781|CP106781.1	4207	No terminal repeats	9	11	0.9957	NA	3	9.8962	MOBP1	NA
CP106782.1	NA	NA	NA	NA	NA	NA	NA	NA	NA	NA	NA
CP106783.1	ENA|CP106783|CP106783.1	4207	No terminal repeats	10	11	0.9952	NA	3	9.8962	MOBP1	NA
CP106789.1	NA	NA	NA	NA	NA	NA	NA	NA	NA	NA	NA
CP106790.1	ENA|CP106790|CP106790.1	4207	No terminal repeats	8	11	0.9961	NA	3	9.8962	MOBP1	NA
CP106803.1	NA	NA	NA	NA	NA	NA	NA	NA	NA	NA	NA
CP106804.1	ENA|CP106804|CP106804.1	4207	No terminal repeats	9	11	0.9956	NA	3	9.8962	MOBP1	NA
CP106805.1	NA	NA	NA	NA	NA	NA	NA	NA	NA	NA	NA
CP106806.1	ENA|CP106806|CP106806.1	4207	No terminal repeats	9	11	0.9951	NA	2	8.1779	MOBP1	NA
CP106807.1	NA	NA	NA	NA	NA	NA	NA	NA	NA	NA	NA
CP106808.1	ENA|CP106808|CP106808.1	4207	No terminal repeats	9	11	0.9956	NA	3	9.8962	MOBP1	NA
CP106811.1	NA	NA	NA	NA	NA	NA	NA	NA	NA	NA	NA
CP106812.1	ENA|CP106812|CP106812.1	4207	No terminal repeats	10	11	0.9953	NA	3	9.8962	MOBP1	NA
CP106817.1	NA	NA	NA	NA	NA	NA	NA	NA	NA	NA	NA
CP106818.1	ENA|CP106818|CP106818.1	4207	No terminal repeats	9	11	0.9957	NA	3	9.8962	MOBP1	NA
CP106819.1	NA	NA	NA	NA	NA	NA	NA	NA	NA	NA	NA
CP106820.1	ENA|CP106820|CP106820.1	4207	No terminal repeats	9	11	0.9956	NA	3	9.8962	MOBP1	NA
CP106821.1	NA	NA	NA	NA	NA	NA	NA	NA	NA	NA	NA
CP106822.1	ENA|CP106822|CP106822.1	39054	No terminal repeats	46	11	0.9785	NA	9	16.3681	T_virB5;T_virB10;T_virB9;T_virB8;virb4;T_virB2;T_virB11	NA
CP106823.1	ENA|CP106823|CP106823.1	4207	No terminal repeats	10	11	0.9948	NA	3	9.4335	MOBP1	NA
CP106824.1	NA	NA	NA	NA	NA	NA	NA	NA	NA	NA	NA
CP106825.1	ENA|CP106825|CP106825.1	4194	No terminal repeats	10	11	0.9952	NA	3	9.8962	MOBP1	NA
CP106826.1	NA	NA	NA	NA	NA	NA	NA	NA	NA	NA	NA
CP106827.1	ENA|CP106827|CP106827.1	4207	No terminal repeats	10	11	0.9954	NA	3	9.8962	MOBP1	NA
CP106918.1	NA	NA	NA	NA	NA	NA	NA	NA	NA	NA	NA
CP106919.1	ENA|CP106919|CP106919.1	39054	No terminal repeats	45	11	0.9751	NA	9	16.3681	T_virB5;T_virB10;T_virB9;T_virB8;virb4;T_virB2;T_virB11	NA
CP106920.1	ENA|CP106920|CP106920.1	4207	No terminal repeats	11	11	0.9945	NA	3	9.4335	MOBP1	NA
CP106921.1	NA	NA	NA	NA	NA	NA	NA	NA	NA	NA	NA
CP106922.1	ENA|CP106922|CP106922.1	4194	No terminal repeats	9	11	0.9956	NA	3	9.8962	MOBP1	NA
CP106988.1	NA	NA	NA	NA	NA	NA	NA	NA	NA	NA	NA
CP106989.1	ENA|CP106989|CP106989.1	67024	No terminal repeats	94	11	0.9889	NA	15	32.4269	t4cp2;F_traL;F_traE;F_traK;F_traB;F_traV;F_traW;F_traU;F_trbC;F_trbC;F_traF;F_traH;F_traG	NA
CP106990.1	ENA|CP106990|CP106990.1	10967	No terminal repeats	13	11	0.9944	NA	1	6.9396	NA	NA
CP106991.1	ENA|CP106991|CP106991.1	2272	No terminal repeats	6	11	0.9900	NA	1	1.9759	NA	NA
CP107029.1	NA	NA	NA	NA	NA	NA	NA	NA	NA	NA	NA
CP107038.1	NA	NA	NA	NA	NA	NA	NA	NA	NA	NA	NA
CP107039.1	NA	NA	NA	NA	NA	NA	NA	NA	NA	NA	NA
CP107223.1	NA	NA	NA	NA	NA	NA	NA	NA	NA	NA	NA
CP107224.1	ENA|CP107224|CP107224.1	4153	No terminal repeats	9	11	0.9956	NA	3	9.8962	MOBP1	NA
CP107272.1	NA	NA	NA	NA	NA	NA	NA	NA	NA	NA	NA
CP107274.1	NA	NA	NA	NA	NA	NA	NA	NA	NA	NA	NA
CP107483.1	NA	NA	NA	NA	NA	NA	NA	NA	NA	NA	NA
CP107484.1	ENA|CP107484|CP107484.1	205636	No terminal repeats	228	11	0.9943	NA	27	119.4738	F_traL;F_traE;F_traK;F_traV;virb4;F_traW;F_traU;F_trbC;F_traN;F_traF;F_traH;F_traG;MOBF	NF012178;NF000402
CP107485.1	ENA|CP107485|CP107485.1	154720	No terminal repeats	191	11	0.9953	NA	39	148.6271	MOBF;F_traG;F_traH;F_traF;F_traN;F_trbC;F_traU;F_traW;virb4;F_traV;F_traK;F_traE;F_traL;F_traL;F_traE	NF000466
CP107486.1	ENA|CP107486|CP107486.1	10060	No terminal repeats	12	11	0.9939	NA	3	6.1700	MOBC	NA
CP107487.1	ENA|CP107487|CP107487.1	5596	No terminal repeats	8	11	0.9928	NA	2	4.5972	MOBP1	NA
CP107524.1	NA	NA	NA	NA	NA	NA	NA	NA	NA	NA	NA
CP107581.1	NA	NA	NA	NA	NA	NA	NA	NA	NA	NA	NA
CP107582.1	ENA|CP107582|CP107582.1	19667	No terminal repeats	26	11	0.9921	NA	2	5.7329	MOBQ;T_virB6	NA
CP107597.1	NA	NA	NA	NA	NA	NA	NA	NA	NA	NA	NA
CP107598.1	ENA|CP107598|CP107598.1	19667	No terminal repeats	27	11	0.9912	NA	2	5.7329	T_virB6;MOBQ	NA
CP107601.1	NA	NA	NA	NA	NA	NA	NA	NA	NA	NA	NA
CP107602.1	ENA|CP107602|CP107602.1	19667	No terminal repeats	27	11	0.9909	NA	2	5.7329	T_virB6;MOBQ	NA
CP107728.1	NA	NA	NA	NA	NA	NA	NA	NA	NA	NA	NA
CP109604.1	NA	NA	NA	NA	NA	NA	NA	NA	NA	NA	NA
CP109611.1	NA	NA	NA	NA	NA	NA	NA	NA	NA	NA	NA
CP109612.1	ENA|CP109612|CP109612.1	64400	No terminal repeats	76	11	0.9918	NA	2	24.5658	NA	NF012176
CP109613.1	ENA|CP109613|CP109613.1	74497	No terminal repeats	80	11	0.9931	NA	3	28.5492	FA_orf13	NF012176;NF033068
CP109739.1	NA	NA	NA	NA	NA	NA	NA	NA	NA	NA	NA
CP109740.1	ENA|CP109740|CP109740.1	133721	No terminal repeats	165	11	0.9948	NA	26	118.8232	F_traL;F_traE;F_traK;F_traB;F_traV;virb4;F_traW;F_traU;F_traN;F_traF;F_traH;F_traG;MOBF	NF000402
CP109741.1	ENA|CP109741|CP109741.1	53976	No terminal repeats	62	11	0.9923	NA	4	20.3302	MOBC	NF000270
CP109742.1	ENA|CP109742|CP109742.1	59632	No terminal repeats	79	11	0.9930	NA	15	38.8044	I_trbB;I_trbA;MOBP1;I_traI;I_traK;I_traL;I_traN;I_traO;I_traP;I_traQ;I_traR;traU;I_traW;I_traY	NA
CP109743.1	NA	NA	NA	NA	NA	NA	NA	NA	NA	NA	NA
CP109758.1	NA	NA	NA	NA	NA	NA	NA	NA	NA	NA	NA
CP109759.1	ENA|CP109759|CP109759.1	62460	No terminal repeats	73	11	0.9926	NA	3	18.2467	NA	NF012176
CP109760.1	ENA|CP109760|CP109760.1	25858	No terminal repeats	24	11	0.9942	NA	1	9.2163	NA	NF012176
CP109798.1	NA	NA	NA	NA	NA	NA	NA	NA	NA	NA	NA
CP109799.1	ENA|CP109799|CP109799.1	41051	DTR	43	11	0.9942	NA	2	12.9375	MOBV	NF012176;NF012176
CP109800.1	ENA|CP109800|CP109800.1	196419	No terminal repeats	228	11	0.9922	NA	3	64.4036	MOBP2	NF033068;NF033693
CP109824.1	NA	NA	NA	NA	NA	NA	NA	NA	NA	NA	NA
CP109825.1	ENA|CP109825|CP109825.1	93837	No terminal repeats	104	11	0.9929	NA	24	52.4480	F_traN;F_traF;F_traH;F_traG;t4cp2;MOBF;F_traL;F_traE;F_traK;F_traB;F_traV;virb4;F_traW;F_traU	NA
CP109826.1	ENA|CP109826|CP109826.1	39600	No terminal repeats	50	11	0.9928	NA	2	20.9731	NA	NA
CP109827.1	ENA|CP109827|CP109827.1	5699	No terminal repeats	7	11	0.9908	NA	2	2.9633	NA	NA
CP109828.1	NA	NA	NA	NA	NA	NA	NA	NA	NA	NA	NA
CP109829.1	NA	NA	NA	NA	NA	NA	NA	NA	NA	NA	NA
CP109830.1	ENA|CP109830|CP109830.1	107807	No terminal repeats	126	11	0.9949	NA	28	99.6594	F_traL;F_traE;F_traK;F_traV;virb4;F_traW;F_traU;F_trbC;F_traN;F_traF;F_traH;F_traG;MOBF	NA
CP109835.1	NA	NA	NA	NA	NA	NA	NA	NA	NA	NA	NA
CP109838.1	ENA|CP109838|CP109838.1	53378	No terminal repeats	64	11	0.9933	NA	3	14.8351	MOBV	NF012176;NF012176
CP109839.1	NA	NA	NA	NA	NA	NA	NA	NA	NA	NA	NA
CP109840.1	ENA|CP109840|CP109840.1	57547	No terminal repeats	64	11	0.9935	NA	4	34.8011	FATA_trsL;FATA_trsD;FATA_trsC	NF012176
CP109841.1	ENA|CP109841|CP109841.1	174036	No terminal repeats	200	11	0.9920	NA	2	51.0411	MOBP2	NF033068;NF033693
CP109842.1	ENA|CP109842|CP109842.1	51108	No terminal repeats	57	11	0.9935	NA	2	31.9405	MOBP2	NA
CP109849.1	NA	NA	NA	NA	NA	NA	NA	NA	NA	NA	NA
CP109850.1	NA	NA	NA	NA	NA	NA	NA	NA	NA	NA	NA
CP109856.1	NA	NA	NA	NA	NA	NA	NA	NA	NA	NA	NA
CP109920.1	NA	NA	NA	NA	NA	NA	NA	NA	NA	NA	NA
CP110040.1	NA	NA	NA	NA	NA	NA	NA	NA	NA	NA	NA
CP110053.1	NA	NA	NA	NA	NA	NA	NA	NA	NA	NA	NA
CP110054.1	NA	NA	NA	NA	NA	NA	NA	NA	NA	NA	NA
CP110055.1	NA	NA	NA	NA	NA	NA	NA	NA	NA	NA	NA
CP110056.1	ENA|CP110056|CP110056.1	45460	No terminal repeats	55	11	0.9929	NA	3	14.4808	FA_orf13	NA
CP110057.1	ENA|CP110057|CP110057.1	19758	No terminal repeats	23	11	0.9931	NA	3	10.7850	FATA_prgIc	NA
CP110058.1	ENA|CP110058|CP110058.1	5110	No terminal repeats	5	11	0.9924	NA	1	3.1574	MOBV	NA
CP110059.1	NA	NA	NA	NA	NA	NA	NA	NA	NA	NA	NA
CP110060.1	ENA|CP110060|CP110060.1	102346	No terminal repeats	132	11	0.9921	NA	3	27.9913	FA_orf13	NA
CP110061.1	ENA|CP110061|CP110061.1	19782	No terminal repeats	23	11	0.9918	NA	3	10.7850	FATA_prgIc	NA
CP110062.1	ENA|CP110062|CP110062.1	5166	No terminal repeats	5	11	0.9921	NA	1	3.1574	MOBV	NA
CP110063.1	NA	NA	NA	NA	NA	NA	NA	NA	NA	NA	NA
CP110064.1	ENA|CP110064|CP110064.1	38297	No terminal repeats	41	11	0.9934	NA	2	10.3130	NA	NA
CP110065.1	NA	NA	NA	NA	NA	NA	NA	NA	NA	NA	NA
CP110066.1	ENA|CP110066|CP110066.1	28923	No terminal repeats	38	11	0.9948	NA	4	24.7823	FATA_trsL;FATA_trsD;FATA_trsC	NA
CP110067.1	ENA|CP110067|CP110067.1	5110	No terminal repeats	5	11	0.9925	NA	1	3.1574	MOBV	NA
CP110068.1	NA	NA	NA	NA	NA	NA	NA	NA	NA	NA	NA
CP110069.1	NA	NA	NA	NA	NA	NA	NA	NA	NA	NA	NA
CP110070.1	ENA|CP110070|CP110070.1	43800	No terminal repeats	52	11	0.9919	NA	1	8.9169	NA	NA
CP110071.1	NA	NA	NA	NA	NA	NA	NA	NA	NA	NA	NA
CP110074.1	NA	NA	NA	NA	NA	NA	NA	NA	NA	NA	NA
CP110075.1	ENA|CP110075|CP110075.1	74135	No terminal repeats	73	11	0.9935	NA	2	29.5937	NA	NA
CP110076.1	ENA|CP110076|CP110076.1	62694	No terminal repeats	67	11	0.9904	NA	2	19.2693	NA	NF012176
CP110077.1	ENA|CP110077|CP110077.1	13461	No terminal repeats	15	11	0.9935	NA	1	3.7208	NA	NA
CP110078.1	ENA|CP110078|CP110078.1	5143	No terminal repeats	5	11	0.9925	NA	1	3.1574	MOBV	NA
CP110102.1	NA	NA	NA	NA	NA	NA	NA	NA	NA	NA	NA
CP110103.1	NA	NA	NA	NA	NA	NA	NA	NA	NA	NA	NA
CP110145.1	NA	NA	NA	NA	NA	NA	NA	NA	NA	NA	NA
CP110146.1	ENA|CP110146|CP110146.1	273252	No terminal repeats	304	11	0.9934	NA	20	115.3775	t4cp1;MOBH;F_traF;F_traH;F_traG;F_traE;F_traK;F_traB;F_traV;virb4;F_traW;F_traU;F_trbC;T_virB10	NF012171;NF000466;NF012171;NF000107;NF012174
CP110147.1	ENA|CP110147|CP110147.1	216138	No terminal repeats	219	11	0.9926	NA	8	63.4238	F_traE;F_traE;F_traE	NF000402;NF033085;NF012178
CP110188.1	NA	NA	NA	NA	NA	NA	NA	NA	NA	NA	NA
CP110189.1	NA	NA	NA	NA	NA	NA	NA	NA	NA	NA	NA
CP110198.1	NA	NA	NA	NA	NA	NA	NA	NA	NA	NA	NA
CP110199.1	ENA|CP110199|CP110199.1	77789	No terminal repeats	89	11	0.9956	NA	28	75.2486	F_traL;F_traE;F_traK;F_traV;virb4;F_traW;F_traU;F_traN;F_traF;F_traH;F_traG;MOBF	NF012147;NF000005;NF012178
CP110200.1	ENA|CP110200|CP110200.1	6714	No terminal repeats	7	11	0.9948	NA	2	6.5041	NA	NA
CP110352.1	NA	NA	NA	NA	NA	NA	NA	NA	NA	NA	NA
CP110371.1	NA	NA	NA	NA	NA	NA	NA	NA	NA	NA	NA
CP110372.1	NA	NA	NA	NA	NA	NA	NA	NA	NA	NA	NA
CP110373.1	NA	NA	NA	NA	NA	NA	NA	NA	NA	NA	NA
CP110374.1	NA	NA	NA	NA	NA	NA	NA	NA	NA	NA	NA
CP110375.1	NA	NA	NA	NA	NA	NA	NA	NA	NA	NA	NA
CP110376.1	NA	NA	NA	NA	NA	NA	NA	NA	NA	NA	NA
CP110377.1	NA	NA	NA	NA	NA	NA	NA	NA	NA	NA	NA
CP110462.1	NA	NA	NA	NA	NA	NA	NA	NA	NA	NA	NA
CP110463.1	ENA|CP110463|CP110463.1	6078	No terminal repeats	7	11	0.9941	NA	2	5.0002	MOBP1	NF000153
CP110464.1	ENA|CP110464|CP110464.1	12952	No terminal repeats	14	11	0.9935	NA	1	5.2214	NA	NA
CP110465.1	NA	NA	NA	NA	NA	NA	NA	NA	NA	NA	NA
CP110466.1	NA	NA	NA	NA	NA	NA	NA	NA	NA	NA	NA
CP110467.1	ENA|CP110467|CP110467.1	124107	No terminal repeats	144	11	0.9898	NA	15	56.7119	t4cp2;F_traL;F_traE;F_traK;F_traB;F_traV;F_traW;F_traU;F_trbC;F_trbC;F_traF;F_traH;F_traG	NF040806
CP110468.1	ENA|CP110468|CP110468.1	141033	No terminal repeats	148	11	0.9897	NA	7	42.8422	I_traY;I_traW;traU;I_traN;I_traM;I_traI	NF040806;NF012171
CP110673.1	NA	NA	NA	NA	NA	NA	NA	NA	NA	NA	NA
CP110775.1	NA	NA	NA	NA	NA	NA	NA	NA	NA	NA	NA
CP110776.1	ENA|CP110776|CP110776.1	151674	No terminal repeats	180	11	0.9930	NA	22	68.6886	MOBH;t4cp1;F_traL;F_traE;F_traK;F_traB;F_traV;virb4;F_traW;F_traU;F_trbC;F_traF;F_traH;F_traG;T_virB1	NF012178;NF012147
CP110777.1	ENA|CP110777|CP110777.1	111716	No terminal repeats	118	11	0.9941	NA	23	58.1345	F_traW;F_traU;F_traN;F_traN;F_traF;F_traH;F_traG;t4cp2;MOBF;F_traV;F_traK;F_traE;F_traL	NA
CP110778.1	ENA|CP110778|CP110778.1	81813	No terminal repeats	92	11	0.9935	NA	4	37.8550	MOBC	NF000270;NF000270;NF000466
CP110780.1	ENA|CP110780|CP110780.1	51479	No terminal repeats	65	11	0.9941	NA	9	31.1327	T_virB1;T_virB2;virb4;T_virB6;T_virB8;T_virB9	NF040806
CP110781.1	ENA|CP110781|CP110781.1	3576	No terminal repeats	4	11	0.9933	NA	1	2.2083	NA	NA
CP110857.1	NA	NA	NA	NA	NA	NA	NA	NA	NA	NA	NA
CP110890.1	ENA|CP110890|CP110890.1	33719	No terminal repeats	47	11	0.9943	NA	8	34.9302	T_virB9;T_virB8;T_virB6;T_virB5;virb4;T_virB3	NA
CP110891.1	ENA|CP110891|CP110891.1	227029	No terminal repeats	288	11	0.9896	NA	19	48.7543	MOBH;t4cp1;F_traL;F_traE;F_traK;F_traB;F_traV;virb4;F_traW;F_traU;F_traF;F_traH;F_traG;T_virB1	NF000496;NF000270;NF033144
CP110892.1	ENA|CP110892|CP110892.1	211224	No terminal repeats	244	11	0.9936	NA	31	103.1092	F_traL;F_traE;F_traK;F_traV;virb4;F_traW;F_traU;F_traN;F_traN;F_traF;F_traH;F_traG;t4cp2;MOBF;F_traF;F_traH;F_traG;T_virB1	NF012147;NF000005
CP110893.1	ENA|CP110893|CP110893.1	22675	No terminal repeats	31	11	0.9941	NA	9	24.2389	MOBC;T_virB9;T_virB8;T_virB6;virb4;T_virB2	NA
CP110894.1	NA	NA	NA	NA	NA	NA	NA	NA	NA	NA	NA
CP110895.1	ENA|CP110895|CP110895.1	13336	No terminal repeats	18	11	0.9940	NA	2	8.6415	NA	NA
CP110896.1	ENA|CP110896|CP110896.1	106844	No terminal repeats	124	11	0.9930	NA	17	65.0064	MOBP1;T_virB2;virb4;T_virB6;T_virB8;T_virB9;T_virB2;virb4;T_virB6;T_virB8;T_virB9	NA
CP110897.1	ENA|CP110897|CP110897.1	8282	No terminal repeats	11	11	0.9946	NA	2	8.0042	MOBC	NA
CP110898.1	ENA|CP110898|CP110898.1	13038	No terminal repeats	9	11	0.9949	NA	2	4.4772	MOBQ	NA
CP110899.1	ENA|CP110899|CP110899.1	70575	No terminal repeats	101	11	0.9924	NA	7	24.9042	F_traF;F_traH;F_traG;T_virB1	NF012147;NF000005
CP110900.1	NA	NA	NA	NA	NA	NA	NA	NA	NA	NA	NA
CP110901.1	ENA|CP110901|CP110901.1	8282	No terminal repeats	12	11	0.9946	NA	2	8.0042	MOBC	NA
CP110902.1	ENA|CP110902|CP110902.1	5651	No terminal repeats	5	11	0.9950	NA	2	4.8969	MOBQ	NA
CP110903.1	ENA|CP110903|CP110903.1	33742	No terminal repeats	47	11	0.9943	NA	8	34.9302	T_virB9;T_virB8;T_virB6;T_virB5;virb4;T_virB3	NA
CP110904.1	ENA|CP110904|CP110904.1	289445	No terminal repeats	333	11	0.9939	NA	17	213.0153	F_traE;F_traB;F_traV;virb4;F_traW;F_traU;F_trbC;F_traH;F_traF;MOBH;t4cp1	NF000270;NF033144;NF012171;NF012178
CP110905.1	ENA|CP110905|CP110905.1	9380	No terminal repeats	8	11	0.9942	NA	2	4.4772	MOBQ	NA
CP110907.1	ENA|CP110907|CP110907.1	33719	No terminal repeats	47	11	0.9943	NA	8	34.9302	T_virB9;T_virB8;T_virB6;T_virB5;virb4;T_virB3	NA
CP110908.1	ENA|CP110908|CP110908.1	145615	No terminal repeats	151	11	0.9941	NA	24	81.3627	MOBF;t4cp2;F_traG;F_traH;F_traF;F_traN;F_traN;F_traU;F_traW;virb4;F_traV;F_traK;F_traE;F_traL	NF012178
CP110909.1	ENA|CP110909|CP110909.1	22675	No terminal repeats	31	11	0.9941	NA	9	24.2389	MOBC;T_virB9;T_virB8;T_virB6;virb4;T_virB2	NA
CP110910.1	ENA|CP110910|CP110910.1	8282	No terminal repeats	12	11	0.9931	NA	1	6.5052	NA	NA
CP110911.1	ENA|CP110911|CP110911.1	227029	No terminal repeats	288	11	0.9896	NA	19	48.7543	MOBH;t4cp1;F_traL;F_traE;F_traK;F_traB;F_traV;virb4;F_traW;F_traU;F_traF;F_traH;F_traG;T_virB1	NF000496;NF000270;NF033144
CP110912.1	ENA|CP110912|CP110912.1	11156	No terminal repeats	11	11	0.9926	NA	3	4.6971	MOBQ;MOBQ	NA
CP110913.1	ENA|CP110913|CP110913.1	70575	No terminal repeats	101	11	0.9924	NA	7	24.9042	F_traF;F_traH;F_traG;T_virB1	NF012147;NF000005
CP110914.1	NA	NA	NA	NA	NA	NA	NA	NA	NA	NA	NA
CP110915.1	ENA|CP110915|CP110915.1	41244	No terminal repeats	55	11	0.9936	NA	8	29.4850	T_virB9;T_virB8;T_virB6;virb4;T_virB2	NA
CP110952.1	NA	NA	NA	NA	NA	NA	NA	NA	NA	NA	NA
CP110953.1	ENA|CP110953|CP110953.1	134385	No terminal repeats	150	11	0.9947	NA	29	109.7161	MOBF;F_traG;F_traH;F_traF;F_traN;F_trbC;F_traU;F_traW;virb4;F_traV;F_traK;F_traE;F_traL	NF000270;NF000270;NF000270;NF000270
CP110954.1	ENA|CP110954|CP110954.1	93546	No terminal repeats	104	11	0.9944	NA	3	48.8659	NA	NF000402
CP110955.1	ENA|CP110955|CP110955.1	43380	No terminal repeats	56	11	0.9934	NA	9	24.5654	T_virB9;T_virB8;T_virB6;virb4;T_virB2;T_virB1	NA
CP110956.1	ENA|CP110956|CP110956.1	13636	No terminal repeats	16	11	0.9949	NA	3	11.5109	MOBC	NA
CP112862.1	NA	NA	NA	NA	NA	NA	NA	NA	NA	NA	NA
CP112863.1	ENA|CP112863|CP112863.1	233640	No terminal repeats	255	11	0.9892	NA	2	57.6931	MOBP2	NA
CP112864.1	ENA|CP112864|CP112864.1	82830	No terminal repeats	99	11	0.9831	NA	2	8.4567	NA	NA
CP112865.1	ENA|CP112865|CP112865.1	59943	No terminal repeats	78	11	0.9911	NA	1	11.0995	NA	NF033115;NF033693
CP113035.1	ENA|CP113035|CP113035.1	26336	No terminal repeats	34	11	0.9929	NA	2	10.7610	MOBV	NF033693;NF012167;NF040806
CP113036.1	ENA|CP113036|CP113036.1	34598	No terminal repeats	41	11	0.9929	NA	3	15.8346	MOBV	NF040806;NF012167;NF033693
CP113037.1	NA	NA	NA	NA	NA	NA	NA	NA	NA	NA	NA
CP113038.1	ENA|CP113038|CP113038.1	25943	No terminal repeats	32	11	0.9938	NA	2	10.7610	MOBV	NF033693;NF012167;NF040806
CP113042.1	NA	NA	NA	NA	NA	NA	NA	NA	NA	NA	NA
CP113043.1	ENA|CP113043|CP113043.1	54230	No terminal repeats	72	11	0.9934	NA	4	17.1481	NA	NF033068;NF040806;NF012167;NF033068;NF040806
CP113051.1	NA	NA	NA	NA	NA	NA	NA	NA	NA	NA	NA
CP113080.1	NA	NA	NA	NA	NA	NA	NA	NA	NA	NA	NA
CP113081.1	ENA|CP113081|CP113081.1	83610	No terminal repeats	115	11	0.9894	NA	16	34.2162	F_traG;F_traH;F_traF;F_trbC;F_trbC;F_traU;F_traW;F_traV;F_traB;F_traK;F_traE;F_traL;t4cp2	NF000153;NF012174;NF012171
CP113082.1	NA	NA	NA	NA	NA	NA	NA	NA	NA	NA	NA
CP113114.1	NA	NA	NA	NA	NA	NA	NA	NA	NA	NA	NA
CP113115.1	NA	NA	NA	NA	NA	NA	NA	NA	NA	NA	NA
CP113165.1	NA	NA	NA	NA	NA	NA	NA	NA	NA	NA	NA
CP113166.1	ENA|CP113166|CP113166.1	202189	No terminal repeats	208	11	0.9920	NA	7	62.9959	F_traE;F_traE	NF012174;NF012171;NF000466;NF033144;NF012178
CP113167.1	ENA|CP113167|CP113167.1	104215	No terminal repeats	125	11	0.9950	NA	27	99.3620	F_traL;F_traE;F_traK;F_traV;virb4;F_traW;F_traU;F_trbC;F_traN;F_traF;F_traH;F_traG;MOBF	NF033085;NF033085
CP113186.1	ENA|CP113186|CP113186.1	279422	No terminal repeats	308	11	0.9933	NA	20	121.3896	t4cp1;MOBH;F_traF;F_traH;F_traG;T_virB10;F_trbC;F_traU;F_traW;virb4;F_traV;F_traB;F_traK;F_traE	NF012174;NF000107;NF012171;NF000466;NF012171
CP113187.1	ENA|CP113187|CP113187.1	103507	No terminal repeats	123	11	0.9951	NA	27	101.0205	F_traL;F_traE;F_traK;F_traV;virb4;F_traW;F_traU;F_trbC;F_traN;F_traF;F_traH;F_traG;MOBF	NF033085;NF033085
CP113188.1	ENA|CP113188|CP113188.1	70383	No terminal repeats	82	11	0.9958	NA	27	76.9723	F_traL;F_traE;F_traK;F_traV;virb4;F_traW;F_traU;F_trbC;F_traN;F_traF;F_traH;F_traG;MOBF	NF000466;NF000466
CP113189.1	ENA|CP113189|CP113189.1	57862	No terminal repeats	71	11	0.9945	NA	3	38.2675	NA	NF000027;NF012174;NF012178;NF033144
CP113190.1	ENA|CP113190|CP113190.1	9582	No terminal repeats	12	11	0.9936	NA	1	3.6739	NA	NA
CP113191.1	NA	NA	NA	NA	NA	NA	NA	NA	NA	NA	NA
CP113266.1	NA	NA	NA	NA	NA	NA	NA	NA	NA	NA	NA
CP113267.1	NA	NA	NA	NA	NA	NA	NA	NA	NA	NA	NA
CP113784.1	NA	NA	NA	NA	NA	NA	NA	NA	NA	NA	NA
CP113785.1	ENA|CP113785|CP113785.1	4938	No terminal repeats	7	11	0.9940	NA	2	4.5840	MOBP1	NA
CP113832.1	NA	NA	NA	NA	NA	NA	NA	NA	NA	NA	NA
CP113833.1	ENA|CP113833|CP113833.1	73413	No terminal repeats	86	11	0.9924	NA	2	31.0996	NA	NF012176;NF033068
CP113834.1	ENA|CP113834|CP113834.1	68512	No terminal repeats	73	11	0.9907	NA	3	25.1108	FA_orf13	NA
CP113835.1	ENA|CP113835|CP113835.1	49275	No terminal repeats	50	11	0.9881	NA	3	13.9168	FATA_prgIc;FATA_prgL	NA
CP113974.1	NA	NA	NA	NA	NA	NA	NA	NA	NA	NA	NA
CP114033.1	NA	NA	NA	NA	NA	NA	NA	NA	NA	NA	NA
CP114034.1	ENA|CP114034|CP114034.1	59140	No terminal repeats	79	11	0.9928	NA	16	40.3399	I_trbB;I_trbA;MOBP1;I_traI;I_traK;I_traL;I_traN;I_traO;I_traP;I_traQ;I_traR;traU;I_traW;I_traY	NA
CP114075.1	NA	NA	NA	NA	NA	NA	NA	NA	NA	NA	NA
CP114077.1	NA	NA	NA	NA	NA	NA	NA	NA	NA	NA	NA
CP114078.1	NA	NA	NA	NA	NA	NA	NA	NA	NA	NA	NA
CP114080.1	NA	NA	NA	NA	NA	NA	NA	NA	NA	NA	NA
CP114085.1	NA	NA	NA	NA	NA	NA	NA	NA	NA	NA	NA
CP114087.1	NA	NA	NA	NA	NA	NA	NA	NA	NA	NA	NA
CP114092.1	NA	NA	NA	NA	NA	NA	NA	NA	NA	NA	NA
CP114093.1	NA	NA	NA	NA	NA	NA	NA	NA	NA	NA	NA
CP114094.1	NA	NA	NA	NA	NA	NA	NA	NA	NA	NA	NA
CP114097.1	NA	NA	NA	NA	NA	NA	NA	NA	NA	NA	NA
CP114102.1	NA	NA	NA	NA	NA	NA	NA	NA	NA	NA	NA
CP114105.1	NA	NA	NA	NA	NA	NA	NA	NA	NA	NA	NA
CP114107.1	NA	NA	NA	NA	NA	NA	NA	NA	NA	NA	NA
CP114381.1	NA	NA	NA	NA	NA	NA	NA	NA	NA	NA	NA
CP114382.1	NA	NA	NA	NA	NA	NA	NA	NA	NA	NA	NA
CP114383.1	NA	NA	NA	NA	NA	NA	NA	NA	NA	NA	NA
CP114384.1	NA	NA	NA	NA	NA	NA	NA	NA	NA	NA	NA
CP114564.1	NA	NA	NA	NA	NA	NA	NA	NA	NA	NA	NA
CP114565.1	ENA|CP114565|CP114565.1	359392	No terminal repeats	380	11	0.9944	NA	37	268.1464	F_traE;F_traB;F_traV;virb4;F_traW;F_traU;F_trbC;T_virB10;T_virB9;T_virB8;T_virB6;T_virB5;virb4;T_virB3;T_virB2;T_virB11;t4cp2;F_traH;F_traF;MOBH;t4cp1;T_virB10;T_virB9;T_virB8;T_virB6;T_virB5;virb4;T_virB3;T_virB2;T_virB11;t4cp2	NF000402
CP114566.1	ENA|CP114566|CP114566.1	210045	No terminal repeats	256	11	0.9912	NA	22	27.6150	MOBH;t4cp1;F_traL;F_traE;F_traK;F_traB;F_traV;virb4;F_traW;F_traU;F_trbC;F_traF;F_traH;F_traG;T_virB1	NF000153
CP114567.1	ENA|CP114567|CP114567.1	117198	No terminal repeats	130	11	0.9950	NA	24	103.2324	F_traL;F_traE;F_traK;F_traB;F_traV;virb4;F_traW;F_traU;F_trbC;F_traN;F_traF;F_traH;F_traG;t4cp2;MOBF	NF000402
CP114568.1	NA	NA	NA	NA	NA	NA	NA	NA	NA	NA	NA
CP114569.1	NA	NA	NA	NA	NA	NA	NA	NA	NA	NA	NA
CP114570.1	ENA|CP114570|CP114570.1	46143	No terminal repeats	50	11	0.9943	NA	1	17.6217	NA	NF012174;NF000270;NF033144;NF012178
CP114571.1	NA	NA	NA	NA	NA	NA	NA	NA	NA	NA	NA
CP114572.1	ENA|CP114572|CP114572.1	69180	No terminal repeats	78	11	0.9943	NA	24	56.1422	F_traL;F_traE;F_traK;F_traB;F_traV;virb4;F_traW;F_traU;F_traN;F_traF;F_traH;F_traG;t4cp2;MOBF	NA
CP114573.1	ENA|CP114573|CP114573.1	39461	No terminal repeats	42	11	0.9944	NA	1	16.3108	NA	NF012174
CP114574.1	ENA|CP114574|CP114574.1	308217	No terminal repeats	342	11	0.9943	NA	19	210.4280	F_traE;F_traB;F_traV;virb4;F_traW;F_traU;F_trbC;t4cp1;MOBH;F_traF;F_traH;T_virB1	NF012178;NF012171
CP114575.1	ENA|CP114575|CP114575.1	53769	No terminal repeats	69	11	0.9934	NA	9	22.9003	T_virB9;T_virB8;T_virB6;virb4;T_virB2;T_virB1	NF000005;NF012147
CP114899.1	NA	NA	NA	NA	NA	NA	NA	NA	NA	NA	NA
CP114900.1	ENA|CP114900|CP114900.1	54527	No terminal repeats	66	11	0.9905	NA	3	12.8610	MOBC;FA_orf13	NF000145
CP114979.1	NA	NA	NA	NA	NA	NA	NA	NA	NA	NA	NA
CP114980.1	ENA|CP114980|CP114980.1	165063	No terminal repeats	187	11	0.9939	NA	22	104.6184	F_traL;F_traE;F_traK;F_traB;F_traV;virb4;F_traW;F_traU;F_traN;F_traF;F_traH;F_traG;t4cp2;MOBF	NF000402;NF033144;NF000270;NF012171
CP114981.1	ENA|CP114981|CP114981.1	82723	No terminal repeats	96	11	0.9917	NA	1	21.1201	NA	NF012174;NF000138;NF000153
CP114982.1	ENA|CP114982|CP114982.1	51479	No terminal repeats	66	11	0.9940	NA	9	31.1327	T_virB9;T_virB8;T_virB6;virb4;T_virB2;T_virB1	NF040806
CP114983.1	ENA|CP114983|CP114983.1	5411	No terminal repeats	9	11	0.9943	NA	2	5.5710	MOBP1	NA
CP114984.1	ENA|CP114984|CP114984.1	2495	No terminal repeats	3	11	0.9953	NA	1	3.1262	NA	NA
CP114985.1	NA	NA	NA	NA	NA	NA	NA	NA	NA	NA	NA
CP114986.1	NA	NA	NA	NA	NA	NA	NA	NA	NA	NA	NA
CP114987.1	ENA|CP114987|CP114987.1	69933	No terminal repeats	82	11	0.9957	NA	27	74.1850	F_traL;F_traE;F_traK;F_traV;virb4;F_traW;F_traU;F_trbC;F_traN;F_traF;F_traH;F_traG;MOBF	NF000466
CP114988.1	ENA|CP114988|CP114988.1	51479	No terminal repeats	66	11	0.9937	NA	9	31.1327	T_virB1;T_virB2;virb4;T_virB6;T_virB8;T_virB9	NF040806
CP114989.1	NA	NA	NA	NA	NA	NA	NA	NA	NA	NA	NA
CP114990.1	ENA|CP114990|CP114990.1	3338	No terminal repeats	6	11	0.9948	NA	2	4.6321	NA	NA
CP114991.1	ENA|CP114991|CP114991.1	3223	No terminal repeats	5	11	0.9963	NA	4	7.7346	MOBP1	NA
CP114992.1	NA	NA	NA	NA	NA	NA	NA	NA	NA	NA	NA
CP114993.1	ENA|CP114993|CP114993.1	2495	No terminal repeats	3	11	0.9952	NA	1	3.1262	NA	NA
CP114994.1	NA	NA	NA	NA	NA	NA	NA	NA	NA	NA	NA
CP114995.1	ENA|CP114995|CP114995.1	51479	No terminal repeats	66	11	0.9938	NA	9	31.8719	T_virB9;T_virB8;T_virB6;virb4;T_virB2;T_virB1	NF040806;NF040806
CP114996.1	ENA|CP114996|CP114996.1	2496	No terminal repeats	3	11	0.9953	NA	1	3.1262	NA	NA
CP114997.1	NA	NA	NA	NA	NA	NA	NA	NA	NA	NA	NA
CP114998.1	ENA|CP114998|CP114998.1	51479	No terminal repeats	65	11	0.9939	NA	9	31.1327	T_virB1;T_virB2;virb4;T_virB6;T_virB8;T_virB9	NF040806
CP114999.1	ENA|CP114999|CP114999.1	2496	No terminal repeats	3	11	0.9952	NA	1	3.1262	NA	NA
CP115004.1	NA	NA	NA	NA	NA	NA	NA	NA	NA	NA	NA
CP115005.1	ENA|CP115005|CP115005.1	54232	No terminal repeats	68	11	0.9938	NA	9	35.2914	T_virB9;T_virB8;T_virB6;virb4;T_virB2;T_virB1	NF040806
CP115006.1	ENA|CP115006|CP115006.1	5413	No terminal repeats	10	11	0.9951	NA	4	7.2785	MOBP1	NA
CP115007.1	NA	NA	NA	NA	NA	NA	NA	NA	NA	NA	NA
CP115008.1	ENA|CP115008|CP115008.1	2511	No terminal repeats	5	11	0.9942	NA	1	3.1262	NA	NA
CP115009.1	NA	NA	NA	NA	NA	NA	NA	NA	NA	NA	NA
CP115010.1	ENA|CP115010|CP115010.1	109998	No terminal repeats	143	11	0.9936	NA	16	52.8585	MOBH;t4cp1;F_traL;F_traE;F_traK;F_traB;F_traV;F_traF;F_traH;F_traG;T_virB1	NF012174;NF012171;NF033085;NF000153
CP115011.1	ENA|CP115011|CP115011.1	99795	No terminal repeats	107	11	0.9929	NA	20	76.4480	MOBP1;I_trbB;I_trbA;I_traY;I_traW;traU;I_traR;I_traQ;I_traP;I_traO;I_traN;I_traM;I_traL;I_traK;I_traI	NA
CP115012.1	ENA|CP115012|CP115012.1	84227	No terminal repeats	103	11	0.9943	NA	18	59.6540	MOBP1;I_traI;I_traK;I_traL;I_traN;I_traO;I_traP;I_traQ;I_traR;traU;I_traW;I_traY;I_trbA;I_trbB	NF000119;NF012174
CP115013.1	ENA|CP115013|CP115013.1	52830	No terminal repeats	67	11	0.9938	NA	9	31.1327	T_virB1;T_virB2;virb4;T_virB6;T_virB8;T_virB9	NF040806
CP115014.1	ENA|CP115014|CP115014.1	4947	No terminal repeats	5	11	0.9943	NA	2	2.0561	MOBP1	NA
CP115015.1	NA	NA	NA	NA	NA	NA	NA	NA	NA	NA	NA
CP115016.1	ENA|CP115016|CP115016.1	109998	No terminal repeats	143	11	0.9936	NA	16	52.8585	MOBH;t4cp1;F_traL;F_traE;F_traK;F_traB;F_traV;F_traF;F_traH;F_traG;T_virB1	NF012174;NF012171;NF033085;NF000153
CP115017.1	ENA|CP115017|CP115017.1	99795	No terminal repeats	107	11	0.9929	NA	20	76.4480	MOBP1;I_trbB;I_trbA;I_traY;I_traW;traU;I_traR;I_traQ;I_traP;I_traO;I_traN;I_traM;I_traL;I_traK;I_traI	NA
CP115018.1	ENA|CP115018|CP115018.1	84227	No terminal repeats	102	11	0.9940	NA	18	58.5115	I_trbB;I_trbA;I_traY;I_traW;traU;I_traR;I_traQ;I_traP;I_traO;I_traN;I_traL;I_traK;I_traI;MOBP1	NF012174;NF000119
CP115019.1	ENA|CP115019|CP115019.1	52830	No terminal repeats	68	11	0.9937	NA	9	31.1327	T_virB1;T_virB2;virb4;T_virB6;T_virB8;T_virB9	NF040806
CP115020.1	ENA|CP115020|CP115020.1	4947	No terminal repeats	6	11	0.9936	NA	2	2.0561	MOBP1	NA
CP115129.1	NA	NA	NA	NA	NA	NA	NA	NA	NA	NA	NA
CP115130.1	ENA|CP115130|CP115130.1	117275	No terminal repeats	128	11	0.9942	NA	29	72.0600	MOBF;t4cp2;F_traG;F_traH;F_traF;F_traN;F_trbC;F_traU;F_traW;virb4;F_traV;F_traK;F_traE;F_traL	NF012178
CP115131.1	ENA|CP115131|CP115131.1	71470	No terminal repeats	81	11	0.9916	NA	2	24.9570	NA	NA
CP115132.1	NA	NA	NA	NA	NA	NA	NA	NA	NA	NA	NA
CP115150.1	NA	NA	NA	NA	NA	NA	NA	NA	NA	NA	NA
CP115151.1	ENA|CP115151|CP115151.1	200030	No terminal repeats	225	11	0.9936	NA	6	70.2443	F_traE	NF012147;NF000005;NF000402
CP115152.1	ENA|CP115152|CP115152.1	9730	No terminal repeats	11	11	0.9931	NA	2	4.9564	MOBC	NA
CP115191.1	NA	NA	NA	NA	NA	NA	NA	NA	NA	NA	NA
CP115200.1	NA	NA	NA	NA	NA	NA	NA	NA	NA	NA	NA
CP115202.1	NA	NA	NA	NA	NA	NA	NA	NA	NA	NA	NA
CP115204.1	NA	NA	NA	NA	NA	NA	NA	NA	NA	NA	NA
CP115213.1	NA	NA	NA	NA	NA	NA	NA	NA	NA	NA	NA
CP115214.1	NA	NA	NA	NA	NA	NA	NA	NA	NA	NA	NA
CP115219.1	NA	NA	NA	NA	NA	NA	NA	NA	NA	NA	NA
CP115220.1	NA	NA	NA	NA	NA	NA	NA	NA	NA	NA	NA
CP115224.1	NA	NA	NA	NA	NA	NA	NA	NA	NA	NA	NA
CP115227.1	NA	NA	NA	NA	NA	NA	NA	NA	NA	NA	NA
CP115228.1	ENA|CP115228|CP115228.1	50469	No terminal repeats	70	11	0.9937	NA	14	40.4294	I_traV;T_virB9;T_virB8;T_virB6;virb4;T_virB3;T_virB1;T_virB1;T_virB1;MOBP1	NA
CP115229.1	ENA|CP115229|CP115229.1	46934	No terminal repeats	69	11	0.9896	NA	10	20.2878	MOBC;T_virB9;T_virB10;I_traV	NA
CP115250.1	NA	NA	NA	NA	NA	NA	NA	NA	NA	NA	NA
CP115262.1	NA	NA	NA	NA	NA	NA	NA	NA	NA	NA	NA
CP115288.1	NA	NA	NA	NA	NA	NA	NA	NA	NA	NA	NA
CP115292.1	ENA|CP115292|CP115292.1	278241	No terminal repeats	373	11	0.9858	NA	5	36.4218	traU;I_traN;I_traM;I_traI	NA
CP115293.1	NA	NA	NA	NA	NA	NA	NA	NA	NA	NA	NA
CP115296.1	NA	NA	NA	NA	NA	NA	NA	NA	NA	NA	NA
CP115298.1	NA	NA	NA	NA	NA	NA	NA	NA	NA	NA	NA
CP115551.1	NA	NA	NA	NA	NA	NA	NA	NA	NA	NA	NA
CP115614.1	NA	NA	NA	NA	NA	NA	NA	NA	NA	NA	NA
CP115615.1	ENA|CP115615|CP115615.1	355146	No terminal repeats	377	11	0.9945	NA	37	268.1464	F_traE;F_traB;F_traV;virb4;F_traW;F_traU;F_trbC;T_virB10;T_virB9;T_virB8;T_virB6;T_virB5;virb4;T_virB3;T_virB2;T_virB11;t4cp2;F_traH;F_traF;MOBH;t4cp1;T_virB10;T_virB9;T_virB8;T_virB6;T_virB5;virb4;T_virB3;T_virB2;T_virB11;t4cp2	NF000402
CP115616.1	ENA|CP115616|CP115616.1	210045	No terminal repeats	256	11	0.9918	NA	22	27.6150	F_trbC;F_traU;F_traW;virb4;F_traV;F_traB;F_traK;F_traE;F_traL;t4cp1;MOBH;F_traF;F_traH;F_traG;T_virB1	NF000153
CP115617.1	NA	NA	NA	NA	NA	NA	NA	NA	NA	NA	NA
CP115618.1	NA	NA	NA	NA	NA	NA	NA	NA	NA	NA	NA
CP115619.1	ENA|CP115619|CP115619.1	48003	No terminal repeats	52	11	0.9940	NA	1	17.6217	NA	NF012178;NF033144;NF000270;NF012174
CP115620.1	ENA|CP115620|CP115620.1	10123	No terminal repeats	14	11	0.9939	NA	3	8.6132	MOBC	NA
CP115637.1	NA	NA	NA	NA	NA	NA	NA	NA	NA	NA	NA
CP115638.1	NA	NA	NA	NA	NA	NA	NA	NA	NA	NA	NA
CP115639.1	NA	NA	NA	NA	NA	NA	NA	NA	NA	NA	NA
CP115640.1	NA	NA	NA	NA	NA	NA	NA	NA	NA	NA	NA
CP115645.1	NA	NA	NA	NA	NA	NA	NA	NA	NA	NA	NA
CP115646.1	NA	NA	NA	NA	NA	NA	NA	NA	NA	NA	NA
CP115647.1	NA	NA	NA	NA	NA	NA	NA	NA	NA	NA	NA
CP115689.1	NA	NA	NA	NA	NA	NA	NA	NA	NA	NA	NA
CP115690.1	ENA|CP115690|CP115690.1	136056	No terminal repeats	138	11	0.9933	NA	8	46.5377	MOBF;virb4;F_traV;F_traB;F_traK	NA
CP115691.1	ENA|CP115691|CP115691.1	76313	No terminal repeats	95	11	0.9928	NA	15	41.7024	I_trbB;I_trbA;MOBP1;I_traI;I_traK;I_traL;I_traN;I_traO;I_traP;I_traQ;I_traR;traU;I_traW;I_traY	NF012178
CP115692.1	NA	NA	NA	NA	NA	NA	NA	NA	NA	NA	NA
CP115693.1	ENA|CP115693|CP115693.1	5042	No terminal repeats	7	11	0.9925	NA	1	2.2083	NA	NA
CP115694.1	ENA|CP115694|CP115694.1	4938	No terminal repeats	6	11	0.9943	NA	2	4.5840	MOBP1	NA
CP115695.1	ENA|CP115695|CP115695.1	2495	No terminal repeats	3	11	0.9951	NA	1	3.1262	NA	NA
CP115696.1	NA	NA	NA	NA	NA	NA	NA	NA	NA	NA	NA
CP115697.1	ENA|CP115697|CP115697.1	146783	No terminal repeats	162	11	0.9945	NA	25	99.8226	F_traL;F_traE;F_traK;F_traB;F_traV;virb4;F_traW;F_traU;F_trbC;F_traN;F_traF;F_traH;F_traG;t4cp2;MOBF	NF000402
CP115698.1	ENA|CP115698|CP115698.1	76537	No terminal repeats	82	11	0.9942	NA	9	51.3096	T_virB1;T_virB3;virb4;T_virB5;T_virB6;T_virB8;T_virB9	NA
CP115699.1	ENA|CP115699|CP115699.1	3815	No terminal repeats	5	11	0.9939	NA	2	3.1408	MOBP1	NA
CP115700.1	ENA|CP115700|CP115700.1	2494	No terminal repeats	3	11	0.9953	NA	1	3.1262	NA	NA
CP115738.1	NA	NA	NA	NA	NA	NA	NA	NA	NA	NA	NA
CP115834.1	NA	NA	NA	NA	NA	NA	NA	NA	NA	NA	NA
CP115835.1	ENA|CP115835|CP115835.1	329489	No terminal repeats	357	11	0.9944	NA	17	213.7262	F_traE;F_traB;F_traV;virb4;F_traW;F_traU;F_trbC;F_traH;F_traF;MOBH;t4cp1	NF000402;NF033144;NF000027;NF012171
CP115836.1	ENA|CP115836|CP115836.1	103536	No terminal repeats	118	11	0.9952	NA	20	83.0984	MOBP1;I_trbB;I_trbA;I_traY;I_traW;I_traV;traU;I_traT;I_traR;I_traQ;I_traP;I_traO;I_traN;I_traL;I_traK;I_traI;I_traE	NF033085
CP115874.1	NA	NA	NA	NA	NA	NA	NA	NA	NA	NA	NA
CP115904.1	NA	NA	NA	NA	NA	NA	NA	NA	NA	NA	NA
CP115905.1	ENA|CP115905|CP115905.1	4153	No terminal repeats	10	11	0.9949	NA	3	9.4335	MOBP1	NA
CP115992.1	NA	NA	NA	NA	NA	NA	NA	NA	NA	NA	NA
CP115993.1	ENA|CP115993|CP115993.1	73156	No terminal repeats	74	11	0.9880	NA	2	15.1597	MOBP2	NA
CP115994.1	ENA|CP115994|CP115994.1	141731	No terminal repeats	155	11	0.9937	NA	5	49.3384	FA_orf13	NF012176;NF012176;NF033068
CP115995.1	ENA|CP115995|CP115995.1	25721	No terminal repeats	25	11	0.9950	NA	2	9.2713	NA	NF033693;NF000237
CP116023.1	NA	NA	NA	NA	NA	NA	NA	NA	NA	NA	NA
CP116024.1	NA	NA	NA	NA	NA	NA	NA	NA	NA	NA	NA
CP116025.1	ENA|CP116025|CP116025.1	25261	No terminal repeats	32	11	0.9945	NA	1	10.2650	NA	NF012176
CP116042.1	NA	NA	NA	NA	NA	NA	NA	NA	NA	NA	NA
CP116043.1	ENA|CP116043|CP116043.1	40085	No terminal repeats	49	11	0.9947	NA	9	30.7882	T_virB9;T_virB8;T_virB6;virb4;T_virB2;T_virB1	NA
CP116223.1	NA	NA	NA	NA	NA	NA	NA	NA	NA	NA	NA
CP116234.1	NA	NA	NA	NA	NA	NA	NA	NA	NA	NA	NA
CP116387.1	NA	NA	NA	NA	NA	NA	NA	NA	NA	NA	NA
CP116388.1	ENA|CP116388|CP116388.1	169443	No terminal repeats	171	11	0.9884	NA	8	45.6909	traU;I_traN;I_traM;I_traI;I_traY;I_traW;F_traE	NA
CP116389.1	NA	NA	NA	NA	NA	NA	NA	NA	NA	NA	NA
CP116457.1	NA	NA	NA	NA	NA	NA	NA	NA	NA	NA	NA
CP116489.1	NA	NA	NA	NA	NA	NA	NA	NA	NA	NA	NA
CP116520.1	NA	NA	NA	NA	NA	NA	NA	NA	NA	NA	NA
CP116521.1	ENA|CP116521|CP116521.1	155657	No terminal repeats	164	11	0.9915	NA	2	49.7057	MOBP2	NA
CP116522.1	ENA|CP116522|CP116522.1	46474	No terminal repeats	51	11	0.9944	NA	3	14.6291	NA	NF012176;NF012176
CP116523.1	NA	NA	NA	NA	NA	NA	NA	NA	NA	NA	NA
CP116524.1	ENA|CP116524|CP116524.1	184656	No terminal repeats	192	11	0.9917	NA	3	64.5305	MOBP2	NA
CP116525.1	ENA|CP116525|CP116525.1	57016	No terminal repeats	63	11	0.9935	NA	2	30.6370	MOBP2	NA
CP116526.1	ENA|CP116526|CP116526.1	28578	No terminal repeats	35	11	0.9935	NA	1	9.1937	NA	NF012176
CP116527.1	ENA|CP116527|CP116527.1	18533	No terminal repeats	22	11	0.9950	NA	2	7.7939	NA	NF012176
CP116532.1	NA	NA	NA	NA	NA	NA	NA	NA	NA	NA	NA
CP116533.1	ENA|CP116533|CP116533.1	186836	No terminal repeats	193	11	0.9925	NA	4	66.7845	MOBP2	NA
CP116534.1	ENA|CP116534|CP116534.1	24768	No terminal repeats	32	11	0.9939	NA	1	9.1937	NA	NF012176
CP116535.1	ENA|CP116535|CP116535.1	12989	No terminal repeats	15	11	0.9951	NA	2	9.0895	NA	NF012176
CP116546.1	NA	NA	NA	NA	NA	NA	NA	NA	NA	NA	NA
CP116547.1	ENA|CP116547|CP116547.1	158971	No terminal repeats	178	11	0.9896	NA	2	52.3826	MOBP2	NA
CP116548.1	ENA|CP116548|CP116548.1	38387	No terminal repeats	42	11	0.9947	NA	3	18.3148	MOBV;FATA_trsF	NF012176;NF012176
CP116549.1	NA	NA	NA	NA	NA	NA	NA	NA	NA	NA	NA
CP116550.1	ENA|CP116550|CP116550.1	160122	No terminal repeats	177	11	0.9896	NA	2	52.3826	MOBP2	NA
CP116551.1	ENA|CP116551|CP116551.1	41241	No terminal repeats	46	11	0.9946	NA	5	33.1550	FATA_trsF;FATA_trsL;FATA_trsC;FATA_trsD	NA
CP116552.1	ENA|CP116552|CP116552.1	38387	No terminal repeats	42	11	0.9948	NA	3	19.3862	MOBV;FATA_trsF	NF012176;NF012176
CP116553.1	NA	NA	NA	NA	NA	NA	NA	NA	NA	NA	NA
CP116554.1	ENA|CP116554|CP116554.1	59599	No terminal repeats	69	11	0.9930	NA	2	19.9877	NA	NF012176;NF012176
CP116555.1	NA	NA	NA	NA	NA	NA	NA	NA	NA	NA	NA
CP116556.1	ENA|CP116556|CP116556.1	59165	No terminal repeats	68	11	0.9927	NA	2	19.9877	NA	NF012176;NF012176
CP116559.1	NA	NA	NA	NA	NA	NA	NA	NA	NA	NA	NA
CP116560.1	ENA|CP116560|CP116560.1	51389	No terminal repeats	57	11	0.9924	NA	1	16.6551	NA	NF012176;NF012176
CP116561.1	NA	NA	NA	NA	NA	NA	NA	NA	NA	NA	NA
CP116562.1	ENA|CP116562|CP116562.1	74469	No terminal repeats	85	11	0.9912	NA	2	24.4898	NA	NF012176;NF033068;NF012176
CP116563.1	ENA|CP116563|CP116563.1	61461	No terminal repeats	68	11	0.9930	NA	4	18.7135	FA_orf13	NA
CP116564.1	NA	NA	NA	NA	NA	NA	NA	NA	NA	NA	NA
CP116565.1	ENA|CP116565|CP116565.1	74469	No terminal repeats	85	11	0.9912	NA	2	24.4898	NA	NF012176;NF033068;NF012176
CP116571.1	NA	NA	NA	NA	NA	NA	NA	NA	NA	NA	NA
CP116572.1	ENA|CP116572|CP116572.1	63994	No terminal repeats	67	11	0.9927	NA	3	21.3184	FA_orf13	NF012176
CP116573.1	ENA|CP116573|CP116573.1	38206	No terminal repeats	46	11	0.9943	NA	4	28.6293	FATA_trsC;FATA_trsD;FATA_trsL	NF033693
CP116574.1	ENA|CP116574|CP116574.1	5143	No terminal repeats	5	11	0.9924	NA	1	3.1574	MOBV	NA
CP116575.1	NA	NA	NA	NA	NA	NA	NA	NA	NA	NA	NA
CP116576.1	ENA|CP116576|CP116576.1	40660	No terminal repeats	57	11	0.9935	NA	2	6.3826	NA	NF033068
CP116577.1	ENA|CP116577|CP116577.1	36331	No terminal repeats	37	11	0.9883	NA	1	3.0564	NA	NF012176
CP116578.1	ENA|CP116578|CP116578.1	9947	No terminal repeats	10	11	0.9882	NA	2	7.8308	MOBV;MOBV	NA
CP116620.1	NA	NA	NA	NA	NA	NA	NA	NA	NA	NA	NA
CP116621.1	NA	NA	NA	NA	NA	NA	NA	NA	NA	NA	NA
CP116622.1	NA	NA	NA	NA	NA	NA	NA	NA	NA	NA	NA
CP116680.1	NA	NA	NA	NA	NA	NA	NA	NA	NA	NA	NA
CP116681.1	NA	NA	NA	NA	NA	NA	NA	NA	NA	NA	NA
CP116705.1	NA	NA	NA	NA	NA	NA	NA	NA	NA	NA	NA
CP116706.1	NA	NA	NA	NA	NA	NA	NA	NA	NA	NA	NA
CP116707.1	NA	NA	NA	NA	NA	NA	NA	NA	NA	NA	NA
CP116708.1	NA	NA	NA	NA	NA	NA	NA	NA	NA	NA	NA
CP116709.1	NA	NA	NA	NA	NA	NA	NA	NA	NA	NA	NA
CP116710.1	NA	NA	NA	NA	NA	NA	NA	NA	NA	NA	NA
CP116711.1	NA	NA	NA	NA	NA	NA	NA	NA	NA	NA	NA
CP116712.1	NA	NA	NA	NA	NA	NA	NA	NA	NA	NA	NA
CP116713.1	NA	NA	NA	NA	NA	NA	NA	NA	NA	NA	NA
CP116714.1	NA	NA	NA	NA	NA	NA	NA	NA	NA	NA	NA
CP116721.1	NA	NA	NA	NA	NA	NA	NA	NA	NA	NA	NA
CP116773.1	NA	NA	NA	NA	NA	NA	NA	NA	NA	NA	NA
CP116867.1	NA	NA	NA	NA	NA	NA	NA	NA	NA	NA	NA
CP116868.1	NA	NA	NA	NA	NA	NA	NA	NA	NA	NA	NA
CP116870.1	NA	NA	NA	NA	NA	NA	NA	NA	NA	NA	NA
CP116934.1	NA	NA	NA	NA	NA	NA	NA	NA	NA	NA	NA
CP117166.1	NA	NA	NA	NA	NA	NA	NA	NA	NA	NA	NA
CP117184.1	NA	NA	NA	NA	NA	NA	NA	NA	NA	NA	NA
CP117185.1	ENA|CP117185|CP117185.1	65644	No terminal repeats	77	11	0.9956	NA	28	68.4893	F_traL;F_traE;F_traK;F_traV;virb4;F_traW;F_traU;F_traN;F_traF;F_traH;F_traG;MOBF	NA
CP117186.1	NA	NA	NA	NA	NA	NA	NA	NA	NA	NA	NA
CP117187.1	NA	NA	NA	NA	NA	NA	NA	NA	NA	NA	NA
CP117203.1	NA	NA	NA	NA	NA	NA	NA	NA	NA	NA	NA
CP117204.1	NA	NA	NA	NA	NA	NA	NA	NA	NA	NA	NA
CP117205.1	ENA|CP117205|CP117205.1	27080	No terminal repeats	34	11	0.9923	NA	1	9.5644	NA	NF012167;NF040806;NF033068
CP117292.1	NA	NA	NA	NA	NA	NA	NA	NA	NA	NA	NA
CP117299.2	NA	NA	NA	NA	NA	NA	NA	NA	NA	NA	NA
CP117332.1	NA	NA	NA	NA	NA	NA	NA	NA	NA	NA	NA
CP117333.1	ENA|CP117333|CP117333.1	66452	No terminal repeats	81	11	0.9954	NA	28	71.9671	F_traL;F_traE;F_traK;F_traV;virb4;F_traW;F_traU;F_trbC;F_traN;F_traF;F_traH;F_traG;MOBF	NA
CP117334.1	ENA|CP117334|CP117334.1	62867	No terminal repeats	71	11	0.9936	NA	3	26.8432	NA	NF012171;NF012171
CP117335.1	NA	NA	NA	NA	NA	NA	NA	NA	NA	NA	NA
CP117475.1	NA	NA	NA	NA	NA	NA	NA	NA	NA	NA	NA
CP117476.1	ENA|CP117476|CP117476.1	130842	No terminal repeats	138	11	0.9915	NA	1	14.9423	NA	NF000005;NF012147;NF012178;NF033144
CP117477.1	ENA|CP117477|CP117477.1	68426	No terminal repeats	85	11	0.9942	NA	9	46.2050	T_virB1;T_virB3;virb4;T_virB5;T_virB6;T_virB8;T_virB9	NF012147;NF033144
CP117496.1	NA	NA	NA	NA	NA	NA	NA	NA	NA	NA	NA
CP117497.1	ENA|CP117497|CP117497.1	109086	No terminal repeats	118	11	0.9923	NA	3	41.1872	FA_orf13	NF033068
CP117498.1	ENA|CP117498|CP117498.1	58572	No terminal repeats	66	11	0.9914	NA	2	21.9852	NA	NF012176;NF012176
CP117499.1	ENA|CP117499|CP117499.1	44314	No terminal repeats	45	11	0.9922	NA	2	9.8088	FATA_prgIc;FATA_prgL	NA
CP117500.1	ENA|CP117500|CP117500.1	15840	No terminal repeats	17	11	0.9924	NA	1	2.5274	NA	NF000424;NF012176
CP117501.1	ENA|CP117501|CP117501.1	5185	No terminal repeats	7	11	0.9924	NA	1	3.1574	MOBV	NA
CP117502.1	NA	NA	NA	NA	NA	NA	NA	NA	NA	NA	NA
CP117511.1	NA	NA	NA	NA	NA	NA	NA	NA	NA	NA	NA
CP117512.1	ENA|CP117512|CP117512.1	105647	No terminal repeats	124	11	0.9923	NA	2	34.7921	NA	NF012176;NF012176;NF033068
CP117513.1	ENA|CP117513|CP117513.1	102982	No terminal repeats	114	11	0.9922	NA	6	38.3077	FATA_trsC;FATA_trsD;FATA_trsF;FATA_trsL	NF000424;NF012176
CP117514.1	ENA|CP117514|CP117514.1	3333	No terminal repeats	3	11	0.9966	NA	2	4.1772	NA	NA
CP117515.1	NA	NA	NA	NA	NA	NA	NA	NA	NA	NA	NA
CP117970.1	NA	NA	NA	NA	NA	NA	NA	NA	NA	NA	NA
CP118043.1	NA	NA	NA	NA	NA	NA	NA	NA	NA	NA	NA
CP118079.1	NA	NA	NA	NA	NA	NA	NA	NA	NA	NA	NA
CP118080.1	NA	NA	NA	NA	NA	NA	NA	NA	NA	NA	NA
CP118167.1	NA	NA	NA	NA	NA	NA	NA	NA	NA	NA	NA
CP118227.1	NA	NA	NA	NA	NA	NA	NA	NA	NA	NA	NA
CP118228.1	ENA|CP118228|CP118228.1	8441	No terminal repeats	9	11	0.9941	NA	2	7.1412	NA	NA
CP118229.1	NA	NA	NA	NA	NA	NA	NA	NA	NA	NA	NA
CP118279.1	NA	NA	NA	NA	NA	NA	NA	NA	NA	NA	NA
CP118306.1	NA	NA	NA	NA	NA	NA	NA	NA	NA	NA	NA
CP118308.1	NA	NA	NA	NA	NA	NA	NA	NA	NA	NA	NA
CP118309.1	NA	NA	NA	NA	NA	NA	NA	NA	NA	NA	NA
CP118312.1	NA	NA	NA	NA	NA	NA	NA	NA	NA	NA	NA
CP118467.1	NA	NA	NA	NA	NA	NA	NA	NA	NA	NA	NA
CP118468.1	ENA|CP118468|CP118468.1	281219	No terminal repeats	310	11	0.9933	NA	20	119.6763	t4cp1;MOBH;F_traF;F_traH;F_traG;T_virB10;F_trbC;F_traU;F_traW;virb4;F_traV;F_traB;F_traK;F_traE	NF012174;NF000107;NF012171;NF000466;NF012171
CP118469.1	ENA|CP118469|CP118469.1	173507	No terminal repeats	174	11	0.9929	NA	7	58.4128	F_traE;F_traE	NF000402
CP118470.1	ENA|CP118470|CP118470.1	173253	No terminal repeats	190	11	0.9947	NA	30	116.0752	F_traL;F_traE;F_traK;F_traV;virb4;F_traW;F_traU;F_trbC;F_traN;F_traF;F_traH;F_traG;MOBF	NF012178;NF033085;NF033085;NF033085;NF012174;NF012171;NF000496
CP118471.1	NA	NA	NA	NA	NA	NA	NA	NA	NA	NA	NA
CP118472.1	ENA|CP118472|CP118472.1	4574	No terminal repeats	7	11	0.9930	NA	1	2.2083	NA	NA
CP118473.1	ENA|CP118473|CP118473.1	3478	No terminal repeats	4	11	0.9915	NA	2	3.6163	NA	NA
CP118474.1	NA	NA	NA	NA	NA	NA	NA	NA	NA	NA	NA
CP118475.1	NA	NA	NA	NA	NA	NA	NA	NA	NA	NA	NA
CP118476.1	NA	NA	NA	NA	NA	NA	NA	NA	NA	NA	NA
CP118481.1	NA	NA	NA	NA	NA	NA	NA	NA	NA	NA	NA
CP118536.1	NA	NA	NA	NA	NA	NA	NA	NA	NA	NA	NA
CP118635.1	NA	NA	NA	NA	NA	NA	NA	NA	NA	NA	NA
CP118636.1	ENA|CP118636|CP118636.1	147773	No terminal repeats	177	11	0.9888	NA	5	15.9414	T_virB1	NA
CP118637.1	NA	NA	NA	NA	NA	NA	NA	NA	NA	NA	NA
CP118808.1	NA	NA	NA	NA	NA	NA	NA	NA	NA	NA	NA
CP118809.1	ENA|CP118809|CP118809.1	35890	No terminal repeats	48	11	0.9924	NA	2	8.6328	NA	NA
CP118932.1	NA	NA	NA	NA	NA	NA	NA	NA	NA	NA	NA
CP118962.1	NA	NA	NA	NA	NA	NA	NA	NA	NA	NA	NA
CP119013.1	NA	NA	NA	NA	NA	NA	NA	NA	NA	NA	NA
CP119014.1	ENA|CP119014|CP119014.1	69455	No terminal repeats	90	11	0.9947	NA	11	53.5406	F_traE;F_traL	NA
CP119015.1	ENA|CP119015|CP119015.1	11970	No terminal repeats	14	11	0.9933	NA	4	7.8883	MOBC	NA
CP119016.1	ENA|CP119016|CP119016.1	5596	No terminal repeats	8	11	0.9936	NA	2	4.5972	MOBP1	NA
CP119048.1	NA	NA	NA	NA	NA	NA	NA	NA	NA	NA	NA
CP119049.1	ENA|CP119049|CP119049.1	130724	No terminal repeats	167	11	0.9932	NA	29	3.0294	F_traL;F_traE;F_traK;F_traV;virb4;F_traW;F_traU;F_trbC;F_traN;F_traF;F_traH;F_traG;MOBF	NF012147;NF000005
CP119050.1	ENA|CP119050|CP119050.1	229097	No terminal repeats	296	11	0.9888	NA	20	51.0793	MOBH;t4cp1;F_traL;F_traE;F_traK;F_traB;F_traV;virb4;F_traW;F_traU;F_traF;F_traH;F_traG;T_virB1	NF000270;NF033144
CP119051.1	ENA|CP119051|CP119051.1	35420	No terminal repeats	44	11	0.9926	NA	2	20.4741	NA	NA
CP119052.1	ENA|CP119052|CP119052.1	86384	No terminal repeats	90	11	0.9952	NA	18	68.9440	MOBP1;I_trbB;I_trbA;I_traY;I_traW;I_traV;traU;I_traT;I_traR;I_traQ;I_traP;I_traO;I_traN;I_traL;I_traK;I_traI;I_traE	NA
CP119150.1	NA	NA	NA	NA	NA	NA	NA	NA	NA	NA	NA
CP119151.1	ENA|CP119151|CP119151.1	199975	No terminal repeats	221	11	0.9900	NA	2	60.1164	MOBP2	NA
CP119152.1	ENA|CP119152|CP119152.1	35758	No terminal repeats	43	11	0.9934	NA	1	11.7751	NA	NF033115
CP119153.1	NA	NA	NA	NA	NA	NA	NA	NA	NA	NA	NA
CP119154.1	ENA|CP119154|CP119154.1	12346	DTR	17	11	0.9959	NA	2	20.3379	NA	NA
CP119155.1	ENA|CP119155|CP119155.1	6303	No terminal repeats	9	11	0.9949	NA	1	8.0310	NA	NA
CP119156.1	NA	NA	NA	NA	NA	NA	NA	NA	NA	NA	NA
CP119157.1	NA	NA	NA	NA	NA	NA	NA	NA	NA	NA	NA
CP119158.1	ENA|CP119158|CP119158.1	4587	No terminal repeats	5	11	0.9959	NA	1	6.0921	NA	NA
CP119165.1	NA	NA	NA	NA	NA	NA	NA	NA	NA	NA	NA
CP119166.1	ENA|CP119166|CP119166.1	46049	No terminal repeats	51	11	0.9944	NA	1	21.7360	NA	NF000005;NF012147
CP119167.1	ENA|CP119167|CP119167.1	81274	No terminal repeats	93	11	0.9947	NA	28	70.5577	F_traL;F_traE;F_traK;F_traV;virb4;F_traW;F_traU;F_trbC;F_traN;F_traF;F_traH;F_traG;MOBF	NA
CP119168.1	ENA|CP119168|CP119168.1	128307	No terminal repeats	146	11	0.9943	NA	29	91.3016	F_traL;F_traE;F_traK;F_traV;virb4;F_traW;F_traU;F_trbC;F_traN;F_traF;F_traH;F_traG;MOBF	NF012147;NF000005
CP119297.1	NA	NA	NA	NA	NA	NA	NA	NA	NA	NA	NA
CP119298.1	NA	NA	NA	NA	NA	NA	NA	NA	NA	NA	NA
CP119435.1	NA	NA	NA	NA	NA	NA	NA	NA	NA	NA	NA
CP119436.1	ENA|CP119436|CP119436.1	86503	No terminal repeats	99	11	0.9932	NA	23	59.4065	F_traL;F_traE;F_traK;F_traB;F_traV;virb4;F_traW;F_traU;F_traN;F_traF;F_traH;F_traG;t4cp2;MOBF	NA
CP119576.1	NA	NA	NA	NA	NA	NA	NA	NA	NA	NA	NA
CP119597.1	NA	NA	NA	NA	NA	NA	NA	NA	NA	NA	NA
CP119598.1	NA	NA	NA	NA	NA	NA	NA	NA	NA	NA	NA
CP119713.1	NA	NA	NA	NA	NA	NA	NA	NA	NA	NA	NA
CP119714.1	ENA|CP119714|CP119714.1	40256	No terminal repeats	43	11	0.9825	NA	2	5.2880	MOBC	NA
CP120009.1	NA	NA	NA	NA	NA	NA	NA	NA	NA	NA	NA
CP120010.1	ENA|CP120010|CP120010.1	20707	DTR	22	11	0.9942	NA	2	10.8004	MOBV	NF012167;NF040806
CP120044.1	NA	NA	NA	NA	NA	NA	NA	NA	NA	NA	NA
CP120045.1	ENA|CP120045|CP120045.1	41456	No terminal repeats	33	11	0.9927	NA	3	5.8668	NA	NF040806;NF012167
CP120046.1	NA	NA	NA	NA	NA	NA	NA	NA	NA	NA	NA
CP120174.1	NA	NA	NA	NA	NA	NA	NA	NA	NA	NA	NA
CP120175.1	ENA|CP120175|CP120175.1	33701	No terminal repeats	32	11	0.9917	NA	3	5.8668	NA	NF040806;NF012167
CP120176.1	NA	NA	NA	NA	NA	NA	NA	NA	NA	NA	NA
CP120325.1	NA	NA	NA	NA	NA	NA	NA	NA	NA	NA	NA
CP120326.1	ENA|CP120326|CP120326.1	285076	No terminal repeats	285	11	0.9941	NA	24	130.7266	MOBP1;I_traE;I_traI;I_traK;I_traL;I_traN;I_traO;I_traP;I_traQ;I_traR;I_traT;traU;I_traV;I_traW;I_traY;I_trbA;I_trbB;MOBP1	NF012171;NF012174
CP120333.1	NA	NA	NA	NA	NA	NA	NA	NA	NA	NA	NA
CP120334.1	ENA|CP120334|CP120334.1	285078	No terminal repeats	284	11	0.9940	NA	23	129.0084	MOBP1;I_traE;I_traI;I_traK;I_traN;I_traO;I_traP;I_traQ;I_traR;I_traT;traU;I_traV;I_traW;I_traY;I_trbA;I_trbB;MOBP1	NF012171;NF012174
CP120339.1	NA	NA	NA	NA	NA	NA	NA	NA	NA	NA	NA
CP120340.1	ENA|CP120340|CP120340.1	285079	No terminal repeats	284	11	0.9941	NA	24	129.0959	MOBP1;I_traE;I_traI;I_traK;I_traL;I_traN;I_traO;I_traP;I_traQ;I_traR;I_traT;traU;I_traV;I_traW;I_traY;I_trbA;I_trbB;MOBP1	NF012171;NF012174
CP120343.1	NA	NA	NA	NA	NA	NA	NA	NA	NA	NA	NA
CP120344.1	ENA|CP120344|CP120344.1	285070	No terminal repeats	284	11	0.9941	NA	24	130.7266	MOBP1;I_traE;I_traI;I_traK;I_traL;I_traN;I_traO;I_traP;I_traQ;I_traR;I_traT;traU;I_traV;I_traW;I_traY;I_trbA;I_trbB;MOBP1	NF012171;NF012174
CP120577.2	NA	NA	NA	NA	NA	NA	NA	NA	NA	NA	NA
CP120602.2	ENA|CP120602|CP120602.2	65242	No terminal repeats	69	11	0.9891	NA	2	8.6194	FA_orf13;MOBC	NF000145
CP120603.2	NA	NA	NA	NA	NA	NA	NA	NA	NA	NA	NA
CP120613.2	NA	NA	NA	NA	NA	NA	NA	NA	NA	NA	NA
CP120621.2	NA	NA	NA	NA	NA	NA	NA	NA	NA	NA	NA
CP120654.1	NA	NA	NA	NA	NA	NA	NA	NA	NA	NA	NA
CP120680.2	NA	NA	NA	NA	NA	NA	NA	NA	NA	NA	NA
CP120681.2	NA	NA	NA	NA	NA	NA	NA	NA	NA	NA	NA
CP120706.1	NA	NA	NA	NA	NA	NA	NA	NA	NA	NA	NA
CP120707.1	NA	NA	NA	NA	NA	NA	NA	NA	NA	NA	NA
CP120859.1	NA	NA	NA	NA	NA	NA	NA	NA	NA	NA	NA
CP120871.1	NA	NA	NA	NA	NA	NA	NA	NA	NA	NA	NA
CP120881.1	NA	NA	NA	NA	NA	NA	NA	NA	NA	NA	NA
CP120882.1	ENA|CP120882|CP120882.1	28293	No terminal repeats	35	11	0.9948	NA	5	20.3113	MOBP1;T_virB5	NF012171;NF040806
CP120953.1	NA	NA	NA	NA	NA	NA	NA	NA	NA	NA	NA
CP121073.1	NA	NA	NA	NA	NA	NA	NA	NA	NA	NA	NA
CP121074.1	ENA|CP121074|CP121074.1	195026	No terminal repeats	187	11	0.9934	NA	5	60.0042	MOBP1	NF012171;NF000107
CP121159.1	NA	NA	NA	NA	NA	NA	NA	NA	NA	NA	NA
CP121160.1	NA	NA	NA	NA	NA	NA	NA	NA	NA	NA	NA
CP121167.1	NA	NA	NA	NA	NA	NA	NA	NA	NA	NA	NA
CP121168.1	ENA|CP121168|CP121168.1	31402	No terminal repeats	46	11	0.9891	NA	1	2.5523	NA	NA
CP121266.1	NA	NA	NA	NA	NA	NA	NA	NA	NA	NA	NA
CP121267.1	ENA|CP121267|CP121267.1	64309	No terminal repeats	89	11	0.9888	NA	2	27.0752	MOBP2;T_virB11	NF000145
CP121268.1	ENA|CP121268|CP121268.1	5820	No terminal repeats	7	11	0.9942	NA	3	5.0448	NA	NA
CP121269.1	NA	NA	NA	NA	NA	NA	NA	NA	NA	NA	NA
CP121365.1	NA	NA	NA	NA	NA	NA	NA	NA	NA	NA	NA
CP121366.1	NA	NA	NA	NA	NA	NA	NA	NA	NA	NA	NA
CP121367.1	NA	NA	NA	NA	NA	NA	NA	NA	NA	NA	NA
CP121368.1	NA	NA	NA	NA	NA	NA	NA	NA	NA	NA	NA
CP121369.1	ENA|CP121369|CP121369.1	39272	No terminal repeats	31	11	0.9829	NA	2	9.4047	MOBP1	NA
CP121557.1	NA	NA	NA	NA	NA	NA	NA	NA	NA	NA	NA
CP121558.1	NA	NA	NA	NA	NA	NA	NA	NA	NA	NA	NA
CP121559.1	NA	NA	NA	NA	NA	NA	NA	NA	NA	NA	NA
CP121567.1	NA	NA	NA	NA	NA	NA	NA	NA	NA	NA	NA
CP121568.1	ENA|CP121568|CP121568.1	68038	No terminal repeats	94	11	0.9885	NA	15	32.4269	t4cp2;F_traL;F_traE;F_traK;F_traB;F_traV;F_traW;F_traU;F_trbC;F_trbC;F_traF;F_traH;F_traG	NA
CP121569.1	NA	NA	NA	NA	NA	NA	NA	NA	NA	NA	NA
CP121588.1	NA	NA	NA	NA	NA	NA	NA	NA	NA	NA	NA
CP121589.1	ENA|CP121589|CP121589.1	68108	No terminal repeats	95	11	0.9898	NA	15	32.4269	F_traG;F_traH;F_traF;F_trbC;F_trbC;F_traU;F_traW;F_traV;F_traB;F_traK;F_traE;F_traL;t4cp2	NA
CP121590.1	NA	NA	NA	NA	NA	NA	NA	NA	NA	NA	NA
CP121598.1	NA	NA	NA	NA	NA	NA	NA	NA	NA	NA	NA
CP121599.1	ENA|CP121599|CP121599.1	72243	No terminal repeats	102	11	0.9895	NA	16	31.9119	F_traK;F_traE;F_traL;t4cp2;F_traG;F_traH;F_traF;F_trbC;F_trbC;F_traU;F_traW;F_traV;F_traB	NA
CP121600.1	NA	NA	NA	NA	NA	NA	NA	NA	NA	NA	NA
CP121609.1	NA	NA	NA	NA	NA	NA	NA	NA	NA	NA	NA
CP121610.1	NA	NA	NA	NA	NA	NA	NA	NA	NA	NA	NA
CP121611.1	ENA|CP121611|CP121611.1	21454	No terminal repeats	26	11	0.9932	NA	1	11.3128	NA	NF040806;NF040806;NF040806
CP121625.1	NA	NA	NA	NA	NA	NA	NA	NA	NA	NA	NA
CP121626.1	NA	NA	NA	NA	NA	NA	NA	NA	NA	NA	NA
CP121627.1	ENA|CP121627|CP121627.1	70541	No terminal repeats	99	11	0.9879	NA	15	30.7086	F_trbC;F_traU;F_traW;F_traV;F_traB;F_traK;F_traE;F_traL;t4cp2;F_traG;F_traH;F_traF;F_trbC	NA
CP121628.1	NA	NA	NA	NA	NA	NA	NA	NA	NA	NA	NA
CP121632.1	NA	NA	NA	NA	NA	NA	NA	NA	NA	NA	NA
CP121633.1	NA	NA	NA	NA	NA	NA	NA	NA	NA	NA	NA
CP121766.1	NA	NA	NA	NA	NA	NA	NA	NA	NA	NA	NA
CP121772.1	NA	NA	NA	NA	NA	NA	NA	NA	NA	NA	NA
CP122400.1	NA	NA	NA	NA	NA	NA	NA	NA	NA	NA	NA
CP122515.1	NA	NA	NA	NA	NA	NA	NA	NA	NA	NA	NA
CP122946.1	NA	NA	NA	NA	NA	NA	NA	NA	NA	NA	NA
CP122949.1	NA	NA	NA	NA	NA	NA	NA	NA	NA	NA	NA
CP122950.1	NA	NA	NA	NA	NA	NA	NA	NA	NA	NA	NA
CP122952.1	NA	NA	NA	NA	NA	NA	NA	NA	NA	NA	NA
CP122953.1	NA	NA	NA	NA	NA	NA	NA	NA	NA	NA	NA
CP122955.1	NA	NA	NA	NA	NA	NA	NA	NA	NA	NA	NA
CP123070.1	NA	NA	NA	NA	NA	NA	NA	NA	NA	NA	NA
CP123071.1	NA	NA	NA	NA	NA	NA	NA	NA	NA	NA	NA
CP123080.1	NA	NA	NA	NA	NA	NA	NA	NA	NA	NA	NA
CP123081.1	ENA|CP123081|CP123081.1	30843	No terminal repeats	37	11	0.9931	NA	2	13.7809	NA	NF012167;NF040806;NF000025
CP123086.1	NA	NA	NA	NA	NA	NA	NA	NA	NA	NA	NA
CP123087.1	ENA|CP123087|CP123087.1	46979	No terminal repeats	64	11	0.9926	NA	4	16.2663	NA	NF040806;NF012167
CP123104.1	NA	NA	NA	NA	NA	NA	NA	NA	NA	NA	NA
CP123105.1	ENA|CP123105|CP123105.1	19758	No terminal repeats	21	11	0.9945	NA	2	10.8004	MOBV	NF040806;NF012167
CP123106.1	NA	NA	NA	NA	NA	NA	NA	NA	NA	NA	NA
CP123107.1	ENA|CP123107|CP123107.1	29139	No terminal repeats	35	11	0.9914	NA	3	12.1094	MOBV	NA
CP123108.1	NA	NA	NA	NA	NA	NA	NA	NA	NA	NA	NA
CP123109.1	NA	NA	NA	NA	NA	NA	NA	NA	NA	NA	NA
CP123130.1	NA	NA	NA	NA	NA	NA	NA	NA	NA	NA	NA
CP123131.1	ENA|CP123131|CP123131.1	24653	No terminal repeats	32	11	0.9941	NA	3	16.0458	MOBV	NF012167;NF040806
CP123134.1	NA	NA	NA	NA	NA	NA	NA	NA	NA	NA	NA
CP123135.1	NA	NA	NA	NA	NA	NA	NA	NA	NA	NA	NA
CP123136.1	ENA|CP123136|CP123136.1	2400	No terminal repeats	2	11	0.9879	NA	1	1.7936	NA	NA
CP123149.1	NA	NA	NA	NA	NA	NA	NA	NA	NA	NA	NA
CP123150.1	NA	NA	NA	NA	NA	NA	NA	NA	NA	NA	NA
CP123430.1	NA	NA	NA	NA	NA	NA	NA	NA	NA	NA	NA
CP123431.1	ENA|CP123431|CP123431.1	218903	No terminal repeats	230	11	0.9928	NA	7	65.5992	F_traE;F_traE	NF000402;NF012178
CP123432.1	ENA|CP123432|CP123432.1	139452	No terminal repeats	171	11	0.9950	NA	29	125.3003	MOBF;F_traG;F_traH;F_traF;F_traN;F_trbC;F_traU;F_traW;virb4;F_traV;F_traK;F_traE;F_traL	NF012171;NF033144;NF012178;NF012174
CP123433.1	ENA|CP123433|CP123433.1	51197	No terminal repeats	57	11	0.9891	NA	6	15.0907	T_virB9;MOBC	NF000424
CP123434.1	ENA|CP123434|CP123434.1	3223	No terminal repeats	5	11	0.9957	NA	3	6.0065	MOBP1	NA
CP123435.1	NA	NA	NA	NA	NA	NA	NA	NA	NA	NA	NA
CP123597.1	NA	NA	NA	NA	NA	NA	NA	NA	NA	NA	NA
CP123624.1	NA	NA	NA	NA	NA	NA	NA	NA	NA	NA	NA
CP123969.1	NA	NA	NA	NA	NA	NA	NA	NA	NA	NA	NA
CP123970.1	ENA|CP123970|CP123970.1	4440	No terminal repeats	5	11	0.9951	NA	1	5.1532	MOBV	NA
CP123977.1	NA	NA	NA	NA	NA	NA	NA	NA	NA	NA	NA
CP123978.1	ENA|CP123978|CP123978.1	78984	No terminal repeats	104	11	0.9877	NA	3	13.5670	MOBP2	NA
CP123992.1	ENA|CP123992|CP123992.1	154924	No terminal repeats	176	11	0.9901	NA	3	10.3688	F_traE;F_traE;F_traE	NA
CP123993.1	NA	NA	NA	NA	NA	NA	NA	NA	NA	NA	NA
CP124121.1	NA	NA	NA	NA	NA	NA	NA	NA	NA	NA	NA
CP124122.1	ENA|CP124122|CP124122.1	137276	No terminal repeats	147	11	0.9943	NA	23	87.1234	F_traL;F_traE;F_traK;F_traB;F_traV;virb4;F_traW;F_traU;F_trbC;F_traN;F_traF;F_traH;F_traG;t4cp2;MOBF	NF000402
CP124123.1	NA	NA	NA	NA	NA	NA	NA	NA	NA	NA	NA
CP124124.1	ENA|CP124124|CP124124.1	75314	No terminal repeats	82	11	0.9942	NA	9	51.3096	T_virB1;T_virB3;virb4;T_virB5;T_virB6;T_virB8;T_virB9	NA
CP124125.1	ENA|CP124125|CP124125.1	3815	No terminal repeats	5	11	0.9940	NA	2	3.1408	MOBP1	NA
CP124641.1	NA	NA	NA	NA	NA	NA	NA	NA	NA	NA	NA
CP124642.1	ENA|CP124642|CP124642.1	36824	No terminal repeats	43	11	0.9937	NA	10	13.8823	T_virB10;I_traV;T_virB11;T_virB2;T_virB3;T_virB5;T_virB8;T_virB9	NA
CP124651.1	NA	NA	NA	NA	NA	NA	NA	NA	NA	NA	NA
CP124678.1	NA	NA	NA	NA	NA	NA	NA	NA	NA	NA	NA
CP124679.1	NA	NA	NA	NA	NA	NA	NA	NA	NA	NA	NA
CP124702.1	NA	NA	NA	NA	NA	NA	NA	NA	NA	NA	NA
CP124703.1	ENA|CP124703|CP124703.1	254179	No terminal repeats	263	11	0.9931	NA	9	81.4767	F_traE;F_traE	NF000402
CP124704.1	ENA|CP124704|CP124704.1	93640	No terminal repeats	119	11	0.9954	NA	27	110.7812	F_traL;F_traE;F_traK;F_traV;virb4;F_traW;F_traU;F_trbC;F_traN;F_traF;F_traH;F_traG;MOBF	NA
CP124705.1	ENA|CP124705|CP124705.1	60640	No terminal repeats	62	11	0.9939	NA	2	19.8621	NA	NA
CP124706.1	ENA|CP124706|CP124706.1	52716	No terminal repeats	67	11	0.9945	NA	9	46.8609	T_virB1;T_virB3;virb4;T_virB5;T_virB6;T_virB8;T_virB9	NF012147
CP124744.1	NA	NA	NA	NA	NA	NA	NA	NA	NA	NA	NA
CP124750.1	NA	NA	NA	NA	NA	NA	NA	NA	NA	NA	NA
CP124751.1	ENA|CP124751|CP124751.1	83787	No terminal repeats	92	11	0.9934	NA	20	63.1140	F_traE;MOBP1;I_trbB;I_trbA;I_traY;I_traW;traU;I_traR;I_traQ;I_traP;I_traO;I_traN;I_traM;I_traL;I_traK;I_traI	NA
CP124752.1	ENA|CP124752|CP124752.1	9297	No terminal repeats	7	11	0.9947	NA	2	4.4772	MOBQ	NA
CP124753.1	ENA|CP124753|CP124753.1	5792	No terminal repeats	8	11	0.9944	NA	2	5.1216	MOBP1	NA
CP124778.1	NA	NA	NA	NA	NA	NA	NA	NA	NA	NA	NA
CP124809.1	NA	NA	NA	NA	NA	NA	NA	NA	NA	NA	NA
CP124810.1	ENA|CP124810|CP124810.1	63589	No terminal repeats	86	11	0.9917	NA	15	39.1630	I_trbB;I_trbA;MOBP1;I_traI;I_traK;I_traL;I_traN;I_traO;I_traP;I_traQ;I_traR;traU;I_traW;I_traY	NF040806
CP124811.1	ENA|CP124811|CP124811.1	41037	No terminal repeats	46	11	0.9937	NA	1	19.1126	NA	NF012171
CP124812.1	NA	NA	NA	NA	NA	NA	NA	NA	NA	NA	NA
CP124813.1	NA	NA	NA	NA	NA	NA	NA	NA	NA	NA	NA
CP124814.1	ENA|CP124814|CP124814.1	63589	No terminal repeats	86	11	0.9917	NA	15	39.1630	I_trbB;I_trbA;MOBP1;I_traI;I_traK;I_traL;I_traN;I_traO;I_traP;I_traQ;I_traR;traU;I_traW;I_traY	NF040806
CP124815.1	ENA|CP124815|CP124815.1	43704	No terminal repeats	59	11	0.9941	NA	9	27.5925	T_virB1;T_virB2;virb4;T_virB6;T_virB8;T_virB9	NA
CP124816.1	ENA|CP124816|CP124816.1	41037	No terminal repeats	46	11	0.9935	NA	1	19.1126	NA	NF012171
CP124817.1	ENA|CP124817|CP124817.1	9547	No terminal repeats	7	11	0.9943	NA	2	5.7264	MOBQ	NA
CP124818.1	NA	NA	NA	NA	NA	NA	NA	NA	NA	NA	NA
CP124857.1	ENA|CP124857|CP124857.1	4340	No terminal repeats	4	11	0.9931	NA	1	2.2083	NA	NA
CP124884.1	NA	NA	NA	NA	NA	NA	NA	NA	NA	NA	NA
CP124885.1	ENA|CP124885|CP124885.1	65792	No terminal repeats	65	11	0.9913	NA	3	24.4992	FA_orf13	NA
CP124889.1	NA	NA	NA	NA	NA	NA	NA	NA	NA	NA	NA
CP124891.1	NA	NA	NA	NA	NA	NA	NA	NA	NA	NA	NA
CP124892.1	NA	NA	NA	NA	NA	NA	NA	NA	NA	NA	NA
CP124893.1	NA	NA	NA	NA	NA	NA	NA	NA	NA	NA	NA
CP124894.1	NA	NA	NA	NA	NA	NA	NA	NA	NA	NA	NA
CP124896.1	NA	NA	NA	NA	NA	NA	NA	NA	NA	NA	NA
CP124897.1	ENA|CP124897|CP124897.1	5121	No terminal repeats	5	11	0.9923	NA	1	3.1574	MOBV	NA
CP124900.1	NA	NA	NA	NA	NA	NA	NA	NA	NA	NA	NA
CP124901.1	NA	NA	NA	NA	NA	NA	NA	NA	NA	NA	NA
CP124902.1	ENA|CP124902|CP124902.1	78787	No terminal repeats	83	11	0.9919	NA	4	16.8984	FATA_prgL;FATA_prgIc	NA
CP124903.1	ENA|CP124903|CP124903.1	13517	No terminal repeats	14	11	0.9936	NA	1	3.7208	NA	NA
CP124904.1	ENA|CP124904|CP124904.1	9331	No terminal repeats	10	11	0.9883	NA	1	2.6256	NA	NA
CP124905.1	NA	NA	NA	NA	NA	NA	NA	NA	NA	NA	NA
CP124908.1	NA	NA	NA	NA	NA	NA	NA	NA	NA	NA	NA
CP124909.1	ENA|CP124909|CP124909.1	104476	No terminal repeats	126	11	0.9903	NA	1	31.9149	NA	NF033068
CP124910.1	ENA|CP124910|CP124910.1	72705	No terminal repeats	79	11	0.9919	NA	2	22.1897	MOBP2	NA
CP124913.1	NA	NA	NA	NA	NA	NA	NA	NA	NA	NA	NA
CP124921.1	NA	NA	NA	NA	NA	NA	NA	NA	NA	NA	NA
CP124922.1	ENA|CP124922|CP124922.1	65792	No terminal repeats	65	11	0.9913	NA	3	24.4992	FA_orf13	NA
CP124923.1	NA	NA	NA	NA	NA	NA	NA	NA	NA	NA	NA
CP124924.1	ENA|CP124924|CP124924.1	53892	No terminal repeats	54	11	0.9917	NA	3	21.5812	FA_orf13	NA
CP124935.1	NA	NA	NA	NA	NA	NA	NA	NA	NA	NA	NA
CP124936.1	ENA|CP124936|CP124936.1	68768	No terminal repeats	77	11	0.9909	NA	2	22.1897	MOBP2	NA
CP124937.1	ENA|CP124937|CP124937.1	52223	No terminal repeats	60	11	0.9933	NA	4	12.3046	FA_orf13	NA
CP124938.1	NA	NA	NA	NA	NA	NA	NA	NA	NA	NA	NA
CP124947.1	NA	NA	NA	NA	NA	NA	NA	NA	NA	NA	NA
CP124948.1	ENA|CP124948|CP124948.1	72303	No terminal repeats	81	11	0.9925	NA	2	20.4858	MOBP2	NA
CP124949.1	NA	NA	NA	NA	NA	NA	NA	NA	NA	NA	NA
CP125085.1	ENA|CP125085|CP125085.1	223890	No terminal repeats	242	11	0.9938	NA	4	72.6881	F_traE	NF000402;NF033134
CP125086.1	NA	NA	NA	NA	NA	NA	NA	NA	NA	NA	NA
CP125193.1	NA	NA	NA	NA	NA	NA	NA	NA	NA	NA	NA
CP125194.1	ENA|CP125194|CP125194.1	182338	No terminal repeats	222	11	0.9934	NA	12	80.0159	F_trbC;F_traU;F_traW;virb4;F_traV;F_traB;F_traK;F_traE	NA
CP125195.1	ENA|CP125195|CP125195.1	76068	No terminal repeats	78	11	0.9941	NA	7	28.0531	t4cp1;MOBH;F_traF;F_traH;F_traG	NF033134
CP125196.1	ENA|CP125196|CP125196.1	54215	No terminal repeats	66	11	0.9943	NA	2	25.7900	NA	NF012174;NF000270
CP125197.1	NA	NA	NA	NA	NA	NA	NA	NA	NA	NA	NA
CP125198.1	NA	NA	NA	NA	NA	NA	NA	NA	NA	NA	NA
CP125199.1	ENA|CP125199|CP125199.1	4052	No terminal repeats	7	11	0.9932	NA	2	3.1408	MOBP1	NA
CP125200.1	ENA|CP125200|CP125200.1	3511	No terminal repeats	5	11	0.9933	NA	2	3.1408	MOBP1	NA
CP125310.1	NA	NA	NA	NA	NA	NA	NA	NA	NA	NA	NA
CP125311.1	NA	NA	NA	NA	NA	NA	NA	NA	NA	NA	NA
CP125312.1	NA	NA	NA	NA	NA	NA	NA	NA	NA	NA	NA
CP125313.1	ENA|CP125313|CP125313.1	76037	No terminal repeats	91	11	0.9943	NA	28	64.9562	F_traL;F_traE;F_traK;F_traV;virb4;F_traW;F_traU;F_trbC;F_traN;F_traF;F_traH;F_traG;MOBF	NA
CP125314.1	ENA|CP125314|CP125314.1	71751	No terminal repeats	86	11	0.9956	NA	28	78.0942	F_traL;MOBF;F_traG;F_traH;F_traF;F_traN;F_trbC;F_traU;F_traW;virb4;F_traV;F_traK;F_traE;F_traL	NF000466;NF000496
CP125345.1	ENA|CP125345|CP125345.1	5596	No terminal repeats	8	11	0.9935	NA	2	4.5972	MOBP1	NA
CP125346.1	ENA|CP125346|CP125346.1	50524	No terminal repeats	61	11	0.9947	NA	6	36.9796	NA	NF000466
CP125347.1	ENA|CP125347|CP125347.1	73344	No terminal repeats	99	11	0.9945	NA	13	62.2619	F_traL;F_traE;MOBC	NA
CP125348.1	ENA|CP125348|CP125348.1	83551	No terminal repeats	99	11	0.9942	NA	18	57.9135	I_traN;I_traO;I_traP;I_traQ;I_traR;traU;I_traW;I_traY;I_trbA;I_trbB;MOBP1;I_traI;I_traK;I_traL	NF012174
CP125349.1	NA	NA	NA	NA	NA	NA	NA	NA	NA	NA	NA
CP125350.1	ENA|CP125350|CP125350.1	217743	No terminal repeats	235	11	0.9937	NA	5	74.2416	F_traE	NF033134;NF000402
CP125365.1	NA	NA	NA	NA	NA	NA	NA	NA	NA	NA	NA
CP125366.1	ENA|CP125366|CP125366.1	34090	No terminal repeats	45	11	0.9881	NA	2	12.5064	MOBP1;I_traV	NA
CP125367.1	NA	NA	NA	NA	NA	NA	NA	NA	NA	NA	NA
CP125368.1	ENA|CP125368|CP125368.1	33985	No terminal repeats	47	11	0.9905	NA	2	12.5064	MOBP1;I_traV	NA
CP125388.1	NA	NA	NA	NA	NA	NA	NA	NA	NA	NA	NA
CP125389.1	ENA|CP125389|CP125389.1	112158	No terminal repeats	127	11	0.9900	NA	1	33.2601	NA	NA
CP125390.1	NA	NA	NA	NA	NA	NA	NA	NA	NA	NA	NA
CP125734.1	NA	NA	NA	NA	NA	NA	NA	NA	NA	NA	NA
CP125735.1	NA	NA	NA	NA	NA	NA	NA	NA	NA	NA	NA
CP125736.1	ENA|CP125736|CP125736.1	211607	No terminal repeats	247	11	0.9952	NA	57	169.3562	F_traE;F_traL;F_traE;F_traK;F_traV;virb4;F_traW;F_traU;F_trbC;F_traN;F_traF;F_traH;F_traG;MOBF;F_traL;F_traE;F_traK;F_traV;virb4;F_traW;F_traU;F_traN;F_traF;F_traH;F_traG;MOBF	NF012147;NF000466
CP125737.1	NA	NA	NA	NA	NA	NA	NA	NA	NA	NA	NA
CP125762.1	NA	NA	NA	NA	NA	NA	NA	NA	NA	NA	NA
CP125966.1	NA	NA	NA	NA	NA	NA	NA	NA	NA	NA	NA
CP125980.1	NA	NA	NA	NA	NA	NA	NA	NA	NA	NA	NA
CP125981.1	NA	NA	NA	NA	NA	NA	NA	NA	NA	NA	NA
CP126082.1	NA	NA	NA	NA	NA	NA	NA	NA	NA	NA	NA
CP126083.1	NA	NA	NA	NA	NA	NA	NA	NA	NA	NA	NA
CP126097.1	NA	NA	NA	NA	NA	NA	NA	NA	NA	NA	NA
CP126137.1	NA	NA	NA	NA	NA	NA	NA	NA	NA	NA	NA
CP126323.1	NA	NA	NA	NA	NA	NA	NA	NA	NA	NA	NA
CP126324.1	ENA|CP126324|CP126324.1	86649	No terminal repeats	111	11	0.9949	NA	29	81.0268	F_traL;F_traE;F_traK;F_traV;virb4;F_traW;F_traU;F_traN;F_traF;F_traH;MOBF	NA
CP126338.1	NA	NA	NA	NA	NA	NA	NA	NA	NA	NA	NA
CP126536.1	NA	NA	NA	NA	NA	NA	NA	NA	NA	NA	NA
CP126537.1	ENA|CP126537|CP126537.1	197210	No terminal repeats	242	11	0.9930	NA	24	73.1437	T_virB8;T_virB9;F_traG;t4cp1;MOBH;T_virB1;T_virB2;virb4;T_virB6;T_virB8;T_virB9;F_traF;F_traH;F_traG;T_virB1	NF012147
CP126538.1	NA	NA	NA	NA	NA	NA	NA	NA	NA	NA	NA
CP126623.1	NA	NA	NA	NA	NA	NA	NA	NA	NA	NA	NA
CP126624.1	ENA|CP126624|CP126624.1	228564	No terminal repeats	295	11	0.9895	NA	21	61.5746	MOBH;t4cp1;F_traL;F_traE;F_traK;F_traB;F_traV;virb4;F_traW;F_traU;F_traF;F_traH;F_traG;T_virB1	NA
CP126767.1	NA	NA	NA	NA	NA	NA	NA	NA	NA	NA	NA
CP126768.1	ENA|CP126768|CP126768.1	174866	No terminal repeats	201	11	0.9940	NA	7	94.9824	NA	NF000402;NF000270;NF012171;NF012178
CP126769.1	ENA|CP126769|CP126769.1	72222	No terminal repeats	88	11	0.9916	NA	15	36.2542	I_trbB;I_trbA;MOBP1;I_traI;I_traK;I_traL;I_traN;I_traO;I_traP;I_traQ;I_traR;traU;I_traW;I_traY	NF040806;NF012171
CP126770.1	ENA|CP126770|CP126770.1	47844	No terminal repeats	61	11	0.9936	NA	2	21.0801	NA	NA
CP126771.1	NA	NA	NA	NA	NA	NA	NA	NA	NA	NA	NA
CP126772.1	ENA|CP126772|CP126772.1	3372	No terminal repeats	5	11	0.9958	NA	4	5.9811	NA	NA
CP126773.1	ENA|CP126773|CP126773.1	2507	No terminal repeats	3	11	0.9953	NA	1	3.1262	NA	NA
CP126778.1	NA	NA	NA	NA	NA	NA	NA	NA	NA	NA	NA
CP126779.1	NA	NA	NA	NA	NA	NA	NA	NA	NA	NA	NA
CP126780.1	ENA|CP126780|CP126780.1	63589	No terminal repeats	86	11	0.9917	NA	15	39.1630	I_trbB;I_trbA;MOBP1;I_traI;I_traK;I_traL;I_traN;I_traO;I_traP;I_traQ;I_traR;traU;I_traW;I_traY	NF040806
CP126781.1	ENA|CP126781|CP126781.1	33826	No terminal repeats	48	11	0.9946	NA	10	28.4706	T_virB11;T_virB9;T_virB8;T_virB6;virb4;T_virB2;T_virB1	NA
CP126782.1	ENA|CP126782|CP126782.1	3750	No terminal repeats	5	11	0.9930	NA	1	2.5721	MOBQ	NA
CP126792.1	NA	NA	NA	NA	NA	NA	NA	NA	NA	NA	NA
CP126793.1	ENA|CP126793|CP126793.1	154153	No terminal repeats	188	11	0.9932	NA	22	71.1450	MOBH;t4cp1;F_traL;F_traE;F_traK;F_traB;F_traV;virb4;F_traW;F_traU;F_trbC;F_traF;F_traH;F_traG;T_virB1	NF012174;NF012171;NF033085;NF000005;NF012147
CP126794.1	ENA|CP126794|CP126794.1	64366	No terminal repeats	89	11	0.9922	NA	16	41.3059	I_trbB;I_trbA;MOBP1;I_traI;I_traI;I_traK;I_traL;I_traN;I_traO;I_traP;I_traQ;I_traR;traU;I_traW;I_traY	NF040806
CP126795.1	ENA|CP126795|CP126795.1	9294	No terminal repeats	12	11	0.9950	NA	3	9.1824	MOBC	NA
CP126796.1	ENA|CP126796|CP126796.1	4995	No terminal repeats	7	11	0.9932	NA	2	3.1408	MOBP1	NA
CP126797.1	ENA|CP126797|CP126797.1	3223	No terminal repeats	5	11	0.9963	NA	4	7.7346	MOBP1	NA
CP126798.1	NA	NA	NA	NA	NA	NA	NA	NA	NA	NA	NA
CP126799.1	ENA|CP126799|CP126799.1	339331	No terminal repeats	376	11	0.9940	NA	19	219.0177	F_traE;F_traB;F_traV;virb4;F_traW;F_traU;F_trbC;T_virB1;F_traH;F_traF;MOBH;t4cp1	NF012171;NF012178;NF033144
CP126800.1	ENA|CP126800|CP126800.1	109006	No terminal repeats	129	11	0.9917	NA	2	26.4364	NA	NA
CP126801.1	ENA|CP126801|CP126801.1	63437	No terminal repeats	85	11	0.9917	NA	15	39.1630	I_trbB;I_trbA;MOBP1;I_traI;I_traK;I_traL;I_traN;I_traO;I_traP;I_traQ;I_traR;traU;I_traW;I_traY	NF040806
CP126802.1	ENA|CP126802|CP126802.1	6165	No terminal repeats	5	11	0.9943	NA	1	3.1262	NA	NA
CP126803.1	ENA|CP126803|CP126803.1	4853	No terminal repeats	8	11	0.9945	NA	2	3.7423	MOBP1	NA
CP126807.1	NA	NA	NA	NA	NA	NA	NA	NA	NA	NA	NA
CP126808.1	ENA|CP126808|CP126808.1	63589	No terminal repeats	86	11	0.9916	NA	15	39.1630	I_trbB;I_trbA;MOBP1;I_traI;I_traK;I_traL;I_traN;I_traO;I_traP;I_traQ;I_traR;traU;I_traW;I_traY	NF040806
CP126809.1	ENA|CP126809|CP126809.1	61092	No terminal repeats	69	11	0.9958	NA	27	65.7040	F_traL;F_traE;F_traK;F_traV;virb4;F_traW;F_traU;F_traN;F_traF;F_traH;F_traG;MOBF	NF012174
CP126810.1	ENA|CP126810|CP126810.1	2495	No terminal repeats	3	11	0.9953	NA	1	3.1262	NA	NA
CP126811.1	NA	NA	NA	NA	NA	NA	NA	NA	NA	NA	NA
CP126812.1	ENA|CP126812|CP126812.1	248662	No terminal repeats	265	11	0.9940	NA	17	173.3153	F_traE;F_traB;F_traV;virb4;F_traW;F_traU;F_trbC;t4cp1;MOBH;F_traF;F_traH	NF000153
CP126813.1	ENA|CP126813|CP126813.1	63589	No terminal repeats	86	11	0.9916	NA	15	39.1630	I_trbB;I_trbA;MOBP1;I_traI;I_traK;I_traL;I_traN;I_traO;I_traP;I_traQ;I_traR;traU;I_traW;I_traY	NF040806
CP126814.1	ENA|CP126814|CP126814.1	2495	No terminal repeats	3	11	0.9953	NA	1	3.1262	NA	NA
CP126819.1	NA	NA	NA	NA	NA	NA	NA	NA	NA	NA	NA
CP126820.1	ENA|CP126820|CP126820.1	249398	No terminal repeats	264	11	0.9940	NA	17	173.3153	F_traE;F_traB;F_traV;virb4;F_traW;F_traU;F_trbC;t4cp1;MOBH;F_traF;F_traH	NF000153
CP126821.1	ENA|CP126821|CP126821.1	63589	No terminal repeats	86	11	0.9916	NA	15	39.1630	I_trbB;I_trbA;MOBP1;I_traI;I_traK;I_traL;I_traN;I_traO;I_traP;I_traQ;I_traR;traU;I_traW;I_traY	NF040806
CP126822.1	ENA|CP126822|CP126822.1	61092	No terminal repeats	69	11	0.9958	NA	27	65.7040	F_traL;F_traE;F_traK;F_traV;virb4;F_traW;F_traU;F_traN;F_traF;F_traH;F_traG;MOBF	NF012174
CP126823.1	ENA|CP126823|CP126823.1	2495	No terminal repeats	3	11	0.9953	NA	1	3.1262	NA	NA
CP126824.1	NA	NA	NA	NA	NA	NA	NA	NA	NA	NA	NA
CP126825.1	ENA|CP126825|CP126825.1	248661	No terminal repeats	267	11	0.9942	NA	17	174.6485	F_traE;F_traB;F_traV;virb4;F_traW;F_traU;F_trbC;t4cp1;MOBH;F_traF;F_traH	NF000153
CP126826.1	ENA|CP126826|CP126826.1	63589	No terminal repeats	86	11	0.9922	NA	15	39.1630	I_traO;I_traP;I_traQ;I_traR;traU;I_traW;I_traY;I_trbB;I_trbA;MOBP1;I_traI;I_traK;I_traL;I_traN	NF040806
CP126827.1	NA	NA	NA	NA	NA	NA	NA	NA	NA	NA	NA
CP126828.1	ENA|CP126828|CP126828.1	248621	No terminal repeats	264	11	0.9940	NA	17	173.3153	F_traE;F_traB;F_traV;virb4;F_traW;F_traU;F_trbC;F_traH;F_traF;MOBH;t4cp1	NF000153
CP126829.1	ENA|CP126829|CP126829.1	63589	No terminal repeats	86	11	0.9916	NA	15	39.1630	I_trbB;I_trbA;MOBP1;I_traI;I_traK;I_traL;I_traN;I_traO;I_traP;I_traQ;I_traR;traU;I_traW;I_traY	NF040806
CP126830.1	ENA|CP126830|CP126830.1	2495	No terminal repeats	3	11	0.9953	NA	1	3.1262	NA	NA
CP126831.1	NA	NA	NA	NA	NA	NA	NA	NA	NA	NA	NA
CP126832.1	ENA|CP126832|CP126832.1	332043	No terminal repeats	372	11	0.9939	NA	19	215.2040	F_traE;F_traB;F_traV;virb4;F_traW;F_traU;F_trbC;T_virB1;F_traH;F_traF;MOBH;t4cp1	NF012171;NF012178;NF033144
CP126833.1	ENA|CP126833|CP126833.1	63589	No terminal repeats	86	11	0.9916	NA	15	39.1630	I_trbB;I_trbA;MOBP1;I_traI;I_traK;I_traL;I_traN;I_traO;I_traP;I_traQ;I_traR;traU;I_traW;I_traY	NF040806
CP126837.1	NA	NA	NA	NA	NA	NA	NA	NA	NA	NA	NA
CP126838.1	ENA|CP126838|CP126838.1	335137	No terminal repeats	376	11	0.9939	NA	19	216.7811	F_traE;F_traB;F_traV;virb4;F_traW;F_traU;F_trbC;T_virB1;F_traH;F_traF;MOBH;t4cp1	NF012171;NF012178;NF033144;NF000270;NF033144
CP126839.1	ENA|CP126839|CP126839.1	202415	No terminal repeats	205	11	0.9937	NA	12	96.0221	MOBF;F_traB;F_traK;F_traE;F_traL	NF000402;NF000153;NF012171
CP126840.1	ENA|CP126840|CP126840.1	63589	No terminal repeats	86	11	0.9916	NA	15	39.1630	I_trbB;I_trbA;MOBP1;I_traI;I_traK;I_traL;I_traN;I_traO;I_traP;I_traQ;I_traR;traU;I_traW;I_traY	NF040806
CP126864.1	NA	NA	NA	NA	NA	NA	NA	NA	NA	NA	NA
CP126865.1	NA	NA	NA	NA	NA	NA	NA	NA	NA	NA	NA
CP126866.1	ENA|CP126866|CP126866.1	109040	No terminal repeats	110	11	0.9919	NA	11	40.2365	I_traK;I_trbB;I_trbA;MOBP1;I_traN;I_traO;I_traQ;traU;I_traW;I_traY;I_traI	NF033085
CP126867.1	ENA|CP126867|CP126867.1	63589	No terminal repeats	86	11	0.9916	NA	15	39.1630	I_trbB;I_trbA;MOBP1;I_traI;I_traK;I_traL;I_traN;I_traO;I_traP;I_traQ;I_traR;traU;I_traW;I_traY	NF040806
CP126868.1	ENA|CP126868|CP126868.1	9923	No terminal repeats	10	11	0.9934	NA	3	7.4782	MOBP1	NF012171
CP126876.1	NA	NA	NA	NA	NA	NA	NA	NA	NA	NA	NA
CP126877.1	ENA|CP126877|CP126877.1	63589	No terminal repeats	86	11	0.9916	NA	15	39.1630	I_trbB;I_trbA;MOBP1;I_traI;I_traK;I_traL;I_traN;I_traO;I_traP;I_traQ;I_traR;traU;I_traW;I_traY	NF040806
CP126882.1	NA	NA	NA	NA	NA	NA	NA	NA	NA	NA	NA
CP126883.1	ENA|CP126883|CP126883.1	42848	No terminal repeats	55	11	0.9920	NA	8	29.4850	T_virB9;T_virB8;T_virB6;virb4;T_virB2	NA
CP127235.1	NA	NA	NA	NA	NA	NA	NA	NA	NA	NA	NA
CP127236.1	ENA|CP127236|CP127236.1	154719	No terminal repeats	191	11	0.9952	NA	39	148.6271	F_traL;F_traE;MOBF;F_traG;F_traH;F_traF;F_traN;F_trbC;F_traU;F_traW;virb4;F_traV;F_traK;F_traE;F_traL	NF000466
CP127237.1	ENA|CP127237|CP127237.1	205645	No terminal repeats	227	11	0.9943	NA	27	118.4817	MOBF;F_traG;F_traH;F_traF;F_traN;F_trbC;F_traU;F_traW;virb4;F_traV;F_traK;F_traE;F_traL	NF000402;NF012178
CP127238.1	ENA|CP127238|CP127238.1	10060	No terminal repeats	13	11	0.9943	NA	4	7.8883	MOBC	NA
CP127239.1	ENA|CP127239|CP127239.1	5595	No terminal repeats	9	11	0.9935	NA	2	4.5972	MOBP1	NA
CP127333.1	ENA|CP127333|CP127333.1	45311	DTR	56	11	0.9925	NA	1	16.3556	NA	NF033115
CP127334.1	ENA|CP127334|CP127334.1	37267	No terminal repeats	53	11	0.9942	NA	3	20.1085	NA	NF000119;NF033068
CP127335.1	NA	NA	NA	NA	NA	NA	NA	NA	NA	NA	NA
CP127336.1	NA	NA	NA	NA	NA	NA	NA	NA	NA	NA	NA
CP127337.1	NA	NA	NA	NA	NA	NA	NA	NA	NA	NA	NA
CP127387.1	NA	NA	NA	NA	NA	NA	NA	NA	NA	NA	NA
CP127396.1	ENA|CP127396|CP127396.1	43225	DTR	44	11	0.9930	NA	2	9.1999	FATA_prgIc;FATA_prgL	NA
CP127397.1	NA	NA	NA	NA	NA	NA	NA	NA	NA	NA	NA
CP127398.1	ENA|CP127398|CP127398.1	68769	No terminal repeats	77	11	0.9919	NA	2	22.1897	MOBP2	NA
CP128048.1	ENA|CP128048|CP128048.1	118188	No terminal repeats	152	11	0.9944	NA	11	81.3994	NA	NA
CP128049.1	ENA|CP128049|CP128049.1	10060	No terminal repeats	14	11	0.9945	NA	4	9.6066	MOBC	NA
CP128050.1	ENA|CP128050|CP128050.1	5596	No terminal repeats	8	11	0.9929	NA	2	4.5972	MOBP1	NA
CP128051.1	NA	NA	NA	NA	NA	NA	NA	NA	NA	NA	NA
CP128078.1	NA	NA	NA	NA	NA	NA	NA	NA	NA	NA	NA
CP128079.1	ENA|CP128079|CP128079.1	206805	No terminal repeats	243	11	0.9944	NA	46	133.0732	F_traV;F_traB;F_traK;F_traE;F_traL;t4cp1;MOBH;MOBF;F_traG;F_traH;F_traF;F_traN;F_traU;F_traW;virb4;F_traV;F_traK;F_traE;F_traL;F_traF;F_traH;F_traG;T_virB1;T_virB8;T_virB9	NF012171;NF000270
CP128080.1	ENA|CP128080|CP128080.1	5596	No terminal repeats	8	11	0.9931	NA	2	4.5972	MOBP1	NA
CP128081.1	ENA|CP128081|CP128081.1	104047	No terminal repeats	130	11	0.9944	NA	10	75.4444	NA	NA
CP128188.1	NA	NA	NA	NA	NA	NA	NA	NA	NA	NA	NA
CP128189.1	ENA|CP128189|CP128189.1	31838	No terminal repeats	43	11	0.9944	NA	2	18.3096	NA	NF033115
CP128207.1	NA	NA	NA	NA	NA	NA	NA	NA	NA	NA	NA
CP128208.1	ENA|CP128208|CP128208.1	289843	No terminal repeats	320	11	0.9940	NA	17	207.1881	t4cp1;MOBH;F_traF;F_traH;F_trbC;F_traU;F_traW;virb4;F_traV;F_traB;F_traE	NA
CP128209.1	ENA|CP128209|CP128209.1	106493	No terminal repeats	115	11	0.9937	NA	18	71.3704	I_traE;MOBP1;I_trbB;I_trbA;I_traY;I_traW;I_traV;traU;I_traT;I_traR;I_traQ;I_traP;I_traO;I_traN;I_traL;I_traK;I_traI	NF000496
CP128210.1	ENA|CP128210|CP128210.1	99892	No terminal repeats	117	11	0.9943	NA	30	73.4023	F_traG;F_traH;F_traF;F_traN;F_trbC;F_traU;F_traW;virb4;F_traV;F_traK;F_traE;F_traL;MOBF;t4cp2	NF000005;NF012147
CP128211.1	ENA|CP128211|CP128211.1	67279	No terminal repeats	88	11	0.9940	NA	9	46.9580	T_virB1;T_virB3;virb4;T_virB5;T_virB6;T_virB8;T_virB9	NA
CP128212.1	NA	NA	NA	NA	NA	NA	NA	NA	NA	NA	NA
CP128213.1	ENA|CP128213|CP128213.1	11263	No terminal repeats	20	11	0.9927	NA	3	4.8591	MOBP1;MOBP1	NA
CP128435.1	NA	NA	NA	NA	NA	NA	NA	NA	NA	NA	NA
CP128436.1	NA	NA	NA	NA	NA	NA	NA	NA	NA	NA	NA
CP128437.1	ENA|CP128437|CP128437.1	22710	No terminal repeats	34	11	0.9947	NA	6	24.2277	MOBP1;T_virB5;T_virB6	NF040806
CP128461.1	ENA|CP128461|CP128461.1	4802	No terminal repeats	6	11	0.9914	NA	1	4.6734	MOBV	NA
CP128462.1	ENA|CP128462|CP128462.1	5141	No terminal repeats	6	11	0.9892	NA	1	3.1574	MOBV	NA
CP128463.1	ENA|CP128463|CP128463.1	50228	No terminal repeats	63	11	0.9935	NA	5	36.6101	FATA_trsD;FATA_trsC;FATA_trsL	NF033068
CP128464.1	NA	NA	NA	NA	NA	NA	NA	NA	NA	NA	NA
CP128605.1	NA	NA	NA	NA	NA	NA	NA	NA	NA	NA	NA
CP128994.1	ENA|CP128994|CP128994.1	177732	No terminal repeats	186	11	0.9898	NA	2	36.2548	MOBP2	NA
CP128995.1	NA	NA	NA	NA	NA	NA	NA	NA	NA	NA	NA
CP129105.1	NA	NA	NA	NA	NA	NA	NA	NA	NA	NA	NA
CP129185.1	ENA|CP129185|CP129185.1	207983	No terminal repeats	208	11	0.9925	NA	9	59.5927	F_traE;F_traE;T_virB10;T_virB10	NF012171;NF000107;NF012171;NF000107;NF012174
CP129186.1	NA	NA	NA	NA	NA	NA	NA	NA	NA	NA	NA
CP129187.1	NA	NA	NA	NA	NA	NA	NA	NA	NA	NA	NA
CP129188.1	ENA|CP129188|CP129188.1	4822	No terminal repeats	7	11	0.9929	NA	1	3.6647	NA	NA
CP129189.1	ENA|CP129189|CP129189.1	64447	No terminal repeats	68	11	0.9926	NA	1	13.8509	NA	NF033144
CP129190.1	NA	NA	NA	NA	NA	NA	NA	NA	NA	NA	NA
CP129206.1	NA	NA	NA	NA	NA	NA	NA	NA	NA	NA	NA
CP129207.1	ENA|CP129207|CP129207.1	94032	No terminal repeats	117	11	0.9948	NA	31	78.7366	MOBF;F_traG;F_traH;F_traF;F_traN;F_traU;F_traW;virb4;F_traV;F_traK;F_traE;F_traL	NA
CP129208.1	NA	NA	NA	NA	NA	NA	NA	NA	NA	NA	NA
CP129221.1	NA	NA	NA	NA	NA	NA	NA	NA	NA	NA	NA
CP129222.1	ENA|CP129222|CP129222.1	274793	No terminal repeats	309	11	0.9897	NA	3	72.4845	MOBP2;MOBP2	NA
CP129223.1	ENA|CP129223|CP129223.1	47983	No terminal repeats	51	11	0.9912	NA	3	4.3888	NA	NF033115
CP129224.1	ENA|CP129224|CP129224.1	6173	No terminal repeats	8	11	0.9955	NA	1	9.3098	NA	NA
CP129225.1	NA	NA	NA	NA	NA	NA	NA	NA	NA	NA	NA
CP129226.1	NA	NA	NA	NA	NA	NA	NA	NA	NA	NA	NA
CP129227.1	ENA|CP129227|CP129227.1	2947	No terminal repeats	5	11	0.9966	NA	2	6.6500	NA	NA
CP129228.1	ENA|CP129228|CP129228.1	2839	No terminal repeats	5	11	0.9943	NA	1	4.1842	NA	NA
CP129229.1	ENA|CP129229|CP129229.1	2530	No terminal repeats	4	11	0.9939	NA	1	2.4659	NA	NA
CP129230.1	NA	NA	NA	NA	NA	NA	NA	NA	NA	NA	NA
CP129231.1	NA	NA	NA	NA	NA	NA	NA	NA	NA	NA	NA
CP129232.1	NA	NA	NA	NA	NA	NA	NA	NA	NA	NA	NA
CP129233.1	NA	NA	NA	NA	NA	NA	NA	NA	NA	NA	NA
CP129234.1	NA	NA	NA	NA	NA	NA	NA	NA	NA	NA	NA
CP129250.1	NA	NA	NA	NA	NA	NA	NA	NA	NA	NA	NA
CP129251.1	ENA|CP129251|CP129251.1	217745	No terminal repeats	259	11	0.9939	NA	16	124.0777	T_virB9;T_virB8;T_virB6;virb4;T_virB2;T_virB1	NF000270;NF012174;NF012171;NF000005;NF012147;NF000402;NF012178
CP129338.1	NA	NA	NA	NA	NA	NA	NA	NA	NA	NA	NA
CP129357.1	NA	NA	NA	NA	NA	NA	NA	NA	NA	NA	NA
CP129358.1	ENA|CP129358|CP129358.1	42033	No terminal repeats	33	11	0.9883	NA	3	5.8668	NA	NF012167;NF040806
CP129359.1	NA	NA	NA	NA	NA	NA	NA	NA	NA	NA	NA
CP129393.1	NA	NA	NA	NA	NA	NA	NA	NA	NA	NA	NA
CP129394.1	ENA|CP129394|CP129394.1	276614	No terminal repeats	315	11	0.9903	NA	3	75.2846	MOBP2;MOBP2	NA
CP129395.1	ENA|CP129395|CP129395.1	54168	No terminal repeats	57	11	0.9932	NA	2	28.1598	MOBP2	NA
CP129397.1	NA	NA	NA	NA	NA	NA	NA	NA	NA	NA	NA
CP129398.1	NA	NA	NA	NA	NA	NA	NA	NA	NA	NA	NA
CP129399.1	ENA|CP129399|CP129399.1	2947	No terminal repeats	5	11	0.9966	NA	2	6.6500	NA	NA
CP129556.1	NA	NA	NA	NA	NA	NA	NA	NA	NA	NA	NA
CP129702.1	NA	NA	NA	NA	NA	NA	NA	NA	NA	NA	NA
CP129703.1	ENA|CP129703|CP129703.1	223796	No terminal repeats	240	11	0.9937	NA	4	76.7950	F_traE	NF033134;NF000402
CP129704.1	ENA|CP129704|CP129704.1	65499	No terminal repeats	87	11	0.9922	NA	15	39.1630	MOBP1;I_traI;I_traK;I_traL;I_traN;I_traO;I_traP;I_traQ;I_traR;traU;I_traW;I_traY;I_trbB;I_trbA	NF040806
CP129779.1	NA	NA	NA	NA	NA	NA	NA	NA	NA	NA	NA
CP129780.1	ENA|CP129780|CP129780.1	148623	No terminal repeats	169	11	0.9947	NA	28	112.8563	F_traL;F_traE;F_traK;F_traV;virb4;F_traW;F_traU;F_trbC;F_traN;F_traF;F_traH;F_traG;MOBF	NF000402
CP129781.1	ENA|CP129781|CP129781.1	65124	No terminal repeats	87	11	0.9920	NA	15	39.1630	I_trbA;I_trbB;I_traY;I_traW;traU;I_traR;I_traQ;I_traP;I_traO;I_traN;I_traL;I_traK;I_traI;MOBP1	NF040806
CP129782.1	ENA|CP129782|CP129782.1	176350	No terminal repeats	212	11	0.9925	NA	25	81.4399	T_virB8;T_virB9;MOBH;t4cp1;F_traL;F_traE;F_traK;F_traB;F_traV;virb4;F_traW;F_traU;F_trbC;F_traF;F_traH;F_traG;T_virB1;T_virB1	NF000466;NF012174;NF012171
CP129783.1	ENA|CP129783|CP129783.1	5223	No terminal repeats	5	11	0.9925	NA	1	1.7183	MOBP1	NA
CP129875.1	NA	NA	NA	NA	NA	NA	NA	NA	NA	NA	NA
CP129876.1	NA	NA	NA	NA	NA	NA	NA	NA	NA	NA	NA
CP130112.1	NA	NA	NA	NA	NA	NA	NA	NA	NA	NA	NA
CP130113.1	ENA|CP130113|CP130113.1	144841	No terminal repeats	162	11	0.9943	NA	32	85.3109	F_traE;F_traE;MOBF;F_traG;F_traH;F_traF;F_traN;F_traU;F_traW;virb4;F_traV;F_traK;F_traE;F_traL	NF012171
CP130114.1	ENA|CP130114|CP130114.1	2569	No terminal repeats	3	11	0.9953	NA	1	2.3861	NA	NA
CP130115.1	NA	NA	NA	NA	NA	NA	NA	NA	NA	NA	NA
CP130116.1	ENA|CP130116|CP130116.1	144840	No terminal repeats	161	11	0.9944	NA	32	85.3109	F_traE;F_traE;MOBF;F_traG;F_traH;F_traF;F_traN;F_traU;F_traW;virb4;F_traV;F_traK;F_traE;F_traL	NF012171
CP130117.1	ENA|CP130117|CP130117.1	2569	No terminal repeats	3	11	0.9953	NA	2	2.3744	NA	NA
CP130126.1	NA	NA	NA	NA	NA	NA	NA	NA	NA	NA	NA
CP130127.1	ENA|CP130127|CP130127.1	144840	No terminal repeats	161	11	0.9944	NA	32	85.3109	F_traE;F_traE;MOBF;F_traG;F_traH;F_traF;F_traN;F_traU;F_traW;virb4;F_traV;F_traK;F_traE;F_traL	NF012171
CP130128.1	ENA|CP130128|CP130128.1	4054	No terminal repeats	7	11	0.9914	NA	1	1.6586	NA	NA
CP130129.1	NA	NA	NA	NA	NA	NA	NA	NA	NA	NA	NA
CP130241.1	NA	NA	NA	NA	NA	NA	NA	NA	NA	NA	NA
CP130242.1	ENA|CP130242|CP130242.1	181404	No terminal repeats	240	11	0.9947	NA	47	139.6034	F_traL;F_traE;F_traK;F_traL;F_traE;F_traK;F_traV;virb4;F_traW;F_traU;F_traN;F_traF;F_traH;F_traG;T_virB9;T_virB8;T_virB1;F_traG;F_traH;F_traF	NA
CP130243.1	ENA|CP130243|CP130243.1	58448	No terminal repeats	76	11	0.9928	NA	6	29.5470	F_traF;F_traH;F_traG;T_virB1	NA
CP130244.1	ENA|CP130244|CP130244.1	47620	No terminal repeats	51	11	0.9935	NA	5	22.5021	T_virB1;F_traG;F_traH;F_traF	NF000466
CP130245.1	ENA|CP130245|CP130245.1	26843	No terminal repeats	35	11	0.9934	NA	8	15.0873	T_virB8;T_virB9;F_traF;F_traH;F_traG;T_virB1	NA
CP130246.1	ENA|CP130246|CP130246.1	12950	No terminal repeats	14	11	0.9926	NA	1	8.1366	NA	NF000466
CP130247.1	NA	NA	NA	NA	NA	NA	NA	NA	NA	NA	NA
CP130248.1	NA	NA	NA	NA	NA	NA	NA	NA	NA	NA	NA
CP130249.1	ENA|CP130249|CP130249.1	5675	No terminal repeats	8	11	0.9925	NA	2	4.5972	MOBP1	NA
CP130250.1	ENA|CP130250|CP130250.1	10058	No terminal repeats	13	11	0.9941	NA	4	7.8883	MOBC	NA
CP130251.1	ENA|CP130251|CP130251.1	6915	No terminal repeats	10	11	0.9939	NA	2	4.9260	MOBQ	NA
CP130252.1	ENA|CP130252|CP130252.1	65496	No terminal repeats	89	11	0.9923	NA	15	39.1630	I_trbA;I_trbB;I_traY;I_traW;traU;I_traR;I_traQ;I_traP;I_traO;I_traN;I_traL;I_traK;I_traI;MOBP1	NF040806
CP130501.1	NA	NA	NA	NA	NA	NA	NA	NA	NA	NA	NA
CP130525.1	NA	NA	NA	NA	NA	NA	NA	NA	NA	NA	NA
CP130534.1	NA	NA	NA	NA	NA	NA	NA	NA	NA	NA	NA
CP130535.1	ENA|CP130535|CP130535.1	42914	No terminal repeats	50	11	0.9936	NA	2	13.9231	NA	NF040806;NF012167;NF040806
CP130537.1	NA	NA	NA	NA	NA	NA	NA	NA	NA	NA	NA
CP130597.1	NA	NA	NA	NA	NA	NA	NA	NA	NA	NA	NA
CP130605.1	NA	NA	NA	NA	NA	NA	NA	NA	NA	NA	NA
CP130606.1	ENA|CP130606|CP130606.1	326706	No terminal repeats	370	11	0.9940	NA	19	215.6105	F_traE;F_traB;F_traV;virb4;F_traW;F_traU;F_trbC;T_virB1;F_traH;F_traF;MOBH;t4cp1	NF012178;NF012147;NF033144
CP130607.1	ENA|CP130607|CP130607.1	60990	No terminal repeats	63	11	0.9920	NA	1	16.1878	NA	NA
CP130621.1	NA	NA	NA	NA	NA	NA	NA	NA	NA	NA	NA
CP130622.1	ENA|CP130622|CP130622.1	139222	No terminal repeats	130	11	0.9929	NA	2	21.6260	I_trbA	NA
CP130623.1	NA	NA	NA	NA	NA	NA	NA	NA	NA	NA	NA
CP130625.1	NA	NA	NA	NA	NA	NA	NA	NA	NA	NA	NA
CP130626.1	NA	NA	NA	NA	NA	NA	NA	NA	NA	NA	NA
CP130627.2	NA	NA	NA	NA	NA	NA	NA	NA	NA	NA	NA
CP130628.2	NA	NA	NA	NA	NA	NA	NA	NA	NA	NA	NA
CP130674.1	NA	NA	NA	NA	NA	NA	NA	NA	NA	NA	NA
CP130675.1	ENA|CP130675|CP130675.1	327617	No terminal repeats	353	11	0.9931	NA	23	119.3931	MOBH;t4cp1;F_trbC;F_traU;F_traW;F_traW;virb4;F_traV;F_traB;F_traK;F_traE;T_virB10;F_traG;F_traH;F_traF	NF012171;NF000107;NF012171;NF000107;NF012174;NF012171;NF000027
CP130676.1	ENA|CP130676|CP130676.1	103950	No terminal repeats	113	11	0.9936	NA	3	36.3859	NA	NF033144;NF000402
CP130677.1	ENA|CP130677|CP130677.1	46162	No terminal repeats	58	11	0.9936	NA	9	25.1041	T_virB1;T_virB2;virb4;T_virB6;T_virB8;T_virB9	NF012147
CP130678.1	ENA|CP130678|CP130678.1	4991	No terminal repeats	6	11	0.9942	NA	1	3.7309	NA	NA
CP130679.1	ENA|CP130679|CP130679.1	4579	No terminal repeats	6	11	0.9932	NA	1	2.2083	NA	NA
CP130680.1	ENA|CP130680|CP130680.1	3452	No terminal repeats	2	11	0.9955	NA	1	2.8896	NA	NA
CP130890.1	NA	NA	NA	NA	NA	NA	NA	NA	NA	NA	NA
CP130893.1	NA	NA	NA	NA	NA	NA	NA	NA	NA	NA	NA
CP130894.1	NA	NA	NA	NA	NA	NA	NA	NA	NA	NA	NA
CP130896.1	NA	NA	NA	NA	NA	NA	NA	NA	NA	NA	NA
CP130897.1	NA	NA	NA	NA	NA	NA	NA	NA	NA	NA	NA
CP130899.1	NA	NA	NA	NA	NA	NA	NA	NA	NA	NA	NA
CP131442.1	NA	NA	NA	NA	NA	NA	NA	NA	NA	NA	NA
CP131443.1	ENA|CP131443|CP131443.1	40686	No terminal repeats	48	11	0.9920	NA	8	22.5283	T_virB9;T_virB8;virb4;T_virB2;MOBP1	NA
CP131444.1	NA	NA	NA	NA	NA	NA	NA	NA	NA	NA	NA
CP131638.1	NA	NA	NA	NA	NA	NA	NA	NA	NA	NA	NA
CP131639.1	ENA|CP131639|CP131639.1	39075	No terminal repeats	46	11	0.9743	NA	9	16.3681	T_virB11;T_virB2;virb4;T_virB8;T_virB9;T_virB10;T_virB5	NA
CP131640.1	ENA|CP131640|CP131640.1	4153	No terminal repeats	9	11	0.9957	NA	3	9.8962	MOBP1	NA
CP131665.1	NA	NA	NA	NA	NA	NA	NA	NA	NA	NA	NA
CP131666.1	ENA|CP131666|CP131666.1	24655	No terminal repeats	29	11	0.9942	NA	3	16.0458	MOBV	NF012167;NF040806
CP131667.1	NA	NA	NA	NA	NA	NA	NA	NA	NA	NA	NA
CP131706.1	NA	NA	NA	NA	NA	NA	NA	NA	NA	NA	NA
CP131707.1	NA	NA	NA	NA	NA	NA	NA	NA	NA	NA	NA
CP131708.1	NA	NA	NA	NA	NA	NA	NA	NA	NA	NA	NA
CP131709.1	NA	NA	NA	NA	NA	NA	NA	NA	NA	NA	NA
CP131710.1	NA	NA	NA	NA	NA	NA	NA	NA	NA	NA	NA
CP131711.1	NA	NA	NA	NA	NA	NA	NA	NA	NA	NA	NA
CP131712.1	NA	NA	NA	NA	NA	NA	NA	NA	NA	NA	NA
CP131713.1	NA	NA	NA	NA	NA	NA	NA	NA	NA	NA	NA
CP131715.1	NA	NA	NA	NA	NA	NA	NA	NA	NA	NA	NA
CP131716.1	NA	NA	NA	NA	NA	NA	NA	NA	NA	NA	NA
CP131717.1	NA	NA	NA	NA	NA	NA	NA	NA	NA	NA	NA
CP131718.1	NA	NA	NA	NA	NA	NA	NA	NA	NA	NA	NA
CP131719.1	NA	NA	NA	NA	NA	NA	NA	NA	NA	NA	NA
CP131720.1	NA	NA	NA	NA	NA	NA	NA	NA	NA	NA	NA
CP131721.1	ENA|CP131721|CP131721.1	5403	No terminal repeats	6	11	0.9953	NA	1	6.2104	NA	NA
CP131722.1	NA	NA	NA	NA	NA	NA	NA	NA	NA	NA	NA
CP131723.1	NA	NA	NA	NA	NA	NA	NA	NA	NA	NA	NA
CP131724.1	NA	NA	NA	NA	NA	NA	NA	NA	NA	NA	NA
CP131726.1	NA	NA	NA	NA	NA	NA	NA	NA	NA	NA	NA
CP131746.1	NA	NA	NA	NA	NA	NA	NA	NA	NA	NA	NA
CP131747.1	ENA|CP131747|CP131747.1	103469	No terminal repeats	117	11	0.9951	NA	20	83.0984	MOBP1;I_trbB;I_trbA;I_traY;I_traW;I_traV;traU;I_traT;I_traR;I_traQ;I_traP;I_traO;I_traN;I_traL;I_traK;I_traI;I_traE	NF033085
CP131748.1	ENA|CP131748|CP131748.1	59372	No terminal repeats	75	11	0.9947	NA	16	46.7065	F_traV;F_traK;F_traE;F_traL	NA
CP131760.1	NA	NA	NA	NA	NA	NA	NA	NA	NA	NA	NA
CP131761.1	ENA|CP131761|CP131761.1	195861	No terminal repeats	218	11	0.9944	NA	14	142.1222	F_trbC;F_traU;F_traW;virb4;F_traV;F_traB;F_traE	NF012171;NF012174
CP131762.1	ENA|CP131762|CP131762.1	97648	No terminal repeats	111	11	0.9951	NA	20	81.4485	MOBP1;I_trbB;I_trbA;I_traY;I_traW;I_traV;traU;I_traT;I_traR;I_traQ;I_traP;I_traO;I_traN;I_traL;I_traK;I_traI;I_traE	NF033085
CP131785.1	NA	NA	NA	NA	NA	NA	NA	NA	NA	NA	NA
CP131786.1	ENA|CP131786|CP131786.1	461212	No terminal repeats	547	11	0.9860	NA	5	28.7753	T_virB1	NF012171;NF000272;NF012147
CP131818.1	NA	NA	NA	NA	NA	NA	NA	NA	NA	NA	NA
CP131819.1	ENA|CP131819|CP131819.1	269167	No terminal repeats	294	11	0.9898	NA	3	73.5011	MOBP2;MOBP2	NF033693
CP131820.1	NA	NA	NA	NA	NA	NA	NA	NA	NA	NA	NA
CP131821.1	ENA|CP131821|CP131821.1	11408	No terminal repeats	14	11	0.9930	NA	1	6.1180	NA	NA
CP131822.1	NA	NA	NA	NA	NA	NA	NA	NA	NA	NA	NA
CP131823.1	ENA|CP131823|CP131823.1	4377	No terminal repeats	7	11	0.9945	NA	1	5.9024	NA	NA
CP131824.1	NA	NA	NA	NA	NA	NA	NA	NA	NA	NA	NA
CP131834.1	NA	NA	NA	NA	NA	NA	NA	NA	NA	NA	NA
CP131835.1	ENA|CP131835|CP131835.1	233268	No terminal repeats	281	11	0.9885	NA	1	58.4866	MOBP2	NA
CP131836.1	ENA|CP131836|CP131836.1	54651	No terminal repeats	58	11	0.9935	NA	2	33.3146	MOBP2	NA
CP131837.1	NA	NA	NA	NA	NA	NA	NA	NA	NA	NA	NA
CP131838.1	ENA|CP131838|CP131838.1	36005	No terminal repeats	50	11	0.9947	NA	2	25.1968	NA	NF033068
CP131839.1	ENA|CP131839|CP131839.1	4377	No terminal repeats	7	11	0.9945	NA	1	5.9024	NA	NA
CP131840.1	ENA|CP131840|CP131840.1	2947	No terminal repeats	4	11	0.9959	NA	1	5.9024	NA	NA
CP131856.1	NA	NA	NA	NA	NA	NA	NA	NA	NA	NA	NA
CP131857.1	ENA|CP131857|CP131857.1	272409	No terminal repeats	326	11	0.9888	NA	3	81.5130	MOBP2;MOBP2	NF033693
CP131858.1	ENA|CP131858|CP131858.1	31541	No terminal repeats	44	11	0.9940	NA	2	15.5009	NA	NF033068
CP131859.1	NA	NA	NA	NA	NA	NA	NA	NA	NA	NA	NA
CP131860.1	ENA|CP131860|CP131860.1	4377	No terminal repeats	7	11	0.9946	NA	1	5.9024	NA	NA
CP131898.1	NA	NA	NA	NA	NA	NA	NA	NA	NA	NA	NA
CP131899.1	ENA|CP131899|CP131899.1	87483	No terminal repeats	119	11	0.9905	NA	16	42.4376	t4cp2;F_traG;F_traH;F_traF;F_trbC;F_trbC;F_traU;F_traW;F_traV;F_traB;F_traK;F_traK;F_traE;F_traL	NF040806
CP131900.1	NA	NA	NA	NA	NA	NA	NA	NA	NA	NA	NA
CP132024.1	NA	NA	NA	NA	NA	NA	NA	NA	NA	NA	NA
CP132025.1	ENA|CP132025|CP132025.1	34901	No terminal repeats	40	11	0.9948	NA	8	26.7122	MOBV;MOBV	NF000153;NF012176;NF040806;NF012167
CP132180.1	NA	NA	NA	NA	NA	NA	NA	NA	NA	NA	NA
CP132181.1	NA	NA	NA	NA	NA	NA	NA	NA	NA	NA	NA
CP132182.1	NA	NA	NA	NA	NA	NA	NA	NA	NA	NA	NA
CP132183.1	NA	NA	NA	NA	NA	NA	NA	NA	NA	NA	NA
CP132187.1	NA	NA	NA	NA	NA	NA	NA	NA	NA	NA	NA
CP132188.1	NA	NA	NA	NA	NA	NA	NA	NA	NA	NA	NA
CP132189.1	NA	NA	NA	NA	NA	NA	NA	NA	NA	NA	NA
CP132190.1	NA	NA	NA	NA	NA	NA	NA	NA	NA	NA	NA
CP132197.1	NA	NA	NA	NA	NA	NA	NA	NA	NA	NA	NA
CP132198.1	ENA|CP132198|CP132198.1	8255	No terminal repeats	6	11	0.9938	NA	3	4.6185	MOBP1	NA
CP132199.1	ENA|CP132199|CP132199.1	9292	No terminal repeats	12	11	0.9952	NA	3	9.1824	MOBC	NA
CP132290.1	NA	NA	NA	NA	NA	NA	NA	NA	NA	NA	NA
CP132300.1	ENA|CP132300|CP132300.1	46403	No terminal repeats	61	11	0.9923	NA	10	28.3083	virb4;T_virB6;T_virB8;T_virB9;MOBP1;T_virB2	NA
CP132301.1	NA	NA	NA	NA	NA	NA	NA	NA	NA	NA	NA
CP132322.1	ENA|CP132322|CP132322.1	198157	No terminal repeats	230	11	0.9931	NA	24	88.5018	F_traF;F_traH;F_traG;T_virB1;MOBH;t4cp1;F_traL;F_traE;F_traK;F_traB;F_traV;virb4;F_traW;F_traU;F_trbC	NF012178;NF012147;NF012171;NF012174;NF000270;NF012171
CP132323.1	NA	NA	NA	NA	NA	NA	NA	NA	NA	NA	NA
CP132361.1	NA	NA	NA	NA	NA	NA	NA	NA	NA	NA	NA
CP132377.1	NA	NA	NA	NA	NA	NA	NA	NA	NA	NA	NA
CP132491.1	NA	NA	NA	NA	NA	NA	NA	NA	NA	NA	NA
CP132554.1	NA	NA	NA	NA	NA	NA	NA	NA	NA	NA	NA
CP132555.1	NA	NA	NA	NA	NA	NA	NA	NA	NA	NA	NA
CP132556.1	NA	NA	NA	NA	NA	NA	NA	NA	NA	NA	NA
CP132600.1	NA	NA	NA	NA	NA	NA	NA	NA	NA	NA	NA
CP132601.1	ENA|CP132601|CP132601.1	77196	No terminal repeats	89	11	0.9930	NA	8	27.5334	T_virB1;T_virB8;T_virB9	NF033144;NF000270;NF000107;NF000027
CP132602.1	NA	NA	NA	NA	NA	NA	NA	NA	NA	NA	NA
CP132603.1	NA	NA	NA	NA	NA	NA	NA	NA	NA	NA	NA
CP132604.1	ENA|CP132604|CP132604.1	218485	No terminal repeats	233	11	0.9938	NA	4	78.6328	F_traE	NF033134;NF000402
CP132605.1	ENA|CP132605|CP132605.1	87856	No terminal repeats	103	11	0.9951	NA	30	90.7158	F_traL;F_traE;F_traK;F_traV;virb4;F_traW;F_traU;F_trbC;F_traN;F_traF;F_traH;F_traG;MOBF	NA
CP132664.1	NA	NA	NA	NA	NA	NA	NA	NA	NA	NA	NA
CP132665.1	ENA|CP132665|CP132665.1	211312	No terminal repeats	206	11	0.9942	NA	28	115.0193	MOBF;F_traG;F_traH;F_traF;F_traN;F_trbC;F_traU;F_traW;virb4;F_traV;F_traK;F_traE;F_traL	NF012171;NF012174
CP132666.1	NA	NA	NA	NA	NA	NA	NA	NA	NA	NA	NA
CP132667.1	ENA|CP132667|CP132667.1	77269	No terminal repeats	94	11	0.9943	NA	18	55.4914	I_trbB;I_trbA;I_traY;I_traW;traU;I_traR;I_traQ;I_traP;I_traO;I_traN;I_traL;I_traK;I_traI;MOBP1	NF012174
CP132668.1	ENA|CP132668|CP132668.1	33858	No terminal repeats	45	11	0.9940	NA	8	23.5167	T_virB11;T_virB9;T_virB8;T_virB6;virb4;T_virB2	NA
CP132673.1	NA	NA	NA	NA	NA	NA	NA	NA	NA	NA	NA
CP132674.1	ENA|CP132674|CP132674.1	330595	No terminal repeats	368	11	0.9938	NA	20	129.1854	F_traE;t4cp1;MOBH;F_traF;F_traH;F_traG;F_trbC;F_traU;F_traW;virb4;F_traV;F_traB;F_traK;F_traE	NF000402
CP132746.1	NA	NA	NA	NA	NA	NA	NA	NA	NA	NA	NA
CP132961.1	NA	NA	NA	NA	NA	NA	NA	NA	NA	NA	NA
CP132962.1	NA	NA	NA	NA	NA	NA	NA	NA	NA	NA	NA
CP132963.1	ENA|CP132963|CP132963.1	191233	No terminal repeats	193	11	0.9930	NA	9	54.6142	F_traG;F_traH;F_traF;MOBH	NA
CP133070.1	NA	NA	NA	NA	NA	NA	NA	NA	NA	NA	NA
CP133071.1	NA	NA	NA	NA	NA	NA	NA	NA	NA	NA	NA
CP133104.1	NA	NA	NA	NA	NA	NA	NA	NA	NA	NA	NA
CP133105.1	NA	NA	NA	NA	NA	NA	NA	NA	NA	NA	NA
CP133342.1	NA	NA	NA	NA	NA	NA	NA	NA	NA	NA	NA
CP133343.1	ENA|CP133343|CP133343.1	292549	No terminal repeats	334	11	0.9939	NA	13	179.3361	F_traE;F_traB;F_traV;virb4;F_traW;F_traU;F_trbC;T_virB1	NF012171;NF033144
CP133344.1	ENA|CP133344|CP133344.1	54035	No terminal repeats	68	11	0.9933	NA	9	22.9003	T_virB9;T_virB8;T_virB6;virb4;T_virB2;T_virB1	NF000005;NF012147
CP133345.1	NA	NA	NA	NA	NA	NA	NA	NA	NA	NA	NA
CP133408.1	ENA|CP133408|CP133408.1	60614	No terminal repeats	84	11	0.9884	NA	11	37.1832	G_tfc2;T_virB9;T_virB8;T_virB6;T_virB5;virb4;T_virB3;T_virB1;t4cp2	NA
CP133409.1	NA	NA	NA	NA	NA	NA	NA	NA	NA	NA	NA
CP133412.1	NA	NA	NA	NA	NA	NA	NA	NA	NA	NA	NA
CP133442.1	NA	NA	NA	NA	NA	NA	NA	NA	NA	NA	NA
CP133443.1	NA	NA	NA	NA	NA	NA	NA	NA	NA	NA	NA
CP133444.1	NA	NA	NA	NA	NA	NA	NA	NA	NA	NA	NA
CP133449.1	NA	NA	NA	NA	NA	NA	NA	NA	NA	NA	NA
CP133562.1	NA	NA	NA	NA	NA	NA	NA	NA	NA	NA	NA
CP133563.1	ENA|CP133563|CP133563.1	22311	No terminal repeats	28	11	0.9930	NA	9	24.2688	T_virB9;T_virB8;T_virB6;virb4;T_virB2;MOBC	NA
CP133564.1	ENA|CP133564|CP133564.1	265719	No terminal repeats	334	11	0.9897	NA	20	60.7717	T_virB1;F_traG;F_traH;F_traF;F_traU;F_traW;virb4;F_traV;F_traB;F_traK;F_traE;F_traL;t4cp1;MOBH	NF012147
CP133565.1	NA	NA	NA	NA	NA	NA	NA	NA	NA	NA	NA
CP133566.1	ENA|CP133566|CP133566.1	59363	No terminal repeats	75	11	0.9947	NA	16	46.2349	F_traV;F_traK;F_traE;F_traL	NA
CP133567.1	ENA|CP133567|CP133567.1	47645	No terminal repeats	54	11	0.9950	NA	9	44.5429	T_virB1;T_virB3;virb4;T_virB5;T_virB6;T_virB8;T_virB9	NF012174
CP133586.1	NA	NA	NA	NA	NA	NA	NA	NA	NA	NA	NA
CP133703.1	NA	NA	NA	NA	NA	NA	NA	NA	NA	NA	NA
CP133704.1	ENA|CP133704|CP133704.1	8392	No terminal repeats	9	11	0.9846	NA	2	4.1636	NA	NA
CP133848.1	ENA|CP133848|CP133848.1	302783	No terminal repeats	370	11	0.9908	NA	20	70.6604	MOBH;t4cp1;F_traL;F_traE;F_traK;F_traB;F_traV;virb4;F_traW;F_traU;F_traF;F_traH;F_traG;T_virB1	NF000402
CP133849.1	ENA|CP133849|CP133849.1	63586	No terminal repeats	88	11	0.9921	NA	16	40.5079	MOBP1;MOBP1;I_traI;I_traK;I_traL;I_traN;I_traO;I_traP;I_traQ;I_traR;traU;I_traW;I_traY;I_trbB;I_trbA	NF040806
CP133850.1	ENA|CP133850|CP133850.1	4448	No terminal repeats	5	11	0.9932	NA	1	2.2083	NA	NA
CP133851.1	NA	NA	NA	NA	NA	NA	NA	NA	NA	NA	NA
CP133852.1	NA	NA	NA	NA	NA	NA	NA	NA	NA	NA	NA
CP134057.1	NA	NA	NA	NA	NA	NA	NA	NA	NA	NA	NA
CP134058.1	NA	NA	NA	NA	NA	NA	NA	NA	NA	NA	NA
CP134059.1	ENA|CP134059|CP134059.1	139375	No terminal repeats	170	11	0.9922	NA	21	67.0877	virb4;F_traV;F_traB;F_traK;F_traE;F_traL;t4cp1;MOBH;T_virB1;F_traG;F_traH;F_traF;F_trbC;F_traU;F_traW	NF012178
CP134060.1	NA	NA	NA	NA	NA	NA	NA	NA	NA	NA	NA
CP134061.1	NA	NA	NA	NA	NA	NA	NA	NA	NA	NA	NA
CP134202.1	NA	NA	NA	NA	NA	NA	NA	NA	NA	NA	NA
CP134393.1	NA	NA	NA	NA	NA	NA	NA	NA	NA	NA	NA
CP134394.1	NA	NA	NA	NA	NA	NA	NA	NA	NA	NA	NA
CP134395.1	NA	NA	NA	NA	NA	NA	NA	NA	NA	NA	NA
CP134396.1	NA	NA	NA	NA	NA	NA	NA	NA	NA	NA	NA
CP134397.1	NA	NA	NA	NA	NA	NA	NA	NA	NA	NA	NA
CP134534.1	NA	NA	NA	NA	NA	NA	NA	NA	NA	NA	NA
CP134535.1	ENA|CP134535|CP134535.1	25109	No terminal repeats	28	11	0.9937	NA	1	14.3583	NA	NF033693;NF000025
CP134540.1	NA	NA	NA	NA	NA	NA	NA	NA	NA	NA	NA
CP134541.1	NA	NA	NA	NA	NA	NA	NA	NA	NA	NA	NA
CP134542.1	NA	NA	NA	NA	NA	NA	NA	NA	NA	NA	NA
CP134543.1	ENA|CP134543|CP134543.1	77479	No terminal repeats	118	11	0.9846	NA	15	29.5733	F_traG;F_traH;F_traF;F_trbC;F_traU;F_traW;virb4;F_traV;F_traB;F_traK;F_traE;F_traL;t4cp2	NF040806
CP134550.1	NA	NA	NA	NA	NA	NA	NA	NA	NA	NA	NA
CP134551.1	ENA|CP134551|CP134551.1	77531	No terminal repeats	103	11	0.9879	NA	16	29.6252	t4cp2;F_traL;F_traE;F_traK;F_traB;F_traV;virb4;F_traW;F_traU;F_trbC;F_traN;F_traF;F_traH;F_traG	NF040806
CP134561.1	NA	NA	NA	NA	NA	NA	NA	NA	NA	NA	NA
CP134562.1	NA	NA	NA	NA	NA	NA	NA	NA	NA	NA	NA
CP134566.1	NA	NA	NA	NA	NA	NA	NA	NA	NA	NA	NA
CP134567.1	ENA|CP134567|CP134567.1	47274	No terminal repeats	57	11	0.9849	NA	6	7.1330	T_virB6;T_virB9;T_virB10;virb4;T_virB5;MOBQ	NA
CP134568.1	NA	NA	NA	NA	NA	NA	NA	NA	NA	NA	NA
CP134569.1	ENA|CP134569|CP134569.1	5936	No terminal repeats	9	11	0.9950	NA	2	7.5125	MOBQ	NA
CP134599.1	NA	NA	NA	NA	NA	NA	NA	NA	NA	NA	NA
CP134600.1	NA	NA	NA	NA	NA	NA	NA	NA	NA	NA	NA
CP134688.1	NA	NA	NA	NA	NA	NA	NA	NA	NA	NA	NA
CP134689.1	NA	NA	NA	NA	NA	NA	NA	NA	NA	NA	NA
CP134699.1	NA	NA	NA	NA	NA	NA	NA	NA	NA	NA	NA
CP134705.1	NA	NA	NA	NA	NA	NA	NA	NA	NA	NA	NA
CP135099.1	NA	NA	NA	NA	NA	NA	NA	NA	NA	NA	NA
CP135100.1	NA	NA	NA	NA	NA	NA	NA	NA	NA	NA	NA
CP135101.1	NA	NA	NA	NA	NA	NA	NA	NA	NA	NA	NA
CP135102.1	NA	NA	NA	NA	NA	NA	NA	NA	NA	NA	NA
CP135103.1	NA	NA	NA	NA	NA	NA	NA	NA	NA	NA	NA
CP135104.1	NA	NA	NA	NA	NA	NA	NA	NA	NA	NA	NA
CP135144.1	NA	NA	NA	NA	NA	NA	NA	NA	NA	NA	NA
CP135145.1	ENA|CP135145|CP135145.1	104648	No terminal repeats	102	11	0.9935	NA	23	44.0021	MOBF;t4cp2;F_traG;F_traH;F_traF;F_traN;F_traU;F_traW;virb4;F_traV;F_traB;F_traK;F_traE;F_traL	NA
CP135146.1	NA	NA	NA	NA	NA	NA	NA	NA	NA	NA	NA
CP135175.1	NA	NA	NA	NA	NA	NA	NA	NA	NA	NA	NA
CP135186.1	NA	NA	NA	NA	NA	NA	NA	NA	NA	NA	NA
CP135187.1	ENA|CP135187|CP135187.1	54404	No terminal repeats	67	11	0.9947	NA	9	45.7902	T_virB9;T_virB8;T_virB6;T_virB5;virb4;T_virB3;T_virB1	NF012147
CP135188.1	ENA|CP135188|CP135188.1	226716	No terminal repeats	244	11	0.9935	NA	5	79.7847	F_traE	NF000402;NF033134
CP135450.1	NA	NA	NA	NA	NA	NA	NA	NA	NA	NA	NA
CP135451.1	ENA|CP135451|CP135451.1	255430	No terminal repeats	332	11	0.9903	NA	5	42.8987	T_virB1	NA
CP135452.1	ENA|CP135452|CP135452.1	85586	No terminal repeats	92	11	0.9941	NA	9	53.7580	T_virB1;T_virB3;virb4;T_virB5;T_virB6;T_virB8;T_virB9	NF033144
CP135453.1	ENA|CP135453|CP135453.1	4783	No terminal repeats	6	11	0.9935	NA	2	3.1408	MOBP1	NA
CP135465.1	NA	NA	NA	NA	NA	NA	NA	NA	NA	NA	NA
CP135466.1	ENA|CP135466|CP135466.1	149637	No terminal repeats	168	11	0.9949	NA	24	110.2107	F_traL;F_traE;F_traK;F_traB;F_traV;virb4;F_traW;F_traU;F_traN;F_traF;F_traH;F_traG;t4cp2;MOBF	NF000402
CP135467.1	ENA|CP135467|CP135467.1	73996	No terminal repeats	91	11	0.9930	NA	15	40.2019	I_trbB;I_trbA;MOBP1;I_traI;I_traK;I_traL;I_traN;I_traO;I_traP;I_traQ;I_traR;traU;I_traW;I_traY	NA
CP135468.1	ENA|CP135468|CP135468.1	69064	No terminal repeats	91	11	0.9917	NA	15	45.5140	I_trbB;I_trbA;MOBP1;I_traI;I_traK;I_traL;I_traN;I_traO;I_traP;I_traQ;I_traR;traU;I_traW;I_traY	NF040806
CP135469.1	NA	NA	NA	NA	NA	NA	NA	NA	NA	NA	NA
CP135470.1	ENA|CP135470|CP135470.1	178145	No terminal repeats	221	11	0.9928	NA	24	65.5795	T_virB8;T_virB9;F_trbC;F_traU;F_traW;virb4;F_traV;F_traB;F_traK;F_traE;F_traL;t4cp1;MOBH;F_traF;F_traH;F_traG;T_virB1	NF033144;NF012174;NF040806;NF000005;NF012147
CP135471.1	NA	NA	NA	NA	NA	NA	NA	NA	NA	NA	NA
CP135472.1	ENA|CP135472|CP135472.1	56135	No terminal repeats	65	11	0.9937	NA	1	20.2143	NA	NF000270;NF033144;NF012178
CP135473.1	ENA|CP135473|CP135473.1	35079	No terminal repeats	50	11	0.9935	NA	8	27.1831	T_virB9;T_virB8;T_virB6;virb4;T_virB2	NA
CP135474.1	NA	NA	NA	NA	NA	NA	NA	NA	NA	NA	NA
CP135622.1	NA	NA	NA	NA	NA	NA	NA	NA	NA	NA	NA
CP135623.1	ENA|CP135623|CP135623.1	292125	No terminal repeats	373	11	0.9906	NA	20	71.7099	MOBH;t4cp1;F_traL;F_traE;F_traK;F_traB;F_traV;virb4;F_traW;F_traU;F_traF;F_traH;F_traG;T_virB1	NF033144;NF012147;NF040806;NF012178;NF012171
CP135624.1	ENA|CP135624|CP135624.1	144273	No terminal repeats	166	11	0.9935	NA	18	48.5284	MOBF;t4cp2;F_traG;F_traG;t4cp1;MOBH;T_virB9;T_virB8;T_virB1;F_traG;F_traH;F_traF	NA
CP135625.1	NA	NA	NA	NA	NA	NA	NA	NA	NA	NA	NA
CP135729.1	NA	NA	NA	NA	NA	NA	NA	NA	NA	NA	NA
CP135731.1	NA	NA	NA	NA	NA	NA	NA	NA	NA	NA	NA
CP135732.1	NA	NA	NA	NA	NA	NA	NA	NA	NA	NA	NA
CP135734.1	NA	NA	NA	NA	NA	NA	NA	NA	NA	NA	NA
CP135736.1	NA	NA	NA	NA	NA	NA	NA	NA	NA	NA	NA
CP135737.1	NA	NA	NA	NA	NA	NA	NA	NA	NA	NA	NA
CP135738.1	NA	NA	NA	NA	NA	NA	NA	NA	NA	NA	NA
CP135739.1	NA	NA	NA	NA	NA	NA	NA	NA	NA	NA	NA
CP135740.1	NA	NA	NA	NA	NA	NA	NA	NA	NA	NA	NA
CP135741.1	NA	NA	NA	NA	NA	NA	NA	NA	NA	NA	NA
CP135742.1	NA	NA	NA	NA	NA	NA	NA	NA	NA	NA	NA
CP135743.1	NA	NA	NA	NA	NA	NA	NA	NA	NA	NA	NA
CP135744.1	NA	NA	NA	NA	NA	NA	NA	NA	NA	NA	NA
CP135745.1	NA	NA	NA	NA	NA	NA	NA	NA	NA	NA	NA
CP135746.1	NA	NA	NA	NA	NA	NA	NA	NA	NA	NA	NA
CP135748.1	NA	NA	NA	NA	NA	NA	NA	NA	NA	NA	NA
CP135750.1	NA	NA	NA	NA	NA	NA	NA	NA	NA	NA	NA
CP135751.1	NA	NA	NA	NA	NA	NA	NA	NA	NA	NA	NA
CP135753.1	NA	NA	NA	NA	NA	NA	NA	NA	NA	NA	NA
CP135757.1	NA	NA	NA	NA	NA	NA	NA	NA	NA	NA	NA
CP135759.1	NA	NA	NA	NA	NA	NA	NA	NA	NA	NA	NA
CP135760.1	NA	NA	NA	NA	NA	NA	NA	NA	NA	NA	NA
CP135763.1	NA	NA	NA	NA	NA	NA	NA	NA	NA	NA	NA
CP135764.1	NA	NA	NA	NA	NA	NA	NA	NA	NA	NA	NA
CP135765.1	NA	NA	NA	NA	NA	NA	NA	NA	NA	NA	NA
CP135766.1	NA	NA	NA	NA	NA	NA	NA	NA	NA	NA	NA
CP135767.1	NA	NA	NA	NA	NA	NA	NA	NA	NA	NA	NA
CP135768.1	NA	NA	NA	NA	NA	NA	NA	NA	NA	NA	NA
CP135770.1	NA	NA	NA	NA	NA	NA	NA	NA	NA	NA	NA
CP135771.1	NA	NA	NA	NA	NA	NA	NA	NA	NA	NA	NA
CP135772.1	NA	NA	NA	NA	NA	NA	NA	NA	NA	NA	NA
CP135774.1	NA	NA	NA	NA	NA	NA	NA	NA	NA	NA	NA
CP135775.1	NA	NA	NA	NA	NA	NA	NA	NA	NA	NA	NA
CP135777.1	NA	NA	NA	NA	NA	NA	NA	NA	NA	NA	NA
CP135778.1	NA	NA	NA	NA	NA	NA	NA	NA	NA	NA	NA
CP135779.1	NA	NA	NA	NA	NA	NA	NA	NA	NA	NA	NA
CP135780.1	NA	NA	NA	NA	NA	NA	NA	NA	NA	NA	NA
CP135782.1	NA	NA	NA	NA	NA	NA	NA	NA	NA	NA	NA
CP135808.1	NA	NA	NA	NA	NA	NA	NA	NA	NA	NA	NA
CP135809.1	NA	NA	NA	NA	NA	NA	NA	NA	NA	NA	NA
CP135810.1	NA	NA	NA	NA	NA	NA	NA	NA	NA	NA	NA
CP135811.1	NA	NA	NA	NA	NA	NA	NA	NA	NA	NA	NA
CP135814.1	NA	NA	NA	NA	NA	NA	NA	NA	NA	NA	NA
CP135815.1	NA	NA	NA	NA	NA	NA	NA	NA	NA	NA	NA
CP135817.1	NA	NA	NA	NA	NA	NA	NA	NA	NA	NA	NA
CP135818.1	NA	NA	NA	NA	NA	NA	NA	NA	NA	NA	NA
CP135820.1	NA	NA	NA	NA	NA	NA	NA	NA	NA	NA	NA
CP135822.1	NA	NA	NA	NA	NA	NA	NA	NA	NA	NA	NA
CP135823.1	NA	NA	NA	NA	NA	NA	NA	NA	NA	NA	NA
CP135824.1	NA	NA	NA	NA	NA	NA	NA	NA	NA	NA	NA
CP135826.1	NA	NA	NA	NA	NA	NA	NA	NA	NA	NA	NA
CP135827.1	NA	NA	NA	NA	NA	NA	NA	NA	NA	NA	NA
CP135828.1	NA	NA	NA	NA	NA	NA	NA	NA	NA	NA	NA
CP135830.1	NA	NA	NA	NA	NA	NA	NA	NA	NA	NA	NA
CP135835.1	NA	NA	NA	NA	NA	NA	NA	NA	NA	NA	NA
CP135836.1	NA	NA	NA	NA	NA	NA	NA	NA	NA	NA	NA
CP135839.1	NA	NA	NA	NA	NA	NA	NA	NA	NA	NA	NA
CP135840.1	NA	NA	NA	NA	NA	NA	NA	NA	NA	NA	NA
CP135844.1	NA	NA	NA	NA	NA	NA	NA	NA	NA	NA	NA
CP135845.1	NA	NA	NA	NA	NA	NA	NA	NA	NA	NA	NA
CP135846.1	NA	NA	NA	NA	NA	NA	NA	NA	NA	NA	NA
CP135847.1	NA	NA	NA	NA	NA	NA	NA	NA	NA	NA	NA
CP135849.1	NA	NA	NA	NA	NA	NA	NA	NA	NA	NA	NA
CP135851.1	NA	NA	NA	NA	NA	NA	NA	NA	NA	NA	NA
CP135852.1	NA	NA	NA	NA	NA	NA	NA	NA	NA	NA	NA
CP135853.1	NA	NA	NA	NA	NA	NA	NA	NA	NA	NA	NA
CP135907.1	NA	NA	NA	NA	NA	NA	NA	NA	NA	NA	NA
CP135908.1	NA	NA	NA	NA	NA	NA	NA	NA	NA	NA	NA
CP135912.1	NA	NA	NA	NA	NA	NA	NA	NA	NA	NA	NA
CP136014.1	NA	NA	NA	NA	NA	NA	NA	NA	NA	NA	NA
CP136015.1	ENA|CP136015|CP136015.1	40346	No terminal repeats	50	11	0.9906	NA	2	13.6667	I_traV;MOBP1	NA
CP136047.1	NA	NA	NA	NA	NA	NA	NA	NA	NA	NA	NA
CP136048.1	ENA|CP136048|CP136048.1	226955	No terminal repeats	253	11	0.9944	NA	14	167.2519	F_traE;F_traB;F_traV;virb4;F_traW;F_traU;F_trbC;t4cp1	NF012171
CP136049.1	ENA|CP136049|CP136049.1	157885	No terminal repeats	187	11	0.9931	NA	22	64.6326	MOBH;t4cp1;F_traL;F_traE;F_traK;F_traB;F_traV;virb4;F_traW;F_traU;F_trbC;F_traE;F_traF;F_traH;F_traG;T_virB1	NF033085;NF000270;NF000005;NF012147;NF033144;NF000270;NF012171
CP136050.1	NA	NA	NA	NA	NA	NA	NA	NA	NA	NA	NA
CP136145.1	NA	NA	NA	NA	NA	NA	NA	NA	NA	NA	NA
CP136169.1	NA	NA	NA	NA	NA	NA	NA	NA	NA	NA	NA
CP136170.1	ENA|CP136170|CP136170.1	4804	No terminal repeats	8	11	0.9947	NA	2	6.6739	MOBQ	NA
CP136341.1	NA	NA	NA	NA	NA	NA	NA	NA	NA	NA	NA
CP136342.1	ENA|CP136342|CP136342.1	68344	No terminal repeats	80	11	0.9925	NA	4	21.5253	FATA_prgL;FATA_prgIc	NA
CP136343.1	ENA|CP136343|CP136343.1	62560	No terminal repeats	71	11	0.9933	NA	4	21.7767	FA_orf13	NA
CP136345.1	ENA|CP136345|CP136345.1	5107	No terminal repeats	5	11	0.9883	NA	1	1.7183	MOBV	NA
CP136346.1	NA	NA	NA	NA	NA	NA	NA	NA	NA	NA	NA
CP136347.1	ENA|CP136347|CP136347.1	66560	No terminal repeats	80	11	0.9928	NA	4	21.5253	FATA_prgL;FATA_prgIc	NA
CP136348.1	ENA|CP136348|CP136348.1	61228	No terminal repeats	70	11	0.9934	NA	4	21.7767	FA_orf13	NA
CP136349.1	NA	NA	NA	NA	NA	NA	NA	NA	NA	NA	NA
CP136350.1	ENA|CP136350|CP136350.1	5129	No terminal repeats	5	11	0.9878	NA	1	3.1574	MOBV	NA
CP136351.1	NA	NA	NA	NA	NA	NA	NA	NA	NA	NA	NA
CP136352.1	ENA|CP136352|CP136352.1	44886	No terminal repeats	48	11	0.9930	NA	3	11.3126	FATA_prgL;FATA_prgIc	NA
CP136360.1	NA	NA	NA	NA	NA	NA	NA	NA	NA	NA	NA
CP136370.1	NA	NA	NA	NA	NA	NA	NA	NA	NA	NA	NA
CP136371.1	ENA|CP136371|CP136371.1	92100	No terminal repeats	110	11	0.9910	NA	2	36.4928	NA	NF012176;NF033068;NF033693
CP136403.1	NA	NA	NA	NA	NA	NA	NA	NA	NA	NA	NA
CP136404.1	ENA|CP136404|CP136404.1	92100	No terminal repeats	110	11	0.9910	NA	2	36.4928	NA	NF012176;NF033068;NF033693
CP136433.1	NA	NA	NA	NA	NA	NA	NA	NA	NA	NA	NA
CP136434.1	NA	NA	NA	NA	NA	NA	NA	NA	NA	NA	NA
CP136638.1	NA	NA	NA	NA	NA	NA	NA	NA	NA	NA	NA
CP136639.1	ENA|CP136639|CP136639.1	49741	No terminal repeats	56	11	0.9926	NA	9	27.3166	MOBP1;T_virB2;virb4;T_virB8;T_virB9	NF033068;NF000107
CP136899.1	NA	NA	NA	NA	NA	NA	NA	NA	NA	NA	NA
CP136948.1	NA	NA	NA	NA	NA	NA	NA	NA	NA	NA	NA
CP136949.1	ENA|CP136949|CP136949.1	4967	No terminal repeats	6	11	0.9955	NA	1	6.2948	MOBV	NA
CP136992.1	NA	NA	NA	NA	NA	NA	NA	NA	NA	NA	NA
CP137063.1	ENA|CP137063|CP137063.1	70796	No terminal repeats	100	11	0.9858	NA	15	29.6170	t4cp2;F_traL;F_traE;F_traK;F_traB;F_traV;F_traW;F_traU;F_trbC;F_trbC;F_traF;F_traH;F_traG	NA
CP137064.1	NA	NA	NA	NA	NA	NA	NA	NA	NA	NA	NA
CP137065.1	NA	NA	NA	NA	NA	NA	NA	NA	NA	NA	NA
CP137066.1	NA	NA	NA	NA	NA	NA	NA	NA	NA	NA	NA
CP137067.1	NA	NA	NA	NA	NA	NA	NA	NA	NA	NA	NA
CP137068.1	ENA|CP137068|CP137068.1	88892	No terminal repeats	117	11	0.9879	NA	15	36.9807	t4cp2;F_traL;F_traE;F_traK;F_traB;F_traV;F_traW;F_traU;F_trbC;F_trbC;F_traF;F_traH;F_traG	NF040806
CP137069.1	NA	NA	NA	NA	NA	NA	NA	NA	NA	NA	NA
CP137070.1	ENA|CP137070|CP137070.1	73264	No terminal repeats	103	11	0.9898	NA	15	30.8950	F_traV;F_traB;F_traK;F_traE;F_traL;t4cp2;F_traG;F_traH;F_traF;F_trbC;F_trbC;F_traU;F_traW	NA
CP137071.1	NA	NA	NA	NA	NA	NA	NA	NA	NA	NA	NA
CP137072.1	ENA|CP137072|CP137072.1	97180	No terminal repeats	128	11	0.9893	NA	15	40.7370	F_traW;F_traU;F_trbC;F_trbC;F_traF;F_traH;F_traG;t4cp2;F_traL;F_traE;F_traK;F_traB;F_traV	NF040806
CP137081.1	NA	NA	NA	NA	NA	NA	NA	NA	NA	NA	NA
CP137082.1	NA	NA	NA	NA	NA	NA	NA	NA	NA	NA	NA
CP137083.1	NA	NA	NA	NA	NA	NA	NA	NA	NA	NA	NA
CP137084.1	NA	NA	NA	NA	NA	NA	NA	NA	NA	NA	NA
CP137085.1	NA	NA	NA	NA	NA	NA	NA	NA	NA	NA	NA
CP137086.1	NA	NA	NA	NA	NA	NA	NA	NA	NA	NA	NA
CP137087.1	ENA|CP137087|CP137087.1	123188	No terminal repeats	130	11	0.9908	NA	21	41.1675	T_virB1;F_trbC;F_traG;F_traH;F_traF;F_traU;F_traW;virb4;F_traV;F_traB;F_traK;F_traE;F_traL;t4cp1;MOBH;F_traE	NF000119;NF012147
CP137091.1	NA	NA	NA	NA	NA	NA	NA	NA	NA	NA	NA
CP137092.1	NA	NA	NA	NA	NA	NA	NA	NA	NA	NA	NA
CP137099.1	NA	NA	NA	NA	NA	NA	NA	NA	NA	NA	NA
CP137100.1	NA	NA	NA	NA	NA	NA	NA	NA	NA	NA	NA
CP137101.1	NA	NA	NA	NA	NA	NA	NA	NA	NA	NA	NA
CP137103.1	NA	NA	NA	NA	NA	NA	NA	NA	NA	NA	NA
CP137104.1	NA	NA	NA	NA	NA	NA	NA	NA	NA	NA	NA
CP137105.1	NA	NA	NA	NA	NA	NA	NA	NA	NA	NA	NA
CP137107.1	NA	NA	NA	NA	NA	NA	NA	NA	NA	NA	NA
CP137108.1	NA	NA	NA	NA	NA	NA	NA	NA	NA	NA	NA
CP137110.1	NA	NA	NA	NA	NA	NA	NA	NA	NA	NA	NA
CP137111.1	NA	NA	NA	NA	NA	NA	NA	NA	NA	NA	NA
CP137113.1	NA	NA	NA	NA	NA	NA	NA	NA	NA	NA	NA
CP137116.1	ENA|CP137116|CP137116.1	58524	No terminal repeats	77	11	0.9916	NA	15	36.9372	I_trbB;I_trbA;MOBP1;I_traI;I_traK;I_traL;I_traN;I_traO;I_traP;I_traQ;I_traR;traU;I_traW;I_traY	NA
CP137117.1	NA	NA	NA	NA	NA	NA	NA	NA	NA	NA	NA
CP137118.1	ENA|CP137118|CP137118.1	160841	No terminal repeats	189	11	0.9944	NA	31	109.9446	MOBF;F_traG;F_traH;F_traF;F_traN;F_trbC;F_traU;F_traW;virb4;F_traV;F_traK;F_traE;F_traL	NF012174;NF012147
CP137119.1	ENA|CP137119|CP137119.1	212124	No terminal repeats	241	11	0.9910	NA	5	30.9311	NA	NF000402
CP137120.1	ENA|CP137120|CP137120.1	5167	No terminal repeats	5	11	0.9949	NA	1	3.7523	MOBQ	NA
CP137121.1	NA	NA	NA	NA	NA	NA	NA	NA	NA	NA	NA
CP137122.1	ENA|CP137122|CP137122.1	49204	No terminal repeats	66	11	0.9945	NA	9	45.1426	T_virB1;T_virB3;virb4;T_virB5;T_virB6;T_virB8;T_virB9	NF012147
CP137123.1	NA	NA	NA	NA	NA	NA	NA	NA	NA	NA	NA
CP137124.1	ENA|CP137124|CP137124.1	54511	No terminal repeats	70	11	0.9929	NA	10	25.8191	T_virB8;T_virB6;virb4;T_virB2;T_virB1;T_virB9;T_virB8	NF000005;NF012147
CP137125.1	ENA|CP137125|CP137125.1	104735	No terminal repeats	114	11	0.9950	NA	26	85.1364	F_traL;F_traE;F_traK;F_traV;F_traW;F_traU;F_trbC;F_traN;F_traF;F_traH;F_traG;t4cp2;MOBF	NA
CP137126.1	ENA|CP137126|CP137126.1	5186	No terminal repeats	6	11	0.9933	NA	2	3.2077	MOBQ	NA
CP137127.1	ENA|CP137127|CP137127.1	49205	No terminal repeats	66	11	0.9944	NA	9	45.1426	T_virB1;T_virB3;virb4;T_virB5;T_virB6;T_virB8;T_virB9	NF012147
CP137128.1	NA	NA	NA	NA	NA	NA	NA	NA	NA	NA	NA
CP137129.1	ENA|CP137129|CP137129.1	53573	No terminal repeats	68	11	0.9937	NA	8	22.9003	T_virB6;T_virB8;T_virB9;T_virB1;T_virB2;virb4	NF012147;NF000005
CP137130.1	ENA|CP137130|CP137130.1	101872	No terminal repeats	111	11	0.9949	NA	26	83.0465	F_traL;F_traE;F_traK;F_traV;F_traW;F_traU;F_trbC;F_traN;F_traF;F_traH;F_traG;t4cp2;MOBF	NA
CP137131.1	NA	NA	NA	NA	NA	NA	NA	NA	NA	NA	NA
CP137132.1	ENA|CP137132|CP137132.1	197654	No terminal repeats	243	11	0.9930	NA	24	74.8620	T_virB8;T_virB9;F_traG;t4cp1;MOBH;T_virB1;T_virB2;virb4;T_virB6;T_virB8;T_virB9;F_traF;F_traH;F_traG;T_virB1	NF012147
CP137133.1	NA	NA	NA	NA	NA	NA	NA	NA	NA	NA	NA
CP137135.1	NA	NA	NA	NA	NA	NA	NA	NA	NA	NA	NA
CP137136.1	NA	NA	NA	NA	NA	NA	NA	NA	NA	NA	NA
CP137140.1	NA	NA	NA	NA	NA	NA	NA	NA	NA	NA	NA
CP137141.1	NA	NA	NA	NA	NA	NA	NA	NA	NA	NA	NA
CP137173.1	ENA|CP137173|CP137173.1	2154	No terminal repeats	3	11	0.9942	NA	1	2.4646	NA	NA
CP137174.1	ENA|CP137174|CP137174.1	4942	No terminal repeats	8	11	0.9955	NA	2	7.9401	MOBP1	NA
CP137175.1	NA	NA	NA	NA	NA	NA	NA	NA	NA	NA	NA
CP137176.1	ENA|CP137176|CP137176.1	54035	No terminal repeats	69	11	0.9923	NA	9	22.9003	T_virB9;T_virB8;T_virB6;virb4;T_virB2;T_virB1	NF000005;NF012147
CP137177.1	ENA|CP137177|CP137177.1	139338	No terminal repeats	147	11	0.9924	NA	1	32.6147	NA	NF012178
CP137178.1	NA	NA	NA	NA	NA	NA	NA	NA	NA	NA	NA
CP137179.1	NA	NA	NA	NA	NA	NA	NA	NA	NA	NA	NA
CP137180.1	ENA|CP137180|CP137180.1	161177	No terminal repeats	180	11	0.9944	NA	37	122.5037	T_virB1;T_virB3;virb4;T_virB5;T_virB6;T_virB8;T_virB9;MOBF;F_traG;F_traH;F_traF;F_traN;F_trbC;F_traU;F_traW;virb4;F_traV;F_traK;F_traE;F_traL	NF012171;NF033144;NF012171
CP137181.1	ENA|CP137181|CP137181.1	84695	No terminal repeats	92	11	0.9941	NA	23	62.3922	F_traL;F_traE;F_traK;F_traV;F_traW;F_traU;F_traN;F_traN;F_traF;F_traH;F_traG;t4cp2;MOBF	NA
CP137182.1	ENA|CP137182|CP137182.1	8828	No terminal repeats	9	11	0.9944	NA	2	5.9360	MOBQ	NA
CP137183.1	NA	NA	NA	NA	NA	NA	NA	NA	NA	NA	NA
CP137184.1	ENA|CP137184|CP137184.1	5406	No terminal repeats	9	11	0.9924	NA	1	3.9407	NA	NA
CP137185.1	ENA|CP137185|CP137185.1	5410	No terminal repeats	9	11	0.9942	NA	2	5.5710	MOBP1	NA
CP137186.1	ENA|CP137186|CP137186.1	54035	No terminal repeats	69	11	0.9919	NA	9	22.9003	T_virB9;T_virB8;T_virB6;virb4;T_virB2;T_virB1	NF000005;NF012147
CP137187.1	NA	NA	NA	NA	NA	NA	NA	NA	NA	NA	NA
CP137188.1	NA	NA	NA	NA	NA	NA	NA	NA	NA	NA	NA
CP137189.1	ENA|CP137189|CP137189.1	61158	No terminal repeats	72	11	0.9931	NA	10	35.8953	MOBC;T_virB9;T_virB8;T_virB6;virb4;T_virB2	NA
CP137190.1	ENA|CP137190|CP137190.1	3428	No terminal repeats	3	11	0.9927	NA	1	2.4001	NA	NA
CP137191.1	ENA|CP137191|CP137191.1	4665	No terminal repeats	4	11	0.9941	NA	2	3.1408	MOBP1	NA
CP137192.1	ENA|CP137192|CP137192.1	2155	No terminal repeats	4	11	0.9914	NA	1	2.4646	NA	NA
CP137193.1	ENA|CP137193|CP137193.1	326435	No terminal repeats	411	11	0.9903	NA	20	71.3182	MOBH;t4cp1;F_traL;F_traE;F_traK;F_traB;F_traV;virb4;F_traW;F_traU;F_traF;F_traH;F_traG;T_virB1	NF012178
CP137194.1	NA	NA	NA	NA	NA	NA	NA	NA	NA	NA	NA
CP137195.1	NA	NA	NA	NA	NA	NA	NA	NA	NA	NA	NA
CP137196.1	ENA|CP137196|CP137196.1	4921	No terminal repeats	4	11	0.9939	NA	2	3.1408	MOBP1	NA
CP137197.1	ENA|CP137197|CP137197.1	98831	No terminal repeats	115	11	0.9945	NA	29	73.0439	F_traL;F_traE;F_traK;F_traV;virb4;F_traW;F_traU;F_trbC;F_traN;F_traF;F_traH;F_traG;MOBF	NF012147;NF000005
CP137198.1	ENA|CP137198|CP137198.1	4665	No terminal repeats	4	11	0.9941	NA	2	3.1408	MOBP1	NA
CP137199.1	ENA|CP137199|CP137199.1	71155	No terminal repeats	87	11	0.9945	NA	18	54.2415	MOBP1;I_trbB;I_trbA;I_traY;I_traW;traU;I_traR;I_traQ;I_traP;I_traO;I_traN;I_traL;I_traK;I_traI	NF012174
CP137200.1	NA	NA	NA	NA	NA	NA	NA	NA	NA	NA	NA
CP137201.1	NA	NA	NA	NA	NA	NA	NA	NA	NA	NA	NA
CP137202.1	ENA|CP137202|CP137202.1	333190	No terminal repeats	370	11	0.9938	NA	17	211.5542	F_trbC;F_traU;F_traW;virb4;F_traV;F_traB;F_traE;t4cp1;MOBH;F_traF;F_traH	NF033144;NF000270;NF012147;NF033144;NF000270;NF012147;NF033144;NF000270;NF012147
CP137203.1	NA	NA	NA	NA	NA	NA	NA	NA	NA	NA	NA
CP137204.1	ENA|CP137204|CP137204.1	142801	No terminal repeats	174	11	0.9924	NA	21	55.3935	MOBH;t4cp1;F_traL;F_traE;F_traK;F_traB;F_traV;virb4;F_traW;F_traU;F_trbC;F_traF;F_traH;F_traG;T_virB1	NF033085;NF012147;NF000005
CP137205.1	ENA|CP137205|CP137205.1	23290	No terminal repeats	30	11	0.9940	NA	10	20.6255	T_virB9;T_virB8;T_virB6;T_virB5;virb4;T_virB3;T_virB1	NF012147
CP137206.1	NA	NA	NA	NA	NA	NA	NA	NA	NA	NA	NA
CP137207.1	NA	NA	NA	NA	NA	NA	NA	NA	NA	NA	NA
CP137214.1	NA	NA	NA	NA	NA	NA	NA	NA	NA	NA	NA
CP137215.1	NA	NA	NA	NA	NA	NA	NA	NA	NA	NA	NA
CP137216.1	ENA|CP137216|CP137216.1	109990	No terminal repeats	133	11	0.9898	NA	20	38.1091	F_traF;F_traH;F_traG;F_trbC;T_virB1;MOBH;t4cp1;F_traL;F_traE;F_traK;F_traB;F_traV;virb4;F_traW;F_traU	NF000119
CP137217.1	NA	NA	NA	NA	NA	NA	NA	NA	NA	NA	NA
CP137218.1	ENA|CP137218|CP137218.1	52937	No terminal repeats	75	11	0.9933	NA	11	39.3960	MOBP1;T_virB1;T_virB2;virb4;T_virB6;T_virB8;T_virB9;T_virB11	NA
CP137219.1	ENA|CP137219|CP137219.1	252119	No terminal repeats	324	11	0.9881	NA	21	36.5594	MOBH;t4cp1;G_tfc7;F_traL;F_traE;F_traK;F_traB;F_traV;virb4;F_traW;F_traU;F_traF;F_traH;F_traG;T_virB1	NF000153;NF040806;NF012147;NF033144
CP137220.1	NA	NA	NA	NA	NA	NA	NA	NA	NA	NA	NA
CP137221.1	NA	NA	NA	NA	NA	NA	NA	NA	NA	NA	NA
CP137222.1	NA	NA	NA	NA	NA	NA	NA	NA	NA	NA	NA
CP137223.1	ENA|CP137223|CP137223.1	49422	No terminal repeats	66	11	0.9936	NA	10	35.9594	T_virB11;T_virB9;T_virB8;T_virB6;virb4;T_virB2;T_virB1;MOBP1	NA
CP137224.1	NA	NA	NA	NA	NA	NA	NA	NA	NA	NA	NA
CP137225.1	NA	NA	NA	NA	NA	NA	NA	NA	NA	NA	NA
CP137226.1	NA	NA	NA	NA	NA	NA	NA	NA	NA	NA	NA
CP137227.1	NA	NA	NA	NA	NA	NA	NA	NA	NA	NA	NA
CP137228.1	NA	NA	NA	NA	NA	NA	NA	NA	NA	NA	NA
CP137229.1	ENA|CP137229|CP137229.1	52937	No terminal repeats	75	11	0.9936	NA	11	39.3960	T_virB11;T_virB9;T_virB8;T_virB6;virb4;T_virB2;T_virB1;MOBP1	NA
CP137230.1	ENA|CP137230|CP137230.1	252119	No terminal repeats	324	11	0.9864	NA	21	36.5594	T_virB1;F_traG;F_traH;F_traF;F_traU;F_traW;virb4;F_traV;F_traB;F_traK;F_traE;F_traL;G_tfc7;t4cp1;MOBH	NF033144;NF012147;NF040806;NF000153
CP137231.1	ENA|CP137231|CP137231.1	142801	No terminal repeats	174	11	0.9924	NA	21	55.3935	MOBH;t4cp1;F_traL;F_traE;F_traK;F_traB;F_traV;virb4;F_traW;F_traU;F_trbC;F_traF;F_traH;F_traG;T_virB1	NF033085;NF012147;NF000005
CP137232.1	NA	NA	NA	NA	NA	NA	NA	NA	NA	NA	NA
CP137233.1	NA	NA	NA	NA	NA	NA	NA	NA	NA	NA	NA
CP137234.1	ENA|CP137234|CP137234.1	124764	No terminal repeats	146	11	0.9916	NA	22	50.6650	F_traF;F_traH;F_traG;F_trbC;T_virB1;MOBH;t4cp1;F_traL;F_traE;F_traK;F_traB;F_traV;virb4;F_traW;F_traU	NF000153;NF040806;NF012147;NF000496
CP137235.1	NA	NA	NA	NA	NA	NA	NA	NA	NA	NA	NA
CP137236.1	NA	NA	NA	NA	NA	NA	NA	NA	NA	NA	NA
CP137237.1	ENA|CP137237|CP137237.1	48462	No terminal repeats	63	11	0.9941	NA	9	37.6928	T_virB1;T_virB2;virb4;T_virB6;T_virB8;T_virB9	NF033144
CP137238.1	NA	NA	NA	NA	NA	NA	NA	NA	NA	NA	NA
CP137239.1	ENA|CP137239|CP137239.1	48462	No terminal repeats	63	11	0.9938	NA	9	37.6928	T_virB9;T_virB8;T_virB6;virb4;T_virB2;T_virB1	NF033144
CP137335.1	NA	NA	NA	NA	NA	NA	NA	NA	NA	NA	NA
CP137336.1	NA	NA	NA	NA	NA	NA	NA	NA	NA	NA	NA
CP137337.1	ENA|CP137337|CP137337.1	8178	No terminal repeats	10	11	0.9932	NA	2	5.7264	MOBQ	NA
CP137459.1	NA	NA	NA	NA	NA	NA	NA	NA	NA	NA	NA
CP137460.1	ENA|CP137460|CP137460.1	38648	No terminal repeats	46	11	0.9941	NA	17	29.7450	t4cp2;F_traE;F_traK;F_traB;F_traV;virb4;F_traW;F_traU;F_traN;F_traN;F_traF;F_traH;F_traG	NA
CP137465.1	NA	NA	NA	NA	NA	NA	NA	NA	NA	NA	NA
CP137466.1	ENA|CP137466|CP137466.1	34798	No terminal repeats	41	11	0.9940	NA	1	13.9059	NA	NF012176;NF012176
CP137467.1	ENA|CP137467|CP137467.1	163281	No terminal repeats	163	11	0.9897	NA	2	44.6106	MOBP2	NF012176
CP137468.1	NA	NA	NA	NA	NA	NA	NA	NA	NA	NA	NA
CP137469.1	ENA|CP137469|CP137469.1	15881	No terminal repeats	21	11	0.9921	NA	1	3.7185	NA	NF012176
CP137470.1	ENA|CP137470|CP137470.1	48167	No terminal repeats	51	11	0.9942	NA	3	14.6291	NA	NF012176;NF012176
CP137471.1	ENA|CP137471|CP137471.1	133819	No terminal repeats	142	11	0.9921	NA	2	41.9814	MOBP2	NF033068;NF033693
CP137486.1	NA	NA	NA	NA	NA	NA	NA	NA	NA	NA	NA
CP137514.1	NA	NA	NA	NA	NA	NA	NA	NA	NA	NA	NA
CP137515.1	NA	NA	NA	NA	NA	NA	NA	NA	NA	NA	NA
CP137516.1	ENA|CP137516|CP137516.1	2358	No terminal repeats	5	11	0.9950	NA	1	3.6942	NA	NA
CP137522.1	NA	NA	NA	NA	NA	NA	NA	NA	NA	NA	NA
CP137523.1	ENA|CP137523|CP137523.1	49266	DTR	72	11	0.9904	NA	10	28.3147	I_traV;T_virB9;T_virB8;T_virB6;virb4;T_virB3;T_virB1;MOBP1	NA
CP137531.1	NA	NA	NA	NA	NA	NA	NA	NA	NA	NA	NA
CP137687.1	NA	NA	NA	NA	NA	NA	NA	NA	NA	NA	NA
CP137703.1	NA	NA	NA	NA	NA	NA	NA	NA	NA	NA	NA
CP137704.1	NA	NA	NA	NA	NA	NA	NA	NA	NA	NA	NA
CP137711.1	NA	NA	NA	NA	NA	NA	NA	NA	NA	NA	NA
CP137715.1	NA	NA	NA	NA	NA	NA	NA	NA	NA	NA	NA
CP137717.1	NA	NA	NA	NA	NA	NA	NA	NA	NA	NA	NA
CP137736.1	NA	NA	NA	NA	NA	NA	NA	NA	NA	NA	NA
CP138326.1	NA	NA	NA	NA	NA	NA	NA	NA	NA	NA	NA
CP138339.1	NA	NA	NA	NA	NA	NA	NA	NA	NA	NA	NA
CP138340.1	ENA|CP138340|CP138340.1	4207	No terminal repeats	9	11	0.9956	NA	3	9.8962	MOBP1	NA
CP138341.1	ENA|CP138341|CP138341.1	39060	No terminal repeats	45	11	0.9788	NA	9	16.3681	T_virB5;T_virB10;T_virB9;T_virB8;virb4;T_virB2;T_virB11	NA
CP138342.1	NA	NA	NA	NA	NA	NA	NA	NA	NA	NA	NA
CP138343.1	ENA|CP138343|CP138343.1	4207	No terminal repeats	9	11	0.9956	NA	3	9.8962	MOBP1	NA
CP138344.1	ENA|CP138344|CP138344.1	39060	No terminal repeats	45	11	0.9767	NA	9	16.3681	T_virB5;T_virB10;T_virB9;T_virB8;virb4;T_virB2;T_virB11	NA
CP138367.1	NA	NA	NA	NA	NA	NA	NA	NA	NA	NA	NA
CP138368.1	NA	NA	NA	NA	NA	NA	NA	NA	NA	NA	NA
CP138369.1	NA	NA	NA	NA	NA	NA	NA	NA	NA	NA	NA
CP138370.1	NA	NA	NA	NA	NA	NA	NA	NA	NA	NA	NA
CP138371.1	NA	NA	NA	NA	NA	NA	NA	NA	NA	NA	NA
CP138455.2	NA	NA	NA	NA	NA	NA	NA	NA	NA	NA	NA
CP138456.2	ENA|CP138456|CP138456.2	2473	No terminal repeats	3	11	0.9879	NA	1	1.7936	NA	NA
CP138457.2	ENA|CP138457|CP138457.2	34952	No terminal repeats	39	11	0.9908	NA	3	11.0506	MOBV	NA
CP138492.1	NA	NA	NA	NA	NA	NA	NA	NA	NA	NA	NA
CP138493.1	NA	NA	NA	NA	NA	NA	NA	NA	NA	NA	NA
CP138577.1	NA	NA	NA	NA	NA	NA	NA	NA	NA	NA	NA
CP138641.1	NA	NA	NA	NA	NA	NA	NA	NA	NA	NA	NA
CP138642.1	NA	NA	NA	NA	NA	NA	NA	NA	NA	NA	NA
CP138645.1	ENA|CP138645|CP138645.1	48434	No terminal repeats	62	11	0.9897	NA	2	13.4965	NA	NF012176;NF033693;NF033068
CP138646.1	ENA|CP138646|CP138646.1	5960	No terminal repeats	7	11	0.9925	NA	1	3.6931	MOBV	NA
CP138647.1	ENA|CP138647|CP138647.1	4847	No terminal repeats	5	11	0.9922	NA	1	4.6734	MOBV	NA
CP138648.1	NA	NA	NA	NA	NA	NA	NA	NA	NA	NA	NA
CP138649.1	NA	NA	NA	NA	NA	NA	NA	NA	NA	NA	NA
CP138650.1	ENA|CP138650|CP138650.1	71645	No terminal repeats	92	11	0.9890	NA	2	20.9525	MOBP2	NA
CP138651.1	ENA|CP138651|CP138651.1	56791	No terminal repeats	71	11	0.9920	NA	3	6.7510	MOBP2	NA
CP138652.1	ENA|CP138652|CP138652.1	15026	No terminal repeats	17	11	0.9930	NA	1	1.9115	NA	NF000424;NF012176
CP138653.1	NA	NA	NA	NA	NA	NA	NA	NA	NA	NA	NA
CP138654.1	ENA|CP138654|CP138654.1	53680	No terminal repeats	61	11	0.9925	NA	3	17.2822	FA_orf13	NA
CP138658.1	NA	NA	NA	NA	NA	NA	NA	NA	NA	NA	NA
CP138659.1	ENA|CP138659|CP138659.1	82535	No terminal repeats	93	11	0.9914	NA	3	27.2686	FA_orf13	NA
CP138666.1	NA	NA	NA	NA	NA	NA	NA	NA	NA	NA	NA
CP138862.1	NA	NA	NA	NA	NA	NA	NA	NA	NA	NA	NA
CP138863.1	ENA|CP138863|CP138863.1	31818	No terminal repeats	21	11	0.9926	NA	3	7.1886	NA	NA
CP139204.1	NA	NA	NA	NA	NA	NA	NA	NA	NA	NA	NA
CP139205.1	NA	NA	NA	NA	NA	NA	NA	NA	NA	NA	NA
CP139206.1	NA	NA	NA	NA	NA	NA	NA	NA	NA	NA	NA
CP139207.1	NA	NA	NA	NA	NA	NA	NA	NA	NA	NA	NA
CP139333.1	NA	NA	NA	NA	NA	NA	NA	NA	NA	NA	NA
CP139334.1	NA	NA	NA	NA	NA	NA	NA	NA	NA	NA	NA
CP139424.1	NA	NA	NA	NA	NA	NA	NA	NA	NA	NA	NA
CP139425.1	NA	NA	NA	NA	NA	NA	NA	NA	NA	NA	NA
CP139426.1	ENA|CP139426|CP139426.1	147265	No terminal repeats	189	11	0.9949	NA	31	132.8928	F_traL;F_traE;F_traK;F_traV;virb4;F_traW;F_traU;F_trbC;F_traN;F_traF;F_traH;F_traG;MOBF	NF033144;NF000005;NF012147;NF012178;NF012171
CP139427.1	ENA|CP139427|CP139427.1	180774	No terminal repeats	250	11	0.9884	NA	20	37.0048	T_virB1;F_trbC;F_traG;F_traH;F_traF;F_traU;F_traW;virb4;F_traV;F_traB;F_traK;F_traE;F_traL;t4cp1;MOBH	NA
CP139428.1	ENA|CP139428|CP139428.1	70139	No terminal repeats	75	11	0.9924	NA	23	43.8684	F_traL;F_traE;F_traK;F_traB;F_traV;virb4;F_traW;F_traU;F_traN;F_traF;F_traH;F_traG;t4cp2;MOBF	NA
CP139441.1	NA	NA	NA	NA	NA	NA	NA	NA	NA	NA	NA
CP139442.1	ENA|CP139442|CP139442.1	50842	No terminal repeats	65	11	0.9938	NA	19	40.6822	F_traL;F_traE;F_traK;F_traB;F_traV;virb4;F_traW;F_traU;F_traN;F_traN;F_traF;F_traH;F_traG;t4cp2	NA
CP139443.1	NA	NA	NA	NA	NA	NA	NA	NA	NA	NA	NA
CP139745.1	NA	NA	NA	NA	NA	NA	NA	NA	NA	NA	NA
CP139826.1	ENA|CP139826|CP139826.1	91669	No terminal repeats	117	11	0.9896	NA	15	42.5888	t4cp2;F_traL;F_traE;F_traK;F_traB;F_traV;F_traW;F_traU;F_trbC;F_trbC;F_traF;F_traH;F_traG	NF012171
CP139827.1	NA	NA	NA	NA	NA	NA	NA	NA	NA	NA	NA
CP139828.1	NA	NA	NA	NA	NA	NA	NA	NA	NA	NA	NA
CP139829.1	NA	NA	NA	NA	NA	NA	NA	NA	NA	NA	NA
CP139830.1	NA	NA	NA	NA	NA	NA	NA	NA	NA	NA	NA
CP139831.1	NA	NA	NA	NA	NA	NA	NA	NA	NA	NA	NA
CP139832.1	NA	NA	NA	NA	NA	NA	NA	NA	NA	NA	NA
CP139833.1	NA	NA	NA	NA	NA	NA	NA	NA	NA	NA	NA
CP139834.1	NA	NA	NA	NA	NA	NA	NA	NA	NA	NA	NA
CP139835.1	NA	NA	NA	NA	NA	NA	NA	NA	NA	NA	NA
CP139849.1	ENA|CP139849|CP139849.1	370755	No terminal repeats	405	11	0.9942	NA	38	261.9250	t4cp2;T_virB11;T_virB2;T_virB3;virb4;T_virB5;T_virB6;T_virB8;T_virB9;T_virB10;F_trbC;F_traU;F_traW;virb4;F_traV;F_traB;F_traE;t4cp2;T_virB11;T_virB2;T_virB3;virb4;T_virB5;T_virB6;T_virB8;T_virB9;T_virB10;t4cp1;MOBH;F_traF;F_traH	NF012147
CP139850.1	NA	NA	NA	NA	NA	NA	NA	NA	NA	NA	NA
CP139851.1	ENA|CP139851|CP139851.1	3198	No terminal repeats	4	11	0.9955	NA	2	4.5840	MOBP1	NA
CP139852.1	ENA|CP139852|CP139852.1	3361	No terminal repeats	4	11	0.9944	NA	2	3.1408	MOBP1	NA
CP139860.1	NA	NA	NA	NA	NA	NA	NA	NA	NA	NA	NA
CP139861.1	NA	NA	NA	NA	NA	NA	NA	NA	NA	NA	NA
CP139862.1	NA	NA	NA	NA	NA	NA	NA	NA	NA	NA	NA
CP139863.1	NA	NA	NA	NA	NA	NA	NA	NA	NA	NA	NA
CP139958.1	NA	NA	NA	NA	NA	NA	NA	NA	NA	NA	NA
CP139959.1	ENA|CP139959|CP139959.1	43189	No terminal repeats	42	11	0.9934	NA	13	27.2414	F_traW;F_traU;F_traN;F_traF;F_traH;F_traG;t4cp2;MOBF;F_traE	NA
CP139988.1	NA	NA	NA	NA	NA	NA	NA	NA	NA	NA	NA
CP140116.1	NA	NA	NA	NA	NA	NA	NA	NA	NA	NA	NA
CP140123.1	NA	NA	NA	NA	NA	NA	NA	NA	NA	NA	NA
CP140124.1	ENA|CP140124|CP140124.1	64462	No terminal repeats	89	11	0.9889	NA	2	27.0752	MOBP2;T_virB11	NF000145
CP140125.1	ENA|CP140125|CP140125.1	5820	No terminal repeats	6	11	0.9922	NA	2	4.1025	NA	NA
CP140127.1	NA	NA	NA	NA	NA	NA	NA	NA	NA	NA	NA
CP140346.1	NA	NA	NA	NA	NA	NA	NA	NA	NA	NA	NA
CP140347.1	ENA|CP140347|CP140347.1	43231	No terminal repeats	59	11	0.9918	NA	3	7.4092	T_virB10;T_virB9	NA
CP140348.1	ENA|CP140348|CP140348.1	38066	No terminal repeats	39	11	0.9928	NA	8	24.5666	MOBP1;T_virB9;T_virB8;virb4;T_virB2	NA
CP140349.1	ENA|CP140349|CP140349.1	6429	No terminal repeats	8	11	0.9907	NA	2	3.3035	MOBP1	NA
CP140354.1	NA	NA	NA	NA	NA	NA	NA	NA	NA	NA	NA
CP140355.1	ENA|CP140355|CP140355.1	45292	No terminal repeats	61	11	0.9908	NA	3	7.4092	T_virB10;T_virB9	NA
CP140356.1	ENA|CP140356|CP140356.1	38066	No terminal repeats	39	11	0.9928	NA	8	24.5666	MOBP1;T_virB9;T_virB8;virb4;T_virB2	NA
CP140357.1	ENA|CP140357|CP140357.1	6429	No terminal repeats	8	11	0.9907	NA	2	3.3035	MOBP1	NA
CP140362.1	NA	NA	NA	NA	NA	NA	NA	NA	NA	NA	NA
CP140363.1	ENA|CP140363|CP140363.1	43231	No terminal repeats	59	11	0.9917	NA	3	7.4092	T_virB9;T_virB10	NA
CP140364.1	ENA|CP140364|CP140364.1	38066	No terminal repeats	39	11	0.9928	NA	8	24.5666	MOBP1;T_virB9;T_virB8;virb4;T_virB2	NA
CP140365.1	ENA|CP140365|CP140365.1	6429	No terminal repeats	8	11	0.9907	NA	2	3.3035	MOBP1	NA
CP140366.1	NA	NA	NA	NA	NA	NA	NA	NA	NA	NA	NA
CP140367.1	ENA|CP140367|CP140367.1	43231	No terminal repeats	59	11	0.9917	NA	3	7.4092	T_virB9;T_virB10	NA
CP140368.1	ENA|CP140368|CP140368.1	38066	No terminal repeats	39	11	0.9928	NA	8	24.5666	MOBP1;T_virB9;T_virB8;virb4;T_virB2	NA
CP140369.1	ENA|CP140369|CP140369.1	6429	No terminal repeats	8	11	0.9907	NA	2	3.3035	MOBP1	NA
CP140370.1	NA	NA	NA	NA	NA	NA	NA	NA	NA	NA	NA
CP140371.1	ENA|CP140371|CP140371.1	43231	No terminal repeats	59	11	0.9918	NA	3	7.4092	T_virB10;T_virB9	NA
CP140372.1	ENA|CP140372|CP140372.1	38066	No terminal repeats	41	11	0.9929	NA	8	24.5666	T_virB8;T_virB9;MOBP1;T_virB2;virb4	NA
CP140373.1	ENA|CP140373|CP140373.1	6429	No terminal repeats	8	11	0.9907	NA	2	3.3035	MOBP1	NA
CP140378.1	NA	NA	NA	NA	NA	NA	NA	NA	NA	NA	NA
CP140379.1	ENA|CP140379|CP140379.1	43231	No terminal repeats	59	11	0.9918	NA	3	7.4092	T_virB10;T_virB9	NA
CP140380.1	ENA|CP140380|CP140380.1	38066	No terminal repeats	41	11	0.9929	NA	8	24.5666	T_virB8;T_virB9;MOBP1;T_virB2;virb4	NA
CP140381.1	ENA|CP140381|CP140381.1	6429	No terminal repeats	8	11	0.9907	NA	2	3.3035	MOBP1	NA
CP140398.1	NA	NA	NA	NA	NA	NA	NA	NA	NA	NA	NA
CP140399.1	ENA|CP140399|CP140399.1	43231	No terminal repeats	59	11	0.9917	NA	3	7.4092	T_virB10;T_virB9	NA
CP140400.1	ENA|CP140400|CP140400.1	38066	No terminal repeats	39	11	0.9928	NA	8	24.5666	MOBP1;T_virB9;T_virB8;virb4;T_virB2	NA
CP140401.1	ENA|CP140401|CP140401.1	6429	No terminal repeats	8	11	0.9907	NA	2	3.3035	MOBP1	NA
CP140425.1	NA	NA	NA	NA	NA	NA	NA	NA	NA	NA	NA
CP140426.1	ENA|CP140426|CP140426.1	93281	No terminal repeats	98	11	0.9935	NA	3	19.0573	NA	NF040806;NF012147;NF000005;NF033144
CP140427.1	ENA|CP140427|CP140427.1	53664	No terminal repeats	59	11	0.9934	NA	3	13.2142	MOBC	NF012171
CP140428.1	ENA|CP140428|CP140428.1	30680	No terminal repeats	37	11	0.9936	NA	9	25.3346	T_virB2;virb4;T_virB6;T_virB8;T_virB9;MOBC	NA
CP140429.1	ENA|CP140429|CP140429.1	4779	No terminal repeats	8	11	0.9931	NA	2	3.1408	MOBP1	NA
CP140430.1	ENA|CP140430|CP140430.1	3162	No terminal repeats	6	11	0.9932	NA	1	2.2083	NA	NA
CP140431.1	NA	NA	NA	NA	NA	NA	NA	NA	NA	NA	NA
CP140436.1	NA	NA	NA	NA	NA	NA	NA	NA	NA	NA	NA
CP140437.1	NA	NA	NA	NA	NA	NA	NA	NA	NA	NA	NA
CP140438.1	NA	NA	NA	NA	NA	NA	NA	NA	NA	NA	NA
CP140439.1	ENA|CP140439|CP140439.1	73301	No terminal repeats	102	11	0.9884	NA	15	30.8950	F_traW;F_traU;F_trbC;F_trbC;F_traF;F_traH;F_traG;t4cp2;F_traL;F_traE;F_traK;F_traB;F_traV	NA
CP140441.1	NA	NA	NA	NA	NA	NA	NA	NA	NA	NA	NA
CP140442.1	ENA|CP140442|CP140442.1	40919	No terminal repeats	53	11	0.9936	NA	10	33.7495	MOBP1;T_virB1;T_virB2;virb4;T_virB6;T_virB8;T_virB9;T_virB11	NA
CP140498.1	NA	NA	NA	NA	NA	NA	NA	NA	NA	NA	NA
CP140515.1	NA	NA	NA	NA	NA	NA	NA	NA	NA	NA	NA
CP141076.1	NA	NA	NA	NA	NA	NA	NA	NA	NA	NA	NA
CP141077.1	ENA|CP141077|CP141077.1	69873	No terminal repeats	81	11	0.9917	NA	1	9.0111	NA	NA
CP141091.1	ENA|CP141091|CP141091.1	74657	No terminal repeats	96	11	0.9914	NA	1	24.9895	NA	NA
CP141092.1	NA	NA	NA	NA	NA	NA	NA	NA	NA	NA	NA
CP141252.1	ENA|CP141252|CP141252.1	5411	No terminal repeats	9	11	0.9943	NA	2	5.5710	MOBP1	NA
CP141253.1	NA	NA	NA	NA	NA	NA	NA	NA	NA	NA	NA
CP141537.1	NA	NA	NA	NA	NA	NA	NA	NA	NA	NA	NA
CP141538.1	ENA|CP141538|CP141538.1	360600	No terminal repeats	382	11	0.9941	NA	37	242.8978	t4cp2;T_virB11;T_virB2;T_virB3;virb4;T_virB5;T_virB6;T_virB8;T_virB9;T_virB10;F_trbC;F_traU;F_traW;virb4;F_traV;F_traB;F_traE;t4cp2;T_virB11;T_virB2;T_virB3;virb4;T_virB5;T_virB6;T_virB8;T_virB9;T_virB10;F_traH;F_traF;MOBH;t4cp1	NF012147;NF012178;NF000402
CP141618.1	NA	NA	NA	NA	NA	NA	NA	NA	NA	NA	NA
CP141619.1	ENA|CP141619|CP141619.1	4858	No terminal repeats	6	11	0.9926	NA	2	3.2077	MOBQ	NA
CP141620.1	NA	NA	NA	NA	NA	NA	NA	NA	NA	NA	NA
CP141621.1	NA	NA	NA	NA	NA	NA	NA	NA	NA	NA	NA
CP141622.1	ENA|CP141622|CP141622.1	4858	No terminal repeats	6	11	0.9926	NA	2	3.2077	MOBQ	NA
CP141623.1	NA	NA	NA	NA	NA	NA	NA	NA	NA	NA	NA
CP141624.1	NA	NA	NA	NA	NA	NA	NA	NA	NA	NA	NA
CP141645.1	NA	NA	NA	NA	NA	NA	NA	NA	NA	NA	NA
CP141646.1	ENA|CP141646|CP141646.1	355139	No terminal repeats	393	11	0.9908	NA	24	87.9435	MOBH;t4cp1;F_traL;F_traE;F_traK;F_traB;F_traV;virb4;F_traW;F_traU;F_traF;F_traH;F_traG;T_virB1;F_traE;T_virB8;T_virB9;T_virB10	NA
CP141647.1	ENA|CP141647|CP141647.1	133774	No terminal repeats	165	11	0.9948	NA	16	99.5851	F_traL;F_traE	NF000466;NF000402
CP141648.1	ENA|CP141648|CP141648.1	125246	No terminal repeats	129	11	0.9914	NA	1	26.9599	NA	NF012178
CP141649.1	ENA|CP141649|CP141649.1	60255	No terminal repeats	69	11	0.9952	NA	27	63.6855	MOBF;F_traG;F_traH;F_traF;F_traN;F_trbC;F_traU;F_traW;virb4;F_traV;F_traK;F_traE;F_traL	NA
CP141650.1	ENA|CP141650|CP141650.1	39976	No terminal repeats	57	11	0.9934	NA	9	28.3736	virb4;T_virB2;T_virB1;T_virB9;T_virB8;T_virB6	NA
CP141651.1	ENA|CP141651|CP141651.1	4942	No terminal repeats	8	11	0.9960	NA	3	9.6584	MOBP1;MOBP1	NA
CP141652.1	ENA|CP141652|CP141652.1	3576	No terminal repeats	4	11	0.9933	NA	1	2.2083	NA	NA
CP141653.1	ENA|CP141653|CP141653.1	2155	No terminal repeats	3	11	0.9924	NA	1	2.4646	NA	NA
CP141683.1	NA	NA	NA	NA	NA	NA	NA	NA	NA	NA	NA
CP141684.1	NA	NA	NA	NA	NA	NA	NA	NA	NA	NA	NA
CP141754.1	NA	NA	NA	NA	NA	NA	NA	NA	NA	NA	NA
CP141773.1	NA	NA	NA	NA	NA	NA	NA	NA	NA	NA	NA
CP141774.1	NA	NA	NA	NA	NA	NA	NA	NA	NA	NA	NA
CP141835.1	NA	NA	NA	NA	NA	NA	NA	NA	NA	NA	NA
CP141836.1	ENA|CP141836|CP141836.1	36002	No terminal repeats	51	11	0.9934	NA	11	31.2755	T_virB11;T_virB9;T_virB8;T_virB6;virb4;T_virB2;T_virB1;MOBP1	NA
CP142014.1	NA	NA	NA	NA	NA	NA	NA	NA	NA	NA	NA
CP142015.1	NA	NA	NA	NA	NA	NA	NA	NA	NA	NA	NA
CP142060.1	NA	NA	NA	NA	NA	NA	NA	NA	NA	NA	NA
CP142061.1	ENA|CP142061|CP142061.1	215412	No terminal repeats	237	11	0.9932	NA	6	71.6310	F_traE	NF012171;NF012178;NF000270;NF000402
CP142062.1	ENA|CP142062|CP142062.1	51479	No terminal repeats	66	11	0.9936	NA	9	31.1327	T_virB1;T_virB2;virb4;T_virB6;T_virB8;T_virB9	NF040806
CP142089.1	NA	NA	NA	NA	NA	NA	NA	NA	NA	NA	NA
CP142090.1	ENA|CP142090|CP142090.1	83778	No terminal repeats	93	11	0.9934	NA	20	63.1140	F_traE;MOBP1;I_trbB;I_trbA;I_traY;I_traW;traU;I_traR;I_traQ;I_traP;I_traO;I_traN;I_traM;I_traL;I_traK;I_traI	NA
CP142091.1	ENA|CP142091|CP142091.1	5792	No terminal repeats	8	11	0.9943	NA	2	5.1216	MOBP1	NA
CP142100.1	NA	NA	NA	NA	NA	NA	NA	NA	NA	NA	NA
CP142349.1	NA	NA	NA	NA	NA	NA	NA	NA	NA	NA	NA
CP142350.1	NA	NA	NA	NA	NA	NA	NA	NA	NA	NA	NA
CP142351.1	NA	NA	NA	NA	NA	NA	NA	NA	NA	NA	NA
CP142353.1	NA	NA	NA	NA	NA	NA	NA	NA	NA	NA	NA
CP142355.1	NA	NA	NA	NA	NA	NA	NA	NA	NA	NA	NA
CP142356.1	NA	NA	NA	NA	NA	NA	NA	NA	NA	NA	NA
CP142358.1	NA	NA	NA	NA	NA	NA	NA	NA	NA	NA	NA
CP142374.1	NA	NA	NA	NA	NA	NA	NA	NA	NA	NA	NA
CP142376.1	NA	NA	NA	NA	NA	NA	NA	NA	NA	NA	NA
CP142377.1	NA	NA	NA	NA	NA	NA	NA	NA	NA	NA	NA
CP142393.1	NA	NA	NA	NA	NA	NA	NA	NA	NA	NA	NA
CP142415.1	NA	NA	NA	NA	NA	NA	NA	NA	NA	NA	NA
CP142416.1	NA	NA	NA	NA	NA	NA	NA	NA	NA	NA	NA
CP142417.1	ENA|CP142417|CP142417.1	21849	No terminal repeats	24	11	0.9950	NA	2	8.3365	MOBV	NF012176
CP142808.1	NA	NA	NA	NA	NA	NA	NA	NA	NA	NA	NA
CP142809.1	NA	NA	NA	NA	NA	NA	NA	NA	NA	NA	NA
CP142810.1	NA	NA	NA	NA	NA	NA	NA	NA	NA	NA	NA
CP142815.1	NA	NA	NA	NA	NA	NA	NA	NA	NA	NA	NA
CP142818.1	NA	NA	NA	NA	NA	NA	NA	NA	NA	NA	NA
CP142819.1	ENA|CP142819|CP142819.1	92100	No terminal repeats	110	11	0.9910	NA	2	36.4928	NA	NF012176;NF033068;NF033693
CP142820.1	NA	NA	NA	NA	NA	NA	NA	NA	NA	NA	NA
CP142821.1	NA	NA	NA	NA	NA	NA	NA	NA	NA	NA	NA
CP142822.1	ENA|CP142822|CP142822.1	92100	No terminal repeats	110	11	0.9910	NA	2	36.4928	NA	NF012176;NF033068;NF033693
CP142833.1	NA	NA	NA	NA	NA	NA	NA	NA	NA	NA	NA
CP142834.1	ENA|CP142834|CP142834.1	84864	No terminal repeats	99	11	0.9903	NA	2	29.9590	NA	NF012176;NF033068;NF033693
CP142853.1	NA	NA	NA	NA	NA	NA	NA	NA	NA	NA	NA
CP142854.1	NA	NA	NA	NA	NA	NA	NA	NA	NA	NA	NA
CP142895.1	NA	NA	NA	NA	NA	NA	NA	NA	NA	NA	NA
CP142896.1	NA	NA	NA	NA	NA	NA	NA	NA	NA	NA	NA
CP142897.1	ENA|CP142897|CP142897.1	74647	No terminal repeats	105	11	0.9896	NA	15	29.8500	F_traG;F_traH;F_traF;F_trbC;F_trbC;F_traU;F_traW;F_traV;F_traB;F_traK;F_traE;F_traL;t4cp2	NA
CP142898.1	NA	NA	NA	NA	NA	NA	NA	NA	NA	NA	NA
CP142899.1	NA	NA	NA	NA	NA	NA	NA	NA	NA	NA	NA
CP142900.1	ENA|CP142900|CP142900.1	116874	No terminal repeats	132	11	0.9950	NA	29	102.9539	MOBF;F_traG;F_traH;F_traF;F_traN;F_trbC;F_traU;F_traW;virb4;F_traV;F_traK;F_traE;F_traL	NF000270;NF000270
CP142901.1	ENA|CP142901|CP142901.1	237182	No terminal repeats	251	11	0.9942	NA	31	142.8194	MOBF;F_traG;F_traH;F_traF;F_traN;F_trbC;F_traU;F_traW;virb4;F_traV;F_traK;F_traE;F_traL	NF000402
CP142902.1	ENA|CP142902|CP142902.1	13841	No terminal repeats	16	11	0.9948	NA	3	11.5109	MOBC	NA
CP142903.1	NA	NA	NA	NA	NA	NA	NA	NA	NA	NA	NA
CP142904.1	NA	NA	NA	NA	NA	NA	NA	NA	NA	NA	NA
CP142905.1	ENA|CP142905|CP142905.1	197775	No terminal repeats	212	11	0.9936	NA	37	101.6472	T_virB1;T_virB2;virb4;T_virB6;T_virB8;T_virB9;MOBF;F_traG;F_traH;F_traF;F_traN;F_trbC;F_traU;F_traW;virb4;F_traV;F_traK;F_traE;F_traL	NF012178
CP142906.1	ENA|CP142906|CP142906.1	444144	No terminal repeats	450	11	0.9935	NA	40	268.5378	F_traE;F_traB;F_traV;virb4;F_traW;F_traU;F_trbC;T_virB10;T_virB9;T_virB8;T_virB6;T_virB5;virb4;T_virB3;T_virB2;T_virB11;t4cp2;T_virB8;T_virB9;T_virB10;F_traH;F_traF;MOBH;t4cp1;T_virB10;T_virB9;T_virB8;T_virB6;T_virB5;virb4;T_virB3;T_virB2;T_virB11;t4cp2	NA
CP142908.1	ENA|CP142908|CP142908.1	11096	No terminal repeats	13	11	0.9931	NA	2	2.7557	MOBP1	NA
CP142909.1	ENA|CP142909|CP142909.1	8784	No terminal repeats	11	11	0.9895	NA	2	3.1408	MOBP1	NA
CP143101.1	NA	NA	NA	NA	NA	NA	NA	NA	NA	NA	NA
CP143102.1	NA	NA	NA	NA	NA	NA	NA	NA	NA	NA	NA
CP143341.1	NA	NA	NA	NA	NA	NA	NA	NA	NA	NA	NA
CP143342.1	ENA|CP143342|CP143342.1	76286	No terminal repeats	83	11	0.9946	NA	20	59.4679	MOBP1;I_traI;I_traK;I_traL;I_traN;I_traO;I_traP;I_traQ;I_traR;traU;I_traW;I_traY;I_trbA;I_trbB	NA
CP143343.1	ENA|CP143343|CP143343.1	46161	No terminal repeats	59	11	0.9935	NA	9	25.1041	T_virB1;T_virB2;virb4;T_virB6;T_virB8;T_virB9	NF012147
CP143346.1	NA	NA	NA	NA	NA	NA	NA	NA	NA	NA	NA
CP143347.1	NA	NA	NA	NA	NA	NA	NA	NA	NA	NA	NA
CP143353.1	NA	NA	NA	NA	NA	NA	NA	NA	NA	NA	NA
CP143354.1	ENA|CP143354|CP143354.1	43951	No terminal repeats	64	11	0.9915	NA	8	18.5165	MOBP1;T_virB9;T_virB8;T_virB6;T_virB5;virb4	NA
CP143583.1	NA	NA	NA	NA	NA	NA	NA	NA	NA	NA	NA
CP143584.1	NA	NA	NA	NA	NA	NA	NA	NA	NA	NA	NA
CP143585.1	ENA|CP143585|CP143585.1	83692	No terminal repeats	97	11	0.9923	NA	4	20.4868	MOBV;FA_orf13	NF033693
CP143586.1	ENA|CP143586|CP143586.1	57643	No terminal repeats	62	11	0.9909	NA	2	10.1855	MOBP2	NA
CP143587.1	NA	NA	NA	NA	NA	NA	NA	NA	NA	NA	NA
CP143588.1	NA	NA	NA	NA	NA	NA	NA	NA	NA	NA	NA
CP143682.1	NA	NA	NA	NA	NA	NA	NA	NA	NA	NA	NA
CP143683.1	NA	NA	NA	NA	NA	NA	NA	NA	NA	NA	NA
CP143684.1	ENA|CP143684|CP143684.1	77676	No terminal repeats	103	11	0.9915	NA	13	26.3834	t4cp2;F_traH;F_trbC;F_traU;F_trbC;virb4;F_traV;F_traK;F_traL	NA
CP143685.1	NA	NA	NA	NA	NA	NA	NA	NA	NA	NA	NA
CP143686.1	ENA|CP143686|CP143686.1	2495	No terminal repeats	3	11	0.9954	NA	1	3.1262	NA	NA
CP143688.1	NA	NA	NA	NA	NA	NA	NA	NA	NA	NA	NA
CP143689.1	ENA|CP143689|CP143689.1	192406	No terminal repeats	212	11	0.9938	NA	24	124.6381	F_traL;F_traE;F_traK;F_traB;F_traV;virb4;F_traW;F_traU;F_traN;F_traF;F_traH;F_traG;t4cp2;MOBF	NF000402;NF012171;NF012174
CP143690.1	ENA|CP143690|CP143690.1	49879	No terminal repeats	61	11	0.9947	NA	9	45.3423	T_virB1;T_virB3;virb4;T_virB5;T_virB6;T_virB8;T_virB9	NA
CP143699.1	NA	NA	NA	NA	NA	NA	NA	NA	NA	NA	NA
CP143700.1	NA	NA	NA	NA	NA	NA	NA	NA	NA	NA	NA
CP143701.1	ENA|CP143701|CP143701.1	4096	No terminal repeats	8	11	0.9955	NA	5	9.6226	MOBP1	NA
CP143702.1	NA	NA	NA	NA	NA	NA	NA	NA	NA	NA	NA
CP143703.1	NA	NA	NA	NA	NA	NA	NA	NA	NA	NA	NA
CP143704.1	ENA|CP143704|CP143704.1	210747	No terminal repeats	191	11	0.9934	NA	20	49.7664	G_tfc19;F_traE;F_traK;F_traB;F_traV;virb4;F_traW;F_traU;F_traN;F_traF;F_traH;F_traG;t4cp2;MOBF	NF033134;NF033105;NF012174
CP143712.1	NA	NA	NA	NA	NA	NA	NA	NA	NA	NA	NA
CP143713.1	NA	NA	NA	NA	NA	NA	NA	NA	NA	NA	NA
CP143714.1	ENA|CP143714|CP143714.1	4096	No terminal repeats	5	11	0.9954	NA	3	6.4720	MOBP1	NA
CP143715.1	NA	NA	NA	NA	NA	NA	NA	NA	NA	NA	NA
CP143716.1	NA	NA	NA	NA	NA	NA	NA	NA	NA	NA	NA
CP143733.1	NA	NA	NA	NA	NA	NA	NA	NA	NA	NA	NA
CP143734.1	ENA|CP143734|CP143734.1	2496	No terminal repeats	3	11	0.9954	NA	1	3.1262	NA	NA
CP143741.1	NA	NA	NA	NA	NA	NA	NA	NA	NA	NA	NA
CP143742.1	NA	NA	NA	NA	NA	NA	NA	NA	NA	NA	NA
CP143743.1	NA	NA	NA	NA	NA	NA	NA	NA	NA	NA	NA
CP143744.1	ENA|CP143744|CP143744.1	2495	No terminal repeats	3	11	0.9954	NA	1	3.1262	NA	NA
CP143749.1	NA	NA	NA	NA	NA	NA	NA	NA	NA	NA	NA
CP143750.1	ENA|CP143750|CP143750.1	127932	No terminal repeats	142	11	0.9942	NA	19	90.7742	MOBP1;I_trbB;I_trbA;I_traY;I_traW;I_traV;traU;I_traT;I_traR;I_traQ;I_traP;I_traO;I_traN;I_traL;I_traK;I_traI;I_traE	NF012174;NF012174;NF012174;NF033085
CP143751.1	NA	NA	NA	NA	NA	NA	NA	NA	NA	NA	NA
CP143752.1	ENA|CP143752|CP143752.1	3675	No terminal repeats	5	11	0.9956	NA	4	6.2914	MOBP1	NA
CP143753.1	ENA|CP143753|CP143753.1	2496	No terminal repeats	3	11	0.9951	NA	1	3.1262	NA	NA
CP143754.1	NA	NA	NA	NA	NA	NA	NA	NA	NA	NA	NA
CP143756.1	NA	NA	NA	NA	NA	NA	NA	NA	NA	NA	NA
CP143757.1	NA	NA	NA	NA	NA	NA	NA	NA	NA	NA	NA
CP143758.1	ENA|CP143758|CP143758.1	2495	No terminal repeats	3	11	0.9954	NA	1	3.1262	NA	NA
CP143767.1	NA	NA	NA	NA	NA	NA	NA	NA	NA	NA	NA
CP143768.1	ENA|CP143768|CP143768.1	362963	No terminal repeats	407	11	0.9937	NA	19	221.3504	t4cp1;MOBH;F_traF;F_traH;T_virB1;F_trbC;F_traU;F_traW;virb4;F_traV;F_traB;F_traE	NF033144;NF012171
CP143769.1	NA	NA	NA	NA	NA	NA	NA	NA	NA	NA	NA
CP143770.1	ENA|CP143770|CP143770.1	4760	No terminal repeats	5	11	0.9949	NA	3	2.3312	MOBP1;MOBP1	NA
CP143901.1	NA	NA	NA	NA	NA	NA	NA	NA	NA	NA	NA
CP143903.1	NA	NA	NA	NA	NA	NA	NA	NA	NA	NA	NA
CP143906.1	NA	NA	NA	NA	NA	NA	NA	NA	NA	NA	NA
CP143909.1	NA	NA	NA	NA	NA	NA	NA	NA	NA	NA	NA
CP143910.1	ENA|CP143910|CP143910.1	261432	No terminal repeats	296	11	0.9937	NA	19	103.1288	F_traG;F_traH;F_traF;MOBH;t4cp1;F_traE;F_traK;F_traB;F_traV;virb4;F_traW;F_traU;F_trbC	NF012174;NF012171
CP143911.1	ENA|CP143911|CP143911.1	142684	No terminal repeats	165	11	0.9946	NA	28	109.9335	MOBF;F_traL;F_traE;F_traK;F_traV;virb4;F_traW;F_traU;F_trbC;F_traN;F_traF;F_traH;F_traG	NF033144;NF012178;NF012174
CP143912.1	ENA|CP143912|CP143912.1	85186	No terminal repeats	101	11	0.9954	NA	28	83.2404	F_traL;F_traE;F_traK;F_traV;virb4;F_traW;F_traU;F_traN;F_traF;F_traH;F_traG;MOBF	NF012174;NF012171;NF012178
CP143913.1	ENA|CP143913|CP143913.1	19750	No terminal repeats	26	11	0.9949	NA	2	16.5653	NA	NA
CP143914.1	NA	NA	NA	NA	NA	NA	NA	NA	NA	NA	NA
CP144249.1	NA	NA	NA	NA	NA	NA	NA	NA	NA	NA	NA
CP144250.1	ENA|CP144250|CP144250.1	71277	No terminal repeats	97	11	0.9883	NA	15	29.6170	t4cp2;F_traL;F_traE;F_traK;F_traB;F_traV;F_traW;F_traU;F_trbC;F_trbC;F_traF;F_traH;F_traG	NA
CP144251.1	NA	NA	NA	NA	NA	NA	NA	NA	NA	NA	NA
CP144255.1	NA	NA	NA	NA	NA	NA	NA	NA	NA	NA	NA
CP144256.1	ENA|CP144256|CP144256.1	11193	No terminal repeats	15	11	0.9941	NA	1	7.0816	MOBQ	NA
CP144269.1	ENA|CP144269|CP144269.1	8794	DTR	10	11	0.9937	NA	2	10.1845	NA	NA
CP144270.1	NA	NA	NA	NA	NA	NA	NA	NA	NA	NA	NA
CP144272.1	ENA|CP144272|CP144272.1	248575	No terminal repeats	325	11	0.9824	NA	6	22.6751	NA	NF012176;NF033068;NF033115;NF033115;NF033115;NF033115;NF033115;NF033115;NF033115;NF033115;NF033115;NF033115;NF033115;NF033115;NF033115;NF033115;NF033115
CP144273.1	NA	NA	NA	NA	NA	NA	NA	NA	NA	NA	NA
CP144280.1	NA	NA	NA	NA	NA	NA	NA	NA	NA	NA	NA
CP144669.1	NA	NA	NA	NA	NA	NA	NA	NA	NA	NA	NA
CP144716.1	NA	NA	NA	NA	NA	NA	NA	NA	NA	NA	NA
CP144717.1	ENA|CP144717|CP144717.1	63589	No terminal repeats	86	11	0.9916	NA	15	39.1630	I_trbB;I_trbA;MOBP1;I_traI;I_traK;I_traL;I_traN;I_traO;I_traP;I_traQ;I_traR;traU;I_traW;I_traY	NF040806
CP144725.1	NA	NA	NA	NA	NA	NA	NA	NA	NA	NA	NA
CP144727.1	ENA|CP144727|CP144727.1	38106	No terminal repeats	43	11	0.9938	NA	1	16.8533	NA	NA
CP144728.1	NA	NA	NA	NA	NA	NA	NA	NA	NA	NA	NA
CP144729.1	NA	NA	NA	NA	NA	NA	NA	NA	NA	NA	NA
CP144979.1	NA	NA	NA	NA	NA	NA	NA	NA	NA	NA	NA
CP144980.1	ENA|CP144980|CP144980.1	233786	No terminal repeats	260	11	0.9942	NA	29	151.7758	MOBF;F_traG;F_traH;F_traF;F_traN;F_trbC;F_traU;F_traW;virb4;F_traV;F_traK;F_traE;F_traL	NF012178;NF000402
CP144981.1	ENA|CP144981|CP144981.1	81511	No terminal repeats	102	11	0.9956	NA	30	94.3897	F_traL;F_traE;F_traK;F_traV;virb4;F_traW;F_traU;F_trbC;F_traN;F_traF;F_traH;F_traG;MOBF;F_traE	NA
CP144982.1	ENA|CP144982|CP144982.1	70467	No terminal repeats	76	11	0.9921	NA	2	22.4037	NA	NA
CP144983.1	ENA|CP144983|CP144983.1	5925	No terminal repeats	8	11	0.9952	NA	2	6.6581	NA	NA
CP144984.1	ENA|CP144984|CP144984.1	5893	No terminal repeats	6	11	0.9957	NA	2	4.8653	NA	NA
CP144985.1	ENA|CP144985|CP144985.1	5840	No terminal repeats	7	11	0.9962	NA	2	7.4904	NA	NA
CP145015.1	NA	NA	NA	NA	NA	NA	NA	NA	NA	NA	NA
CP145016.1	ENA|CP145016|CP145016.1	4153	No terminal repeats	9	11	0.9956	NA	3	9.8962	MOBP1	NA
CP145017.1	NA	NA	NA	NA	NA	NA	NA	NA	NA	NA	NA
CP145018.1	ENA|CP145018|CP145018.1	4153	No terminal repeats	9	11	0.9956	NA	3	9.8962	MOBP1	NA
CP145019.1	NA	NA	NA	NA	NA	NA	NA	NA	NA	NA	NA
CP145020.1	ENA|CP145020|CP145020.1	4153	No terminal repeats	9	11	0.9956	NA	3	9.8962	MOBP1	NA
CP145024.1	NA	NA	NA	NA	NA	NA	NA	NA	NA	NA	NA
CP145025.1	ENA|CP145025|CP145025.1	4153	No terminal repeats	9	11	0.9956	NA	3	9.8962	MOBP1	NA
CP145026.1	NA	NA	NA	NA	NA	NA	NA	NA	NA	NA	NA
CP145027.1	ENA|CP145027|CP145027.1	4207	No terminal repeats	9	11	0.9956	NA	3	9.8962	MOBP1	NA
CP145032.1	NA	NA	NA	NA	NA	NA	NA	NA	NA	NA	NA
CP145033.1	ENA|CP145033|CP145033.1	42000	No terminal repeats	47	11	0.9821	NA	9	16.3681	T_virB5;T_virB10;T_virB9;T_virB8;virb4;T_virB2;T_virB11	NA
CP145034.1	ENA|CP145034|CP145034.1	4197	No terminal repeats	8	11	0.9952	NA	2	8.1779	MOBP1	NA
CP145035.1	NA	NA	NA	NA	NA	NA	NA	NA	NA	NA	NA
CP145036.1	ENA|CP145036|CP145036.1	4207	No terminal repeats	9	11	0.9956	NA	3	9.8962	MOBP1	NA
CP145041.1	NA	NA	NA	NA	NA	NA	NA	NA	NA	NA	NA
CP145042.1	ENA|CP145042|CP145042.1	5597	No terminal repeats	7	11	0.9942	NA	1	4.4739	MOBQ	NA
CP145043.1	ENA|CP145043|CP145043.1	39015	No terminal repeats	45	11	0.9783	NA	9	16.3681	T_virB5;T_virB10;T_virB9;T_virB8;virb4;T_virB2;T_virB11	NA
CP145044.1	ENA|CP145044|CP145044.1	4153	No terminal repeats	9	11	0.9956	NA	3	9.8962	MOBP1	NA
CP145045.1	NA	NA	NA	NA	NA	NA	NA	NA	NA	NA	NA
CP145046.1	ENA|CP145046|CP145046.1	39054	No terminal repeats	45	11	0.9779	NA	9	16.3681	T_virB5;T_virB10;T_virB9;T_virB8;virb4;T_virB2;T_virB11	NA
CP145047.1	ENA|CP145047|CP145047.1	4207	No terminal repeats	9	11	0.9956	NA	3	9.8962	MOBP1	NA
CP145048.1	NA	NA	NA	NA	NA	NA	NA	NA	NA	NA	NA
CP145049.1	ENA|CP145049|CP145049.1	4153	No terminal repeats	9	11	0.9956	NA	3	9.8962	MOBP1	NA
CP145050.1	NA	NA	NA	NA	NA	NA	NA	NA	NA	NA	NA
CP145051.1	ENA|CP145051|CP145051.1	4153	No terminal repeats	9	11	0.9956	NA	3	9.8962	MOBP1	NA
CP145057.1	NA	NA	NA	NA	NA	NA	NA	NA	NA	NA	NA
CP145058.1	ENA|CP145058|CP145058.1	4143	No terminal repeats	9	11	0.9942	NA	2	7.7152	MOBP1	NA
CP145059.1	NA	NA	NA	NA	NA	NA	NA	NA	NA	NA	NA
CP145060.1	ENA|CP145060|CP145060.1	39054	No terminal repeats	45	11	0.9774	NA	9	16.3681	T_virB5;T_virB10;T_virB9;T_virB8;virb4;T_virB2;T_virB11	NA
CP145061.1	ENA|CP145061|CP145061.1	4153	No terminal repeats	9	11	0.9956	NA	3	9.8962	MOBP1	NA
CP145071.1	NA	NA	NA	NA	NA	NA	NA	NA	NA	NA	NA
CP145072.1	ENA|CP145072|CP145072.1	7427	No terminal repeats	10	11	0.9937	NA	1	4.4739	MOBQ	NA
CP145073.1	ENA|CP145073|CP145073.1	4153	No terminal repeats	9	11	0.9956	NA	3	9.8962	MOBP1	NA
CP145077.1	NA	NA	NA	NA	NA	NA	NA	NA	NA	NA	NA
CP145078.1	ENA|CP145078|CP145078.1	42004	No terminal repeats	47	11	0.9791	NA	9	16.3681	T_virB5;T_virB10;T_virB9;T_virB8;virb4;T_virB2;T_virB11	NA
CP145079.1	ENA|CP145079|CP145079.1	4207	No terminal repeats	9	11	0.9956	NA	3	9.8962	MOBP1	NA
CP145080.1	NA	NA	NA	NA	NA	NA	NA	NA	NA	NA	NA
CP145081.1	ENA|CP145081|CP145081.1	5597	No terminal repeats	8	11	0.9939	NA	1	4.4739	MOBQ	NA
CP145082.1	ENA|CP145082|CP145082.1	4153	No terminal repeats	9	11	0.9956	NA	3	9.8962	MOBP1	NA
CP145083.1	NA	NA	NA	NA	NA	NA	NA	NA	NA	NA	NA
CP145084.1	ENA|CP145084|CP145084.1	39054	No terminal repeats	46	11	0.9783	NA	9	16.3681	T_virB5;T_virB10;T_virB9;T_virB8;virb4;T_virB2;T_virB11	NA
CP145085.1	ENA|CP145085|CP145085.1	4207	No terminal repeats	9	11	0.9956	NA	3	9.8962	MOBP1	NA
CP145086.1	NA	NA	NA	NA	NA	NA	NA	NA	NA	NA	NA
CP145087.1	ENA|CP145087|CP145087.1	4207	No terminal repeats	9	11	0.9956	NA	3	9.8962	MOBP1	NA
CP145088.1	NA	NA	NA	NA	NA	NA	NA	NA	NA	NA	NA
CP145089.1	ENA|CP145089|CP145089.1	4207	No terminal repeats	9	11	0.9956	NA	3	9.8962	MOBP1	NA
CP145330.1	NA	NA	NA	NA	NA	NA	NA	NA	NA	NA	NA
CP145331.1	ENA|CP145331|CP145331.1	352202	No terminal repeats	384	11	0.9939	NA	19	134.4080	F_traE;F_traK;F_traB;F_traV;virb4;F_traW;F_traU;F_trbC;F_traG;F_traH;F_traF;MOBH;t4cp1	NF000466;NF012178;NF033134
CP145332.1	ENA|CP145332|CP145332.1	55263	No terminal repeats	68	11	0.9929	NA	3	24.6283	NA	NF000270;NF033144;NF012147;NF000005
CP145333.1	ENA|CP145333|CP145333.1	39937	No terminal repeats	39	11	0.9936	NA	1	12.3489	NA	NF000270
CP145352.1	NA	NA	NA	NA	NA	NA	NA	NA	NA	NA	NA
CP145353.1	ENA|CP145353|CP145353.1	324592	No terminal repeats	355	11	0.9937	NA	21	126.7613	t4cp1;MOBH;F_traF;F_traH;F_traG;F_trbC;F_traU;F_traW;virb4;F_traV;F_traB;F_traK;F_traE	NF033134;NF012178
CP145354.1	ENA|CP145354|CP145354.1	39697	No terminal repeats	42	11	0.9933	NA	1	12.3489	NA	NF000270
CP145437.1	NA	NA	NA	NA	NA	NA	NA	NA	NA	NA	NA
CP145479.1	NA	NA	NA	NA	NA	NA	NA	NA	NA	NA	NA
CP145480.1	ENA|CP145480|CP145480.1	10359	No terminal repeats	8	11	0.9934	NA	2	5.7264	MOBQ	NA
CP145613.1	NA	NA	NA	NA	NA	NA	NA	NA	NA	NA	NA
CP146693.1	NA	NA	NA	NA	NA	NA	NA	NA	NA	NA	NA
CP146887.1	NA	NA	NA	NA	NA	NA	NA	NA	NA	NA	NA
CP146909.1	NA	NA	NA	NA	NA	NA	NA	NA	NA	NA	NA
CP147221.1	NA	NA	NA	NA	NA	NA	NA	NA	NA	NA	NA
CP147506.1	NA	NA	NA	NA	NA	NA	NA	NA	NA	NA	NA
CP147507.1	ENA|CP147507|CP147507.1	14517	No terminal repeats	17	11	0.9945	NA	1	8.1870	NA	NF040806;NF012167
CP147521.1	NA	NA	NA	NA	NA	NA	NA	NA	NA	NA	NA
CP147522.1	ENA|CP147522|CP147522.1	14621	No terminal repeats	18	11	0.9907	NA	1	4.6082	NA	NA
CP147538.1	NA	NA	NA	NA	NA	NA	NA	NA	NA	NA	NA
CP147539.1	NA	NA	NA	NA	NA	NA	NA	NA	NA	NA	NA
CP147540.1	NA	NA	NA	NA	NA	NA	NA	NA	NA	NA	NA
CP147591.1	ENA|CP147591|CP147591.1	213546	No terminal repeats	218	11	0.9940	NA	8	83.0633	MOBF	NF000402
CP147592.1	ENA|CP147592|CP147592.1	310528	No terminal repeats	343	11	0.9934	NA	30	138.5522	F_traW;F_traU;F_trbC;F_traG;F_traH;F_traF;MOBH;t4cp1;T_virB10;T_virB9;T_virB8;T_virB6;T_virB5;virb4;T_virB3;T_virB2;T_virB11;t4cp2;F_traE;F_traE;F_traK;F_traB;F_traV;virb4	NA
CP147593.1	ENA|CP147593|CP147593.1	37697	No terminal repeats	49	11	0.9957	NA	24	54.7311	F_traL;F_traE;F_traK;F_traK;F_traV;virb4;F_traW;F_traU;F_trbC;F_traN;F_traF;F_traH;F_traH;F_traG;MOBF	NA
CP147594.1	NA	NA	NA	NA	NA	NA	NA	NA	NA	NA	NA
CP147595.1	ENA|CP147595|CP147595.1	1254	No terminal repeats	3	11	0.9787	NA	1	3.3841	NA	NA
CP147596.1	ENA|CP147596|CP147596.1	77068	No terminal repeats	83	11	0.9943	NA	8	44.7079	MOBF	NA
CP147597.1	NA	NA	NA	NA	NA	NA	NA	NA	NA	NA	NA
CP147598.1	NA	NA	NA	NA	NA	NA	NA	NA	NA	NA	NA
CP147644.1	NA	NA	NA	NA	NA	NA	NA	NA	NA	NA	NA
CP147688.1	NA	NA	NA	NA	NA	NA	NA	NA	NA	NA	NA
CP147689.1	ENA|CP147689|CP147689.1	2469	No terminal repeats	3	11	0.9878	NA	1	1.7936	NA	NA
CP147690.1	NA	NA	NA	NA	NA	NA	NA	NA	NA	NA	NA
CP147691.1	NA	NA	NA	NA	NA	NA	NA	NA	NA	NA	NA
CP147692.1	ENA|CP147692|CP147692.1	27068	No terminal repeats	34	11	0.9913	NA	1	9.5644	NA	NF033068;NF012167;NF040806
CP147693.1	NA	NA	NA	NA	NA	NA	NA	NA	NA	NA	NA
CP147726.1	NA	NA	NA	NA	NA	NA	NA	NA	NA	NA	NA
CP147727.1	NA	NA	NA	NA	NA	NA	NA	NA	NA	NA	NA
CP147731.1	NA	NA	NA	NA	NA	NA	NA	NA	NA	NA	NA
CP147733.1	NA	NA	NA	NA	NA	NA	NA	NA	NA	NA	NA
CP147877.1	NA	NA	NA	NA	NA	NA	NA	NA	NA	NA	NA
CP147908.1	NA	NA	NA	NA	NA	NA	NA	NA	NA	NA	NA
CP147991.1	NA	NA	NA	NA	NA	NA	NA	NA	NA	NA	NA
CP148005.1	NA	NA	NA	NA	NA	NA	NA	NA	NA	NA	NA
CP148006.1	ENA|CP148006|CP148006.1	299265	No terminal repeats	327	11	0.9941	NA	17	180.4106	F_traE;F_traB;F_traV;virb4;F_traW;F_traU;F_trbC;F_traH;F_traF;MOBH;t4cp1	NF012147;NF000125
CP148007.1	ENA|CP148007|CP148007.1	169923	No terminal repeats	187	11	0.9943	NA	25	107.1322	F_traL;F_traE;F_traK;F_traB;F_traV;virb4;F_traW;F_traU;F_trbC;F_traN;F_traF;F_traH;F_traG;t4cp2;MOBF	NF000402
CP148008.1	ENA|CP148008|CP148008.1	2495	No terminal repeats	3	11	0.9953	NA	1	3.1262	NA	NA
CP148011.1	NA	NA	NA	NA	NA	NA	NA	NA	NA	NA	NA
CP148012.1	ENA|CP148012|CP148012.1	70594	No terminal repeats	86	11	0.9912	NA	10	40.0108	T_virB5;T_virB10;T_virB9;virb4;T_virB2;T_virB11	NF012147
CP148013.1	ENA|CP148013|CP148013.1	7675	No terminal repeats	11	11	0.9906	NA	2	3.1408	MOBP1	NA
CP148014.1	ENA|CP148014|CP148014.1	2495	No terminal repeats	3	11	0.9953	NA	1	3.1262	NA	NA
CP148043.1	NA	NA	NA	NA	NA	NA	NA	NA	NA	NA	NA
CP148044.1	ENA|CP148044|CP148044.1	67608	No terminal repeats	78	11	0.9874	NA	4	16.3501	T_virB1	NF000119;NF033144;NF000270
CP148045.1	NA	NA	NA	NA	NA	NA	NA	NA	NA	NA	NA
CP148046.1	NA	NA	NA	NA	NA	NA	NA	NA	NA	NA	NA
CP148054.1	ENA|CP148054|CP148054.1	61515	No terminal repeats	62	11	0.9934	NA	5	26.5498	FATA_trsD;FATA_trsC;FATA_trsL	NF000424
CP148055.1	NA	NA	NA	NA	NA	NA	NA	NA	NA	NA	NA
CP148079.1	NA	NA	NA	NA	NA	NA	NA	NA	NA	NA	NA
CP148080.1	ENA|CP148080|CP148080.1	27068	No terminal repeats	34	11	0.9914	NA	1	9.5644	NA	NF033068;NF012167;NF040806
CP148099.1	NA	NA	NA	NA	NA	NA	NA	NA	NA	NA	NA
CP148100.1	NA	NA	NA	NA	NA	NA	NA	NA	NA	NA	NA
CP148103.1	NA	NA	NA	NA	NA	NA	NA	NA	NA	NA	NA
CP148104.1	NA	NA	NA	NA	NA	NA	NA	NA	NA	NA	NA
CP148112.1	NA	NA	NA	NA	NA	NA	NA	NA	NA	NA	NA
CP148113.1	NA	NA	NA	NA	NA	NA	NA	NA	NA	NA	NA
CP148117.1	NA	NA	NA	NA	NA	NA	NA	NA	NA	NA	NA
CP148118.1	NA	NA	NA	NA	NA	NA	NA	NA	NA	NA	NA
CP148120.1	NA	NA	NA	NA	NA	NA	NA	NA	NA	NA	NA
CP148121.1	NA	NA	NA	NA	NA	NA	NA	NA	NA	NA	NA
CP148134.1	NA	NA	NA	NA	NA	NA	NA	NA	NA	NA	NA
CP148135.1	ENA|CP148135|CP148135.1	49093	No terminal repeats	52	11	0.9936	NA	17	34.4501	t4cp2;F_traG;F_traH;F_traF;F_traN;F_traU;F_traW;virb4;F_traV;F_traB;F_traE;F_traL	NF040806
CP148136.1	NA	NA	NA	NA	NA	NA	NA	NA	NA	NA	NA
CP148137.1	ENA|CP148137|CP148137.1	49093	No terminal repeats	52	11	0.9937	NA	17	34.4501	t4cp2;F_traG;F_traH;F_traF;F_traN;F_traU;F_traW;virb4;F_traV;F_traB;F_traE;F_traL	NF040806
CP148138.1	NA	NA	NA	NA	NA	NA	NA	NA	NA	NA	NA
CP148139.1	ENA|CP148139|CP148139.1	141887	No terminal repeats	166	11	0.9910	NA	24	48.7067	T_virB1;F_trbC;F_traG;F_traH;F_traF;F_traU;F_traW;virb4;F_traV;F_traB;F_traK;F_traE;F_traL;t4cp1;MOBH	NF040806;NF000153;NF012171;NF040806
CP148140.1	NA	NA	NA	NA	NA	NA	NA	NA	NA	NA	NA
CP148141.1	ENA|CP148141|CP148141.1	66644	No terminal repeats	91	11	0.9916	NA	15	38.6104	I_trbB;I_trbA;MOBP1;I_traI;I_traK;I_traL;I_traN;I_traO;I_traP;I_traQ;I_traR;traU;I_traW;I_traY	NF040806
CP148142.1	NA	NA	NA	NA	NA	NA	NA	NA	NA	NA	NA
CP148143.1	NA	NA	NA	NA	NA	NA	NA	NA	NA	NA	NA
CP148147.1	NA	NA	NA	NA	NA	NA	NA	NA	NA	NA	NA
CP148154.1	NA	NA	NA	NA	NA	NA	NA	NA	NA	NA	NA
CP148155.1	NA	NA	NA	NA	NA	NA	NA	NA	NA	NA	NA
CP148156.1	NA	NA	NA	NA	NA	NA	NA	NA	NA	NA	NA
CP148157.1	NA	NA	NA	NA	NA	NA	NA	NA	NA	NA	NA
CP148167.1	NA	NA	NA	NA	NA	NA	NA	NA	NA	NA	NA
CP148170.1	NA	NA	NA	NA	NA	NA	NA	NA	NA	NA	NA
CP148171.1	ENA|CP148171|CP148171.1	50415	No terminal repeats	57	11	0.9931	NA	9	29.4183	T_virB2;virb4;T_virB8;T_virB9;MOBP1	NA
CP148173.1	NA	NA	NA	NA	NA	NA	NA	NA	NA	NA	NA
CP148175.1	NA	NA	NA	NA	NA	NA	NA	NA	NA	NA	NA
CP148184.1	NA	NA	NA	NA	NA	NA	NA	NA	NA	NA	NA
CP148190.1	NA	NA	NA	NA	NA	NA	NA	NA	NA	NA	NA
CP148201.1	NA	NA	NA	NA	NA	NA	NA	NA	NA	NA	NA
CP148202.1	ENA|CP148202|CP148202.1	46941	No terminal repeats	53	11	0.9924	NA	10	21.7823	virb4;T_virB2;MOBP1;T_virB9;T_virB8;T_virB6	NA
CP148203.1	NA	NA	NA	NA	NA	NA	NA	NA	NA	NA	NA
CP148209.1	NA	NA	NA	NA	NA	NA	NA	NA	NA	NA	NA
CP148210.1	NA	NA	NA	NA	NA	NA	NA	NA	NA	NA	NA
CP148211.1	NA	NA	NA	NA	NA	NA	NA	NA	NA	NA	NA
CP148212.1	NA	NA	NA	NA	NA	NA	NA	NA	NA	NA	NA
CP148220.1	NA	NA	NA	NA	NA	NA	NA	NA	NA	NA	NA
CP148223.1	NA	NA	NA	NA	NA	NA	NA	NA	NA	NA	NA
CP148226.1	NA	NA	NA	NA	NA	NA	NA	NA	NA	NA	NA
CP148230.1	NA	NA	NA	NA	NA	NA	NA	NA	NA	NA	NA
CP148231.1	NA	NA	NA	NA	NA	NA	NA	NA	NA	NA	NA
CP148234.1	NA	NA	NA	NA	NA	NA	NA	NA	NA	NA	NA
CP148235.1	ENA|CP148235|CP148235.1	46941	No terminal repeats	53	11	0.9927	NA	10	21.7823	T_virB9;T_virB8;T_virB6;virb4;T_virB2;MOBP1	NA
CP148236.1	NA	NA	NA	NA	NA	NA	NA	NA	NA	NA	NA
CP148237.1	ENA|CP148237|CP148237.1	46941	No terminal repeats	53	11	0.9927	NA	10	21.7823	T_virB6;T_virB8;T_virB9;MOBP1;T_virB2;virb4	NA
CP148240.1	NA	NA	NA	NA	NA	NA	NA	NA	NA	NA	NA
CP148241.1	ENA|CP148241|CP148241.1	38725	No terminal repeats	51	11	0.9923	NA	10	28.9067	T_virB9;T_virB8;T_virB6;virb4;T_virB2;MOBP1	NA
CP148242.1	NA	NA	NA	NA	NA	NA	NA	NA	NA	NA	NA
CP148243.1	ENA|CP148243|CP148243.1	43008	No terminal repeats	55	11	0.9935	NA	9	28.9067	T_virB8;T_virB9;MOBP1;T_virB2;virb4	NA
CP148244.1	ENA|CP148244|CP148244.1	5493	No terminal repeats	8	11	0.9815	NA	3	5.2815	T_virB6;T_virB8;T_virB9	NA
CP148245.1	ENA|CP148245|CP148245.1	4948	No terminal repeats	6	11	0.9782	NA	2	3.5800	T_virB8;T_virB9	NA
CP148246.1	NA	NA	NA	NA	NA	NA	NA	NA	NA	NA	NA
CP148247.1	NA	NA	NA	NA	NA	NA	NA	NA	NA	NA	NA
CP148248.1	NA	NA	NA	NA	NA	NA	NA	NA	NA	NA	NA
CP148249.1	ENA|CP148249|CP148249.1	38726	No terminal repeats	51	11	0.9922	NA	10	28.9067	MOBP1;T_virB2;virb4;T_virB6;T_virB8;T_virB9	NA
CP148258.1	NA	NA	NA	NA	NA	NA	NA	NA	NA	NA	NA
CP148261.1	NA	NA	NA	NA	NA	NA	NA	NA	NA	NA	NA
CP148263.1	NA	NA	NA	NA	NA	NA	NA	NA	NA	NA	NA
CP148264.1	NA	NA	NA	NA	NA	NA	NA	NA	NA	NA	NA
CP148797.1	NA	NA	NA	NA	NA	NA	NA	NA	NA	NA	NA
CP148798.1	ENA|CP148798|CP148798.1	331945	No terminal repeats	335	11	0.9937	NA	24	144.9684	MOBP1;I_trbB;I_trbA;I_traY;I_traW;I_traV;traU;I_traT;I_traR;I_traQ;I_traP;I_traO;I_traN;I_traL;I_traK;I_traI;I_traE;MOBP1	NF012174;NF012171;NF000107;NF000107;NF000107
CP148799.1	NA	NA	NA	NA	NA	NA	NA	NA	NA	NA	NA
CP148800.1	NA	NA	NA	NA	NA	NA	NA	NA	NA	NA	NA
CP148846.1	NA	NA	NA	NA	NA	NA	NA	NA	NA	NA	NA
CP148847.1	ENA|CP148847|CP148847.1	319638	No terminal repeats	325	11	0.9940	NA	25	142.8944	MOBP1;MOBP1;I_traE;I_traI;I_traK;I_traL;I_traN;I_traO;I_traP;I_traQ;I_traR;I_traT;traU;I_traV;I_traW;I_traY;I_trbA;I_trbB;MOBP1	NF000107;NF012171;NF012174
CP148848.1	NA	NA	NA	NA	NA	NA	NA	NA	NA	NA	NA
CP148849.1	NA	NA	NA	NA	NA	NA	NA	NA	NA	NA	NA
CP148890.1	NA	NA	NA	NA	NA	NA	NA	NA	NA	NA	NA
CP148892.1	NA	NA	NA	NA	NA	NA	NA	NA	NA	NA	NA
CP148894.1	NA	NA	NA	NA	NA	NA	NA	NA	NA	NA	NA
CP148895.1	NA	NA	NA	NA	NA	NA	NA	NA	NA	NA	NA
CP149135.1	NA	NA	NA	NA	NA	NA	NA	NA	NA	NA	NA
CP149192.1	NA	NA	NA	NA	NA	NA	NA	NA	NA	NA	NA
CP149193.1	ENA|CP149193|CP149193.1	78203	No terminal repeats	86	11	0.9951	NA	29	72.3093	F_traL;F_traE;F_traK;F_traV;virb4;F_traW;F_traU;F_traN;F_traF;F_traH;F_traG;MOBF	NA
CP149246.1	NA	NA	NA	NA	NA	NA	NA	NA	NA	NA	NA
CP149247.1	ENA|CP149247|CP149247.1	108185	No terminal repeats	118	11	0.9954	NA	31	90.5555	MOBF;F_traG;F_traH;F_traF;F_traN;F_traU;F_traW;virb4;F_traV;F_traK;F_traE;F_traL	NF000119
CP149248.1	NA	NA	NA	NA	NA	NA	NA	NA	NA	NA	NA
CP149249.1	ENA|CP149249|CP149249.1	10926	DTR	12	11	0.9946	NA	2	7.4872	MOBQ;MOBQ	NA
CP149250.1	NA	NA	NA	NA	NA	NA	NA	NA	NA	NA	NA
CP149251.1	NA	NA	NA	NA	NA	NA	NA	NA	NA	NA	NA
CP149365.1	NA	NA	NA	NA	NA	NA	NA	NA	NA	NA	NA
CP149366.1	ENA|CP149366|CP149366.1	98952	No terminal repeats	104	11	0.9951	NA	19	77.6848	MOBP1;I_trbB;I_trbA;I_traY;I_traW;I_traV;traU;I_traT;I_traR;I_traQ;I_traP;I_traO;I_traN;I_traL;I_traK;I_traI;I_traE	NA
CP149367.1	ENA|CP149367|CP149367.1	94672	No terminal repeats	117	11	0.9949	NA	31	78.7366	MOBF;F_traG;F_traH;F_traF;F_traN;F_traU;F_traW;virb4;F_traV;F_traK;F_traE;F_traL	NA
CP149385.1	NA	NA	NA	NA	NA	NA	NA	NA	NA	NA	NA
CP149386.1	ENA|CP149386|CP149386.1	93844	No terminal repeats	116	11	0.9950	NA	31	78.7366	MOBF;F_traG;F_traH;F_traF;F_traN;F_traU;F_traW;virb4;F_traV;F_traK;F_traE;F_traL	NA
CP149387.1	ENA|CP149387|CP149387.1	4593	No terminal repeats	5	11	0.9960	NA	4	5.9567	MOBP1	NA
CP149394.1	NA	NA	NA	NA	NA	NA	NA	NA	NA	NA	NA
CP149395.1	ENA|CP149395|CP149395.1	93844	No terminal repeats	116	11	0.9950	NA	31	78.7366	MOBF;F_traG;F_traH;F_traF;F_traN;F_traU;F_traW;virb4;F_traV;F_traK;F_traE;F_traL	NA
CP149396.1	ENA|CP149396|CP149396.1	4593	No terminal repeats	5	11	0.9960	NA	4	5.9713	MOBP1	NA
CP149397.1	NA	NA	NA	NA	NA	NA	NA	NA	NA	NA	NA
CP149398.1	ENA|CP149398|CP149398.1	93844	No terminal repeats	116	11	0.9950	NA	31	78.7366	MOBF;F_traG;F_traH;F_traF;F_traN;F_traU;F_traW;virb4;F_traV;F_traK;F_traE;F_traL	NA
CP149399.1	ENA|CP149399|CP149399.1	4593	No terminal repeats	6	11	0.9954	NA	4	5.9811	NA	NA
CP149403.1	NA	NA	NA	NA	NA	NA	NA	NA	NA	NA	NA
CP149404.1	NA	NA	NA	NA	NA	NA	NA	NA	NA	NA	NA
CP149405.1	ENA|CP149405|CP149405.1	4593	No terminal repeats	4	11	0.9957	NA	3	4.5487	MOBP1	NA
CP149418.1	NA	NA	NA	NA	NA	NA	NA	NA	NA	NA	NA
CP149419.1	ENA|CP149419|CP149419.1	98952	No terminal repeats	104	11	0.9952	NA	19	77.6848	MOBP1;I_trbB;I_trbA;I_traY;I_traW;I_traV;traU;I_traT;I_traR;I_traQ;I_traP;I_traO;I_traN;I_traL;I_traK;I_traI;I_traE	NA
CP149420.1	ENA|CP149420|CP149420.1	93850	No terminal repeats	116	11	0.9949	NA	31	78.7366	MOBF;F_traG;F_traH;F_traF;F_traN;F_traU;F_traW;virb4;F_traV;F_traK;F_traE;F_traL	NA
CP149486.1	NA	NA	NA	NA	NA	NA	NA	NA	NA	NA	NA
CP149507.1	NA	NA	NA	NA	NA	NA	NA	NA	NA	NA	NA
CP149508.1	ENA|CP149508|CP149508.1	49586	No terminal repeats	57	11	0.9945	NA	8	30.7652	MOBF;F_traG	NA
CP149576.1	NA	NA	NA	NA	NA	NA	NA	NA	NA	NA	NA
CP149577.1	NA	NA	NA	NA	NA	NA	NA	NA	NA	NA	NA
CP149807.1	NA	NA	NA	NA	NA	NA	NA	NA	NA	NA	NA
CP149808.1	NA	NA	NA	NA	NA	NA	NA	NA	NA	NA	NA
CP149809.1	ENA|CP149809|CP149809.1	27004	No terminal repeats	36	11	0.9907	NA	1	9.5644	NA	NF033068;NF040806;NF012167
CP149976.1	ENA|CP149976|CP149976.1	58972	No terminal repeats	72	11	0.9946	NA	9	50.4380	T_virB1;T_virB3;virb4;T_virB5;T_virB6;T_virB8;T_virB9	NA
CP149977.1	ENA|CP149977|CP149977.1	61066	No terminal repeats	82	11	0.9932	NA	15	38.6216	MOBP1;I_traI;I_traK;I_traL;I_traN;I_traO;I_traP;I_traQ;I_traR;traU;I_traW;I_traY;I_trbB;I_trbA	NA
CP149978.1	NA	NA	NA	NA	NA	NA	NA	NA	NA	NA	NA
CP149979.1	NA	NA	NA	NA	NA	NA	NA	NA	NA	NA	NA
CP149980.1	ENA|CP149980|CP149980.1	99641	No terminal repeats	134	11	0.9932	NA	16	62.1488	I_trbB;I_trbA;MOBP1;I_traI;I_traK;I_traL;I_traN;I_traO;I_traP;I_traQ;I_traR;traU;I_traW;I_traY	NA
CP149981.1	ENA|CP149981|CP149981.1	66924	No terminal repeats	83	11	0.9946	NA	9	51.2883	T_virB9;T_virB8;T_virB6;T_virB5;virb4;T_virB3;T_virB1	NF033144
CP149982.1	NA	NA	NA	NA	NA	NA	NA	NA	NA	NA	NA
CP149983.1	ENA|CP149983|CP149983.1	99842	No terminal repeats	135	11	0.9930	NA	16	60.9807	I_trbA;I_trbB;I_traY;I_traW;traU;I_traR;I_traQ;I_traP;I_traO;I_traN;I_traL;I_traK;I_traI;MOBP1	NA
CP149984.1	NA	NA	NA	NA	NA	NA	NA	NA	NA	NA	NA
CP149985.1	NA	NA	NA	NA	NA	NA	NA	NA	NA	NA	NA
CP149986.1	ENA|CP149986|CP149986.1	60836	No terminal repeats	74	11	0.9942	NA	10	28.6678	T_virB8;T_virB5;T_virB3;T_virB2;T_virB11;I_traV;T_virB10;T_virB9	NA
CP149987.1	ENA|CP149987|CP149987.1	141750	No terminal repeats	201	11	0.9944	NA	23	120.2454	F_traE;F_traL;T_virB1;T_virB3;virb4;T_virB5;T_virB6;T_virB8;T_virB9;t4cp2	NF000466;NF000496
CP149988.1	NA	NA	NA	NA	NA	NA	NA	NA	NA	NA	NA
CP149989.1	ENA|CP149989|CP149989.1	38607	No terminal repeats	45	11	0.9936	NA	17	28.5347	t4cp2;F_traG;F_traH;F_traF;F_traN;F_traN;F_traU;F_traW;virb4;F_traV;F_traB;F_traK;F_traE	NA
CP149990.1	ENA|CP149990|CP149990.1	257632	No terminal repeats	329	11	0.9871	NA	22	38.9588	MOBH;t4cp1;G_tfc7;F_traL;F_traE;F_traK;F_traB;F_traV;virb4;F_traW;F_traU;F_traF;F_traH;F_traG;T_virB1	NF000153;NF040806;NF012147;NF033144
CP149991.1	NA	NA	NA	NA	NA	NA	NA	NA	NA	NA	NA
CP149992.1	ENA|CP149992|CP149992.1	109328	No terminal repeats	125	11	0.9945	NA	29	78.2227	MOBF;F_traG;F_traH;F_traF;F_traN;F_trbC;F_traU;F_traW;virb4;F_traV;F_traK;F_traE;F_traL	NF000005;NF012147
CP149993.1	ENA|CP149993|CP149993.1	32557	No terminal repeats	46	11	0.9943	NA	8	28.6852	T_virB1;virb4;T_virB6;T_virB8;T_virB9	NA
CP150016.1	NA	NA	NA	NA	NA	NA	NA	NA	NA	NA	NA
CP150497.1	ENA|CP150497|CP150497.1	217909	No terminal repeats	172	11	0.9923	NA	5	27.8194	MOBP1	NF012171
CP150498.1	NA	NA	NA	NA	NA	NA	NA	NA	NA	NA	NA
CP150622.1	NA	NA	NA	NA	NA	NA	NA	NA	NA	NA	NA
CP150624.1	ENA|CP150624|CP150624.1	145395	No terminal repeats	170	11	0.9930	NA	22	65.6980	MOBH;t4cp1;F_traL;F_traE;F_traK;F_traB;F_traV;virb4;F_traW;F_traU;F_trbC;F_traF;F_traH;F_traG;T_virB1	NF012178;NF012147
CP150625.1	ENA|CP150625|CP150625.1	110483	No terminal repeats	123	11	0.9939	NA	28	66.0502	F_traL;F_traE;F_traK;F_traV;virb4;F_traW;F_traU;F_trbC;F_traN;F_traF;F_traH;F_traG;MOBF	NF000270;NF033144
CP150626.1	ENA|CP150626|CP150626.1	46161	No terminal repeats	58	11	0.9938	NA	9	25.1041	T_virB1;T_virB2;virb4;T_virB6;T_virB8;T_virB9	NF012147
CP150627.1	NA	NA	NA	NA	NA	NA	NA	NA	NA	NA	NA
CP150657.1	NA	NA	NA	NA	NA	NA	NA	NA	NA	NA	NA
CP150658.1	ENA|CP150658|CP150658.1	13163	No terminal repeats	14	11	0.9949	NA	1	8.1870	NA	NF012167;NF040806
CP150659.1	NA	NA	NA	NA	NA	NA	NA	NA	NA	NA	NA
CP150712.1	NA	NA	NA	NA	NA	NA	NA	NA	NA	NA	NA
CP150713.1	NA	NA	NA	NA	NA	NA	NA	NA	NA	NA	NA
CP150714.1	NA	NA	NA	NA	NA	NA	NA	NA	NA	NA	NA
CP150715.1	NA	NA	NA	NA	NA	NA	NA	NA	NA	NA	NA
CP150716.1	NA	NA	NA	NA	NA	NA	NA	NA	NA	NA	NA
CP150717.1	NA	NA	NA	NA	NA	NA	NA	NA	NA	NA	NA
CP150737.1	NA	NA	NA	NA	NA	NA	NA	NA	NA	NA	NA
CP150738.1	ENA|CP150738|CP150738.1	41460	DTR	47	11	0.9940	NA	4	21.6008	MOBV;MOBV	NF012167;NF040806;NF012167;NF040806
CP150771.1	NA	NA	NA	NA	NA	NA	NA	NA	NA	NA	NA
CP150772.1	ENA|CP150772|CP150772.1	60430	DTR	72	11	0.9940	NA	6	31.6691	MOBV;MOBV	NF040806;NF012167;NF033693;NF040806;NF012167;NF033693
CP150779.1	NA	NA	NA	NA	NA	NA	NA	NA	NA	NA	NA
CP150780.1	ENA|CP150780|CP150780.1	7096	DTR	8	11	0.9833	NA	2	1.8586	NA	NA
CP150781.1	NA	NA	NA	NA	NA	NA	NA	NA	NA	NA	NA
CP150782.1	ENA|CP150782|CP150782.1	21326	No terminal repeats	25	11	0.9941	NA	2	10.9722	MOBV	NF040806;NF012167
CP150783.1	NA	NA	NA	NA	NA	NA	NA	NA	NA	NA	NA
CP150784.1	NA	NA	NA	NA	NA	NA	NA	NA	NA	NA	NA
CP150785.1	NA	NA	NA	NA	NA	NA	NA	NA	NA	NA	NA
CP150854.1	NA	NA	NA	NA	NA	NA	NA	NA	NA	NA	NA
CP150855.1	ENA|CP150855|CP150855.1	222035	No terminal repeats	244	11	0.9944	NA	27	124.7400	MOBF;F_traG;F_traH;F_traF;F_traN;F_trbC;F_traU;F_traW;virb4;F_traV;F_traK;F_traE;F_traL	NF000402;NF012174;NF000270;NF012178
CP150856.1	ENA|CP150856|CP150856.1	81653	No terminal repeats	102	11	0.9938	NA	18	55.1139	I_traL;I_traN;I_traO;I_traP;I_traQ;I_traR;traU;I_traW;I_traY;I_trbA;I_trbB;MOBP1;I_traI;I_traK	NF012174;NF012174
CP151202.1	NA	NA	NA	NA	NA	NA	NA	NA	NA	NA	NA
CP151203.1	NA	NA	NA	NA	NA	NA	NA	NA	NA	NA	NA
CP151204.1	ENA|CP151204|CP151204.1	230362	No terminal repeats	262	11	0.9946	NA	31	155.2964	F_traE;MOBF;F_traG;F_traH;F_traF;F_traN;F_trbC;F_traU;F_traW;virb4;F_traV;F_traK;F_traE;F_traL	NF000402;NF012171;NF012174;NF000270;NF012178
CP151205.1	ENA|CP151205|CP151205.1	115567	No terminal repeats	147	11	0.9931	NA	11	40.8228	T_virB8;T_virB9;F_traF;F_traH;F_traG;T_virB1	NA
CP151206.1	ENA|CP151206|CP151206.1	49680	No terminal repeats	61	11	0.9936	NA	9	24.5654	T_virB1;T_virB2;virb4;T_virB6;T_virB8;T_virB9	NA
CP151207.1	ENA|CP151207|CP151207.1	38297	No terminal repeats	50	11	0.9907	NA	2	15.3460	NA	NA
CP151208.1	ENA|CP151208|CP151208.1	4922	No terminal repeats	5	11	0.9957	NA	2	5.2970	NA	NA
CP151209.1	NA	NA	NA	NA	NA	NA	NA	NA	NA	NA	NA
CP151210.1	ENA|CP151210|CP151210.1	28377	No terminal repeats	31	11	0.9951	NA	2	12.5131	MOBV	NF012176;NF012176
CP151211.1	NA	NA	NA	NA	NA	NA	NA	NA	NA	NA	NA
CP151212.1	ENA|CP151212|CP151212.1	71090	No terminal repeats	75	11	0.9947	NA	2	24.2980	MOBV	NF012176;NF012176
CP151436.1	NA	NA	NA	NA	NA	NA	NA	NA	NA	NA	NA
CP151437.1	NA	NA	NA	NA	NA	NA	NA	NA	NA	NA	NA
CP151439.1	NA	NA	NA	NA	NA	NA	NA	NA	NA	NA	NA
CP151440.1	NA	NA	NA	NA	NA	NA	NA	NA	NA	NA	NA
CP151442.1	NA	NA	NA	NA	NA	NA	NA	NA	NA	NA	NA
CP151445.1	NA	NA	NA	NA	NA	NA	NA	NA	NA	NA	NA
CP151446.1	NA	NA	NA	NA	NA	NA	NA	NA	NA	NA	NA
CP151447.1	NA	NA	NA	NA	NA	NA	NA	NA	NA	NA	NA
CP151448.1	NA	NA	NA	NA	NA	NA	NA	NA	NA	NA	NA
CP151449.1	NA	NA	NA	NA	NA	NA	NA	NA	NA	NA	NA
CP151451.1	NA	NA	NA	NA	NA	NA	NA	NA	NA	NA	NA
CP151452.1	NA	NA	NA	NA	NA	NA	NA	NA	NA	NA	NA
CP151455.1	NA	NA	NA	NA	NA	NA	NA	NA	NA	NA	NA
CP151463.1	NA	NA	NA	NA	NA	NA	NA	NA	NA	NA	NA
CP151465.1	NA	NA	NA	NA	NA	NA	NA	NA	NA	NA	NA
CP151466.1	NA	NA	NA	NA	NA	NA	NA	NA	NA	NA	NA
CP151468.1	NA	NA	NA	NA	NA	NA	NA	NA	NA	NA	NA
CP151469.1	NA	NA	NA	NA	NA	NA	NA	NA	NA	NA	NA
CP151476.1	NA	NA	NA	NA	NA	NA	NA	NA	NA	NA	NA
CP151478.1	NA	NA	NA	NA	NA	NA	NA	NA	NA	NA	NA
CP151479.1	NA	NA	NA	NA	NA	NA	NA	NA	NA	NA	NA
CP151543.1	NA	NA	NA	NA	NA	NA	NA	NA	NA	NA	NA
CP151544.1	ENA|CP151544|CP151544.1	433528	No terminal repeats	537	11	0.9856	NA	4	15.1703	T_virB1	NF033144;NF000270;NF012147
CP151545.1	NA	NA	NA	NA	NA	NA	NA	NA	NA	NA	NA
CP151546.1	ENA|CP151546|CP151546.1	21419	No terminal repeats	23	11	0.9792	NA	1	4.1318	NA	NA
CP151547.1	NA	NA	NA	NA	NA	NA	NA	NA	NA	NA	NA
CP151672.1	NA	NA	NA	NA	NA	NA	NA	NA	NA	NA	NA
CP151673.1	ENA|CP151673|CP151673.1	63589	No terminal repeats	86	11	0.9915	NA	15	39.1630	I_trbB;I_trbA;MOBP1;I_traI;I_traK;I_traL;I_traN;I_traO;I_traP;I_traQ;I_traR;traU;I_traW;I_traY	NF040806
CP151674.1	ENA|CP151674|CP151674.1	36059	No terminal repeats	52	11	0.9934	NA	11	31.9697	T_virB8;T_virB9;T_virB11;MOBP1;T_virB1;T_virB2;virb4;T_virB6;T_virB8	NA
CP151675.1	NA	NA	NA	NA	NA	NA	NA	NA	NA	NA	NA
CP151676.1	NA	NA	NA	NA	NA	NA	NA	NA	NA	NA	NA
CP151677.1	ENA|CP151677|CP151677.1	40918	No terminal repeats	54	11	0.9937	NA	10	33.7495	T_virB11;T_virB9;T_virB8;T_virB6;virb4;T_virB2;T_virB1;MOBP1	NA
CP151678.1	ENA|CP151678|CP151678.1	26817	No terminal repeats	34	11	0.9909	NA	6	8.0499	T_virB1;T_virB11;T_virB2;T_virB5;T_virB9;T_virB10	NA
CP151685.1	NA	NA	NA	NA	NA	NA	NA	NA	NA	NA	NA
CP151692.1	NA	NA	NA	NA	NA	NA	NA	NA	NA	NA	NA
CP151693.1	ENA|CP151693|CP151693.1	127468	No terminal repeats	128	11	0.9907	NA	3	34.6650	I_traI;I_traY;I_traW	NF012171
CP151699.1	NA	NA	NA	NA	NA	NA	NA	NA	NA	NA	NA
CP151700.1	NA	NA	NA	NA	NA	NA	NA	NA	NA	NA	NA
CP151701.1	ENA|CP151701|CP151701.1	132530	No terminal repeats	135	11	0.9909	NA	3	34.6650	I_traW;I_traY;I_traI	NF012171
CP151704.1	NA	NA	NA	NA	NA	NA	NA	NA	NA	NA	NA
CP151848.1	NA	NA	NA	NA	NA	NA	NA	NA	NA	NA	NA
CP151852.1	NA	NA	NA	NA	NA	NA	NA	NA	NA	NA	NA
CP151853.1	NA	NA	NA	NA	NA	NA	NA	NA	NA	NA	NA
CP151856.1	NA	NA	NA	NA	NA	NA	NA	NA	NA	NA	NA
CP151857.1	NA	NA	NA	NA	NA	NA	NA	NA	NA	NA	NA
CP151858.1	NA	NA	NA	NA	NA	NA	NA	NA	NA	NA	NA
CP151859.1	NA	NA	NA	NA	NA	NA	NA	NA	NA	NA	NA
CP151860.1	NA	NA	NA	NA	NA	NA	NA	NA	NA	NA	NA
CP151861.1	ENA|CP151861|CP151861.1	251890	No terminal repeats	282	11	0.9934	NA	19	107.2727	t4cp1;MOBH;F_traF;F_traH;F_traG;F_trbC;F_traU;F_traW;virb4;F_traV;F_traB;F_traK;F_traE	NF000270;NF000270
CP151863.1	ENA|CP151863|CP151863.1	177013	No terminal repeats	219	11	0.9928	NA	23	77.5294	F_trbC;F_traU;F_traW;virb4;F_traV;F_traB;F_traK;F_traE;F_traL;t4cp1;MOBH;T_virB1;F_traG;F_traH;F_traF	NF012147;NF012178
CP151864.1	ENA|CP151864|CP151864.1	320480	No terminal repeats	404	11	0.9899	NA	22	78.5755	MOBH;t4cp1;F_traL;F_traE;F_traK;F_traB;F_traV;virb4;F_traW;F_traU;F_traF;F_traH;F_traG;T_virB1;F_traE	NF000496;NF000270;NF033144;NF012174;NF012174
CP151865.1	ENA|CP151865|CP151865.1	126735	No terminal repeats	156	11	0.9925	NA	13	38.8441	F_traL;F_traK;F_traV;virb4;F_trbC;F_traU;F_trbC;F_traF;F_traH;t4cp2	NF033144;NF000270;NF012178
CP151866.1	NA	NA	NA	NA	NA	NA	NA	NA	NA	NA	NA
CP152070.1	NA	NA	NA	NA	NA	NA	NA	NA	NA	NA	NA
CP152071.1	NA	NA	NA	NA	NA	NA	NA	NA	NA	NA	NA
CP152080.1	NA	NA	NA	NA	NA	NA	NA	NA	NA	NA	NA
CP152081.1	NA	NA	NA	NA	NA	NA	NA	NA	NA	NA	NA
CP152331.1	NA	NA	NA	NA	NA	NA	NA	NA	NA	NA	NA
CP152332.1	ENA|CP152332|CP152332.1	218901	No terminal repeats	233	11	0.9937	NA	4	79.4030	F_traE	NF033134;NF000402
CP152333.1	NA	NA	NA	NA	NA	NA	NA	NA	NA	NA	NA
CP152362.1	NA	NA	NA	NA	NA	NA	NA	NA	NA	NA	NA
CP152374.1	NA	NA	NA	NA	NA	NA	NA	NA	NA	NA	NA
CP152447.1	NA	NA	NA	NA	NA	NA	NA	NA	NA	NA	NA
CP152448.1	ENA|CP152448|CP152448.1	11970	No terminal repeats	14	11	0.9931	NA	4	7.8883	MOBC	NA
CP152449.1	ENA|CP152449|CP152449.1	218656	No terminal repeats	239	11	0.9938	NA	5	76.2258	F_traE	NF033134;NF000402
CP152450.1	ENA|CP152450|CP152450.1	116361	No terminal repeats	153	11	0.9950	NA	26	101.4009	F_traU;F_traW;virb4;F_traV;F_traK;F_traE;F_traL;F_traE;F_traL	NA
CP152451.1	ENA|CP152451|CP152451.1	87095	No terminal repeats	103	11	0.9941	NA	18	57.9135	I_trbB;I_trbA;I_traY;I_traW;traU;I_traR;I_traQ;I_traP;I_traO;I_traN;I_traL;I_traK;I_traI;MOBP1	NF012174
CP152452.1	ENA|CP152452|CP152452.1	5596	No terminal repeats	8	11	0.9931	NA	2	4.5972	MOBP1	NA
CP153667.1	NA	NA	NA	NA	NA	NA	NA	NA	NA	NA	NA
CP153668.1	ENA|CP153668|CP153668.1	134614	No terminal repeats	137	11	0.9945	NA	29	92.1632	MOBF;F_traG;F_traH;F_traF;F_traN;F_trbC;F_traU;F_traW;virb4;F_traV;F_traK;F_traE;F_traL	NA
CP153669.1	NA	NA	NA	NA	NA	NA	NA	NA	NA	NA	NA
CP153689.1	NA	NA	NA	NA	NA	NA	NA	NA	NA	NA	NA
CP154297.1	NA	NA	NA	NA	NA	NA	NA	NA	NA	NA	NA
CP154298.1	NA	NA	NA	NA	NA	NA	NA	NA	NA	NA	NA
CP154299.1	ENA|CP154299|CP154299.1	30920	No terminal repeats	35	11	0.9942	NA	6	16.5112	MOBC	NA
CP154300.1	ENA|CP154300|CP154300.1	234553	No terminal repeats	266	11	0.9938	NA	9	80.4626	F_traE	NF033134;NF000402;NF000466
CP154418.1	NA	NA	NA	NA	NA	NA	NA	NA	NA	NA	NA
CP154419.1	ENA|CP154419|CP154419.1	220171	No terminal repeats	240	11	0.9937	NA	5	76.2258	F_traE	NF000402;NF033134
CP154420.1	ENA|CP154420|CP154420.1	147613	No terminal repeats	186	11	0.9951	NA	36	130.7852	MOBF;F_traG;F_traH;F_traF;F_traN;F_trbC;F_traU;F_traW;virb4;F_traV;F_traK;F_traE;F_traL;F_traE;F_traL	NF000466
CP154421.1	ENA|CP154421|CP154421.1	87736	No terminal repeats	103	11	0.9940	NA	18	58.5236	MOBP1;I_traI;I_traK;I_traL;I_traN;I_traO;I_traP;I_traQ;I_traR;traU;I_traW;I_traY;I_trbA;I_trbB	NF012174
CP154422.1	ENA|CP154422|CP154422.1	11971	No terminal repeats	14	11	0.9928	NA	4	7.8883	MOBC	NA
CP154490.1	NA	NA	NA	NA	NA	NA	NA	NA	NA	NA	NA
CP154491.1	ENA|CP154491|CP154491.1	193944	No terminal repeats	216	11	0.9937	NA	5	67.4673	F_traE	NF033134
CP154492.1	ENA|CP154492|CP154492.1	138913	No terminal repeats	169	11	0.9948	NA	16	98.0522	F_traL;F_traE	NF000402;NF000466
CP154493.1	ENA|CP154493|CP154493.1	76018	No terminal repeats	91	11	0.9943	NA	18	54.5777	MOBP1;I_traI;I_traK;I_traL;I_traN;I_traO;I_traP;I_traQ;I_traR;traU;I_traW;I_traY;I_trbA;I_trbB	NA
CP154587.1	NA	NA	NA	NA	NA	NA	NA	NA	NA	NA	NA
CP154588.1	ENA|CP154588|CP154588.1	311518	No terminal repeats	393	11	0.9908	NA	22	80.1862	F_traE;T_virB1;F_trbC;F_traG;F_traH;F_traF;F_traU;F_traW;virb4;F_traV;F_traB;F_traK;F_traE;F_traL;t4cp1;MOBH	NF012178
CP154589.1	ENA|CP154589|CP154589.1	130311	No terminal repeats	146	11	0.9937	NA	29	74.5941	MOBF;F_traE;F_traL;F_traE;F_traK;F_traV;virb4;F_traW;F_traU;F_trbC;F_traN;F_traF;F_traH;F_traG	NA
CP154590.1	ENA|CP154590|CP154590.1	115487	No terminal repeats	125	11	0.9944	NA	18	78.2528	I_traT;traU;I_traV;I_traW;I_traY;I_trbA;I_trbB;MOBP1;I_traE;I_traI;I_traK;I_traL;I_traN;I_traO;I_traP;I_traQ;I_traR	NF000270;NF033144;NF012178;NF000496
CP154591.1	ENA|CP154591|CP154591.1	55662	No terminal repeats	70	11	0.9931	NA	9	22.9003	T_virB1;T_virB2;virb4;T_virB6;T_virB8;T_virB9	NF012147;NF000005
CP154592.1	NA	NA	NA	NA	NA	NA	NA	NA	NA	NA	NA
CP154593.1	ENA|CP154593|CP154593.1	3030	No terminal repeats	3	11	0.9912	NA	1	2.5242	NA	NA
CP154594.1	NA	NA	NA	NA	NA	NA	NA	NA	NA	NA	NA
CP154800.1	NA	NA	NA	NA	NA	NA	NA	NA	NA	NA	NA
CP154801.1	NA	NA	NA	NA	NA	NA	NA	NA	NA	NA	NA
CP154802.1	NA	NA	NA	NA	NA	NA	NA	NA	NA	NA	NA
CP154829.1	NA	NA	NA	NA	NA	NA	NA	NA	NA	NA	NA
CP154830.1	NA	NA	NA	NA	NA	NA	NA	NA	NA	NA	NA
CP154876.1	NA	NA	NA	NA	NA	NA	NA	NA	NA	NA	NA
CP154917.1	ENA|CP154917|CP154917.1	27499	No terminal repeats	34	11	0.9896	NA	3	9.3875	FA_orf13;MOBC	NA
CP154918.1	NA	NA	NA	NA	NA	NA	NA	NA	NA	NA	NA
CP154919.1	NA	NA	NA	NA	NA	NA	NA	NA	NA	NA	NA
CP155122.1	NA	NA	NA	NA	NA	NA	NA	NA	NA	NA	NA
CP155123.1	ENA|CP155123|CP155123.1	54035	No terminal repeats	69	11	0.9928	NA	10	24.6186	T_virB2;virb4;T_virB6;T_virB8;T_virB9;T_virB1;T_virB2	NF012147;NF000005
CP155476.1	NA	NA	NA	NA	NA	NA	NA	NA	NA	NA	NA
CP155477.1	NA	NA	NA	NA	NA	NA	NA	NA	NA	NA	NA
CP155478.1	ENA|CP155478|CP155478.1	73301	No terminal repeats	102	11	0.9868	NA	15	30.8950	t4cp2;F_traL;F_traE;F_traK;F_traB;F_traV;F_traW;F_traU;F_trbC;F_trbC;F_traF;F_traH;F_traG	NA
CP155479.1	NA	NA	NA	NA	NA	NA	NA	NA	NA	NA	NA
CP155480.1	NA	NA	NA	NA	NA	NA	NA	NA	NA	NA	NA
CP155531.1	NA	NA	NA	NA	NA	NA	NA	NA	NA	NA	NA
CP155532.1	NA	NA	NA	NA	NA	NA	NA	NA	NA	NA	NA
CP155534.1	NA	NA	NA	NA	NA	NA	NA	NA	NA	NA	NA
CP155535.1	NA	NA	NA	NA	NA	NA	NA	NA	NA	NA	NA
CP155536.1	NA	NA	NA	NA	NA	NA	NA	NA	NA	NA	NA
CP155537.1	NA	NA	NA	NA	NA	NA	NA	NA	NA	NA	NA
CP155734.1	NA	NA	NA	NA	NA	NA	NA	NA	NA	NA	NA
CP155735.1	NA	NA	NA	NA	NA	NA	NA	NA	NA	NA	NA
CP155738.1	NA	NA	NA	NA	NA	NA	NA	NA	NA	NA	NA
CP155739.1	NA	NA	NA	NA	NA	NA	NA	NA	NA	NA	NA
CP155740.1	NA	NA	NA	NA	NA	NA	NA	NA	NA	NA	NA
CP155794.1	NA	NA	NA	NA	NA	NA	NA	NA	NA	NA	NA
CP155795.1	NA	NA	NA	NA	NA	NA	NA	NA	NA	NA	NA
CP155816.1	NA	NA	NA	NA	NA	NA	NA	NA	NA	NA	NA
CP156022.1	NA	NA	NA	NA	NA	NA	NA	NA	NA	NA	NA
CP156023.1	ENA|CP156023|CP156023.1	68770	No terminal repeats	83	11	0.9914	NA	2	22.1897	MOBP2	NA
CP156024.1	NA	NA	NA	NA	NA	NA	NA	NA	NA	NA	NA
CP156625.1	NA	NA	NA	NA	NA	NA	NA	NA	NA	NA	NA
CP156930.1	NA	NA	NA	NA	NA	NA	NA	NA	NA	NA	NA
CP156937.1	ENA|CP156937|CP156937.1	112663	No terminal repeats	111	11	0.9933	NA	4	31.9711	NA	NF012171;NF012178;NF012174
CP156938.1	NA	NA	NA	NA	NA	NA	NA	NA	NA	NA	NA
CP156939.1	NA	NA	NA	NA	NA	NA	NA	NA	NA	NA	NA
CP156940.1	ENA|CP156940|CP156940.1	46161	No terminal repeats	58	11	0.9938	NA	9	25.1041	T_virB9;T_virB8;T_virB6;virb4;T_virB2;T_virB1	NF012147
CP156990.1	NA	NA	NA	NA	NA	NA	NA	NA	NA	NA	NA
CP156991.1	ENA|CP156991|CP156991.1	64309	No terminal repeats	89	11	0.9889	NA	2	27.0752	MOBP2;T_virB11	NF000145
CP156992.1	ENA|CP156992|CP156992.1	5820	No terminal repeats	6	11	0.9911	NA	2	4.1025	NA	NA
CP157071.1	ENA|CP157071|CP157071.1	303940	No terminal repeats	335	11	0.9943	NA	19	204.4002	F_traE;F_traB;F_traV;virb4;F_traW;F_traU;F_trbC;T_virB1;F_traH;F_traF;MOBH;t4cp1	NF012178;NF000496;NF012147;NF012171;NF033144
CP157072.1	NA	NA	NA	NA	NA	NA	NA	NA	NA	NA	NA
CP157084.1	NA	NA	NA	NA	NA	NA	NA	NA	NA	NA	NA
CP157214.1	NA	NA	NA	NA	NA	NA	NA	NA	NA	NA	NA
CP157215.1	ENA|CP157215|CP157215.1	11473	No terminal repeats	9	11	0.9911	NA	1	2.8254	NA	NF000027
CP157229.1	NA	NA	NA	NA	NA	NA	NA	NA	NA	NA	NA
CP157230.1	ENA|CP157230|CP157230.1	298037	No terminal repeats	327	11	0.9935	NA	19	111.6049	F_trbC;F_traU;F_traW;virb4;F_traV;F_traB;F_traK;F_traE;t4cp1;MOBH;F_traF;F_traH;F_traG	NF012147;NF033134;NF012178
CP157252.1	NA	NA	NA	NA	NA	NA	NA	NA	NA	NA	NA
CP157253.1	ENA|CP157253|CP157253.1	76059	No terminal repeats	103	11	0.9887	NA	15	29.6170	t4cp2;F_traL;F_traE;F_traK;F_traB;F_traV;F_traW;F_traU;F_trbC;F_trbC;F_traF;F_traH;F_traG	NA
CP157254.1	NA	NA	NA	NA	NA	NA	NA	NA	NA	NA	NA
CP157301.1	NA	NA	NA	NA	NA	NA	NA	NA	NA	NA	NA
CP157310.1	NA	NA	NA	NA	NA	NA	NA	NA	NA	NA	NA
CP157311.1	NA	NA	NA	NA	NA	NA	NA	NA	NA	NA	NA
CP157312.1	NA	NA	NA	NA	NA	NA	NA	NA	NA	NA	NA
CP157313.1	ENA|CP157313|CP157313.1	27069	No terminal repeats	35	11	0.9903	NA	1	9.5644	NA	NF033068;NF040806;NF012167
CP157332.1	NA	NA	NA	NA	NA	NA	NA	NA	NA	NA	NA
CP157333.1	ENA|CP157333|CP157333.1	225668	No terminal repeats	258	11	0.9940	NA	61	149.0469	MOBF;F_traG;F_traH;F_traF;F_traN;F_trbC;F_traU;F_traW;virb4;F_traV;F_traK;F_traE;F_traL;MOBF;F_traG;F_traH;F_traH;F_traF;F_traN;F_trbC;F_traU;F_traW;virb4;F_traV;F_traK;F_traE;F_traL	NA
CP157334.1	ENA|CP157334|CP157334.1	82010	No terminal repeats	103	11	0.9932	NA	15	45.3382	I_trbB;I_trbA;MOBP1;I_traI;I_traK;I_traL;I_traN;I_traO;I_traP;I_traQ;I_traR;traU;I_traW;I_traY	NF012178;NF012147
CP157344.1	NA	NA	NA	NA	NA	NA	NA	NA	NA	NA	NA
CP157345.1	NA	NA	NA	NA	NA	NA	NA	NA	NA	NA	NA
CP157384.1	NA	NA	NA	NA	NA	NA	NA	NA	NA	NA	NA
CP157385.1	NA	NA	NA	NA	NA	NA	NA	NA	NA	NA	NA
CP157480.1	NA	NA	NA	NA	NA	NA	NA	NA	NA	NA	NA
CP157481.1	ENA|CP157481|CP157481.1	72787	No terminal repeats	102	11	0.9876	NA	15	31.9867	t4cp2;F_traL;F_traE;F_traK;F_traB;F_traV;F_traW;F_traU;F_trbC;F_trbC;F_traF;F_traH;F_traG	NA
CP157482.1	NA	NA	NA	NA	NA	NA	NA	NA	NA	NA	NA
CP157581.1	NA	NA	NA	NA	NA	NA	NA	NA	NA	NA	NA
CP157724.1	NA	NA	NA	NA	NA	NA	NA	NA	NA	NA	NA
CP157725.1	NA	NA	NA	NA	NA	NA	NA	NA	NA	NA	NA
CP157726.1	NA	NA	NA	NA	NA	NA	NA	NA	NA	NA	NA
CP157727.1	NA	NA	NA	NA	NA	NA	NA	NA	NA	NA	NA
CP157728.1	NA	NA	NA	NA	NA	NA	NA	NA	NA	NA	NA
CP157738.1	NA	NA	NA	NA	NA	NA	NA	NA	NA	NA	NA
CP157739.1	ENA|CP157739|CP157739.1	140065	No terminal repeats	161	11	0.9947	NA	29	107.3838	MOBF;F_traG;F_traH;F_traF;F_traN;F_trbC;F_traU;F_traW;virb4;F_traV;F_traK;F_traE;F_traL	NA
CP157740.1	ENA|CP157740|CP157740.1	141275	No terminal repeats	174	11	0.9950	NA	29	126.4428	MOBF;F_traG;F_traH;F_traF;F_traN;F_trbC;F_traU;F_traW;virb4;F_traV;F_traK;F_traE;F_traL	NF012171;NF033144;NF012178;NF012174
CP157741.1	ENA|CP157741|CP157741.1	61633	No terminal repeats	74	11	0.9932	NA	10	36.3200	T_virB1;T_virB2;virb4;T_virB6;T_virB8;T_virB9	NF012147
CP157756.1	NA	NA	NA	NA	NA	NA	NA	NA	NA	NA	NA
CP157757.1	NA	NA	NA	NA	NA	NA	NA	NA	NA	NA	NA
CP157758.1	ENA|CP157758|CP157758.1	105076	No terminal repeats	114	11	0.9936	NA	3	36.7173	NA	NF000402;NF012174;NF000270;NF012171
CP157759.1	ENA|CP157759|CP157759.1	6165	No terminal repeats	5	11	0.9944	NA	1	3.1262	NA	NA
CP157760.1	NA	NA	NA	NA	NA	NA	NA	NA	NA	NA	NA
CP157761.1	NA	NA	NA	NA	NA	NA	NA	NA	NA	NA	NA
CP157773.1	NA	NA	NA	NA	NA	NA	NA	NA	NA	NA	NA
CP157774.1	ENA|CP157774|CP157774.1	20653	No terminal repeats	23	11	0.9939	NA	2	9.5880	MOBV	NF040806;NF012167
CP157775.1	ENA|CP157775|CP157775.1	3567	No terminal repeats	4	11	0.9843	NA	1	3.4296	NA	NA
CP158057.1	ENA|CP158057|CP158057.1	437478	No terminal repeats	540	11	0.9849	NA	4	13.7083	T_virB1	NF033144;NF012174;NF000153;NF000005;NF012147;NF033144;NF040806;NF012174
CP158058.1	ENA|CP158058|CP158058.1	35247	No terminal repeats	44	11	0.9940	NA	3	15.3256	I_traY;MOBP1	NF012174
CP158059.1	ENA|CP158059|CP158059.1	52403	No terminal repeats	65	11	0.9907	NA	9	28.6939	MOBP1;T_virB1;T_virB3;virb4;T_virB6;T_virB8;T_virB9;I_traV	NA
CP158060.1	NA	NA	NA	NA	NA	NA	NA	NA	NA	NA	NA
CP158481.1	NA	NA	NA	NA	NA	NA	NA	NA	NA	NA	NA
CP158491.1	NA	NA	NA	NA	NA	NA	NA	NA	NA	NA	NA
CP158492.1	ENA|CP158492|CP158492.1	236975	No terminal repeats	251	11	0.9941	NA	46	141.5875	F_traL;F_traE;F_traK;F_traV;virb4;F_traW;F_traU;F_trbC;F_traN;F_traF;F_traH;F_traG;MOBF;MOBP1;I_trbB;I_trbA;I_traY;I_traW;I_traV;traU;I_traT;I_traR;I_traQ;I_traP;I_traO;I_traN;I_traL;I_traK;I_traI;I_traE	NF000270;NF033144;NF000466
CP158493.1	ENA|CP158493|CP158493.1	57592	No terminal repeats	70	11	0.9924	NA	9	29.0963	MOBC;T_virB9;T_virB10	NF012147
CP158494.1	ENA|CP158494|CP158494.1	53818	No terminal repeats	68	11	0.9934	NA	9	22.9003	T_virB1;T_virB2;virb4;T_virB6;T_virB8;T_virB9	NF012147;NF000005
CP158495.1	NA	NA	NA	NA	NA	NA	NA	NA	NA	NA	NA
CP158974.1	NA	NA	NA	NA	NA	NA	NA	NA	NA	NA	NA
CP158975.1	NA	NA	NA	NA	NA	NA	NA	NA	NA	NA	NA
CP158976.1	ENA|CP158976|CP158976.1	139375	No terminal repeats	169	11	0.9928	NA	21	67.0877	MOBH;t4cp1;F_traL;F_traE;F_traK;F_traB;F_traV;virb4;F_traW;F_traU;F_trbC;F_traF;F_traH;F_traG;T_virB1	NF012178
CP159112.1	ENA|CP159112|CP159112.1	87265	No terminal repeats	102	11	0.9923	NA	2	22.6440	NA	NF012176;NF033693;NF033068;NF012176;NF033693;NF033068
CP159113.1	NA	NA	NA	NA	NA	NA	NA	NA	NA	NA	NA
CP159145.1	NA	NA	NA	NA	NA	NA	NA	NA	NA	NA	NA
CP159146.1	NA	NA	NA	NA	NA	NA	NA	NA	NA	NA	NA
CP159161.1	NA	NA	NA	NA	NA	NA	NA	NA	NA	NA	NA
CP159162.1	NA	NA	NA	NA	NA	NA	NA	NA	NA	NA	NA
CP159314.1	NA	NA	NA	NA	NA	NA	NA	NA	NA	NA	NA
CP159315.1	ENA|CP159315|CP159315.1	215813	No terminal repeats	230	11	0.9936	NA	4	72.9204	F_traE	NF000402;NF033134
CP159316.1	ENA|CP159316|CP159316.1	64570	No terminal repeats	75	11	0.9941	NA	18	54.2685	I_trbB;I_trbA;I_traY;I_traW;traU;I_traR;I_traQ;I_traP;I_traO;I_traN;I_traL;I_traK;I_traI;MOBP1	NA
CP159430.1	NA	NA	NA	NA	NA	NA	NA	NA	NA	NA	NA
CP159431.1	ENA|CP159431|CP159431.1	20642	No terminal repeats	24	11	0.9940	NA	2	10.8004	MOBV	NF040806;NF012167
CP159518.1	NA	NA	NA	NA	NA	NA	NA	NA	NA	NA	NA
CP159522.1	NA	NA	NA	NA	NA	NA	NA	NA	NA	NA	NA
CP159627.1	NA	NA	NA	NA	NA	NA	NA	NA	NA	NA	NA
CP159629.1	NA	NA	NA	NA	NA	NA	NA	NA	NA	NA	NA
CP159631.1	NA	NA	NA	NA	NA	NA	NA	NA	NA	NA	NA
CP159738.1	NA	NA	NA	NA	NA	NA	NA	NA	NA	NA	NA
CP159739.1	NA	NA	NA	NA	NA	NA	NA	NA	NA	NA	NA
CP159740.1	NA	NA	NA	NA	NA	NA	NA	NA	NA	NA	NA
CP159741.1	NA	NA	NA	NA	NA	NA	NA	NA	NA	NA	NA
CP159742.1	NA	NA	NA	NA	NA	NA	NA	NA	NA	NA	NA
CP159743.1	NA	NA	NA	NA	NA	NA	NA	NA	NA	NA	NA
CP159744.1	NA	NA	NA	NA	NA	NA	NA	NA	NA	NA	NA
CP159745.1	NA	NA	NA	NA	NA	NA	NA	NA	NA	NA	NA
CP159746.1	NA	NA	NA	NA	NA	NA	NA	NA	NA	NA	NA
CP159790.1	NA	NA	NA	NA	NA	NA	NA	NA	NA	NA	NA
CP159791.1	NA	NA	NA	NA	NA	NA	NA	NA	NA	NA	NA
CP159841.1	NA	NA	NA	NA	NA	NA	NA	NA	NA	NA	NA
CP159842.1	ENA|CP159842|CP159842.1	449377	No terminal repeats	537	11	0.9852	NA	4	26.3030	T_virB1	NF000496;NF000005;NF012147;NF000270;NF012147
CP159843.1	ENA|CP159843|CP159843.1	37887	No terminal repeats	50	11	0.9899	NA	2	12.9863	I_traV;MOBP1	NA
CP159844.1	NA	NA	NA	NA	NA	NA	NA	NA	NA	NA	NA
CP159845.1	NA	NA	NA	NA	NA	NA	NA	NA	NA	NA	NA
CP159874.1	NA	NA	NA	NA	NA	NA	NA	NA	NA	NA	NA
CP159912.1	NA	NA	NA	NA	NA	NA	NA	NA	NA	NA	NA
CP160032.1	NA	NA	NA	NA	NA	NA	NA	NA	NA	NA	NA
CP160033.1	ENA|CP160033|CP160033.1	80395	No terminal repeats	113	11	0.9878	NA	16	33.8799	t4cp2;F_traL;F_traE;F_traK;F_traB;F_traV;F_traW;F_traU;F_trbC;F_trbC;F_traF;F_traH;F_traG	NF040806
CP160034.1	NA	NA	NA	NA	NA	NA	NA	NA	NA	NA	NA
CP160045.1	NA	NA	NA	NA	NA	NA	NA	NA	NA	NA	NA
CP160099.1	NA	NA	NA	NA	NA	NA	NA	NA	NA	NA	NA
CP160150.1	NA	NA	NA	NA	NA	NA	NA	NA	NA	NA	NA
CP160167.1	NA	NA	NA	NA	NA	NA	NA	NA	NA	NA	NA
CP160168.1	ENA|CP160168|CP160168.1	59866	No terminal repeats	79	11	0.9914	NA	16	39.3359	I_trbB;I_trbA;MOBP1;I_traI;I_traK;I_traL;I_traN;I_traO;I_traP;I_traQ;I_traR;traU;I_traW;I_traY	NA
CP160389.1	NA	NA	NA	NA	NA	NA	NA	NA	NA	NA	NA
CP160390.1	ENA|CP160390|CP160390.1	45954	No terminal repeats	52	11	0.9919	NA	1	11.4790	NA	NF033693;NF033115
CP160391.1	ENA|CP160391|CP160391.1	32459	No terminal repeats	41	11	0.9916	NA	1	3.9900	NA	NF033068
CP160392.1	ENA|CP160392|CP160392.1	6188	No terminal repeats	8	11	0.9955	NA	1	9.3098	NA	NA
CP160393.1	NA	NA	NA	NA	NA	NA	NA	NA	NA	NA	NA
CP160394.1	NA	NA	NA	NA	NA	NA	NA	NA	NA	NA	NA
CP160811.1	NA	NA	NA	NA	NA	NA	NA	NA	NA	NA	NA
CP160814.1	NA	NA	NA	NA	NA	NA	NA	NA	NA	NA	NA
CP160815.1	NA	NA	NA	NA	NA	NA	NA	NA	NA	NA	NA
CP160818.1	NA	NA	NA	NA	NA	NA	NA	NA	NA	NA	NA
CP160819.1	NA	NA	NA	NA	NA	NA	NA	NA	NA	NA	NA
CP160820.1	NA	NA	NA	NA	NA	NA	NA	NA	NA	NA	NA
CP160821.1	NA	NA	NA	NA	NA	NA	NA	NA	NA	NA	NA
CP160822.1	NA	NA	NA	NA	NA	NA	NA	NA	NA	NA	NA
CP161854.1	NA	NA	NA	NA	NA	NA	NA	NA	NA	NA	NA
CP161855.1	NA	NA	NA	NA	NA	NA	NA	NA	NA	NA	NA
CP161856.1	NA	NA	NA	NA	NA	NA	NA	NA	NA	NA	NA
CP161857.1	NA	NA	NA	NA	NA	NA	NA	NA	NA	NA	NA
CP161858.1	NA	NA	NA	NA	NA	NA	NA	NA	NA	NA	NA
CP161859.1	ENA|CP161859|CP161859.1	106517	No terminal repeats	128	11	0.9865	NA	1	13.8251	NA	NA
CP161860.1	ENA|CP161860|CP161860.1	65255	No terminal repeats	76	11	0.9937	NA	2	36.9136	MOBP2	NA
CP161861.1	ENA|CP161861|CP161861.1	43537	No terminal repeats	55	11	0.9933	NA	3	20.9944	NA	NF012176;NF033068
CP161862.1	ENA|CP161862|CP161862.1	4374	No terminal repeats	6	11	0.9950	NA	1	5.9024	NA	NA
CP161897.1	NA	NA	NA	NA	NA	NA	NA	NA	NA	NA	NA
CP161899.1	ENA|CP161899|CP161899.1	46050	No terminal repeats	51	11	0.9942	NA	1	21.7360	NA	NF012147;NF000005
CP161900.1	ENA|CP161900|CP161900.1	4619	No terminal repeats	7	11	0.9940	NA	2	6.6599	MOBP1	NA
CP161986.1	NA	NA	NA	NA	NA	NA	NA	NA	NA	NA	NA
CP161987.1	NA	NA	NA	NA	NA	NA	NA	NA	NA	NA	NA
CP161988.1	NA	NA	NA	NA	NA	NA	NA	NA	NA	NA	NA
CP162022.1	NA	NA	NA	NA	NA	NA	NA	NA	NA	NA	NA
CP162039.1	NA	NA	NA	NA	NA	NA	NA	NA	NA	NA	NA
CP162040.1	ENA|CP162040|CP162040.1	382126	No terminal repeats	412	11	0.9941	NA	40	249.3441	F_traE;F_traB;F_traV;virb4;F_traW;F_traU;F_trbC;T_virB10;T_virB9;T_virB8;T_virB6;T_virB5;virb4;T_virB3;T_virB2;T_virB11;t4cp2;T_virB10;T_virB9;T_virB8;F_traH;F_traF;MOBH;t4cp1;T_virB10;T_virB9;T_virB8;T_virB6;T_virB5;virb4;T_virB3;T_virB2;T_virB11;t4cp2	NA
CP162041.1	ENA|CP162041|CP162041.1	4592	No terminal repeats	7	11	0.9918	NA	1	2.2083	NA	NA
CP162436.1	NA	NA	NA	NA	NA	NA	NA	NA	NA	NA	NA
CP162449.1	NA	NA	NA	NA	NA	NA	NA	NA	NA	NA	NA
CP162450.1	ENA|CP162450|CP162450.1	42346	DTR	50	11	0.9943	NA	4	21.9445	MOBV;MOBV	NF012167;NF040806;NF012167;NF040806
CP162975.1	NA	NA	NA	NA	NA	NA	NA	NA	NA	NA	NA
CP162976.1	ENA|CP162976|CP162976.1	328212	No terminal repeats	413	11	0.9896	NA	22	94.6741	MOBH;t4cp1;F_traL;F_traE;F_traK;F_traB;F_traV;virb4;F_traW;F_traU;F_traF;F_traH;F_traH;F_traG;T_virB1;T_virB10;T_virB9	NA
CP162979.1	NA	NA	NA	NA	NA	NA	NA	NA	NA	NA	NA
CP162980.1	ENA|CP162980|CP162980.1	3576	No terminal repeats	4	11	0.9932	NA	1	2.2083	NA	NA
CP162981.1	ENA|CP162981|CP162981.1	2155	No terminal repeats	3	11	0.9926	NA	1	2.4646	NA	NA
CP162982.1	NA	NA	NA	NA	NA	NA	NA	NA	NA	NA	NA
CP162983.1	ENA|CP162983|CP162983.1	80927	No terminal repeats	83	11	0.9932	NA	8	30.9310	MOBC;T_virB9;T_virB8;T_virB6;virb4	NF012174;NF012171
CP162984.1	ENA|CP162984|CP162984.1	52814	No terminal repeats	62	11	0.9934	NA	8	34.7289	T_virB9;T_virB8;T_virB6;T_virB5;virb4;T_virB3	NF012147
CP162985.1	ENA|CP162985|CP162985.1	3576	No terminal repeats	4	11	0.9932	NA	1	2.2083	NA	NA
CP162986.1	ENA|CP162986|CP162986.1	2155	No terminal repeats	3	11	0.9926	NA	1	2.4646	NA	NA
CP162992.1	NA	NA	NA	NA	NA	NA	NA	NA	NA	NA	NA
CP162993.1	ENA|CP162993|CP162993.1	214613	No terminal repeats	238	11	0.9943	NA	27	122.6202	MOBF;F_traG;F_traH;F_traF;F_traN;F_trbC;F_traU;F_traW;virb4;F_traV;F_traK;F_traE;F_traL	NF000402;NF012174;NF000270
CP162994.1	ENA|CP162994|CP162994.1	45237	No terminal repeats	58	11	0.9937	NA	9	25.1041	T_virB1;T_virB2;virb4;T_virB6;T_virB8;T_virB9	NF012147
CP162995.1	NA	NA	NA	NA	NA	NA	NA	NA	NA	NA	NA
CP162996.1	ENA|CP162996|CP162996.1	4167	No terminal repeats	4	11	0.9931	NA	1	2.2083	NA	NA
CP163039.1	NA	NA	NA	NA	NA	NA	NA	NA	NA	NA	NA
CP163040.1	ENA|CP163040|CP163040.1	72257	No terminal repeats	99	11	0.9876	NA	15	29.6170	t4cp2;F_traL;F_traE;F_traK;F_traB;F_traV;F_traW;F_traU;F_trbC;F_trbC;F_traF;F_traH;F_traG	NA
CP163041.1	NA	NA	NA	NA	NA	NA	NA	NA	NA	NA	NA
CP163076.1	NA	NA	NA	NA	NA	NA	NA	NA	NA	NA	NA
CP163078.1	ENA|CP163078|CP163078.1	122551	No terminal repeats	134	11	0.9933	NA	6	37.6072	NA	NF012178;NF012178
CP163079.1	ENA|CP163079|CP163079.1	86140	No terminal repeats	95	11	0.9937	NA	24	55.0097	MOBF;t4cp2;F_traG;F_traH;F_traF;F_traN;F_traU;F_traW;virb4;F_traV;F_traB;F_traK;F_traE;F_traL	NF000466;NF000005;NF012147
CP163080.1	ENA|CP163080|CP163080.1	56492	No terminal repeats	65	11	0.9935	NA	9	29.9019	MOBP1;T_virB2;virb4;T_virB6;T_virB8;T_virB9	NA
CP163081.1	ENA|CP163081|CP163081.1	45124	No terminal repeats	53	11	0.9926	NA	2	19.5041	NA	NA
CP163082.1	ENA|CP163082|CP163082.1	6182	No terminal repeats	9	11	0.9929	NA	2	4.5972	MOBP1	NA
CP163083.1	NA	NA	NA	NA	NA	NA	NA	NA	NA	NA	NA
CP163118.1	NA	NA	NA	NA	NA	NA	NA	NA	NA	NA	NA
CP163119.1	ENA|CP163119|CP163119.1	293479	No terminal repeats	333	11	0.9938	NA	17	195.6479	MOBH;t4cp1;F_traE;F_traB;F_traV;virb4;F_traW;F_traU;F_trbC;F_traH;F_traF	NF012147;NF033144
CP163120.1	ENA|CP163120|CP163120.1	64653	No terminal repeats	64	11	0.9924	NA	1	16.0093	NA	NA
CP163121.1	ENA|CP163121|CP163121.1	2495	No terminal repeats	3	11	0.9953	NA	1	3.1262	NA	NA
CP163140.1	NA	NA	NA	NA	NA	NA	NA	NA	NA	NA	NA
CP163147.1	NA	NA	NA	NA	NA	NA	NA	NA	NA	NA	NA
CP163154.1	NA	NA	NA	NA	NA	NA	NA	NA	NA	NA	NA
CP163155.1	NA	NA	NA	NA	NA	NA	NA	NA	NA	NA	NA
CP163156.1	NA	NA	NA	NA	NA	NA	NA	NA	NA	NA	NA
CP163157.1	NA	NA	NA	NA	NA	NA	NA	NA	NA	NA	NA
CP163159.1	NA	NA	NA	NA	NA	NA	NA	NA	NA	NA	NA
CP163407.1	NA	NA	NA	NA	NA	NA	NA	NA	NA	NA	NA
CP163458.1	NA	NA	NA	NA	NA	NA	NA	NA	NA	NA	NA
CP163497.1	NA	NA	NA	NA	NA	NA	NA	NA	NA	NA	NA
CP163502.1	NA	NA	NA	NA	NA	NA	NA	NA	NA	NA	NA
CP163544.1	NA	NA	NA	NA	NA	NA	NA	NA	NA	NA	NA
CP163545.1	ENA|CP163545|CP163545.1	432650	No terminal repeats	535	11	0.9854	NA	5	22.8281	T_virB1	NF000270;NF012147;NF012147;NF033144
CP163561.1	NA	NA	NA	NA	NA	NA	NA	NA	NA	NA	NA
CP165618.1	NA	NA	NA	NA	NA	NA	NA	NA	NA	NA	NA
CP165619.1	ENA|CP165619|CP165619.1	224833	No terminal repeats	236	11	0.9908	NA	4	62.4929	MOBP2;MOBV	NA
CP165620.1	ENA|CP165620|CP165620.1	20880	No terminal repeats	30	11	0.9937	NA	3	16.8361	MOBP2	NA
CP165642.1	NA	NA	NA	NA	NA	NA	NA	NA	NA	NA	NA
CP165643.1	ENA|CP165643|CP165643.1	27268	No terminal repeats	30	11	0.9942	NA	2	7.7985	NA	NF040806;NF012167
CP165756.1	NA	NA	NA	NA	NA	NA	NA	NA	NA	NA	NA
CP165757.1	ENA|CP165757|CP165757.1	15032	No terminal repeats	18	11	0.9939	NA	4	10.8686	MOBC	NA
CP165758.1	ENA|CP165758|CP165758.1	203766	No terminal repeats	218	11	0.9937	NA	3	72.6823	F_traE	NF033134;NF000402
CP165759.1	ENA|CP165759|CP165759.1	176330	No terminal repeats	210	11	0.9930	NA	25	81.4399	MOBH;t4cp1;F_traL;F_traE;F_traK;F_traB;F_traV;virb4;F_traW;F_traU;F_trbC;F_traF;F_traH;F_traG;T_virB1;T_virB1;T_virB8;T_virB9	NF012171;NF000466;NF012174
CP165760.1	ENA|CP165760|CP165760.1	100065	No terminal repeats	128	11	0.9950	NA	27	101.1427	F_traL;F_traE;F_traK;F_traV;virb4;F_traW;F_traU;F_trbC;F_traN;F_traF;F_traH;F_traG;MOBF	NA
CP165761.1	NA	NA	NA	NA	NA	NA	NA	NA	NA	NA	NA
CP165768.1	NA	NA	NA	NA	NA	NA	NA	NA	NA	NA	NA
CP165769.1	ENA|CP165769|CP165769.1	190939	No terminal repeats	235	11	0.9929	NA	30	91.0128	T_virB1;F_traG;F_traG;F_traH;F_traF;F_trbC;F_traU;F_traW;virb4;F_traV;F_traB;F_traK;F_traE;F_traL;t4cp1;MOBH;T_virB1;F_traG;F_traG;F_traH;F_traE	NF012147;NF012178
CP165770.1	ENA|CP165770|CP165770.1	30638	No terminal repeats	35	11	0.9916	NA	8	13.7758	F_traL;F_traE;F_traK;F_traB;F_traB;F_traV;virb4	NA
CP165772.1	ENA|CP165772|CP165772.1	75806	No terminal repeats	88	11	0.9949	NA	29	74.5968	MOBF;F_traL;F_traE;F_traK;F_traV;virb4;F_traW;F_traU;F_trbC;F_traN;F_traF;F_traH;F_traG;MOBF	NF012171
CP165773.1	ENA|CP165773|CP165773.1	87378	No terminal repeats	125	11	0.9888	NA	12	23.3940	F_trbC;F_traU;F_trbC;F_traH;t4cp2;F_traL;F_traK;F_traV;virb4	NA
CP165852.1	NA	NA	NA	NA	NA	NA	NA	NA	NA	NA	NA
CP165853.1	ENA|CP165853|CP165853.1	173082	No terminal repeats	187	11	0.9948	NA	29	112.1512	F_traE;F_traG;MOBF;F_traH;F_traF;F_traN;F_trbC;F_traU;F_traW;virb4;F_traV;F_traK;F_traE;F_traL	NF000402;NF012178
CP165854.1	ENA|CP165854|CP165854.1	12963	No terminal repeats	14	11	0.9947	NA	3	9.1824	MOBC	NA
CP165855.1	ENA|CP165855|CP165855.1	8312	No terminal repeats	9	11	0.9929	NA	2	4.7620	NA	NA
CP165856.1	ENA|CP165856|CP165856.1	2840	No terminal repeats	3	11	0.9915	NA	2	2.1858	MOBV	NA
CP166032.1	NA	NA	NA	NA	NA	NA	NA	NA	NA	NA	NA
CP166035.1	NA	NA	NA	NA	NA	NA	NA	NA	NA	NA	NA
CP166037.1	NA	NA	NA	NA	NA	NA	NA	NA	NA	NA	NA
CP166038.1	NA	NA	NA	NA	NA	NA	NA	NA	NA	NA	NA
CP166046.1	NA	NA	NA	NA	NA	NA	NA	NA	NA	NA	NA
CP166048.1	NA	NA	NA	NA	NA	NA	NA	NA	NA	NA	NA
CP166227.1	NA	NA	NA	NA	NA	NA	NA	NA	NA	NA	NA
CP166228.1	ENA|CP166228|CP166228.1	299895	No terminal repeats	330	11	0.9934	NA	5	89.7859	F_traE	NF033134;NF033135;NF033134;NF033105;NF000272
CP166229.1	NA	NA	NA	NA	NA	NA	NA	NA	NA	NA	NA
CP166418.1	NA	NA	NA	NA	NA	NA	NA	NA	NA	NA	NA
CP166419.1	ENA|CP166419|CP166419.1	52875	No terminal repeats	79	11	0.9920	NA	1	25.0782	NA	NA
CP166420.1	NA	NA	NA	NA	NA	NA	NA	NA	NA	NA	NA
CP166421.1	ENA|CP166421|CP166421.1	46823	No terminal repeats	68	11	0.9909	NA	1	22.5758	NA	NA
CP166422.1	ENA|CP166422|CP166422.1	21982	No terminal repeats	30	11	0.9923	NA	9	22.5506	MOBC;T_virB9;T_virB8;T_virB6;virb4;T_virB2	NA
CP166423.1	NA	NA	NA	NA	NA	NA	NA	NA	NA	NA	NA
CP166424.1	ENA|CP166424|CP166424.1	43492	No terminal repeats	65	11	0.9913	NA	1	17.1926	NA	NA
CP166427.1	NA	NA	NA	NA	NA	NA	NA	NA	NA	NA	NA
CP166428.1	ENA|CP166428|CP166428.1	43492	No terminal repeats	65	11	0.9913	NA	1	17.1926	NA	NA
CP166831.1	NA	NA	NA	NA	NA	NA	NA	NA	NA	NA	NA
CP166856.1	NA	NA	NA	NA	NA	NA	NA	NA	NA	NA	NA
CP166858.1	NA	NA	NA	NA	NA	NA	NA	NA	NA	NA	NA
CP166883.1	NA	NA	NA	NA	NA	NA	NA	NA	NA	NA	NA
CP166884.1	NA	NA	NA	NA	NA	NA	NA	NA	NA	NA	NA
CP166885.1	ENA|CP166885|CP166885.1	66276	No terminal repeats	89	11	0.9922	NA	15	40.1551	I_trbB;I_trbA;MOBP1;I_traI;I_traK;I_traL;I_traN;I_traO;I_traP;I_traQ;I_traR;traU;I_traW;I_traY	NF040806
CP166886.1	NA	NA	NA	NA	NA	NA	NA	NA	NA	NA	NA
CP166887.1	ENA|CP166887|CP166887.1	2495	No terminal repeats	3	11	0.9952	NA	1	3.1262	NA	NA
CP166892.1	NA	NA	NA	NA	NA	NA	NA	NA	NA	NA	NA
CP166893.1	NA	NA	NA	NA	NA	NA	NA	NA	NA	NA	NA
CP166894.1	ENA|CP166894|CP166894.1	66276	No terminal repeats	89	11	0.9922	NA	15	40.1551	I_trbB;I_trbA;MOBP1;I_traI;I_traK;I_traL;I_traN;I_traO;I_traP;I_traQ;I_traR;traU;I_traW;I_traY	NF040806
CP166895.1	ENA|CP166895|CP166895.1	2495	No terminal repeats	3	11	0.9953	NA	1	3.1262	NA	NA
CP166913.1	NA	NA	NA	NA	NA	NA	NA	NA	NA	NA	NA
CP166914.1	ENA|CP166914|CP166914.1	46067	No terminal repeats	65	11	0.9909	NA	10	28.9827	MOBP1;I_traV;T_virB9;T_virB8;T_virB6;virb4;T_virB3;T_virB1	NA
CP166976.1	NA	NA	NA	NA	NA	NA	NA	NA	NA	NA	NA
CP166977.1	NA	NA	NA	NA	NA	NA	NA	NA	NA	NA	NA
CP166978.1	ENA|CP166978|CP166978.1	267651	No terminal repeats	313	11	0.9941	NA	51	151.3105	T_virB8;T_virB9;F_traW;F_traU;F_traN;F_traF;F_traH;F_traG;MOBF;F_traL;F_traE;F_traK;F_traV;virb4;MOBH;t4cp1;F_traL;F_traE;F_traK;F_traB;F_traV;virb4;F_traW;F_traU;F_trbC;F_traF;F_traH;F_traG;T_virB1	NF000466;NF012174;NF012178;NF012171
CP166979.1	NA	NA	NA	NA	NA	NA	NA	NA	NA	NA	NA
CP166980.1	ENA|CP166980|CP166980.1	2495	No terminal repeats	3	11	0.9953	NA	1	3.1262	NA	NA
CP166999.1	NA	NA	NA	NA	NA	NA	NA	NA	NA	NA	NA
CP167001.1	NA	NA	NA	NA	NA	NA	NA	NA	NA	NA	NA
CP167002.1	NA	NA	NA	NA	NA	NA	NA	NA	NA	NA	NA
CP167004.1	NA	NA	NA	NA	NA	NA	NA	NA	NA	NA	NA
CP167005.1	NA	NA	NA	NA	NA	NA	NA	NA	NA	NA	NA
CP167007.1	NA	NA	NA	NA	NA	NA	NA	NA	NA	NA	NA
CP167009.1	NA	NA	NA	NA	NA	NA	NA	NA	NA	NA	NA
CP167012.1	NA	NA	NA	NA	NA	NA	NA	NA	NA	NA	NA
CP167013.1	NA	NA	NA	NA	NA	NA	NA	NA	NA	NA	NA
CP167015.1	NA	NA	NA	NA	NA	NA	NA	NA	NA	NA	NA
CP167016.1	NA	NA	NA	NA	NA	NA	NA	NA	NA	NA	NA
CP167017.1	NA	NA	NA	NA	NA	NA	NA	NA	NA	NA	NA
CP167018.1	NA	NA	NA	NA	NA	NA	NA	NA	NA	NA	NA
CP167019.1	NA	NA	NA	NA	NA	NA	NA	NA	NA	NA	NA
CP167022.1	NA	NA	NA	NA	NA	NA	NA	NA	NA	NA	NA
CP167940.1	NA	NA	NA	NA	NA	NA	NA	NA	NA	NA	NA
CP167941.1	ENA|CP167941|CP167941.1	27068	No terminal repeats	35	11	0.9907	NA	1	9.5644	NA	NF033068;NF040806;NF012167
CP167942.1	NA	NA	NA	NA	NA	NA	NA	NA	NA	NA	NA
CP167968.1	NA	NA	NA	NA	NA	NA	NA	NA	NA	NA	NA
CP167969.1	ENA|CP167969|CP167969.1	229981	No terminal repeats	254	11	0.9936	NA	5	80.5094	F_traE	NF000402;NF033134
CP167981.1	NA	NA	NA	NA	NA	NA	NA	NA	NA	NA	NA
CP167982.1	ENA|CP167982|CP167982.1	236447	No terminal repeats	257	11	0.9937	NA	5	80.7245	F_traE	NF000402;NF033134
CP167990.1	NA	NA	NA	NA	NA	NA	NA	NA	NA	NA	NA
CP167991.1	ENA|CP167991|CP167991.1	27067	No terminal repeats	36	11	0.9906	NA	1	9.5644	NA	NF033068;NF040806;NF012167
CP167992.1	NA	NA	NA	NA	NA	NA	NA	NA	NA	NA	NA
CP168002.1	NA	NA	NA	NA	NA	NA	NA	NA	NA	NA	NA
CP168010.1	NA	NA	NA	NA	NA	NA	NA	NA	NA	NA	NA
CP168011.1	ENA|CP168011|CP168011.1	27268	No terminal repeats	31	11	0.9942	NA	2	7.4246	NA	NF040806;NF012167
CP168158.1	NA	NA	NA	NA	NA	NA	NA	NA	NA	NA	NA
CP168159.1	ENA|CP168159|CP168159.1	27068	No terminal repeats	35	11	0.9909	NA	1	9.5644	NA	NF033068;NF040806;NF012167
CP168260.1	NA	NA	NA	NA	NA	NA	NA	NA	NA	NA	NA
CP168299.1	NA	NA	NA	NA	NA	NA	NA	NA	NA	NA	NA
CP168323.1	NA	NA	NA	NA	NA	NA	NA	NA	NA	NA	NA
CP168464.1	NA	NA	NA	NA	NA	NA	NA	NA	NA	NA	NA
CP168465.1	NA	NA	NA	NA	NA	NA	NA	NA	NA	NA	NA
CP168466.1	ENA|CP168466|CP168466.1	36931	No terminal repeats	43	11	0.9946	NA	18	31.1532	F_traE;F_traK;F_traB;F_traV;virb4;F_traW;F_traU;F_traN;F_traN;F_traF;F_traH;F_traG;t4cp2	NA
CP168467.1	NA	NA	NA	NA	NA	NA	NA	NA	NA	NA	NA
CP169048.1	NA	NA	NA	NA	NA	NA	NA	NA	NA	NA	NA
CP169049.1	ENA|CP169049|CP169049.1	38673	No terminal repeats	51	11	0.9933	NA	10	30.7692	MOBP1;T_virB1;T_virB2;virb4;T_virB6;T_virB8;T_virB9;T_virB11	NA
CP169346.1	NA	NA	NA	NA	NA	NA	NA	NA	NA	NA	NA
CP169347.1	ENA|CP169347|CP169347.1	33715	No terminal repeats	43	11	0.9939	NA	1	16.1269	NA	NF012171;NF012174
CP169375.1	NA	NA	NA	NA	NA	NA	NA	NA	NA	NA	NA
CP169376.1	NA	NA	NA	NA	NA	NA	NA	NA	NA	NA	NA
CP169392.1	NA	NA	NA	NA	NA	NA	NA	NA	NA	NA	NA
CP169515.1	NA	NA	NA	NA	NA	NA	NA	NA	NA	NA	NA
CP169516.1	ENA|CP169516|CP169516.1	327150	No terminal repeats	338	11	0.9938	NA	24	146.3964	I_traE;I_traI;I_traK;I_traL;I_traN;I_traO;I_traP;I_traQ;I_traR;I_traT;traU;I_traV;I_traW;I_traY;I_trbA;I_trbB;MOBP1;MOBP1	NF012174;NF000107;NF012171
CP169564.1	NA	NA	NA	NA	NA	NA	NA	NA	NA	NA	NA
CP169650.1	NA	NA	NA	NA	NA	NA	NA	NA	NA	NA	NA
CP169651.1	ENA|CP169651|CP169651.1	181929	No terminal repeats	193	11	0.9902	NA	3	59.7476	MOBP2	NA
CP169652.1	ENA|CP169652|CP169652.1	21325	No terminal repeats	30	11	0.9939	NA	4	18.5016	MOBP2;MOBP2	NA
CP169766.1	NA	NA	NA	NA	NA	NA	NA	NA	NA	NA	NA
CP169767.1	ENA|CP169767|CP169767.1	24312	DTR	24	11	0.9942	NA	8	20.0008	MOBP1;MOBP1;MOBP1;MOBP1	NF000153;NF000153;NF000153;NF000153
CP169768.1	NA	NA	NA	NA	NA	NA	NA	NA	NA	NA	NA
CP169769.1	ENA|CP169769|CP169769.1	9205	No terminal repeats	13	11	0.9944	NA	1	8.3641	MOBQ	NA
CP169852.1	NA	NA	NA	NA	NA	NA	NA	NA	NA	NA	NA
CP169853.1	ENA|CP169853|CP169853.1	19338	No terminal repeats	22	11	0.9935	NA	1	8.7244	NA	NA
CP169854.1	ENA|CP169854|CP169854.1	10947	No terminal repeats	13	11	0.9933	NA	1	5.2214	NA	NA
CP169855.1	NA	NA	NA	NA	NA	NA	NA	NA	NA	NA	NA
CP169856.1	ENA|CP169856|CP169856.1	73861	No terminal repeats	103	11	0.9873	NA	15	34.5688	t4cp2;F_traL;F_traE;F_traK;F_traB;F_traV;F_traW;F_traU;F_trbC;F_trbC;F_traF;F_traH;F_traG	NA
CP169872.1	NA	NA	NA	NA	NA	NA	NA	NA	NA	NA	NA
CP169873.1	ENA|CP169873|CP169873.1	48140	No terminal repeats	64	11	0.9921	NA	17	23.2552	F_traG;F_traH;F_traF;F_traF;F_traN;F_trbC;F_traU;F_traW;virb4;F_traB;F_traK;F_traE;F_traL;MOBC	NA
CP169874.1	ENA|CP169874|CP169874.1	18491	DTR	21	11	0.9943	NA	2	9.5022	NA	NA
CP169875.1	ENA|CP169875|CP169875.1	146397	No terminal repeats	143	11	0.9904	NA	5	36.7887	I_traW;I_traY;I_traI;I_traM;I_traN	NF012171
CP169876.1	ENA|CP169876|CP169876.1	9638	No terminal repeats	11	11	0.9940	NA	1	4.7511	NA	NA
CP169988.1	NA	NA	NA	NA	NA	NA	NA	NA	NA	NA	NA
CP169989.1	NA	NA	NA	NA	NA	NA	NA	NA	NA	NA	NA
CP170200.1	NA	NA	NA	NA	NA	NA	NA	NA	NA	NA	NA
CP170370.1	NA	NA	NA	NA	NA	NA	NA	NA	NA	NA	NA
CP170392.1	NA	NA	NA	NA	NA	NA	NA	NA	NA	NA	NA
CP170393.1	ENA|CP170393|CP170393.1	27296	No terminal repeats	30	11	0.9939	NA	2	7.7985	NA	NF040806;NF012167
CP170394.1	ENA|CP170394|CP170394.1	4438	No terminal repeats	6	11	0.9932	NA	1	3.7538	NA	NF012176
CP170395.1	ENA|CP170395|CP170395.1	2510	No terminal repeats	3	11	0.9863	NA	1	1.7936	NA	NA
CP170396.1	NA	NA	NA	NA	NA	NA	NA	NA	NA	NA	NA
CP170409.1	NA	NA	NA	NA	NA	NA	NA	NA	NA	NA	NA
CP170410.1	ENA|CP170410|CP170410.1	29235	No terminal repeats	30	11	0.9936	NA	1	6.3608	NA	NA
CP170414.1	NA	NA	NA	NA	NA	NA	NA	NA	NA	NA	NA
CP170415.1	ENA|CP170415|CP170415.1	29320	No terminal repeats	31	11	0.9945	NA	4	17.9908	MOBV	NF012176;NF040806;NF012167
CP170429.1	NA	NA	NA	NA	NA	NA	NA	NA	NA	NA	NA
CP170430.1	ENA|CP170430|CP170430.1	41141	No terminal repeats	51	11	0.9940	NA	4	18.6887	NA	NF040806;NF012167;NF040806
CP170431.1	ENA|CP170431|CP170431.1	4440	No terminal repeats	5	11	0.9935	NA	1	3.7538	NA	NF012176
CP170631.1	NA	NA	NA	NA	NA	NA	NA	NA	NA	NA	NA
CP170693.1	NA	NA	NA	NA	NA	NA	NA	NA	NA	NA	NA
CP170694.1	ENA|CP170694|CP170694.1	30462	No terminal repeats	38	11	0.9890	NA	3	15.0743	FATA_trsC;FATA_trsF;FATA_trsJ;FATA_trsL	NA
CP170695.1	ENA|CP170695|CP170695.1	20653	No terminal repeats	23	11	0.9943	NA	2	10.8004	MOBV	NF040806;NF012167
CP170696.1	NA	NA	NA	NA	NA	NA	NA	NA	NA	NA	NA
CP170697.1	ENA|CP170697|CP170697.1	20731	No terminal repeats	23	11	0.9942	NA	2	10.8004	MOBV	NF040806;NF012167
CP170734.1	NA	NA	NA	NA	NA	NA	NA	NA	NA	NA	NA
CP170735.1	NA	NA	NA	NA	NA	NA	NA	NA	NA	NA	NA
CP170771.1	NA	NA	NA	NA	NA	NA	NA	NA	NA	NA	NA
CP170772.1	ENA|CP170772|CP170772.1	29105	No terminal repeats	25	11	0.9902	NA	3	11.1003	NA	NF012167;NF040806
CP170785.1	NA	NA	NA	NA	NA	NA	NA	NA	NA	NA	NA
CP170786.1	ENA|CP170786|CP170786.1	40663	No terminal repeats	48	11	0.9942	NA	4	28.6664	MOBV	NF000025;NF012167;NF040806
CP170867.1	NA	NA	NA	NA	NA	NA	NA	NA	NA	NA	NA
CP170868.1	ENA|CP170868|CP170868.1	277098	No terminal repeats	291	11	0.9934	NA	19	118.3800	t4cp1;MOBH;F_traF;F_traH;F_traG;F_trbC;F_traU;F_traW;virb4;F_traV;F_traB;F_traK;F_traE	NF000270;NF033144;NF000466
CP170869.1	ENA|CP170869|CP170869.1	169065	No terminal repeats	207	11	0.9923	NA	24	78.8032	T_virB8;T_virB9;MOBH;t4cp1;F_traL;F_traE;F_traK;F_traB;F_traV;virb4;F_traW;F_traU;F_trbC;F_traF;F_traH;F_traG;T_virB1	NF012171;NF000496;NF000270
CP170870.1	ENA|CP170870|CP170870.1	131919	No terminal repeats	163	11	0.9950	NA	38	120.0815	F_traG;MOBF;F_traG;F_traH;F_traF;F_traN;F_traU;F_traW;virb4;F_traV;F_traK;F_traE;F_traL;F_traK;F_traE;F_traL	NA
CP170871.1	ENA|CP170871|CP170871.1	85021	No terminal repeats	108	11	0.9946	NA	10	70.9828	NA	NA
CP170872.1	ENA|CP170872|CP170872.1	13199	No terminal repeats	16	11	0.9935	NA	1	5.1611	NA	NA
CP170873.1	ENA|CP170873|CP170873.1	10060	No terminal repeats	14	11	0.9937	NA	4	7.8883	MOBC	NA
CP170874.1	ENA|CP170874|CP170874.1	5596	No terminal repeats	8	11	0.9935	NA	2	4.5972	MOBP1	NA
CP170875.1	ENA|CP170875|CP170875.1	2953	No terminal repeats	4	11	0.9954	NA	2	3.2106	NA	NA
CP170924.1	NA	NA	NA	NA	NA	NA	NA	NA	NA	NA	NA
CP170925.1	ENA|CP170925|CP170925.1	169065	No terminal repeats	207	11	0.9923	NA	24	78.8032	T_virB8;T_virB9;MOBH;t4cp1;F_traL;F_traE;F_traK;F_traB;F_traV;virb4;F_traW;F_traU;F_trbC;F_traF;F_traH;F_traG;T_virB1	NF012171;NF000496;NF000270
CP170926.1	ENA|CP170926|CP170926.1	131048	No terminal repeats	162	11	0.9950	NA	38	120.0815	F_traG;MOBF;F_traL;F_traE;F_traK;F_traV;virb4;F_traW;F_traU;F_traN;F_traF;F_traH;F_traG;F_traK;F_traE;F_traL	NA
CP170927.1	ENA|CP170927|CP170927.1	97965	No terminal repeats	123	11	0.9948	NA	11	77.6750	NA	NA
CP170928.1	ENA|CP170928|CP170928.1	10060	No terminal repeats	14	11	0.9937	NA	4	7.8883	MOBC	NA
CP170929.1	ENA|CP170929|CP170929.1	5596	No terminal repeats	8	11	0.9928	NA	2	4.5972	MOBP1	NA
CP170930.1	ENA|CP170930|CP170930.1	2953	No terminal repeats	3	11	0.9953	NA	2	2.7057	NA	NA
CP170966.1	NA	NA	NA	NA	NA	NA	NA	NA	NA	NA	NA
CP170967.1	ENA|CP170967|CP170967.1	165312	No terminal repeats	200	11	0.9930	NA	25	75.6547	T_virB8;T_virB9;F_trbC;F_traU;F_traW;virb4;F_traV;F_traB;F_traB;F_traK;F_traE;F_traL;t4cp1;MOBH;F_traF;F_traH;F_traG;T_virB1	NF012171
CP170968.1	ENA|CP170968|CP170968.1	130685	No terminal repeats	160	11	0.9949	NA	32	110.9055	MOBF;F_traG;F_traH;F_traF;F_traN;F_traU;F_traW;virb4;F_traV;F_traK;F_traE;F_traL	NA
CP170969.1	ENA|CP170969|CP170969.1	119005	No terminal repeats	144	11	0.9950	NA	14	93.3431	MOBF;F_traG;F_traH	NF000496;NF000496;NF000270
CP170970.1	ENA|CP170970|CP170970.1	10060	No terminal repeats	14	11	0.9937	NA	4	7.8883	MOBC	NA
CP170971.1	ENA|CP170971|CP170971.1	5596	No terminal repeats	9	11	0.9933	NA	2	4.5972	MOBP1	NA
CP171271.1	NA	NA	NA	NA	NA	NA	NA	NA	NA	NA	NA
CP171274.1	NA	NA	NA	NA	NA	NA	NA	NA	NA	NA	NA
CP171275.1	ENA|CP171275|CP171275.1	50809	No terminal repeats	65	11	0.9946	NA	9	46.8609	T_virB1;T_virB3;virb4;T_virB5;T_virB6;T_virB8;T_virB9	NF012147
CP171276.1	ENA|CP171276|CP171276.1	41527	No terminal repeats	55	11	0.9926	NA	2	14.4388	NA	NF000496;NF033144
CP171277.1	ENA|CP171277|CP171277.1	2495	No terminal repeats	3	11	0.9953	NA	1	3.1262	NA	NA
CP171353.1	NA	NA	NA	NA	NA	NA	NA	NA	NA	NA	NA
CP171354.1	ENA|CP171354|CP171354.1	147396	No terminal repeats	180	11	0.9928	NA	21	70.4680	MOBH;t4cp1;F_traL;F_traE;F_traK;F_traB;F_traV;virb4;F_traW;F_traU;F_trbC;F_traF;F_traH;F_traG;T_virB1	NF012174;NF012171;NF033085
CP171396.1	NA	NA	NA	NA	NA	NA	NA	NA	NA	NA	NA
CP171397.1	NA	NA	NA	NA	NA	NA	NA	NA	NA	NA	NA
CP171400.1	NA	NA	NA	NA	NA	NA	NA	NA	NA	NA	NA
CP171401.1	ENA|CP171401|CP171401.1	5148	DTR	7	11	0.9957	NA	2	8.3625	MOBQ	NA
CP171402.1	NA	NA	NA	NA	NA	NA	NA	NA	NA	NA	NA
CP171403.1	ENA|CP171403|CP171403.1	6155	DTR	7	11	0.9932	NA	2	5.0002	MOBP1	NF000153
CP171404.1	ENA|CP171404|CP171404.1	2528	DTR	5	11	0.9871	NA	1	1.9759	NA	NA
CP171559.1	NA	NA	NA	NA	NA	NA	NA	NA	NA	NA	NA
CP171560.1	ENA|CP171560|CP171560.1	122075	No terminal repeats	142	11	0.9949	NA	31	102.3688	F_traL;F_traE;F_traK;F_traV;virb4;F_traW;F_traU;F_trbC;F_traN;F_traF;F_traH;F_traG;MOBF	NF000270
CP171561.1	ENA|CP171561|CP171561.1	119902	No terminal repeats	148	11	0.9948	NA	17	82.6747	F_traE;F_traW;virb4;F_traV;F_traE;F_traL	NF000005;NF012147
CP171577.1	NA	NA	NA	NA	NA	NA	NA	NA	NA	NA	NA
CP171578.1	ENA|CP171578|CP171578.1	122078	No terminal repeats	144	11	0.9948	NA	31	102.3688	MOBF;F_traG;F_traH;F_traF;F_traN;F_trbC;F_traU;F_traW;virb4;F_traV;F_traK;F_traE;F_traL	NF000270
CP171579.1	ENA|CP171579|CP171579.1	113426	No terminal repeats	135	11	0.9948	NA	17	80.2577	F_traL;F_traE;F_traV;virb4;F_traW;F_traE	NF012147;NF000005
CP171603.1	NA	NA	NA	NA	NA	NA	NA	NA	NA	NA	NA
CP171604.1	ENA|CP171604|CP171604.1	114786	No terminal repeats	140	11	0.9947	NA	17	74.4751	F_traE;F_traW;virb4;F_traV;F_traE;F_traL	NF000005;NF012147
CP171605.1	ENA|CP171605|CP171605.1	122855	No terminal repeats	145	11	0.9947	NA	31	102.3688	MOBF;F_traG;F_traH;F_traF;F_traN;F_trbC;F_traU;F_traW;virb4;F_traV;F_traK;F_traE;F_traL	NF000270
CP171656.1	NA	NA	NA	NA	NA	NA	NA	NA	NA	NA	NA
CP171657.1	NA	NA	NA	NA	NA	NA	NA	NA	NA	NA	NA
CP171658.1	NA	NA	NA	NA	NA	NA	NA	NA	NA	NA	NA
CP171659.1	NA	NA	NA	NA	NA	NA	NA	NA	NA	NA	NA
CP171660.1	NA	NA	NA	NA	NA	NA	NA	NA	NA	NA	NA
CP171661.1	NA	NA	NA	NA	NA	NA	NA	NA	NA	NA	NA
CP171662.1	NA	NA	NA	NA	NA	NA	NA	NA	NA	NA	NA
CP171663.1	NA	NA	NA	NA	NA	NA	NA	NA	NA	NA	NA
CP171664.1	NA	NA	NA	NA	NA	NA	NA	NA	NA	NA	NA
CP171665.1	NA	NA	NA	NA	NA	NA	NA	NA	NA	NA	NA
CP171666.1	NA	NA	NA	NA	NA	NA	NA	NA	NA	NA	NA
CP171667.1	NA	NA	NA	NA	NA	NA	NA	NA	NA	NA	NA
CP171668.1	NA	NA	NA	NA	NA	NA	NA	NA	NA	NA	NA
CP171669.1	NA	NA	NA	NA	NA	NA	NA	NA	NA	NA	NA
CP171670.1	NA	NA	NA	NA	NA	NA	NA	NA	NA	NA	NA
CP171671.1	NA	NA	NA	NA	NA	NA	NA	NA	NA	NA	NA
CP171672.1	NA	NA	NA	NA	NA	NA	NA	NA	NA	NA	NA
CP171673.1	NA	NA	NA	NA	NA	NA	NA	NA	NA	NA	NA
CP171674.1	NA	NA	NA	NA	NA	NA	NA	NA	NA	NA	NA
CP171675.1	NA	NA	NA	NA	NA	NA	NA	NA	NA	NA	NA
CP171676.1	NA	NA	NA	NA	NA	NA	NA	NA	NA	NA	NA
CP171677.1	NA	NA	NA	NA	NA	NA	NA	NA	NA	NA	NA
CP171678.1	NA	NA	NA	NA	NA	NA	NA	NA	NA	NA	NA
CP171679.1	NA	NA	NA	NA	NA	NA	NA	NA	NA	NA	NA
CP171680.1	NA	NA	NA	NA	NA	NA	NA	NA	NA	NA	NA
CP171681.1	NA	NA	NA	NA	NA	NA	NA	NA	NA	NA	NA
CP171682.1	NA	NA	NA	NA	NA	NA	NA	NA	NA	NA	NA
CP171683.1	NA	NA	NA	NA	NA	NA	NA	NA	NA	NA	NA
CP171684.1	NA	NA	NA	NA	NA	NA	NA	NA	NA	NA	NA
CP171685.1	NA	NA	NA	NA	NA	NA	NA	NA	NA	NA	NA
CP171686.1	NA	NA	NA	NA	NA	NA	NA	NA	NA	NA	NA
CP171687.1	NA	NA	NA	NA	NA	NA	NA	NA	NA	NA	NA
CP171688.1	NA	NA	NA	NA	NA	NA	NA	NA	NA	NA	NA
CP171689.1	NA	NA	NA	NA	NA	NA	NA	NA	NA	NA	NA
CP171697.1	NA	NA	NA	NA	NA	NA	NA	NA	NA	NA	NA
CP171698.1	NA	NA	NA	NA	NA	NA	NA	NA	NA	NA	NA
CP171699.1	ENA|CP171699|CP171699.1	106559	No terminal repeats	128	11	0.9867	NA	1	13.8251	NA	NA
CP171700.1	ENA|CP171700|CP171700.1	61383	No terminal repeats	68	11	0.9941	NA	2	35.8422	MOBP2	NA
CP171701.1	ENA|CP171701|CP171701.1	44301	No terminal repeats	55	11	0.9943	NA	3	21.5301	NA	NF033068;NF012176
CP171702.1	ENA|CP171702|CP171702.1	4374	No terminal repeats	6	11	0.9950	NA	1	5.9024	NA	NA
CP171716.1	NA	NA	NA	NA	NA	NA	NA	NA	NA	NA	NA
CP171717.1	NA	NA	NA	NA	NA	NA	NA	NA	NA	NA	NA
CP171718.1	ENA|CP171718|CP171718.1	106493	No terminal repeats	128	11	0.9864	NA	1	13.8251	NA	NA
CP171719.1	ENA|CP171719|CP171719.1	61383	No terminal repeats	68	11	0.9941	NA	2	35.8422	MOBP2	NA
CP171720.1	ENA|CP171720|CP171720.1	43484	No terminal repeats	54	11	0.9934	NA	3	20.9944	NA	NF012176;NF033068
CP171721.1	ENA|CP171721|CP171721.1	4374	No terminal repeats	7	11	0.9953	NA	2	6.6500	NA	NA
CP171840.1	NA	NA	NA	NA	NA	NA	NA	NA	NA	NA	NA
CP171894.1	NA	NA	NA	NA	NA	NA	NA	NA	NA	NA	NA
CP171895.1	ENA|CP171895|CP171895.1	2783	No terminal repeats	4	11	0.9949	NA	1	3.6942	NA	NA
CP171896.1	NA	NA	NA	NA	NA	NA	NA	NA	NA	NA	NA
CP171919.1	NA	NA	NA	NA	NA	NA	NA	NA	NA	NA	NA
CP171920.1	NA	NA	NA	NA	NA	NA	NA	NA	NA	NA	NA
CP171923.1	NA	NA	NA	NA	NA	NA	NA	NA	NA	NA	NA
CP171924.1	ENA|CP171924|CP171924.1	48742	No terminal repeats	71	11	0.9892	NA	9	30.2234	T_virB1;T_virB3;virb4;T_virB6;T_virB8;T_virB9;I_traV;MOBP1	NA
CP171925.1	NA	NA	NA	NA	NA	NA	NA	NA	NA	NA	NA
CP171949.1	NA	NA	NA	NA	NA	NA	NA	NA	NA	NA	NA
CP171950.1	ENA|CP171950|CP171950.1	439656	No terminal repeats	549	11	0.9849	NA	6	27.0309	T_virB1	NF012147;NF012171
CP172082.1	NA	NA	NA	NA	NA	NA	NA	NA	NA	NA	NA
CP172083.1	ENA|CP172083|CP172083.1	37582	No terminal repeats	41	11	0.9866	NA	8	15.6370	T_virB3;T_virB6;T_virB8;T_virB9;MOBP1	NA
CP172084.1	NA	NA	NA	NA	NA	NA	NA	NA	NA	NA	NA
CP172114.1	NA	NA	NA	NA	NA	NA	NA	NA	NA	NA	NA
CP172115.1	NA	NA	NA	NA	NA	NA	NA	NA	NA	NA	NA
CP172116.1	ENA|CP172116|CP172116.1	4017	No terminal repeats	6	11	0.9891	NA	2	3.2077	MOBQ	NA
CP172117.1	NA	NA	NA	NA	NA	NA	NA	NA	NA	NA	NA
CP172118.1	ENA|CP172118|CP172118.1	4017	No terminal repeats	5	11	0.9912	NA	2	3.2077	MOBQ	NA
CP172235.1	NA	NA	NA	NA	NA	NA	NA	NA	NA	NA	NA
CP172323.1	NA	NA	NA	NA	NA	NA	NA	NA	NA	NA	NA
CP172324.1	NA	NA	NA	NA	NA	NA	NA	NA	NA	NA	NA
CP172325.1	NA	NA	NA	NA	NA	NA	NA	NA	NA	NA	NA
CP172326.1	NA	NA	NA	NA	NA	NA	NA	NA	NA	NA	NA
CP172327.1	NA	NA	NA	NA	NA	NA	NA	NA	NA	NA	NA
CP172328.1	NA	NA	NA	NA	NA	NA	NA	NA	NA	NA	NA
CP172352.1	NA	NA	NA	NA	NA	NA	NA	NA	NA	NA	NA
CP172353.1	ENA|CP172353|CP172353.1	46515	No terminal repeats	61	11	0.9919	NA	8	28.3467	MOBP1;T_virB2;virb4;T_virB8	NF000107;NF033068
CP172356.1	NA	NA	NA	NA	NA	NA	NA	NA	NA	NA	NA
CP172357.1	ENA|CP172357|CP172357.1	41594	No terminal repeats	46	11	0.9923	NA	8	22.2192	T_virB2;virb4;T_virB8;T_virB9;MOBP1	NA
CP172358.1	NA	NA	NA	NA	NA	NA	NA	NA	NA	NA	NA
CP172359.1	ENA|CP172359|CP172359.1	45034	No terminal repeats	52	11	0.9934	NA	11	25.7016	virb4;T_virB6;T_virB8;T_virB9;T_virB9;MOBP1;T_virB2	NA
CP172360.1	ENA|CP172360|CP172360.1	4366	No terminal repeats	6	11	0.9926	NA	2	3.3035	MOBP1	NA
CP172364.1	NA	NA	NA	NA	NA	NA	NA	NA	NA	NA	NA
CP172365.1	ENA|CP172365|CP172365.1	43177	No terminal repeats	53	11	0.9921	NA	9	24.5660	MOBP1;T_virB2;virb4;T_virB6;T_virB8;T_virB9	NA
CP172366.1	NA	NA	NA	NA	NA	NA	NA	NA	NA	NA	NA
CP172367.1	ENA|CP172367|CP172367.1	37426	No terminal repeats	44	11	0.9921	NA	8	23.9213	MOBP1;T_virB2;virb4;T_virB8;T_virB9	NA
CP172368.1	NA	NA	NA	NA	NA	NA	NA	NA	NA	NA	NA
CP172369.1	ENA|CP172369|CP172369.1	46275	No terminal repeats	54	11	0.9919	NA	9	25.8132	T_virB2;virb4;T_virB8;T_virB9;MOBP1	NF033068
CP172370.1	ENA|CP172370|CP172370.1	30011	No terminal repeats	41	11	0.9917	NA	9	15.8958	T_virB8;T_virB5;T_virB3;T_virB2;T_virB11;T_virB1;T_virB10	NA
CP172371.1	ENA|CP172371|CP172371.1	4367	No terminal repeats	6	11	0.9927	NA	2	3.3035	MOBP1	NA
CP172375.1	NA	NA	NA	NA	NA	NA	NA	NA	NA	NA	NA
CP172376.1	NA	NA	NA	NA	NA	NA	NA	NA	NA	NA	NA
CP172377.1	NA	NA	NA	NA	NA	NA	NA	NA	NA	NA	NA
CP172378.1	ENA|CP172378|CP172378.1	43660	No terminal repeats	50	11	0.9931	NA	9	24.1083	MOBP1;T_virB2;virb4;T_virB6;T_virB8;T_virB9	NA
CP172379.1	NA	NA	NA	NA	NA	NA	NA	NA	NA	NA	NA
CP172391.1	NA	NA	NA	NA	NA	NA	NA	NA	NA	NA	NA
CP172392.1	NA	NA	NA	NA	NA	NA	NA	NA	NA	NA	NA
CP172393.1	ENA|CP172393|CP172393.1	150434	No terminal repeats	162	11	0.9916	NA	11	68.7399	MOBP1;T_virB2;virb4;T_virB6;T_virB8;T_virB9	NF033068
CP172394.1	ENA|CP172394|CP172394.1	37224	No terminal repeats	51	11	0.9915	NA	3	8.8688	T_virB9;T_virB10	NA
CP172395.1	ENA|CP172395|CP172395.1	29068	No terminal repeats	36	11	0.9932	NA	10	15.7148	T_virB11;T_virB2;T_virB5;T_virB6;T_virB8;T_virB9;T_virB10	NA
CP172397.1	NA	NA	NA	NA	NA	NA	NA	NA	NA	NA	NA
CP172398.1	NA	NA	NA	NA	NA	NA	NA	NA	NA	NA	NA
CP172417.1	NA	NA	NA	NA	NA	NA	NA	NA	NA	NA	NA
CP172559.1	NA	NA	NA	NA	NA	NA	NA	NA	NA	NA	NA
CP172560.1	ENA|CP172560|CP172560.1	221038	No terminal repeats	261	11	0.9901	NA	4	75.2508	MOBP2;MOBP2	NF012176;NF033068
CP172561.1	ENA|CP172561|CP172561.1	113742	No terminal repeats	131	11	0.9871	NA	2	11.9173	NA	NA
CP172562.1	ENA|CP172562|CP172562.1	45953	No terminal repeats	52	11	0.9919	NA	1	11.4790	NA	NF033115;NF033693
CP172563.1	ENA|CP172563|CP172563.1	32429	No terminal repeats	41	11	0.9916	NA	1	4.9294	NA	NF033068
CP172565.1	ENA|CP172565|CP172565.1	8065	No terminal repeats	10	11	0.9946	NA	1	9.3098	NA	NA
CP172566.1	NA	NA	NA	NA	NA	NA	NA	NA	NA	NA	NA
CP172567.1	ENA|CP172567|CP172567.1	6304	No terminal repeats	9	11	0.9951	NA	1	8.0310	NA	NA
CP172851.1	NA	NA	NA	NA	NA	NA	NA	NA	NA	NA	NA
CP172859.1	NA	NA	NA	NA	NA	NA	NA	NA	NA	NA	NA
CP172966.1	NA	NA	NA	NA	NA	NA	NA	NA	NA	NA	NA
CP173020.1	NA	NA	NA	NA	NA	NA	NA	NA	NA	NA	NA
CP173026.1	NA	NA	NA	NA	NA	NA	NA	NA	NA	NA	NA
CP173027.1	NA	NA	NA	NA	NA	NA	NA	NA	NA	NA	NA
CP173134.1	ENA|CP173134|CP173134.1	15021	No terminal repeats	21	11	0.9927	NA	1	4.8998	NA	NA
CP173135.1	NA	NA	NA	NA	NA	NA	NA	NA	NA	NA	NA
CP173225.1	NA	NA	NA	NA	NA	NA	NA	NA	NA	NA	NA
CP173265.1	NA	NA	NA	NA	NA	NA	NA	NA	NA	NA	NA
CP173266.1	NA	NA	NA	NA	NA	NA	NA	NA	NA	NA	NA
CP173267.1	ENA|CP173267|CP173267.1	148732	No terminal repeats	179	11	0.9930	NA	21	64.1103	MOBH;t4cp1;F_traL;F_traE;F_traK;F_traB;F_traV;virb4;F_traW;F_traU;F_trbC;F_traF;F_traH;F_traG;T_virB1	NF000153;NF012174
CP173268.1	NA	NA	NA	NA	NA	NA	NA	NA	NA	NA	NA
CP173269.1	NA	NA	NA	NA	NA	NA	NA	NA	NA	NA	NA
CP173270.1	ENA|CP173270|CP173270.1	170522	No terminal repeats	206	11	0.9932	NA	22	72.2296	MOBH;t4cp1;F_traL;F_traE;F_traK;F_traB;F_traV;virb4;F_traW;F_traU;F_trbC;F_traF;F_traH;F_traG;T_virB1	NF012171;NF012174
CP173296.1	NA	NA	NA	NA	NA	NA	NA	NA	NA	NA	NA
CP173297.1	NA	NA	NA	NA	NA	NA	NA	NA	NA	NA	NA
CP173298.1	ENA|CP173298|CP173298.1	76161	No terminal repeats	78	11	0.9932	NA	8	29.3040	virb4;T_virB6;T_virB8;T_virB9;MOBC	NF012171;NF012174
CP173299.1	ENA|CP173299|CP173299.1	34207	No terminal repeats	48	11	0.9946	NA	10	33.4785	T_virB2;virb4;T_virB6;T_virB8;T_virB9	NA
CP173300.1	NA	NA	NA	NA	NA	NA	NA	NA	NA	NA	NA
CP173301.1	NA	NA	NA	NA	NA	NA	NA	NA	NA	NA	NA
CP173302.1	NA	NA	NA	NA	NA	NA	NA	NA	NA	NA	NA
CP173303.1	NA	NA	NA	NA	NA	NA	NA	NA	NA	NA	NA
CP173304.1	NA	NA	NA	NA	NA	NA	NA	NA	NA	NA	NA
CP173305.1	NA	NA	NA	NA	NA	NA	NA	NA	NA	NA	NA
CP173306.1	NA	NA	NA	NA	NA	NA	NA	NA	NA	NA	NA
CP173307.1	NA	NA	NA	NA	NA	NA	NA	NA	NA	NA	NA
CP173308.1	NA	NA	NA	NA	NA	NA	NA	NA	NA	NA	NA
CP173309.1	NA	NA	NA	NA	NA	NA	NA	NA	NA	NA	NA
CP173310.1	NA	NA	NA	NA	NA	NA	NA	NA	NA	NA	NA
CP173311.1	NA	NA	NA	NA	NA	NA	NA	NA	NA	NA	NA
CP173353.1	NA	NA	NA	NA	NA	NA	NA	NA	NA	NA	NA
CP173372.1	ENA|CP173372|CP173372.1	59372	No terminal repeats	76	11	0.9946	NA	16	46.7065	F_traV;F_traK;F_traE;F_traL	NA
CP173373.1	NA	NA	NA	NA	NA	NA	NA	NA	NA	NA	NA
CP173379.1	ENA|CP173379|CP173379.1	59369	No terminal repeats	76	11	0.9946	NA	16	46.7065	F_traV;F_traK;F_traE;F_traL	NA
CP173380.1	NA	NA	NA	NA	NA	NA	NA	NA	NA	NA	NA
CP173657.1	ENA|CP173657|CP173657.1	59373	No terminal repeats	76	11	0.9946	NA	16	46.7065	F_traV;F_traK;F_traE;F_traL	NA
CP173658.1	NA	NA	NA	NA	NA	NA	NA	NA	NA	NA	NA
CP173707.1	NA	NA	NA	NA	NA	NA	NA	NA	NA	NA	NA
CP173708.1	ENA|CP173708|CP173708.1	96349	No terminal repeats	89	11	0.9940	NA	22	49.7920	MOBF;t4cp2;F_traG;F_traH;F_traF;F_traN;F_traU;F_traW;virb4;F_traV;F_traB;F_traK;F_traE;F_traL	NA
CP174090.1	NA	NA	NA	NA	NA	NA	NA	NA	NA	NA	NA
CP174091.1	NA	NA	NA	NA	NA	NA	NA	NA	NA	NA	NA
CP174092.1	ENA|CP174092|CP174092.1	73859	No terminal repeats	102	11	0.9884	NA	15	32.8505	t4cp2;F_traL;F_traE;F_traK;F_traB;F_traV;F_traW;F_traU;F_trbC;F_trbC;F_traF;F_traH;F_traG	NA
CP174093.1	ENA|CP174093|CP174093.1	11194	No terminal repeats	15	11	0.9941	NA	1	7.0816	MOBQ	NA
CP174155.1	NA	NA	NA	NA	NA	NA	NA	NA	NA	NA	NA
CP174156.1	ENA|CP174156|CP174156.1	64615	No terminal repeats	89	11	0.9877	NA	2	27.0752	MOBP2;T_virB11	NF000145
CP174255.1	NA	NA	NA	NA	NA	NA	NA	NA	NA	NA	NA
CP174256.1	ENA|CP174256|CP174256.1	200047	No terminal repeats	223	11	0.9936	NA	5	67.6379	F_traE	NF033134
CP174257.1	ENA|CP174257|CP174257.1	119519	No terminal repeats	151	11	0.9948	NA	16	90.3799	F_traE;F_traL	NF000402;NF000466
CP174258.1	ENA|CP174258|CP174258.1	87095	No terminal repeats	103	11	0.9941	NA	18	57.9135	I_trbB;I_trbA;I_traY;I_traW;traU;I_traR;I_traQ;I_traP;I_traO;I_traN;I_traL;I_traK;I_traI;MOBP1	NF012174
CP174259.1	ENA|CP174259|CP174259.1	11970	No terminal repeats	14	11	0.9930	NA	4	7.8883	MOBC	NA
CP174260.1	ENA|CP174260|CP174260.1	5596	No terminal repeats	8	11	0.9934	NA	2	4.5972	MOBP1	NA
CP174601.1	NA	NA	NA	NA	NA	NA	NA	NA	NA	NA	NA
CP174602.1	ENA|CP174602|CP174602.1	129367	No terminal repeats	145	11	0.9946	NA	26	107.8461	F_traL;F_traE;F_traK;F_traB;F_traV;virb4;F_traW;F_traU;F_traN;F_traF;F_traH;F_traG;t4cp2;MOBF	NF012178
CP174603.1	ENA|CP174603|CP174603.1	96122	No terminal repeats	105	11	0.9948	NA	19	79.9379	MOBP1;I_trbB;I_trbA;I_traY;I_traW;I_traV;traU;I_traT;I_traR;I_traQ;I_traP;I_traO;I_traN;I_traL;I_traK;I_traI;I_traE	NA
CP174604.1	ENA|CP174604|CP174604.1	137766	No terminal repeats	151	11	0.9934	NA	17	53.8313	virb4;T_virB6;T_virB8;T_virB9;MOBC;T_virB9;T_virB8;T_virB6;virb4;T_virB2;T_virB1	NF012174;NF012171;NF000005;NF012147
CP174839.1	NA	NA	NA	NA	NA	NA	NA	NA	NA	NA	NA
CP174840.1	ENA|CP174840|CP174840.1	134136	No terminal repeats	156	11	0.9931	NA	12	59.3723	FA_orf13;FA_orf13	NF033068;NF012176
CP174841.1	ENA|CP174841|CP174841.1	25677	No terminal repeats	33	11	0.9918	NA	3	13.8057	FA_orf13;FA_orf17b	NA
CP174842.1	NA	NA	NA	NA	NA	NA	NA	NA	NA	NA	NA
CP174854.1	ENA|CP174854|CP174854.1	65538	No terminal repeats	81	11	0.9921	NA	3	19.7731	FA_orf13	NF033068
CP174855.1	ENA|CP174855|CP174855.1	27938	No terminal repeats	29	11	0.9931	NA	3	10.7503	MOBV	NF033115
CP174856.1	NA	NA	NA	NA	NA	NA	NA	NA	NA	NA	NA
CP174857.1	ENA|CP174857|CP174857.1	65719	No terminal repeats	83	11	0.9924	NA	3	19.7597	FA_orf13	NF033068
CP174858.1	ENA|CP174858|CP174858.1	28345	No terminal repeats	29	11	0.9933	NA	3	10.7503	MOBV	NF033115
CP174859.1	NA	NA	NA	NA	NA	NA	NA	NA	NA	NA	NA
CP174860.1	ENA|CP174860|CP174860.1	68969	No terminal repeats	84	11	0.9919	NA	4	16.5424	MOBP2	NA
CP174861.1	ENA|CP174861|CP174861.1	45978	No terminal repeats	52	11	0.9914	NA	3	16.7677	FATA_prgL	NA
CP174862.1	ENA|CP174862|CP174862.1	44420	No terminal repeats	58	11	0.9925	NA	3	15.0587	FA_orf13	NA
CP174863.1	ENA|CP174863|CP174863.1	27754	No terminal repeats	27	11	0.9928	NA	3	9.0320	MOBV	NF033115
CP174864.1	NA	NA	NA	NA	NA	NA	NA	NA	NA	NA	NA
CP174924.1	NA	NA	NA	NA	NA	NA	NA	NA	NA	NA	NA
CP174925.1	NA	NA	NA	NA	NA	NA	NA	NA	NA	NA	NA
CP175028.1	ENA|CP175028|CP175028.1	56384	No terminal repeats	56	11	0.9932	NA	1	22.9762	NA	NA
CP175029.1	ENA|CP175029|CP175029.1	56318	No terminal repeats	62	11	0.9935	NA	3	24.2192	FA_orf13	NF033693
CP175030.1	NA	NA	NA	NA	NA	NA	NA	NA	NA	NA	NA
CP175042.1	ENA|CP175042|CP175042.1	67144	No terminal repeats	74	11	0.9901	NA	1	2.7962	NA	NF033693
CP175043.1	ENA|CP175043|CP175043.1	71941	No terminal repeats	85	11	0.9915	NA	2	20.9591	MOBP2	NA
CP175044.1	NA	NA	NA	NA	NA	NA	NA	NA	NA	NA	NA
CP175045.1	NA	NA	NA	NA	NA	NA	NA	NA	NA	NA	NA
CP175046.1	NA	NA	NA	NA	NA	NA	NA	NA	NA	NA	NA
CP175100.1	ENA|CP175100|CP175100.1	72584	No terminal repeats	85	11	0.9927	NA	4	19.6225	FATA_prgL;FATA_prgIc	NA
CP175101.1	NA	NA	NA	NA	NA	NA	NA	NA	NA	NA	NA
CP175110.1	NA	NA	NA	NA	NA	NA	NA	NA	NA	NA	NA
CP175111.1	ENA|CP175111|CP175111.1	50140	No terminal repeats	54	11	0.9894	NA	2	11.9132	FATA_prgL	NA
CP175112.1	ENA|CP175112|CP175112.1	139524	No terminal repeats	163	11	0.9906	NA	2	20.7523	NA	NF033068
CP175162.1	NA	NA	NA	NA	NA	NA	NA	NA	NA	NA	NA
CP175221.1	NA	NA	NA	NA	NA	NA	NA	NA	NA	NA	NA
CP175222.1	ENA|CP175222|CP175222.1	65787	No terminal repeats	83	11	0.9929	NA	3	20.5140	FA_orf13	NF033068
CP175223.1	ENA|CP175223|CP175223.1	68770	No terminal repeats	77	11	0.9922	NA	2	22.1897	MOBP2	NA
CP175224.1	NA	NA	NA	NA	NA	NA	NA	NA	NA	NA	NA
CP175227.1	ENA|CP175227|CP175227.1	5143	No terminal repeats	5	11	0.9912	NA	1	3.1574	MOBV	NA
CP175228.1	NA	NA	NA	NA	NA	NA	NA	NA	NA	NA	NA
CP175229.1	NA	NA	NA	NA	NA	NA	NA	NA	NA	NA	NA
CP175230.1	NA	NA	NA	NA	NA	NA	NA	NA	NA	NA	NA
CP175231.1	NA	NA	NA	NA	NA	NA	NA	NA	NA	NA	NA
CP175232.1	ENA|CP175232|CP175232.1	5143	No terminal repeats	5	11	0.9918	NA	1	3.1574	MOBV	NA
CP175239.1	NA	NA	NA	NA	NA	NA	NA	NA	NA	NA	NA
CP175241.1	ENA|CP175241|CP175241.1	68931	No terminal repeats	76	11	0.9905	NA	1	2.7962	NA	NF033693
CP175242.1	NA	NA	NA	NA	NA	NA	NA	NA	NA	NA	NA
CP175243.1	ENA|CP175243|CP175243.1	64099	No terminal repeats	65	11	0.9907	NA	1	15.7548	MOBP2	NA
CP175244.1	ENA|CP175244|CP175244.1	55087	No terminal repeats	59	11	0.9908	NA	2	13.1129	FATA_prgL	NA
CP175255.1	NA	NA	NA	NA	NA	NA	NA	NA	NA	NA	NA
CP175256.1	ENA|CP175256|CP175256.1	49320	No terminal repeats	49	11	0.9922	NA	1	1.8429	NA	NF033074
CP175257.1	NA	NA	NA	NA	NA	NA	NA	NA	NA	NA	NA
CP175258.1	NA	NA	NA	NA	NA	NA	NA	NA	NA	NA	NA
CP175272.1	ENA|CP175272|CP175272.1	45374	No terminal repeats	50	11	0.9909	NA	2	15.3498	FATA_prgL	NA
CP175273.1	NA	NA	NA	NA	NA	NA	NA	NA	NA	NA	NA
CP175274.1	ENA|CP175274|CP175274.1	82234	No terminal repeats	94	11	0.9913	NA	1	12.6360	NA	NA
CP175275.1	ENA|CP175275|CP175275.1	9331	No terminal repeats	10	11	0.9884	NA	1	2.6256	NA	NA
CP175276.1	NA	NA	NA	NA	NA	NA	NA	NA	NA	NA	NA
CP175277.1	ENA|CP175277|CP175277.1	128835	No terminal repeats	152	11	0.9912	NA	2	22.0729	NA	NF033068
CP175278.1	ENA|CP175278|CP175278.1	9331	No terminal repeats	10	11	0.9871	NA	1	2.6256	NA	NA
CP175279.1	ENA|CP175279|CP175279.1	45374	No terminal repeats	50	11	0.9906	NA	2	15.3498	FATA_prgL	NA
CP175300.1	NA	NA	NA	NA	NA	NA	NA	NA	NA	NA	NA
CP175394.1	ENA|CP175394|CP175394.1	104344	No terminal repeats	114	11	0.9917	NA	2	22.1346	MOBP2	NA
CP175395.1	NA	NA	NA	NA	NA	NA	NA	NA	NA	NA	NA
CP175513.1	NA	NA	NA	NA	NA	NA	NA	NA	NA	NA	NA
CP175514.1	ENA|CP175514|CP175514.1	96997	No terminal repeats	103	11	0.9938	NA	24	62.5924	F_traL;F_traE;F_traK;F_traB;F_traV;virb4;F_traW;F_traU;F_traN;F_traF;F_traH;F_traG;t4cp2;MOBF	NF033144;NF012178
CP175515.1	NA	NA	NA	NA	NA	NA	NA	NA	NA	NA	NA
CP175516.1	NA	NA	NA	NA	NA	NA	NA	NA	NA	NA	NA
CP175517.1	NA	NA	NA	NA	NA	NA	NA	NA	NA	NA	NA
CP175518.1	ENA|CP175518|CP175518.1	94930	No terminal repeats	107	11	0.9947	NA	19	81.7240	MOBP1;I_trbB;I_trbA;I_traY;I_traW;I_traV;traU;I_traT;I_traR;I_traQ;I_traP;I_traO;I_traN;I_traL;I_traK;I_traI;I_traE	NA
CP175519.1	ENA|CP175519|CP175519.1	6365	No terminal repeats	9	11	0.9951	NA	2	5.9375	MOBP1	NA
CP175520.1	ENA|CP175520|CP175520.1	399199	No terminal repeats	429	11	0.9939	NA	23	241.5519	t4cp1;MOBH;F_traF;F_traH;F_traE;T_virB1;F_trbC;F_traU;F_traW;virb4;F_traV;F_traB;F_traE	NF012171;NF000402;NF033144
CP175521.1	ENA|CP175521|CP175521.1	54511	No terminal repeats	69	11	0.9931	NA	9	24.6186	T_virB9;T_virB1;T_virB2;virb4;T_virB6;T_virB8	NF012147;NF000005
CP175522.1	NA	NA	NA	NA	NA	NA	NA	NA	NA	NA	NA
CP175523.1	ENA|CP175523|CP175523.1	120033	No terminal repeats	133	11	0.9932	NA	3	24.3170	NA	NF012171
CP175524.1	ENA|CP175524|CP175524.1	46373	No terminal repeats	60	11	0.9937	NA	9	27.3626	T_virB1;T_virB2;virb4;T_virB6;T_virB8;T_virB9	NF012147
CP175595.1	NA	NA	NA	NA	NA	NA	NA	NA	NA	NA	NA
CP175596.1	ENA|CP175596|CP175596.1	310876	No terminal repeats	350	11	0.9939	NA	19	205.6674	F_traH;F_traF;MOBH;t4cp1;T_virB1;F_trbC;F_traU;F_traW;virb4;F_traV;F_traB;F_traE	NF012171;NF033144
CP175597.1	ENA|CP175597|CP175597.1	87758	No terminal repeats	106	11	0.9927	NA	15	48.8210	I_trbB;I_trbA;MOBP1;I_traI;I_traK;I_traL;I_traN;I_traO;I_traP;I_traQ;I_traR;traU;I_traW;I_traY	NF000466
CP175598.1	ENA|CP175598|CP175598.1	80234	No terminal repeats	100	11	0.9949	NA	23	90.3862	F_traL;F_traE;F_traK;F_traB;F_traV;virb4;F_traW;F_traU;F_traN;F_traF;F_traH;F_traG;t4cp2;MOBF	NA
CP175599.1	ENA|CP175599|CP175599.1	71623	No terminal repeats	86	11	0.9944	NA	9	48.8169	T_virB1;T_virB3;virb4;T_virB5;T_virB6;T_virB8;T_virB9	NF033144
CP175600.1	ENA|CP175600|CP175600.1	54835	No terminal repeats	67	11	0.9889	NA	10	29.4704	t4cp2;G_tfc2;T_virB9;T_virB8;T_virB6;T_virB5;virb4;T_virB1	NA
CP175605.1	NA	NA	NA	NA	NA	NA	NA	NA	NA	NA	NA
CP175606.1	ENA|CP175606|CP175606.1	130528	No terminal repeats	164	11	0.9924	NA	21	62.2426	MOBH;t4cp1;F_traL;F_traE;F_traK;F_traB;F_traV;virb4;F_traW;F_traU;F_trbC;F_traF;F_traH;F_traG;T_virB1	NF012171
CP175607.1	ENA|CP175607|CP175607.1	4096	No terminal repeats	4	11	0.9961	NA	3	6.4720	MOBP1	NA
CP175608.1	ENA|CP175608|CP175608.1	262913	No terminal repeats	288	11	0.9941	NA	17	192.8520	MOBH;t4cp1;F_traE;F_traB;F_traV;virb4;F_traW;F_traU;F_trbC;F_traH;F_traF	NF000153
CP175609.1	ENA|CP175609|CP175609.1	115421	No terminal repeats	136	11	0.9931	NA	18	64.9614	I_trbB;I_trbA;I_traY;I_traW;traU;I_traR;I_traQ;I_traP;I_traO;I_traN;I_traL;I_traK;I_traI;MOBP1	NF033144;NF000005;NF012147;NF033144;NF012178
CP175616.1	NA	NA	NA	NA	NA	NA	NA	NA	NA	NA	NA
CP175617.1	ENA|CP175617|CP175617.1	106951	No terminal repeats	117	11	0.9948	NA	19	84.7679	I_traE;I_traI;I_traK;I_traL;I_traN;I_traO;I_traP;I_traQ;I_traR;I_traT;traU;I_traV;I_traW;I_traY;I_trbA;I_trbB;MOBP1	NF012174
CP175618.1	ENA|CP175618|CP175618.1	86565	No terminal repeats	93	11	0.9949	NA	23	78.1107	F_trbC;F_traN;F_traF;F_traH;F_traG;t4cp2;MOBF;F_traL;F_traE;F_traK;F_traB;F_traV;virb4;F_traW;F_traU	NA
CP175619.1	ENA|CP175619|CP175619.1	75262	No terminal repeats	75	11	0.9922	NA	1	21.3081	NA	NF000466;NF000270
CP175620.1	ENA|CP175620|CP175620.1	66143	No terminal repeats	81	11	0.9951	NA	28	66.5710	MOBF;F_traG;F_traH;F_traF;F_traN;F_trbC;F_traU;F_traW;virb4;F_traV;F_traK;F_traE;F_traL	NA
CP175621.1	NA	NA	NA	NA	NA	NA	NA	NA	NA	NA	NA
CP175622.1	ENA|CP175622|CP175622.1	4852	No terminal repeats	7	11	0.9945	NA	2	3.7423	MOBP1	NA
CP175623.1	ENA|CP175623|CP175623.1	2495	No terminal repeats	3	11	0.9953	NA	1	3.1262	NA	NA
CP175624.1	ENA|CP175624|CP175624.1	54035	No terminal repeats	68	11	0.9937	NA	9	22.9003	T_virB6;T_virB8;T_virB9;T_virB1;T_virB2;virb4	NF012147;NF000005
CP175629.1	NA	NA	NA	NA	NA	NA	NA	NA	NA	NA	NA
CP175630.1	ENA|CP175630|CP175630.1	110745	No terminal repeats	125	11	0.9948	NA	23	100.8610	F_traL;F_traE;F_traK;F_traB;F_traV;virb4;F_traW;F_traU;F_trbC;F_traN;F_traF;F_traH;F_traG;t4cp2;MOBF	NF000466
CP175631.1	NA	NA	NA	NA	NA	NA	NA	NA	NA	NA	NA
CP175632.1	ENA|CP175632|CP175632.1	296487	No terminal repeats	318	11	0.9940	NA	17	196.4419	t4cp1;MOBH;F_traF;F_traH;F_trbC;F_traU;F_traW;virb4;F_traV;F_traB;F_traE	NF000153
CP175639.1	NA	NA	NA	NA	NA	NA	NA	NA	NA	NA	NA
CP175640.1	ENA|CP175640|CP175640.1	306982	No terminal repeats	333	11	0.9941	NA	19	204.9425	F_traE;F_trbC;F_traU;F_traW;virb4;F_traV;F_traB;F_traE;t4cp1;MOBH;F_traF;F_traH	NF000153
CP175641.1	ENA|CP175641|CP175641.1	55839	No terminal repeats	70	11	0.9943	NA	9	46.8609	T_virB9;T_virB8;T_virB6;T_virB5;virb4;T_virB3;T_virB1	NF012147
CP175654.1	ENA|CP175654|CP175654.1	70401	No terminal repeats	99	11	0.9886	NA	16	35.5018	t4cp2;F_traE;F_traL;F_traE;F_traK;F_traB;F_traV;F_traW;F_traU;F_trbC;F_trbC;F_traF;F_traH;F_traG	NA
CP175655.1	ENA|CP175655|CP175655.1	10967	No terminal repeats	13	11	0.9936	NA	1	5.2214	NA	NA
CP175656.1	NA	NA	NA	NA	NA	NA	NA	NA	NA	NA	NA
CP175726.1	NA	NA	NA	NA	NA	NA	NA	NA	NA	NA	NA
CP175727.1	ENA|CP175727|CP175727.1	71566	No terminal repeats	76	11	0.9931	NA	7	29.0823	MOBC;T_virB9;T_virB8;T_virB6;virb4	NA
CP175728.1	ENA|CP175728|CP175728.1	46160	No terminal repeats	58	11	0.9931	NA	9	25.1041	virb4;T_virB6;T_virB8;T_virB9;T_virB1;T_virB2	NF012147
CP175755.1	NA	NA	NA	NA	NA	NA	NA	NA	NA	NA	NA
CP175756.1	NA	NA	NA	NA	NA	NA	NA	NA	NA	NA	NA
CP175757.1	ENA|CP175757|CP175757.1	4570	No terminal repeats	7	11	0.9927	NA	1	2.2083	NA	NA
CP175758.1	NA	NA	NA	NA	NA	NA	NA	NA	NA	NA	NA
CP175759.1	ENA|CP175759|CP175759.1	2495	No terminal repeats	3	11	0.9952	NA	1	3.1262	NA	NA
CP175760.1	ENA|CP175760|CP175760.1	49893	No terminal repeats	62	11	0.9948	NA	9	44.5440	virb4;T_virB5;T_virB6;T_virB8;T_virB9;T_virB1;T_virB3	NF012147
CP175806.1	NA	NA	NA	NA	NA	NA	NA	NA	NA	NA	NA
CP175807.1	NA	NA	NA	NA	NA	NA	NA	NA	NA	NA	NA
CP175808.1	NA	NA	NA	NA	NA	NA	NA	NA	NA	NA	NA
CP175825.1	NA	NA	NA	NA	NA	NA	NA	NA	NA	NA	NA
CP175826.1	ENA|CP175826|CP175826.1	11194	No terminal repeats	15	11	0.9940	NA	1	7.0816	MOBQ	NA
CP175832.1	NA	NA	NA	NA	NA	NA	NA	NA	NA	NA	NA
CP175833.1	NA	NA	NA	NA	NA	NA	NA	NA	NA	NA	NA
CP175834.1	NA	NA	NA	NA	NA	NA	NA	NA	NA	NA	NA
CP175853.1	NA	NA	NA	NA	NA	NA	NA	NA	NA	NA	NA
CP175854.1	ENA|CP175854|CP175854.1	19048	No terminal repeats	25	11	0.9948	NA	1	16.5868	MOBQ	NA
CP175855.1	ENA|CP175855|CP175855.1	5679	No terminal repeats	9	11	0.9955	NA	3	10.0808	MOBQ	NA
CP175863.1	NA	NA	NA	NA	NA	NA	NA	NA	NA	NA	NA
CP175864.1	ENA|CP175864|CP175864.1	228269	No terminal repeats	231	11	0.9894	NA	7	56.5578	traU;I_traN;I_traM;I_traI;I_traY;I_traW	NF000466;NF012174;NF033144;NF012171;NF040806
CP175865.1	ENA|CP175865|CP175865.1	91203	No terminal repeats	118	11	0.9880	NA	15	30.6491	F_traG;F_traH;F_traF;F_trbC;F_trbC;F_traU;F_traW;F_traV;F_traB;F_traK;F_traE;F_traL;t4cp2	NA
CP175866.1	NA	NA	NA	NA	NA	NA	NA	NA	NA	NA	NA
CP175867.1	ENA|CP175867|CP175867.1	5679	No terminal repeats	9	11	0.9956	NA	3	10.0808	MOBQ	NA
CP175868.1	ENA|CP175868|CP175868.1	2763	No terminal repeats	6	11	0.9809	NA	1	1.9759	NA	NA
CP175876.1	NA	NA	NA	NA	NA	NA	NA	NA	NA	NA	NA
CP175877.1	ENA|CP175877|CP175877.1	89495	No terminal repeats	116	11	0.9887	NA	16	41.2542	F_traE;t4cp2;F_traL;F_traE;F_traK;F_traB;F_traV;F_traW;F_traU;F_trbC;F_trbC;F_traF;F_traH;F_traG	NF040806
CP175929.1	NA	NA	NA	NA	NA	NA	NA	NA	NA	NA	NA
CP175930.1	ENA|CP175930|CP175930.1	93203	No terminal repeats	111	11	0.9898	NA	4	25.1974	FA_orf13	NA
CP175931.1	NA	NA	NA	NA	NA	NA	NA	NA	NA	NA	NA
CP175998.1	NA	NA	NA	NA	NA	NA	NA	NA	NA	NA	NA
CP175999.1	ENA|CP175999|CP175999.1	285735	No terminal repeats	307	11	0.9940	NA	18	208.3994	F_traG;F_traH;F_traF;MOBH;t4cp1;F_traE;F_traB;F_traV;virb4;F_traW;F_traU;F_trbC	NF012147;NF012178;NF000496
CP176000.1	ENA|CP176000|CP176000.1	122053	No terminal repeats	141	11	0.9946	NA	23	109.4578	F_traL;F_traE;F_traK;F_traB;F_traV;virb4;F_traW;F_traU;F_traN;F_traF;F_traH;F_traG;t4cp2;MOBF	NF012178
CP176085.1	NA	NA	NA	NA	NA	NA	NA	NA	NA	NA	NA
CP176086.1	ENA|CP176086|CP176086.1	154724	No terminal repeats	191	11	0.9953	NA	39	148.6271	F_traL;F_traE;MOBF;F_traG;F_traH;F_traF;F_traN;F_trbC;F_traU;F_traW;virb4;F_traV;F_traK;F_traE;F_traL	NF000466
CP176087.1	ENA|CP176087|CP176087.1	10060	No terminal repeats	14	11	0.9935	NA	4	7.8883	MOBC	NA
CP176088.1	ENA|CP176088|CP176088.1	5596	No terminal repeats	9	11	0.9935	NA	2	6.0536	MOBP1	NA
CP176385.1	NA	NA	NA	NA	NA	NA	NA	NA	NA	NA	NA
CP176386.1	ENA|CP176386|CP176386.1	170833	No terminal repeats	193	11	0.9939	NA	23	95.4962	F_traV;virb4;F_traW;F_traU;F_traN;F_traF;F_traH;F_traG;t4cp2;MOBF;F_traL;F_traE;F_traK;F_traB	NF033144;NF012171
CP176387.1	NA	NA	NA	NA	NA	NA	NA	NA	NA	NA	NA
CP176388.1	ENA|CP176388|CP176388.1	5898	No terminal repeats	7	11	0.9944	NA	2	4.8591	MOBP1	NA
CP176389.1	ENA|CP176389|CP176389.1	2495	No terminal repeats	3	11	0.9953	NA	1	3.1262	NA	NA
CP176390.1	ENA|CP176390|CP176390.1	54035	No terminal repeats	68	11	0.9928	NA	9	22.9003	T_virB1;T_virB2;virb4;T_virB6;T_virB8;T_virB9	NF012147;NF000005
CP176568.1	NA	NA	NA	NA	NA	NA	NA	NA	NA	NA	NA
CP176569.1	ENA|CP176569|CP176569.1	35372	No terminal repeats	38	11	0.9945	NA	5	24.0780	MOBV;MOBP1	NF033693;NF012176;NF040806;NF012167;NF000025
CP176623.1	NA	NA	NA	NA	NA	NA	NA	NA	NA	NA	NA
CP176676.1	NA	NA	NA	NA	NA	NA	NA	NA	NA	NA	NA
CP176677.1	ENA|CP176677|CP176677.1	55123	No terminal repeats	66	11	0.9906	NA	10	28.6719	MOBP1;T_virB2;virb4;T_virB6;T_virB8;T_virB9	NF000107;NF033068
CP176704.1	NA	NA	NA	NA	NA	NA	NA	NA	NA	NA	NA
CP176894.1	NA	NA	NA	NA	NA	NA	NA	NA	NA	NA	NA
CP176895.1	ENA|CP176895|CP176895.1	223818	No terminal repeats	246	11	0.9937	NA	4	74.3363	F_traE	NF000402;NF033134
CP176902.1	NA	NA	NA	NA	NA	NA	NA	NA	NA	NA	NA
CP176903.1	ENA|CP176903|CP176903.1	228140	No terminal repeats	245	11	0.9933	NA	4	77.6291	F_traE	NF033134;NF000402
CP176910.1	NA	NA	NA	NA	NA	NA	NA	NA	NA	NA	NA
CP176911.1	ENA|CP176911|CP176911.1	209523	No terminal repeats	232	11	0.9935	NA	4	75.2413	F_traE	NF033134;NF000402
CP176912.1	NA	NA	NA	NA	NA	NA	NA	NA	NA	NA	NA
CP176913.1	ENA|CP176913|CP176913.1	223851	No terminal repeats	245	11	0.9938	NA	4	73.8009	F_traE	NF033134;NF000402
CP176930.1	NA	NA	NA	NA	NA	NA	NA	NA	NA	NA	NA
CP176931.1	ENA|CP176931|CP176931.1	223364	No terminal repeats	241	11	0.9936	NA	4	72.6881	F_traE	NF033134;NF000402
CP176946.1	NA	NA	NA	NA	NA	NA	NA	NA	NA	NA	NA
CP176947.1	ENA|CP176947|CP176947.1	211565	No terminal repeats	237	11	0.9934	NA	4	73.0204	F_traE	NF033134;NF000402
CP176972.1	NA	NA	NA	NA	NA	NA	NA	NA	NA	NA	NA
CP176973.1	ENA|CP176973|CP176973.1	223853	No terminal repeats	242	11	0.9936	NA	4	72.5066	F_traE	NF033134;NF000402
CP177077.1	NA	NA	NA	NA	NA	NA	NA	NA	NA	NA	NA
CP177078.1	ENA|CP177078|CP177078.1	40917	No terminal repeats	54	11	0.9934	NA	10	33.7495	MOBP1;T_virB1;T_virB2;virb4;T_virB6;T_virB8;T_virB9;T_virB11	NA
CP177079.1	ENA|CP177079|CP177079.1	101867	No terminal repeats	116	11	0.9901	NA	21	34.7119	T_virB1;F_trbC;F_traG;F_traH;F_traF;F_traU;F_traW;virb4;F_traV;F_traB;F_traK;F_traE;F_traL;t4cp1;MOBH	NF000119
CP177210.1	NA	NA	NA	NA	NA	NA	NA	NA	NA	NA	NA
CP177242.1	NA	NA	NA	NA	NA	NA	NA	NA	NA	NA	NA
CP177279.1	NA	NA	NA	NA	NA	NA	NA	NA	NA	NA	NA
CP177280.1	ENA|CP177280|CP177280.1	6151	No terminal repeats	7	11	0.9943	NA	2	4.1506	NA	NA
CP177281.1	NA	NA	NA	NA	NA	NA	NA	NA	NA	NA	NA
CP177282.1	ENA|CP177282|CP177282.1	4088	No terminal repeats	5	11	0.9958	NA	2	5.6725	MOBV	NA
CP177283.1	NA	NA	NA	NA	NA	NA	NA	NA	NA	NA	NA
CP177284.1	ENA|CP177284|CP177284.1	66401	No terminal repeats	86	11	0.9882	NA	2	28.8022	T_virB11;MOBP2	NF000145
CP177285.1	NA	NA	NA	NA	NA	NA	NA	NA	NA	NA	NA
CP177358.1	NA	NA	NA	NA	NA	NA	NA	NA	NA	NA	NA
CP178213.1	NA	NA	NA	NA	NA	NA	NA	NA	NA	NA	NA
CP178339.1	NA	NA	NA	NA	NA	NA	NA	NA	NA	NA	NA
CP178387.1	NA	NA	NA	NA	NA	NA	NA	NA	NA	NA	NA
CP178388.1	NA	NA	NA	NA	NA	NA	NA	NA	NA	NA	NA
CP178418.1	NA	NA	NA	NA	NA	NA	NA	NA	NA	NA	NA
CP178419.1	NA	NA	NA	NA	NA	NA	NA	NA	NA	NA	NA
CP178420.1	ENA|CP178420|CP178420.1	4554	No terminal repeats	5	11	0.9820	NA	1	2.1404	NA	NA
CP178421.1	NA	NA	NA	NA	NA	NA	NA	NA	NA	NA	NA
CP178422.1	ENA|CP178422|CP178422.1	2742	No terminal repeats	5	11	0.9862	NA	1	1.9759	NA	NA
CP178423.1	NA	NA	NA	NA	NA	NA	NA	NA	NA	NA	NA
CP178868.1	NA	NA	NA	NA	NA	NA	NA	NA	NA	NA	NA
CP178869.1	ENA|CP178869|CP178869.1	4439	No terminal repeats	4	11	0.9943	NA	1	3.7538	NA	NF012176
CP178870.1	NA	NA	NA	NA	NA	NA	NA	NA	NA	NA	NA
CP178874.1	NA	NA	NA	NA	NA	NA	NA	NA	NA	NA	NA
CP178875.1	ENA|CP178875|CP178875.1	4439	No terminal repeats	4	11	0.9943	NA	1	3.7538	NA	NF012176
CP178876.1	NA	NA	NA	NA	NA	NA	NA	NA	NA	NA	NA
CP178877.1	NA	NA	NA	NA	NA	NA	NA	NA	NA	NA	NA
CP178878.1	ENA|CP178878|CP178878.1	4439	No terminal repeats	4	11	0.9943	NA	1	3.7538	NA	NF012176
CP178879.1	NA	NA	NA	NA	NA	NA	NA	NA	NA	NA	NA
CP178883.1	NA	NA	NA	NA	NA	NA	NA	NA	NA	NA	NA
CP178884.1	ENA|CP178884|CP178884.1	4439	No terminal repeats	4	11	0.9943	NA	1	3.7538	NA	NF012176
CP178885.1	NA	NA	NA	NA	NA	NA	NA	NA	NA	NA	NA
CP179883.1	NA	NA	NA	NA	NA	NA	NA	NA	NA	NA	NA
CP179884.1	NA	NA	NA	NA	NA	NA	NA	NA	NA	NA	NA
CP179885.1	ENA|CP179885|CP179885.1	10848	No terminal repeats	12	11	0.9936	NA	1	4.4876	NA	NA
CP179886.1	NA	NA	NA	NA	NA	NA	NA	NA	NA	NA	NA
CP180192.1	NA	NA	NA	NA	NA	NA	NA	NA	NA	NA	NA
CP180193.1	ENA|CP180193|CP180193.1	63391	No terminal repeats	84	11	0.9918	NA	15	38.1709	I_trbA;I_trbB;I_traY;I_traW;traU;I_traR;I_traQ;I_traP;I_traO;I_traN;I_traL;I_traK;I_traI;MOBP1	NF040806
CP180266.1	NA	NA	NA	NA	NA	NA	NA	NA	NA	NA	NA
CP180267.1	ENA|CP180267|CP180267.1	328525	No terminal repeats	357	11	0.9936	NA	19	132.8920	t4cp1;MOBH;F_traF;F_traH;F_traG;F_trbC;F_traU;F_traW;virb4;F_traV;F_traB;F_traK;F_traE	NF033134;NF012178;NF000466
CP180268.1	ENA|CP180268|CP180268.1	54037	No terminal repeats	65	11	0.9930	NA	3	24.6283	NA	NF000005;NF012147;NF033144;NF000270
CP180269.1	ENA|CP180269|CP180269.1	9324	No terminal repeats	12	11	0.9950	NA	3	9.1824	MOBC	NA
CP180270.1	ENA|CP180270|CP180270.1	3335	No terminal repeats	5	11	0.9962	NA	2	5.6014	NA	NA
CP180287.1	NA	NA	NA	NA	NA	NA	NA	NA	NA	NA	NA
CP180575.1	NA	NA	NA	NA	NA	NA	NA	NA	NA	NA	NA
CP180593.1	NA	NA	NA	NA	NA	NA	NA	NA	NA	NA	NA
CP180684.1	NA	NA	NA	NA	NA	NA	NA	NA	NA	NA	NA
CP180685.1	NA	NA	NA	NA	NA	NA	NA	NA	NA	NA	NA
CP180716.1	NA	NA	NA	NA	NA	NA	NA	NA	NA	NA	NA
CP180717.1	ENA|CP180717|CP180717.1	6098	DTR	6	11	0.9956	NA	3	5.8134	MOBP1	NA
CP180718.1	ENA|CP180718|CP180718.1	162415	No terminal repeats	202	11	0.9924	NA	21	76.1541	MOBH;t4cp1;F_traL;F_traE;F_traK;F_traB;F_traV;virb4;F_traW;F_traU;F_trbC;F_traF;F_traH;F_traG;T_virB1	NF012174;NF012171;NF040806;NF012174;NF033144
CP181076.1	NA	NA	NA	NA	NA	NA	NA	NA	NA	NA	NA
CP181077.1	ENA|CP181077|CP181077.1	309605	No terminal repeats	349	11	0.9939	NA	19	205.2193	F_trbC;F_traU;F_traW;virb4;F_traV;F_traB;F_traE;t4cp1;MOBH;F_traF;F_traH	NF000270;NF040806;NF012147;NF033144;NF012171
CP181078.1	ENA|CP181078|CP181078.1	59234	No terminal repeats	60	11	0.9927	NA	3	17.2872	F_traE	NA
CP181079.1	ENA|CP181079|CP181079.1	4961	No terminal repeats	6	11	0.9935	NA	2	3.1408	MOBP1	NA
CP181087.1	NA	NA	NA	NA	NA	NA	NA	NA	NA	NA	NA
CP181088.1	ENA|CP181088|CP181088.1	44609	No terminal repeats	65	11	0.9904	NA	8	15.2566	virb4;T_virB5;T_virB6;T_virB8;T_virB9;MOBP1	NA
CP181099.1	NA	NA	NA	NA	NA	NA	NA	NA	NA	NA	NA
CP181100.1	ENA|CP181100|CP181100.1	2473	No terminal repeats	3	11	0.9881	NA	1	1.7936	NA	NA
CP181101.1	ENA|CP181101|CP181101.1	27266	No terminal repeats	31	11	0.9943	NA	2	7.4246	NA	NF040806;NF012167
CP181102.1	NA	NA	NA	NA	NA	NA	NA	NA	NA	NA	NA
CP181103.1	ENA|CP181103|CP181103.1	27268	No terminal repeats	31	11	0.9937	NA	2	7.7985	NA	NF012167;NF040806
CP181113.1	NA	NA	NA	NA	NA	NA	NA	NA	NA	NA	NA
CP181114.1	ENA|CP181114|CP181114.1	27267	No terminal repeats	32	11	0.9942	NA	2	7.4246	NA	NF012167;NF040806
CP181128.1	NA	NA	NA	NA	NA	NA	NA	NA	NA	NA	NA
CP181129.1	ENA|CP181129|CP181129.1	27068	No terminal repeats	35	11	0.9907	NA	1	9.5644	NA	NF033068;NF040806;NF012167
CP181130.1	NA	NA	NA	NA	NA	NA	NA	NA	NA	NA	NA
CP181138.1	NA	NA	NA	NA	NA	NA	NA	NA	NA	NA	NA
CP181139.1	ENA|CP181139|CP181139.1	27268	No terminal repeats	31	11	0.9941	NA	2	7.7985	NA	NF012167;NF040806
CP181214.1	NA	NA	NA	NA	NA	NA	NA	NA	NA	NA	NA
CP181215.1	ENA|CP181215|CP181215.1	48643	No terminal repeats	52	11	0.9911	NA	3	11.2072	FATA_prgIc;FATA_prgL	NA
CP181216.1	NA	NA	NA	NA	NA	NA	NA	NA	NA	NA	NA
CP181217.1	ENA|CP181217|CP181217.1	119402	No terminal repeats	132	11	0.9921	NA	5	35.2664	MOBP2;FATA_prgIc;FATA_prgL	NA
CP181218.1	NA	NA	NA	NA	NA	NA	NA	NA	NA	NA	NA
CP181219.1	ENA|CP181219|CP181219.1	5121	No terminal repeats	5	11	0.9924	NA	1	3.1574	MOBV	NA
CP181220.1	NA	NA	NA	NA	NA	NA	NA	NA	NA	NA	NA
CP181221.1	ENA|CP181221|CP181221.1	43672	No terminal repeats	75	11	0.9923	NA	2	10.3804	FATA_prgIc;FATA_prgL	NA
CP181226.1	NA	NA	NA	NA	NA	NA	NA	NA	NA	NA	NA
CP181227.1	ENA|CP181227|CP181227.1	60215	No terminal repeats	74	11	0.9931	NA	3	20.5387	FA_orf13	NA
CP181228.1	ENA|CP181228|CP181228.1	101421	No terminal repeats	114	11	0.9930	NA	2	36.8371	NA	NA
CP181229.1	NA	NA	NA	NA	NA	NA	NA	NA	NA	NA	NA
CP181230.1	ENA|CP181230|CP181230.1	69895	No terminal repeats	79	11	0.9913	NA	2	22.1897	MOBP2	NA
CP181231.1	ENA|CP181231|CP181231.1	53785	No terminal repeats	56	11	0.9930	NA	1	17.8224	NA	NA
CP181232.1	NA	NA	NA	NA	NA	NA	NA	NA	NA	NA	NA
CP181233.1	ENA|CP181233|CP181233.1	5122	No terminal repeats	5	11	0.9922	NA	1	3.1574	MOBV	NA
CP181238.1	NA	NA	NA	NA	NA	NA	NA	NA	NA	NA	NA
CP181239.1	ENA|CP181239|CP181239.1	74657	No terminal repeats	82	11	0.9909	NA	2	20.9591	MOBP2	NA
CP181240.1	ENA|CP181240|CP181240.1	59098	No terminal repeats	65	11	0.9899	NA	2	10.7583	MOBP2	NA
CP181241.1	NA	NA	NA	NA	NA	NA	NA	NA	NA	NA	NA
CP181242.1	ENA|CP181242|CP181242.1	5143	No terminal repeats	6	11	0.9888	NA	1	3.1574	MOBV	NA
CP181245.1	NA	NA	NA	NA	NA	NA	NA	NA	NA	NA	NA
CP181371.1	NA	NA	NA	NA	NA	NA	NA	NA	NA	NA	NA
CP181372.1	NA	NA	NA	NA	NA	NA	NA	NA	NA	NA	NA
CP181373.1	NA	NA	NA	NA	NA	NA	NA	NA	NA	NA	NA
CP181374.1	NA	NA	NA	NA	NA	NA	NA	NA	NA	NA	NA
CP181479.1	NA	NA	NA	NA	NA	NA	NA	NA	NA	NA	NA
CP181480.1	ENA|CP181480|CP181480.1	315450	No terminal repeats	325	11	0.9938	NA	24	140.2971	MOBP1;MOBP1;I_trbB;I_trbA;I_traY;I_traW;I_traV;traU;I_traT;I_traR;I_traQ;I_traP;I_traO;I_traN;I_traL;I_traK;I_traI;I_traE	NF012171;NF012174
CP181481.1	NA	NA	NA	NA	NA	NA	NA	NA	NA	NA	NA
CP181503.1	NA	NA	NA	NA	NA	NA	NA	NA	NA	NA	NA
CP181504.1	ENA|CP181504|CP181504.1	129407	No terminal repeats	145	11	0.9949	NA	24	102.1563	F_traL;F_traE;F_traK;F_traB;F_traV;virb4;F_traW;F_traU;F_trbC;F_traN;F_traF;F_traH;F_traG;t4cp2;MOBF	NA
CP181505.1	NA	NA	NA	NA	NA	NA	NA	NA	NA	NA	NA
CP181506.1	ENA|CP181506|CP181506.1	76951	No terminal repeats	84	11	0.9936	NA	9	45.0227	MOBF	NA
CP181507.1	NA	NA	NA	NA	NA	NA	NA	NA	NA	NA	NA
CP181508.1	ENA|CP181508|CP181508.1	129407	No terminal repeats	146	11	0.9949	NA	24	102.1563	F_traL;F_traE;F_traK;F_traB;F_traV;virb4;F_traW;F_traU;F_trbC;F_traN;F_traF;F_traH;F_traG;t4cp2;MOBF	NA
CP181509.1	NA	NA	NA	NA	NA	NA	NA	NA	NA	NA	NA
CP181510.1	ENA|CP181510|CP181510.1	101648	No terminal repeats	115	11	0.9935	NA	20	66.7463	I_traI;I_traK;I_traL;I_traM;I_traN;I_traO;I_traP;I_traQ;I_traR;traU;I_traW;I_traW;I_traY;I_trbA;I_trbB;MOBP1	NA
CP181511.1	ENA|CP181511|CP181511.1	76978	No terminal repeats	84	11	0.9936	NA	9	45.0227	MOBF	NA
CP181512.1	NA	NA	NA	NA	NA	NA	NA	NA	NA	NA	NA
CP181513.1	ENA|CP181513|CP181513.1	129407	No terminal repeats	145	11	0.9949	NA	24	102.1563	F_traL;F_traE;F_traK;F_traB;F_traV;virb4;F_traW;F_traU;F_trbC;F_traN;F_traF;F_traH;F_traG;t4cp2;MOBF	NA
CP181514.1	NA	NA	NA	NA	NA	NA	NA	NA	NA	NA	NA
CP181515.1	ENA|CP181515|CP181515.1	101652	No terminal repeats	114	11	0.9935	NA	19	65.0280	I_traI;I_traK;I_traL;I_traM;I_traN;I_traO;I_traP;I_traQ;I_traR;traU;I_traW;I_traY;I_trbA;I_trbB;MOBP1	NA
CP181516.1	ENA|CP181516|CP181516.1	76978	No terminal repeats	84	11	0.9936	NA	9	45.0227	MOBF	NA
CP181517.1	ENA|CP181517|CP181517.1	9923	No terminal repeats	10	11	0.9934	NA	3	7.4782	MOBP1	NF012171
CP181518.1	ENA|CP181518|CP181518.1	4249	No terminal repeats	5	11	0.9911	NA	1	1.7183	MOBP1	NA
CP181524.1	NA	NA	NA	NA	NA	NA	NA	NA	NA	NA	NA
CP181525.1	NA	NA	NA	NA	NA	NA	NA	NA	NA	NA	NA
CP181526.1	ENA|CP181526|CP181526.1	96057	No terminal repeats	106	11	0.9946	NA	28	71.1524	F_traL;F_traE;F_traK;F_traV;virb4;F_traW;F_traU;F_trbC;F_traN;F_traF;F_traH;F_traG;MOBF	NA
CP181527.1	ENA|CP181527|CP181527.1	129412	No terminal repeats	146	11	0.9949	NA	24	102.1563	F_traL;F_traE;F_traK;F_traB;F_traV;virb4;F_traW;F_traU;F_trbC;F_traN;F_traF;F_traH;F_traG;t4cp2;MOBF	NA
CP181528.1	ENA|CP181528|CP181528.1	9923	No terminal repeats	11	11	0.9928	NA	3	7.4782	MOBP1	NF012171
CP181529.1	ENA|CP181529|CP181529.1	3223	No terminal repeats	5	11	0.9948	NA	2	4.5840	MOBP1	NA
CP181616.1	NA	NA	NA	NA	NA	NA	NA	NA	NA	NA	NA
CP181617.1	ENA|CP181617|CP181617.1	5284	No terminal repeats	7	11	0.9942	NA	3	5.7581	MOBP1;MOBP1	NA
CP181618.1	ENA|CP181618|CP181618.1	64004	No terminal repeats	77	11	0.9929	NA	2	23.8401	NA	NA
CP181657.1	NA	NA	NA	NA	NA	NA	NA	NA	NA	NA	NA
CP181658.1	ENA|CP181658|CP181658.1	155720	No terminal repeats	175	11	0.9949	NA	30	117.0016	F_traE;MOBF;F_traG;F_traH;F_traF;F_traN;F_trbC;F_traU;F_traW;virb4;F_traV;F_traK;F_traE;F_traL	NF000402;NF033144;NF012178
CP181659.1	ENA|CP181659|CP181659.1	41531	No terminal repeats	50	11	0.9937	NA	1	23.2006	NA	NA
CP181668.1	NA	NA	NA	NA	NA	NA	NA	NA	NA	NA	NA
CP181669.1	ENA|CP181669|CP181669.1	64301	No terminal repeats	65	11	0.9926	NA	1	14.8882	NA	NA
CP181672.1	NA	NA	NA	NA	NA	NA	NA	NA	NA	NA	NA
CP181673.1	ENA|CP181673|CP181673.1	221272	No terminal repeats	258	11	0.9911	NA	19	50.5315	T_virB1;F_traG;F_traH;F_traF;F_traU;F_traW;virb4;F_traV;F_traB;F_traK;F_traE;F_traL;t4cp1;MOBH;virb4	NF012178
CP181674.1	ENA|CP181674|CP181674.1	109407	No terminal repeats	129	11	0.9938	NA	10	62.6638	T_virB8;T_virB9;T_virB6;T_virB5;virb4;T_virB3	NF000402;NF012147
CP181752.1	NA	NA	NA	NA	NA	NA	NA	NA	NA	NA	NA
CP181753.1	ENA|CP181753|CP181753.1	11726	No terminal repeats	17	11	0.9952	NA	3	10.8627	T_virB5	NA
CP181754.1	ENA|CP181754|CP181754.1	4550	No terminal repeats	5	11	0.9939	NA	2	3.1408	MOBP1	NA
CP181755.1	NA	NA	NA	NA	NA	NA	NA	NA	NA	NA	NA
CP181762.1	NA	NA	NA	NA	NA	NA	NA	NA	NA	NA	NA
CP181763.1	ENA|CP181763|CP181763.1	3782	No terminal repeats	6	11	0.9925	NA	1	2.1566	MOBQ	NA
CP181764.1	ENA|CP181764|CP181764.1	4563	No terminal repeats	6	11	0.9934	NA	2	3.1408	MOBP1	NA
CP181839.1	NA	NA	NA	NA	NA	NA	NA	NA	NA	NA	NA
CP181840.1	ENA|CP181840|CP181840.1	2497	No terminal repeats	4	11	0.9955	NA	1	4.8445	NA	NA
CP181841.1	ENA|CP181841|CP181841.1	10470	DTR	13	11	0.9930	NA	4	3.5021	I_traQ;I_traQ	NA
CP181842.1	NA	NA	NA	NA	NA	NA	NA	NA	NA	NA	NA
CP181843.1	ENA|CP181843|CP181843.1	4667	No terminal repeats	5	11	0.9937	NA	2	3.1408	MOBP1	NA
CP181844.1	ENA|CP181844|CP181844.1	9943	No terminal repeats	11	11	0.9937	NA	3	7.4782	MOBP1	NF012171
CP181845.1	ENA|CP181845|CP181845.1	109963	No terminal repeats	117	11	0.9941	NA	7	55.1183	F_traL;F_traE	NF000402
CP181846.1	NA	NA	NA	NA	NA	NA	NA	NA	NA	NA	NA
CP181847.1	ENA|CP181847|CP181847.1	5627	No terminal repeats	6	11	0.9936	NA	2	4.0398	MOBP1	NA
CP181848.1	ENA|CP181848|CP181848.1	4656	No terminal repeats	6	11	0.9933	NA	1	2.2083	NA	NA
CP181849.1	ENA|CP181849|CP181849.1	4551	No terminal repeats	8	11	0.9925	NA	3	5.4722	MOBP1	NA
CP181850.1	ENA|CP181850|CP181850.1	2494	No terminal repeats	3	11	0.9953	NA	1	3.1262	NA	NA
CP181851.1	NA	NA	NA	NA	NA	NA	NA	NA	NA	NA	NA
CP181852.1	ENA|CP181852|CP181852.1	6910	No terminal repeats	10	11	0.9939	NA	2	4.9260	MOBQ	NA
CP181853.1	ENA|CP181853|CP181853.1	36059	No terminal repeats	51	11	0.9934	NA	10	30.7692	MOBP1;T_virB11;T_virB9;T_virB8;T_virB6;virb4;T_virB2;T_virB1	NA
CP181857.1	NA	NA	NA	NA	NA	NA	NA	NA	NA	NA	NA
CP181858.1	ENA|CP181858|CP181858.1	178725	No terminal repeats	192	11	0.9910	NA	3	50.1338	I_traI;I_traW;I_traY	NF012171;NF033144;NF012174;NF000466
CP181859.1	NA	NA	NA	NA	NA	NA	NA	NA	NA	NA	NA
CP181860.1	NA	NA	NA	NA	NA	NA	NA	NA	NA	NA	NA
CP181861.1	ENA|CP181861|CP181861.1	67908	No terminal repeats	73	11	0.9927	NA	2	20.5227	NA	NA
CP181862.1	ENA|CP181862|CP181862.1	5311	No terminal repeats	6	11	0.9926	NA	2	1.7511	I_traQ	NA
CP181863.1	ENA|CP181863|CP181863.1	2505	No terminal repeats	4	11	0.9947	NA	1	3.1262	NA	NA
CP181864.1	NA	NA	NA	NA	NA	NA	NA	NA	NA	NA	NA
CP181865.1	ENA|CP181865|CP181865.1	4885	No terminal repeats	4	11	0.9944	NA	2	3.1408	MOBP1	NA
CP181868.1	NA	NA	NA	NA	NA	NA	NA	NA	NA	NA	NA
CP181869.1	ENA|CP181869|CP181869.1	4867	No terminal repeats	5	11	0.9940	NA	2	3.1408	MOBP1	NA
CP181900.1	NA	NA	NA	NA	NA	NA	NA	NA	NA	NA	NA
CP181901.1	ENA|CP181901|CP181901.1	68199	No terminal repeats	75	11	0.9933	NA	2	17.7135	NA	NA
CP181902.1	ENA|CP181902|CP181902.1	93778	No terminal repeats	92	11	0.9936	NA	6	35.4282	MOBF	NA
CP181955.1	NA	NA	NA	NA	NA	NA	NA	NA	NA	NA	NA
CP181956.1	ENA|CP181956|CP181956.1	49504	No terminal repeats	72	11	0.9874	NA	10	29.0156	T_virB1;T_virB3;virb4;T_virB6;T_virB8;T_virB9;I_traV;MOBP1	NA
CP181957.1	NA	NA	NA	NA	NA	NA	NA	NA	NA	NA	NA
CP181958.1	ENA|CP181958|CP181958.1	4958	No terminal repeats	7	11	0.9934	NA	3	4.5731	NA	NA
CP181959.1	ENA|CP181959|CP181959.1	4242	No terminal repeats	6	11	0.9931	NA	1	2.7467	NA	NA
CP181960.1	ENA|CP181960|CP181960.1	3030	No terminal repeats	4	11	0.9914	NA	1	2.5242	NA	NA
CP181997.1	NA	NA	NA	NA	NA	NA	NA	NA	NA	NA	NA
CP181998.1	ENA|CP181998|CP181998.1	35395	No terminal repeats	51	11	0.9920	NA	10	33.0459	T_virB1;T_virB3;virb4;T_virB5;T_virB6;T_virB8;T_virB9;t4cp2	NA
CP182050.1	NA	NA	NA	NA	NA	NA	NA	NA	NA	NA	NA
CP182051.1	ENA|CP182051|CP182051.1	153970	No terminal repeats	171	11	0.9946	NA	27	102.7746	virb4;F_traW;F_traU;F_trbC;F_traN;F_traF;F_traH;F_traG;MOBF;F_traL;F_traE;F_traK;F_traV	NF012171;NF000402
CP182052.1	ENA|CP182052|CP182052.1	3011	No terminal repeats	3	11	0.9934	NA	1	2.2083	NA	NA
CP182066.1	NA	NA	NA	NA	NA	NA	NA	NA	NA	NA	NA
CP182067.1	ENA|CP182067|CP182067.1	270435	No terminal repeats	299	11	0.9942	NA	17	191.6882	F_traE;F_traB;F_traV;virb4;F_traW;F_traU;F_trbC;F_traH;F_traF;MOBH;t4cp1	NF012171
CP182068.1	ENA|CP182068|CP182068.1	11691	No terminal repeats	17	11	0.9950	NA	3	9.3709	T_virB5	NA
CP182069.1	ENA|CP182069|CP182069.1	72377	No terminal repeats	85	11	0.9939	NA	19	63.8173	I_traI;I_traK;I_traL;I_traM;I_traN;I_traO;I_traP;I_traQ;I_traR;traU;I_traW;I_traY;I_trbA;I_trbB;MOBP1	NA
CP182094.1	NA	NA	NA	NA	NA	NA	NA	NA	NA	NA	NA
CP182095.1	ENA|CP182095|CP182095.1	60795	No terminal repeats	59	11	0.9936	NA	1	17.9201	NA	NF012174;NF012171;NF012174
CP182120.1	NA	NA	NA	NA	NA	NA	NA	NA	NA	NA	NA
CP182121.1	ENA|CP182121|CP182121.1	125691	No terminal repeats	168	11	0.9943	NA	21	81.9268	F_traG;F_traH;F_traF;F_traG;T_virB1;MOBF;T_virB2;virb4;T_virB6;T_virB8;T_virB9	NF012171;NF012174
CP182122.1	NA	NA	NA	NA	NA	NA	NA	NA	NA	NA	NA
CP182123.1	NA	NA	NA	NA	NA	NA	NA	NA	NA	NA	NA
CP182124.1	ENA|CP182124|CP182124.1	159851	No terminal repeats	207	11	0.9943	NA	30	103.4878	t4cp1;F_traL;F_traE;F_traK;F_traB;F_traV;MOBF;T_virB9;T_virB8;T_virB6;virb4;T_virB2;T_virB1;F_traG;F_traH;F_traF;MOBH	NF033085;NF012174;NF012171
CP182125.1	NA	NA	NA	NA	NA	NA	NA	NA	NA	NA	NA
CP182126.1	NA	NA	NA	NA	NA	NA	NA	NA	NA	NA	NA
CP182127.1	NA	NA	NA	NA	NA	NA	NA	NA	NA	NA	NA
CP182241.1	NA	NA	NA	NA	NA	NA	NA	NA	NA	NA	NA
CP182513.1	NA	NA	NA	NA	NA	NA	NA	NA	NA	NA	NA
CP182514.1	NA	NA	NA	NA	NA	NA	NA	NA	NA	NA	NA
CP182694.1	NA	NA	NA	NA	NA	NA	NA	NA	NA	NA	NA
CP182695.1	ENA|CP182695|CP182695.1	213860	No terminal repeats	226	11	0.9944	NA	28	121.5236	F_traE;F_traE;F_traE;MOBF;F_traG;F_traH;F_traF;F_traN;F_trbC;F_traU;F_traW;virb4;F_traV;F_traK;F_traE;F_traL	NF000402
CP182696.1	ENA|CP182696|CP182696.1	3584	No terminal repeats	5	11	0.9951	NA	1	3.7395	NA	NA
CP182700.1	NA	NA	NA	NA	NA	NA	NA	NA	NA	NA	NA
CP182701.1	ENA|CP182701|CP182701.1	131569	No terminal repeats	151	11	0.9951	NA	27	113.6751	MOBF;F_traG;F_traH;F_traF;F_traN;F_trbC;F_traU;F_traW;virb4;F_traV;F_traK;F_traE;F_traL	NA
CP182884.1	ENA|CP182884|CP182884.1	97964	No terminal repeats	117	11	0.9933	NA	4	36.6774	F_traE	NA
CP182885.1	NA	NA	NA	NA	NA	NA	NA	NA	NA	NA	NA
CP182926.1	NA	NA	NA	NA	NA	NA	NA	NA	NA	NA	NA
CP182927.1	ENA|CP182927|CP182927.1	131619	No terminal repeats	134	11	0.9935	NA	28	69.2989	MOBF;F_traG;F_traH;F_traF;F_traN;F_trbC;F_traU;F_traW;virb4;F_traV;F_traK;F_traE;F_traL	NF012147;NF012178
CP182928.1	ENA|CP182928|CP182928.1	97584	No terminal repeats	106	11	0.9948	NA	18	72.8552	MOBP1;I_trbB;I_trbA;I_traY;I_traW;I_traV;traU;I_traT;I_traR;I_traQ;I_traP;I_traO;I_traN;I_traL;I_traK;I_traI;I_traE	NA
CP182929.1	ENA|CP182929|CP182929.1	52436	No terminal repeats	66	11	0.9939	NA	10	28.5260	T_virB9;T_virB8;T_virB6;virb4;T_virB2;T_virB1	NF012171;NF012147
CP182930.1	ENA|CP182930|CP182930.1	46509	No terminal repeats	58	11	0.9925	NA	2	21.0843	NA	NA
CP182931.1	ENA|CP182931|CP182931.1	4619	No terminal repeats	8	11	0.9953	NA	3	8.0922	MOBP1	NA
CP182932.1	NA	NA	NA	NA	NA	NA	NA	NA	NA	NA	NA
CP183032.1	NA	NA	NA	NA	NA	NA	NA	NA	NA	NA	NA
CP183033.1	ENA|CP183033|CP183033.1	108022	No terminal repeats	117	11	0.9948	NA	19	84.2400	MOBP1;I_trbB;I_trbA;I_traY;I_traW;I_traV;traU;I_traT;I_traR;I_traQ;I_traP;I_traO;I_traN;I_traL;I_traK;I_traI;I_traE	NF033085
CP183034.1	ENA|CP183034|CP183034.1	46161	No terminal repeats	59	11	0.9933	NA	9	25.1041	T_virB9;T_virB8;T_virB6;virb4;T_virB2;T_virB1	NF012147
CP183218.1	NA	NA	NA	NA	NA	NA	NA	NA	NA	NA	NA
CP183219.1	ENA|CP183219|CP183219.1	50315	No terminal repeats	53	11	0.9929	NA	5	21.3015	MOBF;virb4	NA
CP183220.1	ENA|CP183220|CP183220.1	159781	No terminal repeats	157	11	0.9915	NA	9	61.7221	I_trbA;I_traY;I_traW;I_traO;I_traN;I_traL	NA
CP183221.1	NA	NA	NA	NA	NA	NA	NA	NA	NA	NA	NA
CP183242.1	NA	NA	NA	NA	NA	NA	NA	NA	NA	NA	NA
CP183243.1	ENA|CP183243|CP183243.1	229580	No terminal repeats	255	11	0.9910	NA	12	97.4702	I_traL;I_traR;I_traQ;I_traP;I_traO;I_traN;I_traW;I_traY;I_trbA	NA
CP183244.1	NA	NA	NA	NA	NA	NA	NA	NA	NA	NA	NA
CP183288.1	NA	NA	NA	NA	NA	NA	NA	NA	NA	NA	NA
CP183289.1	ENA|CP183289|CP183289.1	75921	No terminal repeats	77	11	0.9926	NA	22	50.6174	F_traW;F_traU;F_trbC;F_traN;F_traF;F_traH;F_traG;t4cp2;MOBF;F_traL;F_traK;F_traB;F_traV	NA
CP183290.1	ENA|CP183290|CP183290.1	86578	No terminal repeats	90	11	0.9932	NA	20	65.1551	I_traK;I_traL;I_traM;I_traN;I_traO;I_traP;I_traQ;I_traR;traU;I_traW;I_traY;I_trbA;I_trbB;MOBP1;I_traI	NA
CP183291.1	NA	NA	NA	NA	NA	NA	NA	NA	NA	NA	NA
CP183417.1	NA	NA	NA	NA	NA	NA	NA	NA	NA	NA	NA
CP183425.1	NA	NA	NA	NA	NA	NA	NA	NA	NA	NA	NA
CP183849.1	NA	NA	NA	NA	NA	NA	NA	NA	NA	NA	NA
CP183850.1	ENA|CP183850|CP183850.1	297690	No terminal repeats	322	11	0.9939	NA	17	197.8027	F_traE;F_traB;F_traV;virb4;F_traW;F_traU;F_trbC;F_traH;F_traF;MOBH;t4cp1	NF000153
CP183851.1	ENA|CP183851|CP183851.1	46161	No terminal repeats	58	11	0.9938	NA	9	25.1041	T_virB9;T_virB8;T_virB6;virb4;T_virB2;T_virB1	NF012147
CP183852.1	NA	NA	NA	NA	NA	NA	NA	NA	NA	NA	NA
CP183859.1	NA	NA	NA	NA	NA	NA	NA	NA	NA	NA	NA
CP183860.1	ENA|CP183860|CP183860.1	273897	No terminal repeats	297	11	0.9941	NA	17	195.7406	F_traE;F_traB;F_traV;virb4;F_traW;F_traU;F_trbC;F_traH;F_traF;MOBH;t4cp1	NF000153
CP183861.1	ENA|CP183861|CP183861.1	44962	No terminal repeats	57	11	0.9935	NA	9	25.1041	T_virB9;T_virB8;T_virB6;virb4;T_virB2;T_virB1	NF012147
CP183862.1	ENA|CP183862|CP183862.1	118953	No terminal repeats	114	11	0.9932	NA	23	50.8725	F_traE;F_traE;F_traK;F_traV;virb4;F_traW;F_traU;F_trbC;F_traN;F_traF;F_traH;F_traG;MOBF	NA
CP183863.1	ENA|CP183863|CP183863.1	2495	No terminal repeats	3	11	0.9953	NA	1	3.1262	NA	NA
CP183864.1	NA	NA	NA	NA	NA	NA	NA	NA	NA	NA	NA
CP184234.1	NA	NA	NA	NA	NA	NA	NA	NA	NA	NA	NA
CP184235.1	ENA|CP184235|CP184235.1	201958	No terminal repeats	234	11	0.9888	NA	1	50.2192	MOBP2	NA
CP184236.1	ENA|CP184236|CP184236.1	108754	No terminal repeats	134	11	0.9880	NA	2	12.9156	NA	NF033115
CP184237.1	ENA|CP184237|CP184237.1	50005	No terminal repeats	68	11	0.9941	NA	1	16.2409	NA	NF033068
CP184238.1	NA	NA	NA	NA	NA	NA	NA	NA	NA	NA	NA
CP184549.1	NA	NA	NA	NA	NA	NA	NA	NA	NA	NA	NA
CP184550.1	ENA|CP184550|CP184550.1	38093	No terminal repeats	50	11	0.9941	NA	6	21.1654	MOBV	NF033693;NF040806;NF012167
CP184583.1	NA	NA	NA	NA	NA	NA	NA	NA	NA	NA	NA
CP184584.1	ENA|CP184584|CP184584.1	72254	No terminal repeats	101	11	0.9880	NA	16	31.1168	t4cp2;F_traL;F_traE;F_traK;F_traB;F_traV;F_traV;F_traW;F_traU;F_trbC;F_trbC;F_traF;F_traH;F_traG	NA
CP184593.1	NA	NA	NA	NA	NA	NA	NA	NA	NA	NA	NA
CP184594.1	NA	NA	NA	NA	NA	NA	NA	NA	NA	NA	NA
CP184642.1	NA	NA	NA	NA	NA	NA	NA	NA	NA	NA	NA
CP184803.1	NA	NA	NA	NA	NA	NA	NA	NA	NA	NA	NA
CP184804.1	NA	NA	NA	NA	NA	NA	NA	NA	NA	NA	NA
CP184805.1	NA	NA	NA	NA	NA	NA	NA	NA	NA	NA	NA
CP184806.1	NA	NA	NA	NA	NA	NA	NA	NA	NA	NA	NA
CP184807.1	NA	NA	NA	NA	NA	NA	NA	NA	NA	NA	NA
CP184808.1	NA	NA	NA	NA	NA	NA	NA	NA	NA	NA	NA
CP184809.1	NA	NA	NA	NA	NA	NA	NA	NA	NA	NA	NA
CP184810.1	NA	NA	NA	NA	NA	NA	NA	NA	NA	NA	NA
CP184877.1	NA	NA	NA	NA	NA	NA	NA	NA	NA	NA	NA
CP184878.1	ENA|CP184878|CP184878.1	2669	No terminal repeats	3	11	0.9938	NA	1	2.3861	NA	NA
CP184879.1	NA	NA	NA	NA	NA	NA	NA	NA	NA	NA	NA
CP184880.1	ENA|CP184880|CP184880.1	64327	No terminal repeats	78	11	0.9946	NA	16	49.6868	F_traL;F_traE;F_traK;F_traV	NA
CP184881.1	ENA|CP184881|CP184881.1	29336	No terminal repeats	37	11	0.9943	NA	2	15.3063	NA	NF012171;NF012174;NF012171
CP184882.1	NA	NA	NA	NA	NA	NA	NA	NA	NA	NA	NA
CP185056.1	ENA|CP185056|CP185056.1	246539	No terminal repeats	261	11	0.9940	NA	25	113.6033	F_traL;F_traK;F_traV;virb4;F_traW;F_traU;F_trbC;F_traF;F_traH;F_traG;MOBF;F_traE	NF000402;NF012174;NF000270;NF012171
CP185057.1	ENA|CP185057|CP185057.1	46828	No terminal repeats	60	11	0.9937	NA	9	24.5654	T_virB9;T_virB8;T_virB6;virb4;T_virB2;T_virB1	NA
CP185058.1	NA	NA	NA	NA	NA	NA	NA	NA	NA	NA	NA
CP185080.1	ENA|CP185080|CP185080.1	246725	No terminal repeats	254	11	0.9942	NA	27	116.1269	F_traE;MOBF;F_traG;F_traH;F_traF;F_traN;F_trbC;F_traU;F_traW;virb4;F_traV;F_traK;F_traE;F_traL	NF000402;NF012171;NF000270;NF012174
CP185081.1	ENA|CP185081|CP185081.1	46833	No terminal repeats	59	11	0.9938	NA	9	24.5654	T_virB1;T_virB2;virb4;T_virB6;T_virB8;T_virB9	NA
CP185082.1	NA	NA	NA	NA	NA	NA	NA	NA	NA	NA	NA
CP185155.1	NA	NA	NA	NA	NA	NA	NA	NA	NA	NA	NA
CP185156.1	ENA|CP185156|CP185156.1	192598	No terminal repeats	206	11	0.9942	NA	27	103.0653	F_traL;F_traE;F_traK;F_traV;virb4;F_traW;F_traU;F_trbC;F_traN;F_traF;F_traH;F_traG;MOBF;F_traE	NF012171;NF000402;NF012174;NF000270
CP185157.1	ENA|CP185157|CP185157.1	46834	No terminal repeats	60	11	0.9935	NA	9	24.5654	T_virB1;T_virB2;virb4;T_virB6;T_virB8;T_virB9	NA
CP185191.1	NA	NA	NA	NA	NA	NA	NA	NA	NA	NA	NA
CP185192.1	ENA|CP185192|CP185192.1	48090	No terminal repeats	62	11	0.9936	NA	9	24.5654	T_virB1;T_virB2;virb4;T_virB6;T_virB8;T_virB9	NA
CP185193.1	ENA|CP185193|CP185193.1	243119	No terminal repeats	255	11	0.9940	NA	27	115.4465	F_traL;F_traE;F_traK;F_traV;virb4;F_traW;F_traU;F_trbC;F_traN;F_traF;F_traH;F_traG;MOBF;F_traE	NF000270;NF012171;NF000402;NF012174
CP185232.1	NA	NA	NA	NA	NA	NA	NA	NA	NA	NA	NA
CP185233.1	ENA|CP185233|CP185233.1	243129	No terminal repeats	251	11	0.9941	NA	27	115.5878	F_traL;F_traE;F_traK;F_traV;virb4;F_traW;F_traU;F_trbC;F_traN;F_traF;F_traH;F_traG;MOBF;F_traE	NF000402;NF012174;NF000270;NF012171
CP185234.1	ENA|CP185234|CP185234.1	46835	No terminal repeats	59	11	0.9927	NA	9	24.5654	T_virB9;T_virB8;T_virB6;virb4;T_virB2;T_virB1	NA
CP185285.1	NA	NA	NA	NA	NA	NA	NA	NA	NA	NA	NA
CP185292.1	NA	NA	NA	NA	NA	NA	NA	NA	NA	NA	NA
CP185293.1	ENA|CP185293|CP185293.1	35987	No terminal repeats	51	11	0.9934	NA	10	30.7692	T_virB11;T_virB9;T_virB8;T_virB6;virb4;T_virB2;T_virB1;MOBP1	NA
CP185772.1	NA	NA	NA	NA	NA	NA	NA	NA	NA	NA	NA
CP185780.1	NA	NA	NA	NA	NA	NA	NA	NA	NA	NA	NA
CP185808.1	NA	NA	NA	NA	NA	NA	NA	NA	NA	NA	NA
CP185809.1	ENA|CP185809|CP185809.1	112188	No terminal repeats	121	11	0.9950	NA	20	80.8108	MOBP1;I_trbB;I_trbA;I_traY;I_traW;I_traV;traU;I_traT;I_traR;I_traQ;I_traP;I_traO;I_traN;I_traL;I_traK;I_traI;I_traE	NF012147
CP185810.1	NA	NA	NA	NA	NA	NA	NA	NA	NA	NA	NA
CP185811.1	ENA|CP185811|CP185811.1	4263	No terminal repeats	4	11	0.9917	NA	1	2.8010	NA	NA
CP185855.1	NA	NA	NA	NA	NA	NA	NA	NA	NA	NA	NA
CP185858.1	NA	NA	NA	NA	NA	NA	NA	NA	NA	NA	NA
CP186004.1	NA	NA	NA	NA	NA	NA	NA	NA	NA	NA	NA
CP186042.1	NA	NA	NA	NA	NA	NA	NA	NA	NA	NA	NA
CP186043.1	ENA|CP186043|CP186043.1	45707	No terminal repeats	59	11	0.9935	NA	8	31.5749	T_virB9;T_virB8;T_virB6;virb4;T_virB2	NA
CP186044.1	ENA|CP186044|CP186044.1	57078	No terminal repeats	74	11	0.9944	NA	9	47.8612	T_virB9;T_virB8;T_virB6;T_virB5;virb4;T_virB3;T_virB1	NF012147;NF000005
CP186045.1	ENA|CP186045|CP186045.1	94374	No terminal repeats	105	11	0.9948	NA	29	76.2987	F_traL;F_traE;F_traK;F_traV;virb4;F_traW;F_traU;F_trbC;F_traN;F_traF;F_traH;F_traG;MOBF	NA
CP186046.1	NA	NA	NA	NA	NA	NA	NA	NA	NA	NA	NA
CP186047.1	ENA|CP186047|CP186047.1	5409	No terminal repeats	8	11	0.9938	NA	2	4.1278	MOBP1	NA
CP186048.1	ENA|CP186048|CP186048.1	4921	No terminal repeats	4	11	0.9938	NA	2	3.1408	MOBP1	NA
CP186049.1	ENA|CP186049|CP186049.1	4665	No terminal repeats	5	11	0.9938	NA	2	3.1408	MOBP1	NA
CP186050.1	ENA|CP186050|CP186050.1	154852	No terminal repeats	193	11	0.9922	NA	24	77.0907	T_virB8;T_virB9;MOBH;t4cp1;F_traL;F_traE;F_traK;F_traB;F_traV;virb4;F_traW;F_traU;F_trbC;F_traF;F_traH;F_traG;T_virB1	NF000466
CP186367.1	ENA|CP186367|CP186367.1	180837	No terminal repeats	201	11	0.9939	NA	12	80.7916	F_traE;T_virB1;T_virB3	NF000402;NF000270
CP186368.1	ENA|CP186368|CP186368.1	41245	No terminal repeats	49	11	0.9932	NA	1	12.1724	NA	NA
CP186369.1	ENA|CP186369|CP186369.1	4473	No terminal repeats	5	11	0.9928	NA	1	2.2083	NA	NA
CP186370.1	NA	NA	NA	NA	NA	NA	NA	NA	NA	NA	NA
CP186371.1	ENA|CP186371|CP186371.1	5459	No terminal repeats	7	11	0.9924	NA	1	2.2083	NA	NA
CP186372.1	ENA|CP186372|CP186372.1	6141	No terminal repeats	7	11	0.9957	NA	2	5.5113	MOBP1	NF040806
CP186539.1	NA	NA	NA	NA	NA	NA	NA	NA	NA	NA	NA
CP186928.1	NA	NA	NA	NA	NA	NA	NA	NA	NA	NA	NA
CP186929.1	ENA|CP186929|CP186929.1	121445	No terminal repeats	146	11	0.9948	NA	29	106.9087	MOBF;F_traG;F_traH;F_traF;F_traN;F_trbC;F_traU;F_traW;virb4;F_traV;F_traK;F_traE;F_traL	NF000270;NF012147;NF000005
CP186930.1	ENA|CP186930|CP186930.1	153935	No terminal repeats	190	11	0.9919	NA	21	73.4387	MOBH;t4cp1;F_traL;F_traE;F_traK;F_traB;F_traV;virb4;F_traW;F_traU;F_trbC;F_traF;F_traH;F_traG;T_virB1	NF000270;NF033144;NF012178
CP187118.1	NA	NA	NA	NA	NA	NA	NA	NA	NA	NA	NA
CP187119.1	ENA|CP187119|CP187119.1	60208	No terminal repeats	72	11	0.9933	NA	8	40.6514	T_virB9;T_virB8;T_virB6;T_virB5;virb4;T_virB3	NA
CP187120.1	ENA|CP187120|CP187120.1	101530	No terminal repeats	103	11	0.9923	NA	7	30.5311	F_traF;F_traH;F_traG;T_virB1	NF000153;NF000270;NF033144;NF012178
CP187121.1	ENA|CP187121|CP187121.1	42740	No terminal repeats	44	11	0.9937	NA	2	15.7229	F_traE	NF000270
CP187263.1	NA	NA	NA	NA	NA	NA	NA	NA	NA	NA	NA
CP187264.1	NA	NA	NA	NA	NA	NA	NA	NA	NA	NA	NA
CP187269.1	NA	NA	NA	NA	NA	NA	NA	NA	NA	NA	NA
CP187272.1	NA	NA	NA	NA	NA	NA	NA	NA	NA	NA	NA
CP187577.1	NA	NA	NA	NA	NA	NA	NA	NA	NA	NA	NA
CP187578.1	NA	NA	NA	NA	NA	NA	NA	NA	NA	NA	NA
CP187579.1	NA	NA	NA	NA	NA	NA	NA	NA	NA	NA	NA
CP187580.1	NA	NA	NA	NA	NA	NA	NA	NA	NA	NA	NA
CP187581.1	ENA|CP187581|CP187581.1	6772	No terminal repeats	11	11	0.9936	NA	2	3.0786	MOBP1	NA
CP187582.1	NA	NA	NA	NA	NA	NA	NA	NA	NA	NA	NA
CP187730.1	NA	NA	NA	NA	NA	NA	NA	NA	NA	NA	NA
CP187731.1	ENA|CP187731|CP187731.1	41087	No terminal repeats	53	11	0.9897	NA	2	15.2326	I_traV;MOBP1	NA
CP187944.1	NA	NA	NA	NA	NA	NA	NA	NA	NA	NA	NA
CP188116.1	NA	NA	NA	NA	NA	NA	NA	NA	NA	NA	NA
CP188268.1	NA	NA	NA	NA	NA	NA	NA	NA	NA	NA	NA
CP188291.1	NA	NA	NA	NA	NA	NA	NA	NA	NA	NA	NA
CP188292.1	ENA|CP188292|CP188292.1	19054	No terminal repeats	23	11	0.9920	NA	2	9.9353	T_virB6;MOBQ	NA
CP188293.1	ENA|CP188293|CP188293.1	11109	No terminal repeats	11	11	0.9929	NA	1	4.5502	NA	NA
CP189712.1	NA	NA	NA	NA	NA	NA	NA	NA	NA	NA	NA
CP189713.1	ENA|CP189713|CP189713.1	56147	No terminal repeats	63	11	0.9930	NA	4	31.3261	FATA_trsC;FATA_trsD;FATA_trsL	NF012176
CP189714.1	ENA|CP189714|CP189714.1	26539	No terminal repeats	35	11	0.9923	NA	1	7.4070	NA	NA
CP189715.1	ENA|CP189715|CP189715.1	148219	No terminal repeats	151	11	0.9893	NA	2	38.2339	MOBP2	NA
CP189754.1	NA	NA	NA	NA	NA	NA	NA	NA	NA	NA	NA
CP189755.1	NA	NA	NA	NA	NA	NA	NA	NA	NA	NA	NA
CP189757.1	NA	NA	NA	NA	NA	NA	NA	NA	NA	NA	NA
CP189758.1	NA	NA	NA	NA	NA	NA	NA	NA	NA	NA	NA
CP189768.1	NA	NA	NA	NA	NA	NA	NA	NA	NA	NA	NA
CP189769.1	NA	NA	NA	NA	NA	NA	NA	NA	NA	NA	NA
CP189770.1	NA	NA	NA	NA	NA	NA	NA	NA	NA	NA	NA
CP189771.1	NA	NA	NA	NA	NA	NA	NA	NA	NA	NA	NA
CP189772.1	NA	NA	NA	NA	NA	NA	NA	NA	NA	NA	NA
CP189773.1	NA	NA	NA	NA	NA	NA	NA	NA	NA	NA	NA
CP189777.1	NA	NA	NA	NA	NA	NA	NA	NA	NA	NA	NA
CP189877.1	ENA|CP189877|CP189877.1	190695	No terminal repeats	215	11	0.9941	NA	18	171.3919	F_traE;F_traB;F_traV;virb4;F_traW;F_traU;F_trbC;F_traG;F_traH;F_traF;MOBH;t4cp1	NA
CP189878.1	NA	NA	NA	NA	NA	NA	NA	NA	NA	NA	NA
CP189879.1	NA	NA	NA	NA	NA	NA	NA	NA	NA	NA	NA
CP189885.1	NA	NA	NA	NA	NA	NA	NA	NA	NA	NA	NA
CP189886.1	ENA|CP189886|CP189886.1	81194	No terminal repeats	89	11	0.9942	NA	24	49.3979	F_traL;F_traE;F_traK;F_traB;F_traV;virb4;F_traW;F_traU;F_traN;F_traF;F_traH;F_traG;t4cp2;MOBF	NF012147;NF000005
CP189887.1	ENA|CP189887|CP189887.1	2495	No terminal repeats	3	11	0.9954	NA	1	3.1262	NA	NA
CP190370.1	NA	NA	NA	NA	NA	NA	NA	NA	NA	NA	NA
CP190371.1	NA	NA	NA	NA	NA	NA	NA	NA	NA	NA	NA
CP190372.1	ENA|CP190372|CP190372.1	14376	No terminal repeats	19	11	0.9925	NA	2	5.3564	MOBQ;T_virB6	NA
CP190373.1	ENA|CP190373|CP190373.1	16761	No terminal repeats	21	11	0.9919	NA	2	5.3564	T_virB6;MOBQ	NA
CP190374.1	ENA|CP190374|CP190374.1	15987	No terminal repeats	18	11	0.9917	NA	2	5.3564	T_virB6;MOBQ	NA
CP190387.1	NA	NA	NA	NA	NA	NA	NA	NA	NA	NA	NA
CP190388.1	ENA|CP190388|CP190388.1	27678	No terminal repeats	35	11	0.9936	NA	2	16.3189	MOBQ;MOBQ	NA
CP190400.1	NA	NA	NA	NA	NA	NA	NA	NA	NA	NA	NA
CP190401.1	ENA|CP190401|CP190401.1	222879	No terminal repeats	236	11	0.9889	NA	2	58.2288	MOBP2	NA
CP190402.1	NA	NA	NA	NA	NA	NA	NA	NA	NA	NA	NA
CP191185.1	NA	NA	NA	NA	NA	NA	NA	NA	NA	NA	NA
CP191186.1	ENA|CP191186|CP191186.1	100743	No terminal repeats	110	11	0.9949	NA	19	80.1192	MOBP1;I_trbB;I_trbA;I_traY;I_traW;I_traV;traU;I_traT;I_traR;I_traQ;I_traP;I_traO;I_traN;I_traL;I_traK;I_traI;I_traE	NA
CP191190.1	NA	NA	NA	NA	NA	NA	NA	NA	NA	NA	NA
CP191191.1	NA	NA	NA	NA	NA	NA	NA	NA	NA	NA	NA
CP191192.1	NA	NA	NA	NA	NA	NA	NA	NA	NA	NA	NA
CP191193.1	NA	NA	NA	NA	NA	NA	NA	NA	NA	NA	NA
CP191194.1	NA	NA	NA	NA	NA	NA	NA	NA	NA	NA	NA
CP191195.1	NA	NA	NA	NA	NA	NA	NA	NA	NA	NA	NA
CP191196.1	NA	NA	NA	NA	NA	NA	NA	NA	NA	NA	NA
CP191197.1	NA	NA	NA	NA	NA	NA	NA	NA	NA	NA	NA
CP191198.1	NA	NA	NA	NA	NA	NA	NA	NA	NA	NA	NA
CP191199.1	NA	NA	NA	NA	NA	NA	NA	NA	NA	NA	NA
CP191236.1	NA	NA	NA	NA	NA	NA	NA	NA	NA	NA	NA
CP191237.1	NA	NA	NA	NA	NA	NA	NA	NA	NA	NA	NA
CP191244.1	NA	NA	NA	NA	NA	NA	NA	NA	NA	NA	NA
CP191245.1	ENA|CP191245|CP191245.1	78326	No terminal repeats	103	11	0.9884	NA	15	36.4842	t4cp2;F_traL;F_traE;F_traK;F_traB;F_traV;F_traW;F_traU;F_trbC;F_trbC;F_traF;F_traH;F_traG	NA
CP191246.1	NA	NA	NA	NA	NA	NA	NA	NA	NA	NA	NA
CP191247.1	NA	NA	NA	NA	NA	NA	NA	NA	NA	NA	NA
CP191283.1	NA	NA	NA	NA	NA	NA	NA	NA	NA	NA	NA
CP191284.1	NA	NA	NA	NA	NA	NA	NA	NA	NA	NA	NA
CP191290.1	NA	NA	NA	NA	NA	NA	NA	NA	NA	NA	NA
CP191302.1	NA	NA	NA	NA	NA	NA	NA	NA	NA	NA	NA
CP191303.1	ENA|CP191303|CP191303.1	74760	No terminal repeats	91	11	0.9913	NA	1	13.7811	NA	NA
CP191304.1	ENA|CP191304|CP191304.1	5143	No terminal repeats	5	11	0.9912	NA	1	3.1574	MOBV	NA
CP191305.1	NA	NA	NA	NA	NA	NA	NA	NA	NA	NA	NA
CP191306.1	ENA|CP191306|CP191306.1	71942	No terminal repeats	82	11	0.9905	NA	2	12.7140	NA	NF033693
CP191307.1	ENA|CP191307|CP191307.1	60652	No terminal repeats	57	11	0.9900	NA	2	12.2381	MOBP2	NA
CP191308.1	NA	NA	NA	NA	NA	NA	NA	NA	NA	NA	NA
CP191309.1	NA	NA	NA	NA	NA	NA	NA	NA	NA	NA	NA
CP191310.1	ENA|CP191310|CP191310.1	65945	No terminal repeats	66	11	0.9914	NA	1	12.1095	NA	NA
CP191311.1	ENA|CP191311|CP191311.1	43959	No terminal repeats	45	11	0.9925	NA	2	9.8088	FATA_prgIc;FATA_prgL	NA
CP191312.1	NA	NA	NA	NA	NA	NA	NA	NA	NA	NA	NA
CP191313.1	NA	NA	NA	NA	NA	NA	NA	NA	NA	NA	NA
CP191314.1	ENA|CP191314|CP191314.1	66110	No terminal repeats	65	11	0.9920	NA	3	27.3885	FA_orf13	NA
CP191315.1	ENA|CP191315|CP191315.1	64692	No terminal repeats	66	11	0.9930	NA	2	22.8896	NA	NA
CP191316.1	ENA|CP191316|CP191316.1	61170	No terminal repeats	69	11	0.9931	NA	3	17.3537	FA_orf13	NA
CP191317.1	ENA|CP191317|CP191317.1	13305	No terminal repeats	15	11	0.9945	NA	3	5.4563	MOBP1	NA
CP191318.1	ENA|CP191318|CP191318.1	5107	No terminal repeats	5	11	0.9908	NA	1	3.1574	MOBV	NA
CP191367.1	NA	NA	NA	NA	NA	NA	NA	NA	NA	NA	NA
CP191368.1	NA	NA	NA	NA	NA	NA	NA	NA	NA	NA	NA
CP191461.1	NA	NA	NA	NA	NA	NA	NA	NA	NA	NA	NA
CP191462.1	NA	NA	NA	NA	NA	NA	NA	NA	NA	NA	NA
CP191463.1	ENA|CP191463|CP191463.1	55235	No terminal repeats	70	11	0.9934	NA	9	22.9003	T_virB9;T_virB8;T_virB6;virb4;T_virB2;T_virB1	NF000005;NF012147
CP191542.1	NA	NA	NA	NA	NA	NA	NA	NA	NA	NA	NA
CP191543.1	NA	NA	NA	NA	NA	NA	NA	NA	NA	NA	NA
CP191634.1	NA	NA	NA	NA	NA	NA	NA	NA	NA	NA	NA
CP191635.1	ENA|CP191635|CP191635.1	5281	No terminal repeats	9	11	0.9923	NA	1	3.2636	NA	NA
CP191636.1	ENA|CP191636|CP191636.1	10585	No terminal repeats	14	11	0.9934	NA	2	6.5272	NA	NA
CP191637.1	ENA|CP191637|CP191637.1	16095	No terminal repeats	19	11	0.9920	NA	2	3.6381	MOBQ;T_virB6	NA
CP191658.1	NA	NA	NA	NA	NA	NA	NA	NA	NA	NA	NA
CP191659.1	NA	NA	NA	NA	NA	NA	NA	NA	NA	NA	NA
CP191660.1	NA	NA	NA	NA	NA	NA	NA	NA	NA	NA	NA
CP191661.1	NA	NA	NA	NA	NA	NA	NA	NA	NA	NA	NA
CP191789.1	NA	NA	NA	NA	NA	NA	NA	NA	NA	NA	NA
CP191790.1	ENA|CP191790|CP191790.1	229665	No terminal repeats	265	11	0.9890	NA	2	62.3913	MOBP2	NA
CP191791.1	ENA|CP191791|CP191791.1	59087	No terminal repeats	64	11	0.9942	NA	2	32.9702	MOBP2	NA
CP191792.1	NA	NA	NA	NA	NA	NA	NA	NA	NA	NA	NA
CP191793.1	ENA|CP191793|CP191793.1	9316	No terminal repeats	13	11	0.9921	NA	1	6.3127	NA	NA
CP191794.1	NA	NA	NA	NA	NA	NA	NA	NA	NA	NA	NA
CP191795.1	ENA|CP191795|CP191795.1	4305	No terminal repeats	5	11	0.9957	NA	1	6.0921	NA	NA
CP191796.1	ENA|CP191796|CP191796.1	4074	No terminal repeats	5	11	0.9947	NA	1	4.1842	NA	NA
CP191797.1	NA	NA	NA	NA	NA	NA	NA	NA	NA	NA	NA
CP191798.1	NA	NA	NA	NA	NA	NA	NA	NA	NA	NA	NA
CP192213.1	NA	NA	NA	NA	NA	NA	NA	NA	NA	NA	NA
CP192214.1	NA	NA	NA	NA	NA	NA	NA	NA	NA	NA	NA
CP192222.1	NA	NA	NA	NA	NA	NA	NA	NA	NA	NA	NA
CP192223.1	ENA|CP192223|CP192223.1	46161	No terminal repeats	58	11	0.9938	NA	9	25.1041	T_virB9;T_virB8;T_virB6;virb4;T_virB2;T_virB1	NF012147
CP192224.1	ENA|CP192224|CP192224.1	200458	No terminal repeats	245	11	0.9928	NA	23	87.1019	MOBC;MOBH;t4cp1;F_traL;F_traE;F_traK;F_traB;F_traV;virb4;F_traW;F_traU;F_trbC;F_traF;F_traH;F_traG;T_virB1	NF012174;NF012171;NF033144
CP192225.1	NA	NA	NA	NA	NA	NA	NA	NA	NA	NA	NA
CP192226.1	ENA|CP192226|CP192226.1	6365	No terminal repeats	9	11	0.9946	NA	2	4.4944	MOBP1	NA
CP192227.1	ENA|CP192227|CP192227.1	2444	No terminal repeats	3	11	0.9940	NA	1	1.9016	NA	NA
CP192230.1	NA	NA	NA	NA	NA	NA	NA	NA	NA	NA	NA
CP192231.1	ENA|CP192231|CP192231.1	231406	No terminal repeats	267	11	0.9886	NA	2	62.1800	MOBP2	NF033693
CP192232.1	ENA|CP192232|CP192232.1	56344	No terminal repeats	61	11	0.9942	NA	2	32.2325	MOBP2	NA
CP192233.1	NA	NA	NA	NA	NA	NA	NA	NA	NA	NA	NA
CP192234.1	ENA|CP192234|CP192234.1	9316	No terminal repeats	13	11	0.9921	NA	1	6.3127	NA	NA
CP192235.1	NA	NA	NA	NA	NA	NA	NA	NA	NA	NA	NA
CP192236.1	ENA|CP192236|CP192236.1	4305	No terminal repeats	5	11	0.9957	NA	1	6.0921	NA	NA
CP192237.1	ENA|CP192237|CP192237.1	4074	No terminal repeats	5	11	0.9947	NA	1	4.1842	NA	NA
CP192238.1	NA	NA	NA	NA	NA	NA	NA	NA	NA	NA	NA
CP192239.1	NA	NA	NA	NA	NA	NA	NA	NA	NA	NA	NA
CP192440.1	NA	NA	NA	NA	NA	NA	NA	NA	NA	NA	NA
CP192503.1	NA	NA	NA	NA	NA	NA	NA	NA	NA	NA	NA
CP192504.1	ENA|CP192504|CP192504.1	54761	No terminal repeats	73	11	0.9944	NA	9	50.0572	T_virB1;T_virB3;virb4;T_virB5;T_virB6;T_virB8;T_virB9	NF000005;NF012147
CP192505.1	NA	NA	NA	NA	NA	NA	NA	NA	NA	NA	NA
CP192506.1	ENA|CP192506|CP192506.1	156223	No terminal repeats	160	11	0.9913	NA	22	46.9807	T_virB1;F_trbC;F_traG;F_traH;F_traF;F_traU;F_traW;virb4;F_traV;F_traB;F_traK;F_traE;F_traL;t4cp1;MOBH	NF033144;NF012147;NF040806;NF000153
CP192508.2	NA	NA	NA	NA	NA	NA	NA	NA	NA	NA	NA
CP192613.1	NA	NA	NA	NA	NA	NA	NA	NA	NA	NA	NA
CP192614.1	ENA|CP192614|CP192614.1	59143	No terminal repeats	63	11	0.9939	NA	2	27.7027	MOBP2	NA
CP192615.1	ENA|CP192615|CP192615.1	49630	No terminal repeats	56	11	0.9932	NA	2	18.1663	NA	NF033115;NF033068
CP192616.1	ENA|CP192616|CP192616.1	9316	No terminal repeats	13	11	0.9920	NA	1	6.3127	NA	NA
CP192617.1	ENA|CP192617|CP192617.1	4305	No terminal repeats	6	11	0.9951	NA	1	6.0921	NA	NA
CP192618.1	NA	NA	NA	NA	NA	NA	NA	NA	NA	NA	NA
CP192817.1	NA	NA	NA	NA	NA	NA	NA	NA	NA	NA	NA
CP192818.1	ENA|CP192818|CP192818.1	35202	No terminal repeats	44	11	0.9832	NA	3	11.5179	MOBP2	NA
CP192834.1	ENA|CP192834|CP192834.1	41457	No terminal repeats	45	11	0.9943	NA	4	21.6008	MOBV;MOBV	NF040806;NF012167;NF040806;NF012167
CP192835.1	NA	NA	NA	NA	NA	NA	NA	NA	NA	NA	NA
CP193906.1	NA	NA	NA	NA	NA	NA	NA	NA	NA	NA	NA
CP193956.1	NA	NA	NA	NA	NA	NA	NA	NA	NA	NA	NA
CP193957.1	ENA|CP193957|CP193957.1	311300	No terminal repeats	315	11	0.9940	NA	24	138.3921	MOBP1;I_trbB;I_trbA;I_traY;I_traW;I_traV;traU;I_traT;I_traR;I_traQ;I_traP;I_traO;I_traN;I_traL;I_traK;I_traI;I_traE;MOBP1	NF012174;NF012171;NF000107
CP193986.1	NA	NA	NA	NA	NA	NA	NA	NA	NA	NA	NA
CP193987.1	NA	NA	NA	NA	NA	NA	NA	NA	NA	NA	NA
CP193988.1	NA	NA	NA	NA	NA	NA	NA	NA	NA	NA	NA
CP193989.1	NA	NA	NA	NA	NA	NA	NA	NA	NA	NA	NA
CP193990.1	ENA|CP193990|CP193990.1	201597	No terminal repeats	228	11	0.9945	NA	27	125.9390	F_traL;F_traE;F_traK;F_traV;virb4;F_traW;F_traU;F_trbC;F_traN;F_traF;F_traH;F_traG;MOBF	NF000270;NF012174;NF000402
CP193991.1	NA	NA	NA	NA	NA	NA	NA	NA	NA	NA	NA
CP193992.1	ENA|CP193992|CP193992.1	91155	No terminal repeats	116	11	0.9951	NA	25	77.8237	F_traH;F_traF;F_traN;F_trbC;F_traU;F_traW;virb4;F_traV;F_traK;F_traE;F_traL	NF000466;NF000466
CP193993.1	ENA|CP193993|CP193993.1	80938	No terminal repeats	110	11	0.9953	NA	16	87.8187	F_traE;F_traL;F_traE;F_traL	NA
CP193994.1	NA	NA	NA	NA	NA	NA	NA	NA	NA	NA	NA
CP193995.1	ENA|CP193995|CP193995.1	204112	No terminal repeats	228	11	0.9939	NA	6	77.9037	F_traE	NF033134
CP193996.1	ENA|CP193996|CP193996.1	149993	No terminal repeats	186	11	0.9948	NA	17	112.6439	F_traL;F_traE	NF000466;NF000402
CP193997.1	ENA|CP193997|CP193997.1	97034	No terminal repeats	115	11	0.9942	NA	20	64.4130	I_traI;I_traK;I_traL;I_traN;I_traO;I_traP;I_traQ;I_traR;traU;I_traW;I_traY;I_trbA;I_trbB;MOBP1;I_traI;I_traK	NF012174
CP194217.1	NA	NA	NA	NA	NA	NA	NA	NA	NA	NA	NA
CP194218.1	NA	NA	NA	NA	NA	NA	NA	NA	NA	NA	NA
CP194220.1	NA	NA	NA	NA	NA	NA	NA	NA	NA	NA	NA
CP194221.1	ENA|CP194221|CP194221.1	99478	No terminal repeats	102	11	0.9912	NA	2	24.2550	NA	NA
CP194222.1	ENA|CP194222|CP194222.1	58795	No terminal repeats	61	11	0.9929	NA	3	17.9429	FA_orf13	NA
CP194223.1	ENA|CP194223|CP194223.1	49916	No terminal repeats	58	11	0.9928	NA	3	15.8480	FA_orf13	NA
CP194224.1	ENA|CP194224|CP194224.1	29628	No terminal repeats	36	11	0.9933	NA	4	15.5240	FA_orf17b;FA_orf13	NA
CP194226.1	NA	NA	NA	NA	NA	NA	NA	NA	NA	NA	NA
CP194263.1	NA	NA	NA	NA	NA	NA	NA	NA	NA	NA	NA
CP194264.1	ENA|CP194264|CP194264.1	63589	No terminal repeats	86	11	0.9917	NA	15	39.1630	I_trbB;I_trbA;MOBP1;I_traI;I_traK;I_traL;I_traN;I_traO;I_traP;I_traQ;I_traR;traU;I_traW;I_traY	NF040806
CP194265.1	ENA|CP194265|CP194265.1	5728	No terminal repeats	7	11	0.9952	NA	2	6.1621	MOBQ	NA
CP194266.1	NA	NA	NA	NA	NA	NA	NA	NA	NA	NA	NA
CP194267.1	NA	NA	NA	NA	NA	NA	NA	NA	NA	NA	NA
CP194345.1	NA	NA	NA	NA	NA	NA	NA	NA	NA	NA	NA
CP194356.1	NA	NA	NA	NA	NA	NA	NA	NA	NA	NA	NA
CP194385.1	NA	NA	NA	NA	NA	NA	NA	NA	NA	NA	NA
CP194674.1	NA	NA	NA	NA	NA	NA	NA	NA	NA	NA	NA
CP194675.1	NA	NA	NA	NA	NA	NA	NA	NA	NA	NA	NA
CP194676.1	ENA|CP194676|CP194676.1	139375	No terminal repeats	169	11	0.9928	NA	21	67.0877	MOBH;t4cp1;F_traL;F_traE;F_traK;F_traB;F_traV;virb4;F_traW;F_traU;F_trbC;F_traF;F_traH;F_traG;T_virB1	NF012178
CP194919.1	NA	NA	NA	NA	NA	NA	NA	NA	NA	NA	NA
CP194920.1	ENA|CP194920|CP194920.1	243497	No terminal repeats	314	11	0.9894	NA	20	57.8898	MOBH;t4cp1;F_traL;F_traE;F_traK;F_traB;F_traV;virb4;F_traW;F_traU;F_traF;F_traH;F_traG;T_virB1	NF012178;NF000496;NF000270;NF033144
CP194921.1	ENA|CP194921|CP194921.1	176708	No terminal repeats	193	11	0.9934	NA	28	87.7173	MOBF;F_traG;F_traH;F_traF;F_traN;F_trbC;F_traU;F_traW;virb4;F_traV;F_traK;F_traE;F_traL	NF012178;NF033144
CP194922.1	ENA|CP194922|CP194922.1	119932	No terminal repeats	140	11	0.9941	NA	25	71.7048	F_traL;F_traE;F_traK;F_traV;virb4;F_traW;F_traU;F_traN;F_traN;F_traF;F_traH;F_traG;t4cp2;MOBF	NA
CP194923.1	ENA|CP194923|CP194923.1	112030	No terminal repeats	120	11	0.9946	NA	18	75.4769	MOBP1;I_trbB;I_trbA;I_traY;I_traW;I_traV;traU;I_traT;I_traR;I_traQ;I_traP;I_traO;I_traN;I_traL;I_traK;I_traI;I_traE	NF033144;NF012178;NF000496
CP194924.1	NA	NA	NA	NA	NA	NA	NA	NA	NA	NA	NA
CP194925.1	ENA|CP194925|CP194925.1	57226	No terminal repeats	72	11	0.9927	NA	9	23.5021	T_virB1;T_virB2;virb4;T_virB6;T_virB8;T_virB9	NF012147;NF000005
CP194926.1	NA	NA	NA	NA	NA	NA	NA	NA	NA	NA	NA
CP195229.1	NA	NA	NA	NA	NA	NA	NA	NA	NA	NA	NA
CP195298.1	NA	NA	NA	NA	NA	NA	NA	NA	NA	NA	NA
CP195299.1	ENA|CP195299|CP195299.1	57031	No terminal repeats	61	11	0.9933	NA	2	35.3845	MOBP2	NA
CP195300.1	ENA|CP195300|CP195300.1	35582	No terminal repeats	39	11	0.9924	NA	3	8.1875	NA	NF012176
CP195301.1	NA	NA	NA	NA	NA	NA	NA	NA	NA	NA	NA
CP195302.1	NA	NA	NA	NA	NA	NA	NA	NA	NA	NA	NA
CP195313.1	NA	NA	NA	NA	NA	NA	NA	NA	NA	NA	NA
CP195320.1	NA	NA	NA	NA	NA	NA	NA	NA	NA	NA	NA
CP195324.1	NA	NA	NA	NA	NA	NA	NA	NA	NA	NA	NA
CP195325.1	ENA|CP195325|CP195325.1	2782	No terminal repeats	5	11	0.9944	NA	1	3.6942	NA	NA
CP195633.1	NA	NA	NA	NA	NA	NA	NA	NA	NA	NA	NA
CP195634.1	ENA|CP195634|CP195634.1	451594	No terminal repeats	534	11	0.9854	NA	4	33.3941	T_virB1;F_traE	NA
CP195675.1	NA	NA	NA	NA	NA	NA	NA	NA	NA	NA	NA
CP195676.1	NA	NA	NA	NA	NA	NA	NA	NA	NA	NA	NA
CP195677.1	NA	NA	NA	NA	NA	NA	NA	NA	NA	NA	NA
CP195678.1	ENA|CP195678|CP195678.1	70099	No terminal repeats	97	11	0.9883	NA	15	32.4269	t4cp2;F_traL;F_traE;F_traK;F_traB;F_traV;F_traW;F_traU;F_trbC;F_trbC;F_traF;F_traH;F_traG	NA
CP195693.1	NA	NA	NA	NA	NA	NA	NA	NA	NA	NA	NA
CP195694.1	ENA|CP195694|CP195694.1	68113	No terminal repeats	97	11	0.9898	NA	15	32.4269	F_traG;F_traH;F_traF;F_trbC;F_trbC;F_traU;F_traW;F_traV;F_traB;F_traK;F_traE;F_traL;t4cp2	NA
CP195695.1	NA	NA	NA	NA	NA	NA	NA	NA	NA	NA	NA
CP195696.1	NA	NA	NA	NA	NA	NA	NA	NA	NA	NA	NA
CP195697.1	ENA|CP195697|CP195697.1	68113	No terminal repeats	96	11	0.9876	NA	15	32.4269	F_trbC;F_trbC;F_traF;F_traH;F_traG;t4cp2;F_traL;F_traE;F_traK;F_traB;F_traV;F_traW;F_traU	NA
CP195698.1	NA	NA	NA	NA	NA	NA	NA	NA	NA	NA	NA
CP195699.1	ENA|CP195699|CP195699.1	43628	DTR	49	11	0.9939	NA	1	11.6847	MOBQ	NA
CP195705.1	NA	NA	NA	NA	NA	NA	NA	NA	NA	NA	NA
CP195706.1	ENA|CP195706|CP195706.1	22406	No terminal repeats	30	11	0.9943	NA	2	14.1633	MOBQ;MOBQ	NA
CP195881.1	NA	NA	NA	NA	NA	NA	NA	NA	NA	NA	NA
CP195882.1	ENA|CP195882|CP195882.1	26953	No terminal repeats	34	11	0.9908	NA	1	9.5644	NA	NF033068;NF040806;NF012167
CP195991.1	NA	NA	NA	NA	NA	NA	NA	NA	NA	NA	NA
CP195992.1	NA	NA	NA	NA	NA	NA	NA	NA	NA	NA	NA
CP195993.1	NA	NA	NA	NA	NA	NA	NA	NA	NA	NA	NA
CP195994.1	NA	NA	NA	NA	NA	NA	NA	NA	NA	NA	NA
CP195995.1	NA	NA	NA	NA	NA	NA	NA	NA	NA	NA	NA
CP195996.1	NA	NA	NA	NA	NA	NA	NA	NA	NA	NA	NA
CP195997.1	NA	NA	NA	NA	NA	NA	NA	NA	NA	NA	NA
CP195998.1	NA	NA	NA	NA	NA	NA	NA	NA	NA	NA	NA
CP195999.1	NA	NA	NA	NA	NA	NA	NA	NA	NA	NA	NA
CP196000.1	NA	NA	NA	NA	NA	NA	NA	NA	NA	NA	NA
CP196011.1	NA	NA	NA	NA	NA	NA	NA	NA	NA	NA	NA
CP196012.1	ENA|CP196012|CP196012.1	92542	No terminal repeats	105	11	0.9904	NA	2	31.7502	FATA_prgIc;FATA_prgL	NA
CP196013.1	ENA|CP196013|CP196013.1	64755	No terminal repeats	62	11	0.9912	NA	2	12.8612	MOBP2	NA
CP196014.1	ENA|CP196014|CP196014.1	36331	No terminal repeats	36	11	0.9898	NA	1	3.0564	NA	NF012176
CP196015.1	ENA|CP196015|CP196015.1	3260	No terminal repeats	4	11	0.9956	NA	2	4.1772	NA	NA
CP196035.1	NA	NA	NA	NA	NA	NA	NA	NA	NA	NA	NA
CP196036.1	ENA|CP196036|CP196036.1	138051	No terminal repeats	149	11	0.9896	NA	1	31.3193	NA	NA
CP196037.1	ENA|CP196037|CP196037.1	15903	No terminal repeats	19	11	0.9944	NA	1	6.4070	NA	NA
CP196038.1	NA	NA	NA	NA	NA	NA	NA	NA	NA	NA	NA
CP196039.1	NA	NA	NA	NA	NA	NA	NA	NA	NA	NA	NA
CP196195.1	NA	NA	NA	NA	NA	NA	NA	NA	NA	NA	NA
CP196196.1	ENA|CP196196|CP196196.1	275157	No terminal repeats	333	11	0.9878	NA	21	35.1044	T_virB1;MOBH;t4cp1;G_tfc7;F_traL;F_traE;F_traK;F_traB;F_traV;virb4;F_traW;F_traU;F_traF;F_traH;F_traG	NF000108;NF000270;NF033144;NF033135
CP196197.1	ENA|CP196197|CP196197.1	49422	No terminal repeats	66	11	0.9928	NA	10	35.9594	T_virB11;T_virB9;T_virB8;T_virB6;virb4;T_virB2;T_virB1;MOBP1	NA
CP196198.1	NA	NA	NA	NA	NA	NA	NA	NA	NA	NA	NA
CP196199.1	NA	NA	NA	NA	NA	NA	NA	NA	NA	NA	NA
CP196200.1	NA	NA	NA	NA	NA	NA	NA	NA	NA	NA	NA
CP196207.1	NA	NA	NA	NA	NA	NA	NA	NA	NA	NA	NA
CP196208.1	ENA|CP196208|CP196208.1	275985	No terminal repeats	335	11	0.9873	NA	21	35.1044	MOBH;t4cp1;G_tfc7;F_traL;F_traE;F_traK;F_traB;F_traV;virb4;F_traW;F_traU;F_traF;F_traH;F_traG;T_virB1	NF000108;NF000270;NF033144;NF033135
CP196209.1	ENA|CP196209|CP196209.1	48482	No terminal repeats	62	11	0.9941	NA	9	37.6928	T_virB9;T_virB8;T_virB6;virb4;T_virB2;T_virB1	NF033144
CP196210.1	ENA|CP196210|CP196210.1	20916	No terminal repeats	34	11	0.9936	NA	5	20.4244	virb4;T_virB2;T_virB1;MOBP1	NA
CP196282.1	NA	NA	NA	NA	NA	NA	NA	NA	NA	NA	NA
CP196283.1	ENA|CP196283|CP196283.1	343098	No terminal repeats	367	11	0.9940	NA	17	208.0876	F_traE;F_traB;F_traV;virb4;F_traW;F_traU;F_trbC;F_traH;F_traF;MOBH;t4cp1	NF033144;NF000270;NF012171;NF012147;NF012178
CP196284.1	ENA|CP196284|CP196284.1	80745	No terminal repeats	88	11	0.9925	NA	1	18.7537	NA	NA
CP196503.1	NA	NA	NA	NA	NA	NA	NA	NA	NA	NA	NA
CP196504.1	ENA|CP196504|CP196504.1	83784	No terminal repeats	92	11	0.9931	NA	20	63.1140	F_traE;MOBP1;I_trbB;I_trbA;I_traY;I_traW;traU;I_traR;I_traQ;I_traP;I_traO;I_traN;I_traM;I_traL;I_traK;I_traI	NA
CP196505.1	NA	NA	NA	NA	NA	NA	NA	NA	NA	NA	NA
CP196506.1	ENA|CP196506|CP196506.1	83784	No terminal repeats	92	11	0.9931	NA	20	63.1140	F_traE;MOBP1;I_trbB;I_trbA;I_traY;I_traW;traU;I_traR;I_traQ;I_traP;I_traO;I_traN;I_traM;I_traL;I_traK;I_traI	NA
CP196510.1	NA	NA	NA	NA	NA	NA	NA	NA	NA	NA	NA
CP196511.1	ENA|CP196511|CP196511.1	113515	No terminal repeats	122	11	0.9922	NA	29	65.9458	F_traL;F_traE;F_traK;F_traB;F_traV;virb4;F_traW;F_traU;F_traN;F_traF;F_traH;F_traG;t4cp2;MOBF	NA
CP196512.1	NA	NA	NA	NA	NA	NA	NA	NA	NA	NA	NA
CP196513.1	ENA|CP196513|CP196513.1	74346	No terminal repeats	82	11	0.9942	NA	20	60.8901	MOBP1;I_traI;I_traK;I_traL;I_traN;I_traO;I_traP;I_traQ;I_traR;traU;I_traW;I_traY;I_trbA;I_trbB	NA
CP196517.1	NA	NA	NA	NA	NA	NA	NA	NA	NA	NA	NA
CP196529.1	NA	NA	NA	NA	NA	NA	NA	NA	NA	NA	NA
CP196531.1	NA	NA	NA	NA	NA	NA	NA	NA	NA	NA	NA
CP196532.1	ENA|CP196532|CP196532.1	83775	No terminal repeats	93	11	0.9931	NA	20	63.1140	F_traE;MOBP1;I_trbB;I_trbA;I_traY;I_traW;traU;I_traR;I_traQ;I_traP;I_traO;I_traN;I_traM;I_traL;I_traK;I_traI	NA
CP196533.1	NA	NA	NA	NA	NA	NA	NA	NA	NA	NA	NA
CP196534.1	NA	NA	NA	NA	NA	NA	NA	NA	NA	NA	NA
CP196541.1	NA	NA	NA	NA	NA	NA	NA	NA	NA	NA	NA
CP196542.1	ENA|CP196542|CP196542.1	90665	No terminal repeats	97	11	0.9930	NA	19	64.0185	MOBP1;I_trbB;I_trbA;I_traY;I_traW;traU;I_traR;I_traQ;I_traP;I_traO;I_traN;I_traM;I_traL;I_traK;I_traI	NA
CP196543.1	NA	NA	NA	NA	NA	NA	NA	NA	NA	NA	NA
CP196545.1	NA	NA	NA	NA	NA	NA	NA	NA	NA	NA	NA
CP196546.1	ENA|CP196546|CP196546.1	83791	No terminal repeats	93	11	0.9930	NA	20	63.1140	F_traE;MOBP1;I_trbB;I_trbA;I_traY;I_traW;traU;I_traR;I_traQ;I_traP;I_traO;I_traN;I_traM;I_traL;I_traK;I_traI	NA
CP196621.1	NA	NA	NA	NA	NA	NA	NA	NA	NA	NA	NA
CP196622.1	NA	NA	NA	NA	NA	NA	NA	NA	NA	NA	NA
CP196623.1	NA	NA	NA	NA	NA	NA	NA	NA	NA	NA	NA
CP196624.1	NA	NA	NA	NA	NA	NA	NA	NA	NA	NA	NA
CP196625.1	NA	NA	NA	NA	NA	NA	NA	NA	NA	NA	NA
CP196626.1	NA	NA	NA	NA	NA	NA	NA	NA	NA	NA	NA
CP196627.1	NA	NA	NA	NA	NA	NA	NA	NA	NA	NA	NA
CP196628.1	ENA|CP196628|CP196628.1	42003	No terminal repeats	49	11	0.9770	NA	9	16.3681	T_virB5;T_virB10;T_virB9;T_virB8;virb4;T_virB2;T_virB11	NA
CP196652.1	NA	NA	NA	NA	NA	NA	NA	NA	NA	NA	NA
CP196653.1	ENA|CP196653|CP196653.1	161833	No terminal repeats	156	11	0.9933	NA	7	44.2479	F_traE;F_traE;F_traE;F_traH	NF000402
CP196749.1	NA	NA	NA	NA	NA	NA	NA	NA	NA	NA	NA
CP196825.1	NA	NA	NA	NA	NA	NA	NA	NA	NA	NA	NA
CP196826.1	NA	NA	NA	NA	NA	NA	NA	NA	NA	NA	NA
CP196827.1	NA	NA	NA	NA	NA	NA	NA	NA	NA	NA	NA
CP196885.1	NA	NA	NA	NA	NA	NA	NA	NA	NA	NA	NA
CP196886.1	ENA|CP196886|CP196886.1	68567	No terminal repeats	91	11	0.9880	NA	16	34.3621	F_traK;F_traB;F_traV;F_traW;F_traU;F_trbC;F_trbC;F_traF;F_traH;F_traG;t4cp2;F_traL;F_traE;F_traK	NA
CP196930.1	NA	NA	NA	NA	NA	NA	NA	NA	NA	NA	NA
CP196931.1	ENA|CP196931|CP196931.1	70099	No terminal repeats	97	11	0.9866	NA	15	32.4269	t4cp2;F_traL;F_traE;F_traK;F_traB;F_traV;F_traW;F_traU;F_trbC;F_trbC;F_traF;F_traH;F_traG	NA
CP196932.1	NA	NA	NA	NA	NA	NA	NA	NA	NA	NA	NA
CP196940.1	NA	NA	NA	NA	NA	NA	NA	NA	NA	NA	NA
CP196985.1	NA	NA	NA	NA	NA	NA	NA	NA	NA	NA	NA
CP196986.1	ENA|CP196986|CP196986.1	70542	No terminal repeats	99	11	0.9873	NA	15	30.7086	t4cp2;F_traL;F_traE;F_traK;F_traB;F_traV;F_traW;F_traU;F_trbC;F_trbC;F_traF;F_traH;F_traG	NA
CP197036.1	ENA|CP197036|CP197036.1	211327	No terminal repeats	252	11	0.9906	NA	3	63.1323	MOBV;MOBP2	NF033693
CP197037.1	ENA|CP197037|CP197037.1	56706	No terminal repeats	64	11	0.9938	NA	2	33.3571	MOBP2	NA
CP197038.1	NA	NA	NA	NA	NA	NA	NA	NA	NA	NA	NA
CP197039.1	ENA|CP197039|CP197039.1	11340	No terminal repeats	13	11	0.9958	NA	1	6.9427	NA	NA
CP197040.1	NA	NA	NA	NA	NA	NA	NA	NA	NA	NA	NA
CP197041.1	NA	NA	NA	NA	NA	NA	NA	NA	NA	NA	NA
CP197042.1	ENA|CP197042|CP197042.1	56725	No terminal repeats	69	11	0.9903	NA	3	20.4432	MOBP2;T_virB11	NA
CP197043.1	NA	NA	NA	NA	NA	NA	NA	NA	NA	NA	NA
CP197044.1	ENA|CP197044|CP197044.1	12346	No terminal repeats	16	11	0.9956	NA	2	18.6196	NA	NA
CP197045.1	ENA|CP197045|CP197045.1	8992	No terminal repeats	14	11	0.9931	NA	1	15.4117	MOBP2	NA
CP197046.1	NA	NA	NA	NA	NA	NA	NA	NA	NA	NA	NA
CP197047.1	ENA|CP197047|CP197047.1	125949	No terminal repeats	149	11	0.9895	NA	4	18.4587	NA	NA
CP197048.1	ENA|CP197048|CP197048.1	28556	No terminal repeats	36	11	0.9931	NA	2	10.1696	NA	NF033068
CP197049.1	NA	NA	NA	NA	NA	NA	NA	NA	NA	NA	NA
CP197050.1	NA	NA	NA	NA	NA	NA	NA	NA	NA	NA	NA
CP197051.1	ENA|CP197051|CP197051.1	265966	No terminal repeats	304	11	0.9892	NA	3	83.1780	MOBP2;MOBP2	NA
CP197052.1	ENA|CP197052|CP197052.1	12299	No terminal repeats	16	11	0.9955	NA	2	16.9013	NA	NA
CP197159.1	NA	NA	NA	NA	NA	NA	NA	NA	NA	NA	NA
CP197160.1	ENA|CP197160|CP197160.1	95631	No terminal repeats	122	11	0.9940	NA	4	40.6270	NA	NF012174;NF012171;NF000107;NF000402
CP197161.1	ENA|CP197161|CP197161.1	5055	No terminal repeats	6	11	0.9947	NA	3	4.5487	MOBP1	NA
CP197162.1	ENA|CP197162|CP197162.1	4593	No terminal repeats	4	11	0.9957	NA	3	4.5487	MOBP1	NA
CP197183.1	NA	NA	NA	NA	NA	NA	NA	NA	NA	NA	NA
CP197184.1	ENA|CP197184|CP197184.1	74131	No terminal repeats	79	11	0.9945	NA	19	60.8773	I_traI;I_traK;I_traL;I_traN;I_traO;I_traP;I_traQ;I_traR;traU;I_traW;I_traY;I_trbA;I_trbB;MOBP1	NA
CP197294.1	NA	NA	NA	NA	NA	NA	NA	NA	NA	NA	NA
CP197295.1	ENA|CP197295|CP197295.1	65105	No terminal repeats	70	11	0.9904	NA	2	12.9625	NA	NF012176
CP197305.1	ENA|CP197305|CP197305.1	5143	No terminal repeats	5	11	0.9926	NA	1	3.1574	MOBV	NA
CP197306.1	NA	NA	NA	NA	NA	NA	NA	NA	NA	NA	NA
CP197307.1	NA	NA	NA	NA	NA	NA	NA	NA	NA	NA	NA
CP197308.1	ENA|CP197308|CP197308.1	59396	No terminal repeats	55	11	0.9888	NA	3	12.4157	MOBP2	NA
CP197309.1	ENA|CP197309|CP197309.1	58872	No terminal repeats	56	11	0.9928	NA	2	21.5491	NA	NA
CP197310.1	NA	NA	NA	NA	NA	NA	NA	NA	NA	NA	NA
CP197311.1	ENA|CP197311|CP197311.1	62460	No terminal repeats	70	11	0.9904	NA	3	25.8050	FA_orf13	NA
CP197312.1	NA	NA	NA	NA	NA	NA	NA	NA	NA	NA	NA
CP197315.1	ENA|CP197315|CP197315.1	69762	No terminal repeats	63	11	0.9918	NA	2	21.5491	NA	NA
CP197316.1	NA	NA	NA	NA	NA	NA	NA	NA	NA	NA	NA
CP197317.1	ENA|CP197317|CP197317.1	64148	No terminal repeats	77	11	0.9926	NA	2	18.8264	NA	NF012176
CP197318.1	NA	NA	NA	NA	NA	NA	NA	NA	NA	NA	NA
CP197319.1	NA	NA	NA	NA	NA	NA	NA	NA	NA	NA	NA
CP197320.1	NA	NA	NA	NA	NA	NA	NA	NA	NA	NA	NA
CP197321.1	ENA|CP197321|CP197321.1	136914	No terminal repeats	160	11	0.9908	NA	2	41.5515	FATA_prgIc;FATA_prgL	NA
CP197322.1	NA	NA	NA	NA	NA	NA	NA	NA	NA	NA	NA
CP197323.1	ENA|CP197323|CP197323.1	5184	No terminal repeats	6	11	0.9925	NA	1	3.1574	MOBV	NA
CP197340.1	NA	NA	NA	NA	NA	NA	NA	NA	NA	NA	NA
CP197342.1	NA	NA	NA	NA	NA	NA	NA	NA	NA	NA	NA
CP197381.1	NA	NA	NA	NA	NA	NA	NA	NA	NA	NA	NA
CP197440.1	NA	NA	NA	NA	NA	NA	NA	NA	NA	NA	NA
CP197441.1	NA	NA	NA	NA	NA	NA	NA	NA	NA	NA	NA
CP197445.1	NA	NA	NA	NA	NA	NA	NA	NA	NA	NA	NA
CP197446.1	NA	NA	NA	NA	NA	NA	NA	NA	NA	NA	NA
CP197447.1	NA	NA	NA	NA	NA	NA	NA	NA	NA	NA	NA
CP197451.1	NA	NA	NA	NA	NA	NA	NA	NA	NA	NA	NA
CP197452.1	NA	NA	NA	NA	NA	NA	NA	NA	NA	NA	NA
CP197453.1	ENA|CP197453|CP197453.1	242721	No terminal repeats	287	11	0.9887	NA	1	57.7814	MOBP2	NF033693
CP197454.1	ENA|CP197454|CP197454.1	126143	No terminal repeats	155	11	0.9899	NA	2	16.4203	NA	NF000424;NF033115
CP197455.1	ENA|CP197455|CP197455.1	50591	No terminal repeats	56	11	0.9941	NA	2	32.5770	MOBP2	NA
CP197456.1	NA	NA	NA	NA	NA	NA	NA	NA	NA	NA	NA
CP197457.1	NA	NA	NA	NA	NA	NA	NA	NA	NA	NA	NA
CP197458.1	ENA|CP197458|CP197458.1	24333	No terminal repeats	32	11	0.9924	NA	1	10.8479	NA	NF033068
CP197459.1	ENA|CP197459|CP197459.1	6173	No terminal repeats	8	11	0.9955	NA	1	9.3098	NA	NA
CP197460.1	NA	NA	NA	NA	NA	NA	NA	NA	NA	NA	NA
CP197461.1	ENA|CP197461|CP197461.1	4374	No terminal repeats	6	11	0.9948	NA	1	5.9024	NA	NA
CP197462.1	NA	NA	NA	NA	NA	NA	NA	NA	NA	NA	NA
CP197592.1	NA	NA	NA	NA	NA	NA	NA	NA	NA	NA	NA
CP197656.1	NA	NA	NA	NA	NA	NA	NA	NA	NA	NA	NA
CP198952.1	NA	NA	NA	NA	NA	NA	NA	NA	NA	NA	NA
CP198967.1	NA	NA	NA	NA	NA	NA	NA	NA	NA	NA	NA
CP199502.1	NA	NA	NA	NA	NA	NA	NA	NA	NA	NA	NA
CP199503.1	NA	NA	NA	NA	NA	NA	NA	NA	NA	NA	NA
CP199504.1	NA	NA	NA	NA	NA	NA	NA	NA	NA	NA	NA
CP199525.1	NA	NA	NA	NA	NA	NA	NA	NA	NA	NA	NA
CP199526.1	ENA|CP199526|CP199526.1	118568	No terminal repeats	128	11	0.9944	NA	22	92.2614	MOBP1;I_trbB;I_trbA;I_traY;I_traW;I_traV;traU;I_traT;I_traR;I_traQ;I_traP;I_traO;I_traN;I_traL;I_traK;I_traI;I_traE;I_traK;I_traI;I_traE	NF033085
CP199527.1	ENA|CP199527|CP199527.1	6211	No terminal repeats	8	11	0.9929	NA	1	3.8604	NA	NF012171
CP199528.1	ENA|CP199528|CP199528.1	71787	No terminal repeats	84	11	0.9947	NA	28	66.1750	F_traL;F_traE;F_traK;F_traV;virb4;F_traW;F_traU;F_trbC;F_traN;F_traF;F_traH;F_traG;MOBF	NA
CP199529.1	ENA|CP199529|CP199529.1	81859	No terminal repeats	80	11	0.9928	NA	1	25.1052	NA	NF000466;NF000270
CP199530.1	ENA|CP199530|CP199530.1	96842	No terminal repeats	104	11	0.9945	NA	27	83.2090	F_traL;F_traE;F_traK;F_traV;virb4;F_traW;F_traU;F_trbC;F_traN;F_traF;F_traH;F_traG;MOBF	NF012147;NF000005;NF000466
CP199762.1	NA	NA	NA	NA	NA	NA	NA	NA	NA	NA	NA
CP199763.1	NA	NA	NA	NA	NA	NA	NA	NA	NA	NA	NA
CP199765.1	NA	NA	NA	NA	NA	NA	NA	NA	NA	NA	NA
CP199766.1	ENA|CP199766|CP199766.1	143185	No terminal repeats	158	11	0.9887	NA	8	39.0232	I_traI;I_traK;I_traY;I_traW;I_traW;I_trbA;traU;I_traO;I_traN;I_traM	NF012171;NF012171;NF012174
CP199768.1	NA	NA	NA	NA	NA	NA	NA	NA	NA	NA	NA
CP199769.1	ENA|CP199769|CP199769.1	141901	No terminal repeats	156	11	0.9883	NA	9	39.4108	I_traI;I_traK;I_traY;I_traW;I_traW;I_trbA;traU;I_traO;I_traN;I_traM	NF012171;NF012174
CP199779.1	NA	NA	NA	NA	NA	NA	NA	NA	NA	NA	NA
CP199792.1	NA	NA	NA	NA	NA	NA	NA	NA	NA	NA	NA
CP199815.1	NA	NA	NA	NA	NA	NA	NA	NA	NA	NA	NA
CP199818.1	NA	NA	NA	NA	NA	NA	NA	NA	NA	NA	NA
CP199824.1	NA	NA	NA	NA	NA	NA	NA	NA	NA	NA	NA
CP199825.1	ENA|CP199825|CP199825.1	45616	No terminal repeats	45	11	0.9954	NA	12	33.5244	T_virB5;T_virB10;T_virB9;T_virB8;virb4;T_virB2;T_virB11	NF000153
CP199919.1	NA	NA	NA	NA	NA	NA	NA	NA	NA	NA	NA
CP199963.1	NA	NA	NA	NA	NA	NA	NA	NA	NA	NA	NA
CP199964.1	NA	NA	NA	NA	NA	NA	NA	NA	NA	NA	NA
CP199965.1	NA	NA	NA	NA	NA	NA	NA	NA	NA	NA	NA
CP199966.1	ENA|CP199966|CP199966.1	19194	No terminal repeats	38	11	0.9465	NA	9	15.5805	NA	NA
CP199967.1	ENA|CP199967|CP199967.1	18235	DTR	21	11	0.9942	NA	6	15.0006	MOBP1;MOBP1;MOBP1	NF000153;NF000153;NF000153
CP199968.1	NA	NA	NA	NA	NA	NA	NA	NA	NA	NA	NA
CP199975.1	ENA|CP199975|CP199975.1	18410	No terminal repeats	25	11	0.9951	NA	2	18.4466	MOBQ;MOBQ	NA
CP199976.1	ENA|CP199976|CP199976.1	6078	No terminal repeats	8	11	0.9939	NA	2	5.0002	MOBP1	NF000153
CP199977.1	NA	NA	NA	NA	NA	NA	NA	NA	NA	NA	NA
CP199996.1	NA	NA	NA	NA	NA	NA	NA	NA	NA	NA	NA
CP200006.1	NA	NA	NA	NA	NA	NA	NA	NA	NA	NA	NA
FM211187.1	NA	NA	NA	NA	NA	NA	NA	NA	NA	NA	NA
FM999788.1	NA	NA	NA	NA	NA	NA	NA	NA	NA	NA	NA
FN598874.1	NA	NA	NA	NA	NA	NA	NA	NA	NA	NA	NA
FN665651.1	ENA|FN665651|FN665651.1	6032	No terminal repeats	5	11	0.9936	NA	2	3.3035	MOBP1	NA
FQ312027.1	NA	NA	NA	NA	NA	NA	NA	NA	NA	NA	NA
FQ312029.1	NA	NA	NA	NA	NA	NA	NA	NA	NA	NA	NA
FQ312039.1	NA	NA	NA	NA	NA	NA	NA	NA	NA	NA	NA
FQ312043.1	NA	NA	NA	NA	NA	NA	NA	NA	NA	NA	NA
FQ312044.2	NA	NA	NA	NA	NA	NA	NA	NA	NA	NA	NA
FQ312045.1	NA	NA	NA	NA	NA	NA	NA	NA	NA	NA	NA
FQ670178.1	NA	NA	NA	NA	NA	NA	NA	NA	NA	NA	NA
FQ670204.1	NA	NA	NA	NA	NA	NA	NA	NA	NA	NA	NA
FR774048.1	NA	NA	NA	NA	NA	NA	NA	NA	NA	NA	NA
HF952104.1	NA	NA	NA	NA	NA	NA	NA	NA	NA	NA	NA
HF952105.1	NA	NA	NA	NA	NA	NA	NA	NA	NA	NA	NA
HG316453.2	NA	NA	NA	NA	NA	NA	NA	NA	NA	NA	NA
HG326213.1	NA	NA	NA	NA	NA	NA	NA	NA	NA	NA	NA
HG326223.1	NA	NA	NA	NA	NA	NA	NA	NA	NA	NA	NA
HG939456.1	NA	NA	NA	NA	NA	NA	NA	NA	NA	NA	NA
JADVJF000000000	ENA|JADVJF020000002|JADVJF020000002.1	383119	No terminal repeats	412	11	0.9939	NA	21	218.6868	F_traE;F_traB;F_traV;virb4;F_traW;F_traU;F_trbC;F_traH;F_traF;MOBH;t4cp1	NF000270;NF012171
JADVJF000000000	ENA|JADVJF020000003|JADVJF020000003.1	52446	No terminal repeats	70	11	0.9933	NA	8	39.6072	T_virB9;T_virB8;T_virB6;T_virB5;virb4;T_virB3	NA
JAUFOC000000000	ENA|JAUFOC010000003|JAUFOC010000003.1	75199	No terminal repeats	89	11	0.9942	NA	9	51.1497	T_virB1;T_virB3;virb4;T_virB5;T_virB6;T_virB8;T_virB9	NA
JAUFOC000000000	ENA|JAUFOC010000002|JAUFOC010000002.1	99407	No terminal repeats	101	11	0.9941	NA	6	47.9010	NA	NF000402
JAUFOC000000000	ENA|JAUFOC010000004|JAUFOC010000004.1	46161	No terminal repeats	58	11	0.9937	NA	9	25.1041	T_virB1;T_virB2;virb4;T_virB6;T_virB8;T_virB9	NF012147
JAUFOF000000000	ENA|JAUFOF010000006|JAUFOF010000006.1	2496	No terminal repeats	3	11	0.9953	NA	1	3.1262	NA	NA
JAUFOF000000000	ENA|JAUFOF010000003|JAUFOF010000003.1	89885	No terminal repeats	101	11	0.9947	NA	23	83.2627	F_traL;F_traE;F_traK;F_traB;F_traV;virb4;F_traW;F_traU;F_traN;F_traF;F_traH;F_traG;t4cp2;MOBF	NA
JAUFOF000000000	ENA|JAUFOF010000002|JAUFOF010000002.1	182350	No terminal repeats	201	11	0.9942	NA	15	112.7688	F_traN;F_traF;F_traH;F_traG;t4cp2;MOBF	NF000402;NF012171;NF012178
JAUFOF000000000	ENA|JAUFOF010000004|JAUFOF010000004.1	46161	No terminal repeats	58	11	0.9937	NA	9	25.1041	T_virB1;T_virB2;virb4;T_virB6;T_virB8;T_virB9	NF012147
JAUFOL000000000	ENA|JAUFOL010000002|JAUFOL010000002.1	178171	No terminal repeats	207	11	0.9942	NA	25	139.4285	F_traL;F_traE;F_traK;F_traB;F_traV;virb4;F_traW;F_traU;F_traN;F_traF;F_traH;F_traG;t4cp2;MOBF	NF000402;NF012178
JAUFOL000000000	ENA|JAUFOL010000004|JAUFOL010000004.1	46161	No terminal repeats	58	11	0.9937	NA	9	25.1041	T_virB1;T_virB2;virb4;T_virB6;T_virB8;T_virB9	NF012147
JBQHIL000000000	ENA|JBQHIL010000003|JBQHIL010000003.1	49377	No terminal repeats	66	11	0.9948	NA	9	45.8579	T_virB1;T_virB3;virb4;T_virB5;T_virB6;T_virB8;T_virB9	NF033144;NF012174
JBQHIL000000000	ENA|JBQHIL010000002|JBQHIL010000002.1	86045	No terminal repeats	101	11	0.9945	NA	28	70.2275	F_traL;F_traE;F_traK;F_traV;virb4;F_traU;F_trbC;F_traN;F_traF;F_traH;F_traG;t4cp2;MOBF	NF012147
JBQIBD000000000	ENA|JBQIBD010000002|JBQIBD010000002.1	264259	No terminal repeats	284	11	0.9943	NA	17	186.6344	F_traE;F_traB;F_traV;virb4;F_traW;F_traU;F_trbC;F_traH;F_traF;MOBH;t4cp1	NF000153
JBQIBD000000000	ENA|JBQIBD010000003|JBQIBD010000003.1	123729	No terminal repeats	132	11	0.9941	NA	29	83.4334	F_traL;F_traE;F_traK;F_traV;virb4;F_traW;F_traU;F_trbC;F_traN;F_traF;F_traH;F_traG;MOBF	NF012147;NF000005
JBQIBD000000000	ENA|JBQIBD010000006|JBQIBD010000006.1	12474	No terminal repeats	12	11	0.9925	NA	3	4.5731	MOBP1	NA
JBQIBD000000000	ENA|JBQIBD010000005|JBQIBD010000005.1	80645	No terminal repeats	96	11	0.9924	NA	15	43.6620	I_trbB;I_trbA;MOBP1;I_traI;I_traK;I_traL;I_traN;I_traO;I_traP;I_traQ;I_traR;traU;I_traW;I_traY	NF000466
JBQJFO000000000	NA	NA	NA	NA	NA	NA	NA	NA	NA	NA	NA
JBQOVL000000000	NA	NA	NA	NA	NA	NA	NA	NA	NA	NA	NA
JBQOVM000000000	ENA|JBQOVM010000003|JBQOVM010000003.1	22499	No terminal repeats	28	11	0.9939	NA	1	15.9869	MOBQ	NA
JBQWDW000000000	NA	NA	NA	NA	NA	NA	NA	NA	NA	NA	NA
JBQWED000000000	ENA|JBQWED010000001|JBQWED010000001.1	277292	No terminal repeats	301	11	0.9941	NA	17	185.5527	t4cp1;MOBH;F_traF;F_traH;F_trbC;F_traU;F_traW;virb4;F_traV;F_traB;F_traE	NF040806;NF012174;NF033144;NF012174;NF000119;NF012147;NF012147;NF012171;NF000107;NF012174
JBQWLZ000000000	NA	NA	NA	NA	NA	NA	NA	NA	NA	NA	NA
JBQYPA000000000	NA	NA	NA	NA	NA	NA	NA	NA	NA	NA	NA
JBQYPB000000000	NA	NA	NA	NA	NA	NA	NA	NA	NA	NA	NA
JBRACB000000000	NA	NA	NA	NA	NA	NA	NA	NA	NA	NA	NA
JBRAVI000000000	ENA|JBRAVI010000003|JBRAVI010000003.1	136308	No terminal repeats	149	11	0.9946	NA	26	100.2073	F_traL;F_traE;F_traK;F_traB;F_traV;virb4;F_traW;F_traU;F_trbC;F_traN;F_traF;F_traH;F_traG;t4cp2;MOBF	NF000402
JBRAVI000000000	ENA|JBRAVI010000002|JBRAVI010000002.1	352705	No terminal repeats	384	11	0.9938	NA	17	211.2501	F_traE;F_traB;F_traV;virb4;F_traW;F_traU;F_trbC;F_traH;F_traF;MOBH;t4cp1	NF012171;NF012147;NF012178;NF033144;NF000270
JBRAWA000000000	ENA|JBRAWA010000002|JBRAWA010000002.1	269639	No terminal repeats	285	11	0.9939	NA	17	174.3931	F_traE;F_traB;F_traV;virb4;F_traW;F_traU;F_trbC;F_traH;F_traF;MOBH;t4cp1	NF000153
JBRAWL000000000	ENA|JBRAWL010000002|JBRAWL010000002.1	122923	No terminal repeats	137	11	0.9931	NA	3	24.3728	NA	NF012171
JBRBQU000000000	ENA|JBRBQU010000003|JBRBQU010000003.1	42617	No terminal repeats	47	11	0.9927	NA	8	17.6895	MOBP1;T_virB2;virb4;T_virB8;T_virB9	NA
JBRBQU000000000	ENA|JBRBQU010000002|JBRBQU010000002.1	7414	DTR	9	11	0.9926	NA	2	4.4569	NA	NA
JBRBQV000000000	NA	NA	NA	NA	NA	NA	NA	NA	NA	NA	NA
JBRDFE000000000	ENA|JBRDFE010000005|JBRDFE010000005.1	6173	No terminal repeats	8	11	0.9957	NA	1	9.3098	NA	NA
JBRDFE000000000	ENA|JBRDFE010000004|JBRDFE010000004.1	51924	No terminal repeats	63	11	0.9916	NA	2	17.9644	NA	NF033068
JBRDFE000000000	ENA|JBRDFE010000002|JBRDFE010000002.1	205024	No terminal repeats	214	11	0.9906	NA	3	49.6471	MOBP2	NF033693
JBRDFE000000000	ENA|JBRDFE010000003|JBRDFE010000003.1	150852	No terminal repeats	182	11	0.9887	NA	4	22.3025	NA	NF033115
JBRDFV000000000	NA	NA	NA	NA	NA	NA	NA	NA	NA	NA	NA
JBRDGH000000000	NA	NA	NA	NA	NA	NA	NA	NA	NA	NA	NA
JBREIW000000000	ENA|JBREIW010000002|JBREIW010000002.1	178171	No terminal repeats	207	11	0.9942	NA	25	139.4285	F_traL;F_traE;F_traK;F_traB;F_traV;virb4;F_traW;F_traU;F_traN;F_traF;F_traH;F_traG;t4cp2;MOBF	NF000402;NF012178
JBREIW000000000	ENA|JBREIW010000004|JBREIW010000004.1	46161	No terminal repeats	58	11	0.9932	NA	9	25.1041	T_virB9;T_virB8;T_virB6;virb4;T_virB2;T_virB1	NF012147
JBREIZ000000000	ENA|JBREIZ010000006|JBREIZ010000006.1	2496	No terminal repeats	4	11	0.9945	NA	1	3.1262	NA	NA
JBREIZ000000000	ENA|JBREIZ010000003|JBREIZ010000003.1	182314	No terminal repeats	200	11	0.9942	NA	15	111.0505	F_traN;F_traF;F_traH;F_traG;t4cp2;MOBF	NF000402;NF012171;NF012178
JBREIZ000000000	ENA|JBREIZ010000002|JBREIZ010000002.1	387103	No terminal repeats	412	11	0.9939	NA	37	261.6238	F_traE;F_traB;F_traV;virb4;F_traW;F_traU;F_trbC;T_virB10;T_virB9;T_virB8;T_virB6;T_virB5;virb4;T_virB3;T_virB2;T_virB11;t4cp2;F_traH;F_traF;MOBH;t4cp1;T_virB10;T_virB9;T_virB8;T_virB6;T_virB5;virb4;T_virB3;T_virB2;T_virB11;t4cp2	NA
JBREIZ000000000	ENA|JBREIZ010000004|JBREIZ010000004.1	46161	No terminal repeats	58	11	0.9939	NA	9	25.1041	T_virB9;T_virB8;T_virB6;virb4;T_virB2;T_virB1	NF012147
JBRESG000000000	NA	NA	NA	NA	NA	NA	NA	NA	NA	NA	NA
JBREUN000000000	NA	NA	NA	NA	NA	NA	NA	NA	NA	NA	NA
JBREUO000000000	NA	NA	NA	NA	NA	NA	NA	NA	NA	NA	NA
JBREUR000000000	NA	NA	NA	NA	NA	NA	NA	NA	NA	NA	NA
JBREUX000000000	ENA|JBREUX010000003|JBREUX010000003.1	50107	No terminal repeats	59	11	0.9934	NA	10	30.3906	T_virB9;T_virB8;virb4;T_virB2;virb4;MOBP1	NA
JBREUZ000000000	ENA|JBREUZ010000002|JBREUZ010000002.1	46943	No terminal repeats	55	11	0.9927	NA	10	21.7823	T_virB9;T_virB8;T_virB6;virb4;T_virB2;MOBP1	NA
JBREVB000000000	NA	NA	NA	NA	NA	NA	NA	NA	NA	NA	NA
JBREVC000000000	NA	NA	NA	NA	NA	NA	NA	NA	NA	NA	NA
JBREXQ000000000	NA	NA	NA	NA	NA	NA	NA	NA	NA	NA	NA
JBREXR000000000	NA	NA	NA	NA	NA	NA	NA	NA	NA	NA	NA
JBREXS000000000	NA	NA	NA	NA	NA	NA	NA	NA	NA	NA	NA
JBREXT000000000	NA	NA	NA	NA	NA	NA	NA	NA	NA	NA	NA
JBRILL000000000	ENA|JBRILL010000002|JBRILL010000002.1	38409	No terminal repeats	44	11	0.9944	NA	18	31.0510	t4cp2;F_traE;F_traK;F_traB;F_traV;virb4;F_traW;F_traU;F_traN;F_traN;F_traF;F_traH;F_traG	NA
JBRJPI000000000	ENA|JBRJPI010000006|JBRJPI010000006.1	3223	No terminal repeats	4	11	0.9952	NA	2	4.5840	MOBP1	NA
JBRJPI000000000	ENA|JBRJPI010000002|JBRJPI010000002.1	295042	No terminal repeats	322	11	0.9941	NA	17	195.6701	F_traE;F_traB;F_traV;virb4;F_traW;F_traU;F_trbC;F_traH;F_traF;MOBH;t4cp1	NF000153
JBRJPI000000000	ENA|JBRJPI010000005|JBRJPI010000005.1	9923	No terminal repeats	11	11	0.9933	NA	3	7.4782	MOBP1	NF012171
JBRJPI000000000	ENA|JBRJPI010000004|JBRJPI010000004.1	99893	No terminal repeats	134	11	0.9923	NA	16	38.0093	MOBH;t4cp1;F_traL;F_traE;F_traK;F_traB;F_traV;F_traF;F_traH;F_traG;T_virB1	NF012147;NF000005
JBRJPJ000000000	ENA|JBRJPJ010000006|JBRJPJ010000006.1	3223	No terminal repeats	4	11	0.9955	NA	2	4.5840	MOBP1	NA
JBRJPJ000000000	ENA|JBRJPJ010000002|JBRJPJ010000002.1	285363	No terminal repeats	307	11	0.9938	NA	17	186.2962	F_trbC;F_traU;F_traW;virb4;F_traV;F_traB;F_traE;t4cp1;MOBH;F_traF;F_traH	NA
JBRJPJ000000000	ENA|JBRJPJ010000005|JBRJPJ010000005.1	9923	No terminal repeats	11	11	0.9936	NA	3	7.4782	MOBP1	NF012171
JBRJPJ000000000	ENA|JBRJPJ010000004|JBRJPJ010000004.1	99893	No terminal repeats	134	11	0.9923	NA	16	38.0093	MOBH;t4cp1;F_traL;F_traE;F_traK;F_traB;F_traV;F_traF;F_traH;F_traG;T_virB1	NF012147;NF000005
JBROQF000000000	ENA|JBROQF010000002|JBROQF010000002.1	46941	No terminal repeats	53	11	0.9925	NA	10	21.7823	MOBP1;T_virB9;T_virB8;T_virB6;virb4;T_virB2	NA
JBROTN000000000	NA	NA	NA	NA	NA	NA	NA	NA	NA	NA	NA
JBRRGL000000000	NA	NA	NA	NA	NA	NA	NA	NA	NA	NA	NA
JBRTTN000000000	NA	NA	NA	NA	NA	NA	NA	NA	NA	NA	NA
JBRUSS000000000	NA	NA	NA	NA	NA	NA	NA	NA	NA	NA	NA
JBRUST000000000	NA	NA	NA	NA	NA	NA	NA	NA	NA	NA	NA
JBRUSX000000000	NA	NA	NA	NA	NA	NA	NA	NA	NA	NA	NA
JBRUSY000000000	NA	NA	NA	NA	NA	NA	NA	NA	NA	NA	NA
JBRUSZ000000000	NA	NA	NA	NA	NA	NA	NA	NA	NA	NA	NA
JBRUTC000000000	NA	NA	NA	NA	NA	NA	NA	NA	NA	NA	NA
JBRUTD000000000	NA	NA	NA	NA	NA	NA	NA	NA	NA	NA	NA
JBRXCB000000000	NA	NA	NA	NA	NA	NA	NA	NA	NA	NA	NA
JBRYYE000000000	ENA|JBRYYE010000004|JBRYYE010000004.1	122033	No terminal repeats	141	11	0.9951	NA	28	102.4629	MOBF;F_traG;F_traH;F_traF;F_traN;F_trbC;F_traU;F_traW;virb4;F_traV;F_traK;F_traE;F_traL	NA
JBRYYE000000000	ENA|JBRYYE010000003|JBRYYE010000003.1	163225	No terminal repeats	176	11	0.9941	NA	26	105.0978	MOBF;t4cp2;F_traG;F_traH;F_traF;F_traN;F_trbC;F_traU;F_traW;virb4;F_traV;F_traB;F_traK;F_traE;F_traL	NF000402
JBRYYE000000000	ENA|JBRYYE010000002|JBRYYE010000002.1	293639	No terminal repeats	371	11	0.9898	NA	20	68.9543	MOBH;t4cp1;F_traL;F_traE;F_traK;F_traB;F_traV;virb4;F_traW;F_traU;F_traF;F_traH;F_traG;T_virB1	NA
JBRZEW000000000	ENA|JBRZEW010000002|JBRZEW010000002.1	133638	No terminal repeats	167	11	0.9930	NA	21	55.3253	MOBH;t4cp1;F_traL;F_traE;F_traK;F_traB;F_traV;virb4;F_traW;F_traU;F_trbC;F_traF;F_traH;F_traG;T_virB1	NF033085;NF012147;NF000005
JBRZFE000000000	ENA|JBRZFE010000003|JBRZFE010000003.1	45198	No terminal repeats	57	11	0.9937	NA	9	25.1041	T_virB1;T_virB2;virb4;T_virB6;T_virB8;T_virB9	NF012147
JBRZFE000000000	ENA|JBRZFE010000002|JBRZFE010000002.1	54470	No terminal repeats	76	11	0.9901	NA	9	40.1878	T_virB11;T_virB2;virb4;T_virB9;T_virB10;T_virB5	NA
JBRZFG000000000	ENA|JBRZFG010000003|JBRZFG010000003.1	79111	No terminal repeats	95	11	0.9955	NA	31	79.6908	MOBF;F_traG;F_traH;F_traF;F_traN;F_traU;F_traW;virb4;F_traV;F_traK;F_traE;F_traL	NA
JBRZFG000000000	ENA|JBRZFG010000005|JBRZFG010000005.1	4809	No terminal repeats	6	11	0.9954	NA	1	5.1827	NA	NA
JBRZFG000000000	ENA|JBRZFG010000006|JBRZFG010000006.1	3223	No terminal repeats	4	11	0.9954	NA	2	4.5840	MOBP1	NA
JBRZFG000000000	ENA|JBRZFG010000004|JBRZFG010000004.1	4854	No terminal repeats	7	11	0.9936	NA	1	3.9266	NA	NA
JBRZFG000000000	ENA|JBRZFG010000002|JBRZFG010000002.1	132386	No terminal repeats	164	11	0.9927	NA	21	54.8620	MOBH;t4cp1;F_traL;F_traE;F_traK;F_traB;F_traV;virb4;F_traW;F_traU;F_trbC;F_traF;F_traH;F_traG;T_virB1	NF033085;NF012147;NF000005
JBRZFH000000000	ENA|JBRZFH010000003|JBRZFH010000003.1	2495	No terminal repeats	3	11	0.9954	NA	1	3.1262	NA	NA
JBRZFH000000000	ENA|JBRZFH010000002|JBRZFH010000002.1	79994	No terminal repeats	88	11	0.9943	NA	24	49.3979	F_traL;F_traE;F_traK;F_traB;F_traV;virb4;F_traW;F_traU;F_traN;F_traF;F_traH;F_traG;t4cp2;MOBF	NF012147;NF000005
JBRZFJ000000000	ENA|JBRZFJ010000002|JBRZFJ010000002.1	46161	No terminal repeats	58	11	0.9937	NA	9	25.1041	T_virB1;T_virB2;virb4;T_virB6;T_virB8;T_virB9	NF012147
JBSBGN000000000	ENA|JBSBGN010000002|JBSBGN010000002.1	41827	No terminal repeats	55	11	0.9946	NA	9	30.8912	T_virB9;T_virB8;T_virB6;virb4;T_virB2	NA
JBSBGN000000000	ENA|JBSBGN010000004|JBSBGN010000004.1	4819	No terminal repeats	5	11	0.9938	NA	2	3.1408	MOBP1	NA
JBSDES000000000	NA	NA	NA	NA	NA	NA	NA	NA	NA	NA	NA
JBSDWX000000000	ENA|JBSDWX010000003|JBSDWX010000003.1	97291	No terminal repeats	102	11	0.9942	NA	2	45.9854	NA	NF000402;NF012171
JBSDWX000000000	ENA|JBSDWX010000002|JBSDWX010000002.1	331383	No terminal repeats	357	11	0.9940	NA	17	206.0385	F_traE;F_traB;F_traV;virb4;F_traW;F_traU;F_trbC;F_traH;F_traF;MOBH;t4cp1	NF012171;NF012147;NF012178;NF033144;NF000270
JBSDWZ000000000	ENA|JBSDWZ010000005|JBSDWZ010000005.1	9721	No terminal repeats	10	11	0.9935	NA	1	5.3188	NA	NA
JBSDWZ000000000	ENA|JBSDWZ010000002|JBSDWZ010000002.1	77923	No terminal repeats	84	11	0.9922	NA	3	23.3196	FA_orf13	NF012176;NF012176
JBSJED000000000	ENA|JBSJED010000001|JBSJED010000001.1	4207	No terminal repeats	9	11	0.9956	NA	3	9.8962	MOBP1	NA
JBSKFX000000000	NA	NA	NA	NA	NA	NA	NA	NA	NA	NA	NA
JBSMIV000000000	ENA|JBSMIV010000003|JBSMIV010000003.1	66145	No terminal repeats	82	11	0.9948	NA	28	66.5710	F_traV;virb4;F_traW;F_traU;F_trbC;F_traN;F_traF;F_traH;F_traG;MOBF;F_traL;F_traE;F_traK	NA
JBSMIV000000000	ENA|JBSMIV010000002|JBSMIV010000002.1	86447	No terminal repeats	94	11	0.9940	NA	23	78.1113	MOBF;t4cp2;F_traG;F_traH;F_traF;F_traN;F_trbC;F_traU;F_traW;virb4;F_traV;F_traK;F_traE;F_traL	NA
JBSMIV000000000	ENA|JBSMIV010000004|JBSMIV010000004.1	65488	No terminal repeats	88	11	0.9922	NA	15	39.1630	traU;I_traW;I_traY;I_trbB;I_trbA;MOBP1;I_traI;I_traK;I_traL;I_traN;I_traO;I_traP;I_traQ;I_traR	NF040806
JBSMIV000000000	ENA|JBSMIV010000005|JBSMIV010000005.1	58931	No terminal repeats	64	11	0.9920	NA	1	17.8715	NA	NF000270;NF000466
JBSMIY000000000	NA	NA	NA	NA	NA	NA	NA	NA	NA	NA	NA
JBSMJA000000000	NA	NA	NA	NA	NA	NA	NA	NA	NA	NA	NA
JBSOQU000000000	ENA|JBSOQU010000001|JBSOQU010000001.1	170317	No terminal repeats	161	11	0.9897	NA	5	41.8124	I_traN;I_traM;I_traI;I_traY;I_traW	NF012171
JBSORM000000000	ENA|JBSORM010000002|JBSORM010000002.1	64327	No terminal repeats	78	11	0.9946	NA	16	49.6868	F_traV;F_traK;F_traE;F_traL	NA
JBSORM000000000	ENA|JBSORM010000003|JBSORM010000003.1	29336	No terminal repeats	37	11	0.9943	NA	2	15.3063	NA	NF012171;NF012174;NF012171
JBSUGK000000000	ENA|JBSUGK010000003|JBSUGK010000003.1	2495	No terminal repeats	3	11	0.9954	NA	1	3.1262	NA	NA
JBSUGK000000000	ENA|JBSUGK010000002|JBSUGK010000002.1	95344	No terminal repeats	99	11	0.9943	NA	24	50.9372	F_traL;F_traE;F_traK;F_traB;F_traV;virb4;F_traW;F_traU;F_traN;F_traF;F_traH;F_traG;t4cp2;MOBF	NF012147;NF000005
JBSWZL000000000	NA	NA	NA	NA	NA	NA	NA	NA	NA	NA	NA
JBTCBO000000000	ENA|JBTCBO010000004|JBTCBO010000004.1	6988	No terminal repeats	8	11	0.9949	NA	2	6.2707	MOBP1	NF000153
JBTCBO000000000	ENA|JBTCBO010000002|JBTCBO010000002.1	47720	No terminal repeats	56	11	0.9944	NA	10	22.1471	T_virB11;T_virB2;T_virB3;T_virB5;T_virB8;T_virB9;T_virB10;I_traV	NF000466;NF000005;NF012147
JBTCBO000000000	ENA|JBTCBO010000003|JBTCBO010000003.1	44026	No terminal repeats	57	11	0.9938	NA	10	34.7416	T_virB11;T_virB9;T_virB8;T_virB6;virb4;T_virB2;T_virB1;MOBP1	NA
LN680001.1	NA	NA	NA	NA	NA	NA	NA	NA	NA	NA	NA
LN831025.1	NA	NA	NA	NA	NA	NA	NA	NA	NA	NA	NA
LN831034.1	NA	NA	NA	NA	NA	NA	NA	NA	NA	NA	NA
LN868200.1	NA	NA	NA	NA	NA	NA	NA	NA	NA	NA	NA
LN868943.1	NA	NA	NA	NA	NA	NA	NA	NA	NA	NA	NA
LN868944.1	NA	NA	NA	NA	NA	NA	NA	NA	NA	NA	NA
LN868945.1	NA	NA	NA	NA	NA	NA	NA	NA	NA	NA	NA
LN868946.1	NA	NA	NA	NA	NA	NA	NA	NA	NA	NA	NA
LN871187.1	NA	NA	NA	NA	NA	NA	NA	NA	NA	NA	NA
LN890520.1	NA	NA	NA	NA	NA	NA	NA	NA	NA	NA	NA
LN890521.1	ENA|LN890521|LN890521.1	98776	No terminal repeats	101	11	0.9928	NA	24	55.3356	F_traL;F_traE;F_traK;F_traV;F_traW;F_traU;F_trbC;F_traN;F_traF;F_traH;F_traG;t4cp2	NA
LN997846.1	NA	NA	NA	NA	NA	NA	NA	NA	NA	NA	NA
LN997847.1	ENA|LN997847|LN997847.1	7742	No terminal repeats	11	11	0.9958	NA	1	9.2706	NA	NA
LN999012.1	ENA|LN999012|LN999012.1	93844	No terminal repeats	116	11	0.9949	NA	31	78.7366	F_traL;F_traE;F_traK;F_traV;virb4;F_traW;F_traU;F_traN;F_traF;F_traH;F_traG;MOBF	NA
LR027877.1	NA	NA	NA	NA	NA	NA	NA	NA	NA	NA	NA
LR031521.1	NA	NA	NA	NA	NA	NA	NA	NA	NA	NA	NA
LR129840.1	NA	NA	NA	NA	NA	NA	NA	NA	NA	NA	NA
LR129843.1	NA	NA	NA	NA	NA	NA	NA	NA	NA	NA	NA
LR129844.1	NA	NA	NA	NA	NA	NA	NA	NA	NA	NA	NA
LR130237.1	NA	NA	NA	NA	NA	NA	NA	NA	NA	NA	NA
LR130239.1	NA	NA	NA	NA	NA	NA	NA	NA	NA	NA	NA
LR132067.1	NA	NA	NA	NA	NA	NA	NA	NA	NA	NA	NA
LR132068.1	ENA|LR132068|LR132068.1	141895	No terminal repeats	156	11	0.9931	NA	2	52.5645	MOBP2	NF033115
LR134095.1	NA	NA	NA	NA	NA	NA	NA	NA	NA	NA	NA
LR134096.1	ENA|LR134096|LR134096.1	124986	No terminal repeats	130	11	0.9911	NA	2	44.7161	MOBP2	NA
LR134097.1	ENA|LR134097|LR134097.1	32824	No terminal repeats	39	11	0.9934	NA	3	8.1875	NA	NF012176
LR134105.1	NA	NA	NA	NA	NA	NA	NA	NA	NA	NA	NA
LR134106.1	NA	NA	NA	NA	NA	NA	NA	NA	NA	NA	NA
LR134107.1	ENA|LR134107|LR134107.1	55800	ITR	60	11	0.9870	NA	4	8.3596	NA	NA
LR134108.1	ENA|LR134108|LR134108.1	54563	No terminal repeats	58	11	0.9942	NA	2	30.1637	MOBP2	NA
LR134109.1	NA	NA	NA	NA	NA	NA	NA	NA	NA	NA	NA
LR134110.1	ENA|LR134110|LR134110.1	42954	No terminal repeats	53	11	0.9925	NA	4	13.6581	NA	NA
LR134111.1	NA	NA	NA	NA	NA	NA	NA	NA	NA	NA	NA
LR134112.1	NA	NA	NA	NA	NA	NA	NA	NA	NA	NA	NA
LR134113.1	ENA|LR134113|LR134113.1	7165	No terminal repeats	10	11	0.9930	NA	1	4.5944	NA	NA
LR134168.1	NA	NA	NA	NA	NA	NA	NA	NA	NA	NA	NA
LR134205.1	NA	NA	NA	NA	NA	NA	NA	NA	NA	NA	NA
LR134265.1	NA	NA	NA	NA	NA	NA	NA	NA	NA	NA	NA
LR134271.1	NA	NA	NA	NA	NA	NA	NA	NA	NA	NA	NA
LR134284.1	NA	NA	NA	NA	NA	NA	NA	NA	NA	NA	NA
LR134294.1	NA	NA	NA	NA	NA	NA	NA	NA	NA	NA	NA
LR134305.1	NA	NA	NA	NA	NA	NA	NA	NA	NA	NA	NA
LR134312.1	NA	NA	NA	NA	NA	NA	NA	NA	NA	NA	NA
LR134314.1	NA	NA	NA	NA	NA	NA	NA	NA	NA	NA	NA
LR134490.1	NA	NA	NA	NA	NA	NA	NA	NA	NA	NA	NA
LR134497.1	NA	NA	NA	NA	NA	NA	NA	NA	NA	NA	NA
LR134502.1	NA	NA	NA	NA	NA	NA	NA	NA	NA	NA	NA
LR134507.1	NA	NA	NA	NA	NA	NA	NA	NA	NA	NA	NA
LR134512.1	NA	NA	NA	NA	NA	NA	NA	NA	NA	NA	NA
LR134519.1	NA	NA	NA	NA	NA	NA	NA	NA	NA	NA	NA
LR134520.1	NA	NA	NA	NA	NA	NA	NA	NA	NA	NA	NA
LR134522.1	NA	NA	NA	NA	NA	NA	NA	NA	NA	NA	NA
LR134528.1	NA	NA	NA	NA	NA	NA	NA	NA	NA	NA	NA
LR135170.1	NA	NA	NA	NA	NA	NA	NA	NA	NA	NA	NA
LR135171.1	ENA|LR135171|LR135171.1	175367	No terminal repeats	171	11	0.9904	NA	2	47.4613	MOBP2	NA
LR135172.1	ENA|LR135172|LR135172.1	46429	No terminal repeats	50	11	0.9927	NA	1	15.0112	NA	NF033115
LR135173.1	ENA|LR135173|LR135173.1	4147	No terminal repeats	5	11	0.9959	NA	1	5.9024	NA	NA
LR135174.1	NA	NA	NA	NA	NA	NA	NA	NA	NA	NA	NA
LR135175.1	ENA|LR135175|LR135175.1	149005	No terminal repeats	156	11	0.9892	NA	2	43.1782	MOBP2	NA
LR135176.1	ENA|LR135176|LR135176.1	16029	No terminal repeats	21	11	0.9931	NA	2	13.3138	NA	NA
LR135177.1	ENA|LR135177|LR135177.1	10188	No terminal repeats	14	11	0.9913	NA	1	1.8991	NA	NA
LR135178.1	NA	NA	NA	NA	NA	NA	NA	NA	NA	NA	NA
LR135191.1	NA	NA	NA	NA	NA	NA	NA	NA	NA	NA	NA
LR135192.1	ENA|LR135192|LR135192.1	145361	No terminal repeats	151	11	0.9906	NA	2	45.0699	MOBP2	NA
LR135193.1	ENA|LR135193|LR135193.1	64154	No terminal repeats	64	11	0.9924	NA	2	30.8587	MOBP2	NA
LR135194.1	ENA|LR135194|LR135194.1	11208	No terminal repeats	14	11	0.9928	NA	1	6.3127	NA	NA
LR135195.1	ENA|LR135195|LR135195.1	5275	No terminal repeats	7	11	0.9852	NA	1	1.6104	NA	NA
LR135196.1	NA	NA	NA	NA	NA	NA	NA	NA	NA	NA	NA
LR135197.1	NA	NA	NA	NA	NA	NA	NA	NA	NA	NA	NA
LR135198.1	ENA|LR135198|LR135198.1	223834	No terminal repeats	240	11	0.9882	NA	2	46.6481	MOBP2	NA
LR135199.1	ENA|LR135199|LR135199.1	54628	No terminal repeats	59	11	0.9941	NA	2	31.3463	MOBP2	NA
LR135200.1	ENA|LR135200|LR135200.1	41060	No terminal repeats	46	11	0.9929	NA	1	8.9255	NA	NF033115
LR135201.1	ENA|LR135201|LR135201.1	9318	No terminal repeats	12	11	0.9918	NA	1	6.3127	NA	NA
LR135202.1	NA	NA	NA	NA	NA	NA	NA	NA	NA	NA	NA
LR135219.1	NA	NA	NA	NA	NA	NA	NA	NA	NA	NA	NA
LR135220.1	NA	NA	NA	NA	NA	NA	NA	NA	NA	NA	NA
LR135221.1	ENA|LR135221|LR135221.1	114941	No terminal repeats	131	11	0.9932	NA	3	43.2373	NA	NF012176
LR135222.1	ENA|LR135222|LR135222.1	54563	No terminal repeats	58	11	0.9941	NA	2	30.1637	MOBP2	NA
LR135223.1	ENA|LR135223|LR135223.1	38599	No terminal repeats	54	11	0.9941	NA	1	19.2817	NA	NF033115
LR135224.1	ENA|LR135224|LR135224.1	15062	No terminal repeats	19	11	0.9928	NA	1	6.1180	NA	NA
LR135225.1	ENA|LR135225|LR135225.1	9292	No terminal repeats	13	11	0.9900	NA	1	6.3127	NA	NA
LR135226.1	NA	NA	NA	NA	NA	NA	NA	NA	NA	NA	NA
LR135227.1	NA	NA	NA	NA	NA	NA	NA	NA	NA	NA	NA
LR135228.1	ENA|LR135228|LR135228.1	56226	No terminal repeats	62	11	0.9942	NA	2	29.6033	MOBP2	NA
LR135229.1	ENA|LR135229|LR135229.1	50023	No terminal repeats	50	11	0.9913	NA	2	13.5023	FATA_prgL	NA
LR135230.1	ENA|LR135230|LR135230.1	44498	No terminal repeats	54	11	0.9921	NA	1	12.6618	NA	NF033115;NF033068
LR135231.1	NA	NA	NA	NA	NA	NA	NA	NA	NA	NA	NA
LR135232.1	ENA|LR135232|LR135232.1	7165	No terminal repeats	9	11	0.9931	NA	1	4.5944	NA	NA
LR135233.1	ENA|LR135233|LR135233.1	2947	No terminal repeats	4	11	0.9962	NA	1	5.9024	NA	NA
LR135234.1	NA	NA	NA	NA	NA	NA	NA	NA	NA	NA	NA
LR135235.1	NA	NA	NA	NA	NA	NA	NA	NA	NA	NA	NA
LR135236.1	NA	NA	NA	NA	NA	NA	NA	NA	NA	NA	NA
LR135237.1	ENA|LR135237|LR135237.1	60014	No terminal repeats	65	11	0.9940	NA	2	30.9014	MOBP2	NA
LR135238.1	ENA|LR135238|LR135238.1	55118	No terminal repeats	57	11	0.9935	NA	2	29.8780	MOBP2	NA
LR135239.1	ENA|LR135239|LR135239.1	51960	No terminal repeats	66	11	0.9930	NA	1	19.5268	NA	NF033115;NF033068
LR135240.1	ENA|LR135240|LR135240.1	13173	No terminal repeats	17	11	0.9926	NA	1	6.1180	NA	NA
LR135241.1	ENA|LR135241|LR135241.1	9507	No terminal repeats	13	11	0.9929	NA	1	6.3127	NA	NA
LR135242.1	ENA|LR135242|LR135242.1	2947	No terminal repeats	4	11	0.9966	NA	1	5.9024	NA	NA
LR135258.1	NA	NA	NA	NA	NA	NA	NA	NA	NA	NA	NA
LR135259.1	ENA|LR135259|LR135259.1	148571	No terminal repeats	161	11	0.9908	NA	2	43.3516	MOBP2	NA
LR135260.1	ENA|LR135260|LR135260.1	57778	No terminal repeats	67	11	0.9899	NA	1	9.2327	NA	NF033068
LR135261.1	ENA|LR135261|LR135261.1	53521	No terminal repeats	57	11	0.9941	NA	2	29.1404	MOBP2	NA
LR135262.1	ENA|LR135262|LR135262.1	9317	No terminal repeats	12	11	0.9928	NA	1	6.3127	NA	NA
LR135263.1	NA	NA	NA	NA	NA	NA	NA	NA	NA	NA	NA
LR135264.1	NA	NA	NA	NA	NA	NA	NA	NA	NA	NA	NA
LR135265.1	ENA|LR135265|LR135265.1	4374	No terminal repeats	7	11	0.9948	NA	1	5.9024	NA	NA
LR135266.1	ENA|LR135266|LR135266.1	3848	No terminal repeats	4	11	0.9946	NA	1	2.6555	NA	NA
LR135267.1	NA	NA	NA	NA	NA	NA	NA	NA	NA	NA	NA
LR135268.1	NA	NA	NA	NA	NA	NA	NA	NA	NA	NA	NA
LR135269.1	NA	NA	NA	NA	NA	NA	NA	NA	NA	NA	NA
LR135278.1	NA	NA	NA	NA	NA	NA	NA	NA	NA	NA	NA
LR135279.1	ENA|LR135279|LR135279.1	231651	No terminal repeats	266	11	0.9881	NA	1	43.6093	MOBV	NF033693
LR135280.1	ENA|LR135280|LR135280.1	57185	No terminal repeats	64	11	0.9943	NA	2	34.1239	MOBP2	NA
LR135281.1	NA	NA	NA	NA	NA	NA	NA	NA	NA	NA	NA
LR135282.1	ENA|LR135282|LR135282.1	19928	No terminal repeats	28	11	0.9944	NA	3	10.2220	NA	NA
LR135283.1	ENA|LR135283|LR135283.1	12090	No terminal repeats	16	11	0.9957	NA	1	13.7508	NA	NF033068
LR135284.1	ENA|LR135284|LR135284.1	4372	No terminal repeats	6	11	0.9952	NA	1	5.9024	NA	NA
LR135285.1	ENA|LR135285|LR135285.1	4305	No terminal repeats	6	11	0.9960	NA	2	7.0293	NA	NA
LR135286.1	ENA|LR135286|LR135286.1	4073	No terminal repeats	6	11	0.9942	NA	1	4.1842	NA	NA
LR135297.1	NA	NA	NA	NA	NA	NA	NA	NA	NA	NA	NA
LR135298.1	ENA|LR135298|LR135298.1	232499	No terminal repeats	267	11	0.9899	NA	4	56.8756	MOBP2;MOBV	NF033115
LR135299.1	ENA|LR135299|LR135299.1	58745	No terminal repeats	69	11	0.9909	NA	3	22.5821	MOBP2;T_virB11	NA
LR135300.1	ENA|LR135300|LR135300.1	28557	No terminal repeats	37	11	0.9911	NA	2	10.1696	NA	NF033068
LR135301.1	ENA|LR135301|LR135301.1	15151	No terminal repeats	17	11	0.9912	NA	1	3.9718	NA	NA
LR135302.1	ENA|LR135302|LR135302.1	8067	No terminal repeats	12	11	0.9943	NA	1	6.9950	NA	NA
LR135303.1	ENA|LR135303|LR135303.1	7038	No terminal repeats	9	11	0.9942	NA	1	6.3127	NA	NA
LR135304.1	NA	NA	NA	NA	NA	NA	NA	NA	NA	NA	NA
LR135305.1	NA	NA	NA	NA	NA	NA	NA	NA	NA	NA	NA
LR135306.1	NA	NA	NA	NA	NA	NA	NA	NA	NA	NA	NA
LR135317.1	NA	NA	NA	NA	NA	NA	NA	NA	NA	NA	NA
LR135318.1	NA	NA	NA	NA	NA	NA	NA	NA	NA	NA	NA
LR135319.1	ENA|LR135319|LR135319.1	66773	No terminal repeats	77	11	0.9941	NA	2	37.4492	MOBP2	NA
LR135320.1	ENA|LR135320|LR135320.1	38929	No terminal repeats	49	11	0.9924	NA	3	16.2370	NA	NF012176;NF033068;NF000119
LR135321.1	ENA|LR135321|LR135321.1	6174	No terminal repeats	8	11	0.9955	NA	1	9.3098	NA	NA
LR135322.1	ENA|LR135322|LR135322.1	4374	No terminal repeats	7	11	0.9954	NA	1	7.6207	NA	NA
LR135323.1	NA	NA	NA	NA	NA	NA	NA	NA	NA	NA	NA
LR135339.1	NA	NA	NA	NA	NA	NA	NA	NA	NA	NA	NA
LR135340.1	ENA|LR135340|LR135340.1	234907	No terminal repeats	253	11	0.9889	NA	3	56.8516	MOBV;MOBP2	NA
LR135341.1	ENA|LR135341|LR135341.1	58745	No terminal repeats	69	11	0.9917	NA	3	22.5821	T_virB11;MOBP2	NA
LR135342.1	ENA|LR135342|LR135342.1	28557	No terminal repeats	36	11	0.9932	NA	2	10.1696	NA	NF033068
LR135343.1	ENA|LR135343|LR135343.1	15151	No terminal repeats	17	11	0.9912	NA	1	3.9718	NA	NA
LR135344.1	NA	NA	NA	NA	NA	NA	NA	NA	NA	NA	NA
LR135345.1	ENA|LR135345|LR135345.1	188833	No terminal repeats	204	11	0.9901	NA	3	52.2453	MOBP2;MOBV	NA
LR135346.1	ENA|LR135346|LR135346.1	40152	No terminal repeats	46	11	0.9932	NA	2	15.7279	NA	NF033115
LR135347.1	ENA|LR135347|LR135347.1	11924	No terminal repeats	15	11	0.9943	NA	1	4.1511	NA	NA
LR135348.1	ENA|LR135348|LR135348.1	11208	No terminal repeats	15	11	0.9925	NA	1	6.3127	NA	NA
LR135349.1	NA	NA	NA	NA	NA	NA	NA	NA	NA	NA	NA
LR135350.1	ENA|LR135350|LR135350.1	4203	No terminal repeats	5	11	0.9957	NA	1	6.1790	MOBV	NA
LR135351.1	NA	NA	NA	NA	NA	NA	NA	NA	NA	NA	NA
LR135352.1	ENA|LR135352|LR135352.1	238961	No terminal repeats	269	11	0.9896	NA	2	62.9582	MOBP2	NF033693
LR135353.1	ENA|LR135353|LR135353.1	42610	No terminal repeats	48	11	0.9935	NA	3	13.2260	NA	NF033115
LR135354.1	NA	NA	NA	NA	NA	NA	NA	NA	NA	NA	NA
LR135355.1	ENA|LR135355|LR135355.1	7038	No terminal repeats	9	11	0.9941	NA	1	6.3127	NA	NA
LR135356.1	ENA|LR135356|LR135356.1	2856	No terminal repeats	4	11	0.9952	NA	1	4.1842	NA	NA
LR135357.1	NA	NA	NA	NA	NA	NA	NA	NA	NA	NA	NA
LR135358.1	ENA|LR135358|LR135358.1	293851	No terminal repeats	329	11	0.9888	NA	3	70.0678	MOBP2;MOBT	NF000424
LR135359.1	ENA|LR135359|LR135359.1	51724	No terminal repeats	56	11	0.9902	NA	1	13.5139	NA	NF033115
LR135360.1	ENA|LR135360|LR135360.1	14158	No terminal repeats	21	11	0.9942	NA	1	12.6880	NA	NA
LR135361.1	NA	NA	NA	NA	NA	NA	NA	NA	NA	NA	NA
LR135362.1	NA	NA	NA	NA	NA	NA	NA	NA	NA	NA	NA
LR135363.1	NA	NA	NA	NA	NA	NA	NA	NA	NA	NA	NA
LR135372.1	NA	NA	NA	NA	NA	NA	NA	NA	NA	NA	NA
LR135373.1	ENA|LR135373|LR135373.1	156371	No terminal repeats	164	11	0.9902	NA	2	48.1742	MOBP2	NA
LR135374.1	ENA|LR135374|LR135374.1	88799	No terminal repeats	95	11	0.9932	NA	3	39.0335	MOBP2	NF033115
LR135375.1	ENA|LR135375|LR135375.1	22271	No terminal repeats	29	11	0.9940	NA	3	9.7512	NA	NF033693
LR135376.1	ENA|LR135376|LR135376.1	6303	No terminal repeats	9	11	0.9950	NA	1	8.0310	NA	NA
LR135377.1	ENA|LR135377|LR135377.1	6095	No terminal repeats	9	11	0.9951	NA	1	8.0310	NA	NA
LR135378.1	NA	NA	NA	NA	NA	NA	NA	NA	NA	NA	NA
LR135379.1	NA	NA	NA	NA	NA	NA	NA	NA	NA	NA	NA
LR135380.1	ENA|LR135380|LR135380.1	4372	No terminal repeats	6	11	0.9950	NA	1	5.9024	NA	NA
LR135381.1	NA	NA	NA	NA	NA	NA	NA	NA	NA	NA	NA
LR135382.1	ENA|LR135382|LR135382.1	3647	No terminal repeats	3	11	0.9950	NA	1	2.6555	NA	NA
LR135383.1	NA	NA	NA	NA	NA	NA	NA	NA	NA	NA	NA
LR135384.1	NA	NA	NA	NA	NA	NA	NA	NA	NA	NA	NA
LR135385.1	ENA|LR135385|LR135385.1	238264	No terminal repeats	258	11	0.9897	NA	3	62.6017	MOBP2;MOBV	NA
LR135386.1	ENA|LR135386|LR135386.1	70572	No terminal repeats	81	11	0.9935	NA	2	37.9956	MOBP2	NA
LR135387.1	ENA|LR135387|LR135387.1	62379	No terminal repeats	69	11	0.9908	NA	3	12.5586	NA	NF033068;NF033115
LR135388.1	ENA|LR135388|LR135388.1	9316	No terminal repeats	15	11	0.9907	NA	1	6.3127	NA	NA
LR135389.1	NA	NA	NA	NA	NA	NA	NA	NA	NA	NA	NA
LR135390.1	ENA|LR135390|LR135390.1	6083	No terminal repeats	10	11	0.9951	NA	1	9.3098	NA	NA
LR135391.1	ENA|LR135391|LR135391.1	4375	No terminal repeats	7	11	0.9950	NA	1	5.9024	NA	NA
LR135392.1	NA	NA	NA	NA	NA	NA	NA	NA	NA	NA	NA
LR135393.1	NA	NA	NA	NA	NA	NA	NA	NA	NA	NA	NA
LR135394.1	NA	NA	NA	NA	NA	NA	NA	NA	NA	NA	NA
LR135395.1	ENA|LR135395|LR135395.1	239811	No terminal repeats	268	11	0.9895	NA	3	63.6207	MOBP2;MOBV	NA
LR135396.1	ENA|LR135396|LR135396.1	63798	No terminal repeats	72	11	0.9908	NA	3	12.5586	NA	NF033115;NF033068
LR135397.1	ENA|LR135397|LR135397.1	9317	No terminal repeats	13	11	0.9924	NA	1	6.3127	NA	NA
LR135398.1	NA	NA	NA	NA	NA	NA	NA	NA	NA	NA	NA
LR135399.1	NA	NA	NA	NA	NA	NA	NA	NA	NA	NA	NA
LR135400.1	ENA|LR135400|LR135400.1	2947	No terminal repeats	5	11	0.9962	NA	1	7.6207	NA	NA
LR135419.1	NA	NA	NA	NA	NA	NA	NA	NA	NA	NA	NA
LR135420.1	ENA|LR135420|LR135420.1	245801	No terminal repeats	257	11	0.9909	NA	5	74.7105	MOBP2;T_virB11;MOBP2	NA
LR135421.1	NA	NA	NA	NA	NA	NA	NA	NA	NA	NA	NA
LR135422.1	ENA|LR135422|LR135422.1	26633	No terminal repeats	33	11	0.9915	NA	2	10.1696	NA	NF033068
LR135423.1	ENA|LR135423|LR135423.1	6173	No terminal repeats	8	11	0.9955	NA	1	9.3098	NA	NA
LR135424.1	NA	NA	NA	NA	NA	NA	NA	NA	NA	NA	NA
LR135425.1	NA	NA	NA	NA	NA	NA	NA	NA	NA	NA	NA
LR135426.1	ENA|LR135426|LR135426.1	2947	No terminal repeats	4	11	0.9966	NA	1	5.9024	NA	NA
LR135427.1	NA	NA	NA	NA	NA	NA	NA	NA	NA	NA	NA
LR135435.1	NA	NA	NA	NA	NA	NA	NA	NA	NA	NA	NA
LR135436.1	ENA|LR135436|LR135436.1	144068	No terminal repeats	151	11	0.9912	NA	2	44.7699	MOBP2	NA
LR135437.1	NA	NA	NA	NA	NA	NA	NA	NA	NA	NA	NA
LR135438.1	ENA|LR135438|LR135438.1	9323	No terminal repeats	13	11	0.9926	NA	1	6.3127	NA	NA
LR135439.1	NA	NA	NA	NA	NA	NA	NA	NA	NA	NA	NA
LR135440.1	ENA|LR135440|LR135440.1	4065	No terminal repeats	6	11	0.9947	NA	1	4.1842	NA	NA
LR135441.1	NA	NA	NA	NA	NA	NA	NA	NA	NA	NA	NA
LR135442.1	NA	NA	NA	NA	NA	NA	NA	NA	NA	NA	NA
LR135474.1	NA	NA	NA	NA	NA	NA	NA	NA	NA	NA	NA
LR135475.1	NA	NA	NA	NA	NA	NA	NA	NA	NA	NA	NA
LR135476.1	ENA|LR135476|LR135476.1	256660	No terminal repeats	283	11	0.9898	NA	3	76.4921	MOBP2;MOBP2	NF033693
LR135477.1	NA	NA	NA	NA	NA	NA	NA	NA	NA	NA	NA
LR135482.1	NA	NA	NA	NA	NA	NA	NA	NA	NA	NA	NA
LR135483.1	ENA|LR135483|LR135483.1	221062	No terminal repeats	251	11	0.9889	NA	5	60.0410	MOBP2;MOBV	NF012176
LR135484.1	ENA|LR135484|LR135484.1	58698	No terminal repeats	67	11	0.9927	NA	4	18.7720	NA	NF012176;NF033068
LR135485.1	NA	NA	NA	NA	NA	NA	NA	NA	NA	NA	NA
LR135486.1	NA	NA	NA	NA	NA	NA	NA	NA	NA	NA	NA
LR135487.1	NA	NA	NA	NA	NA	NA	NA	NA	NA	NA	NA
LR135782.1	NA	NA	NA	NA	NA	NA	NA	NA	NA	NA	NA
LR135783.1	ENA|LR135783|LR135783.1	172716	No terminal repeats	168	11	0.9913	NA	2	47.4613	MOBP2	NA
LR135784.1	ENA|LR135784|LR135784.1	45085	No terminal repeats	46	11	0.9926	NA	1	15.0112	NA	NF033115
LR135785.1	ENA|LR135785|LR135785.1	4147	No terminal repeats	5	11	0.9959	NA	1	5.9024	NA	NA
LR215968.1	NA	NA	NA	NA	NA	NA	NA	NA	NA	NA	NA
LR216050.1	NA	NA	NA	NA	NA	NA	NA	NA	NA	NA	NA
LR216060.1	NA	NA	NA	NA	NA	NA	NA	NA	NA	NA	NA
LR216064.1	NA	NA	NA	NA	NA	NA	NA	NA	NA	NA	NA
LR216065.1	NA	NA	NA	NA	NA	NA	NA	NA	NA	NA	NA
LR590465.1	NA	NA	NA	NA	NA	NA	NA	NA	NA	NA	NA
LR590466.1	NA	NA	NA	NA	NA	NA	NA	NA	NA	NA	NA
LR590483.1	NA	NA	NA	NA	NA	NA	NA	NA	NA	NA	NA
LR594051.1	NA	NA	NA	NA	NA	NA	NA	NA	NA	NA	NA
LR595848.1	NA	NA	NA	NA	NA	NA	NA	NA	NA	NA	NA
LR595849.1	NA	NA	NA	NA	NA	NA	NA	NA	NA	NA	NA
LR699007.1	NA	NA	NA	NA	NA	NA	NA	NA	NA	NA	NA
LR881463.1	NA	NA	NA	NA	NA	NA	NA	NA	NA	NA	NA
LR881464.1	ENA|LR881464|LR881464.1	93927	No terminal repeats	117	11	0.9950	NA	31	78.7366	F_traU;F_traW;virb4;F_traV;F_traK;F_traE;F_traL;MOBF;F_traG;F_traH;F_traF;F_traN	NA
LR881934.1	NA	NA	NA	NA	NA	NA	NA	NA	NA	NA	NA
LR881935.1	ENA|LR881935|LR881935.1	295415	No terminal repeats	314	11	0.9928	NA	11	177.0126	virb4;F_traW;F_traU;F_trbC;F_traH;F_traF;MOBH;t4cp1	NF000402
LR890181.1	NA	NA	NA	NA	NA	NA	NA	NA	NA	NA	NA
LR890182.1	ENA|LR890182|LR890182.1	135529	No terminal repeats	139	11	0.9944	NA	20	83.6365	MOBP1;I_trbB;I_trbA;I_traY;I_traW;I_traV;traU;I_traT;I_traR;I_traQ;I_traP;I_traO;I_traN;I_traL;I_traK;I_traI;I_traE	NF033135
LR890183.1	ENA|LR890183|LR890183.1	126853	No terminal repeats	172	11	0.9917	NA	21	61.8211	MOBH;t4cp1;F_traL;F_traE;F_traK;F_traB;F_traV;virb4;F_traW;F_traU;F_trbC;F_traF;F_traH;F_traG;T_virB1	NA
LR890209.1	NA	NA	NA	NA	NA	NA	NA	NA	NA	NA	NA
LR890210.1	ENA|LR890210|LR890210.1	197166	No terminal repeats	215	11	0.9944	NA	27	124.8453	MOBF;F_traG;F_traH;F_traF;F_traN;F_trbC;F_traU;F_traW;virb4;F_traV;F_traK;F_traE;F_traL	NF000402;NF012178
LR890211.1	ENA|LR890211|LR890211.1	111450	No terminal repeats	113	11	0.9922	NA	1	36.6985	NA	NA
LR890212.1	ENA|LR890212|LR890212.1	3681	No terminal repeats	7	11	0.9959	NA	2	7.4904	NA	NA
LR890213.1	ENA|LR890213|LR890213.1	3271	No terminal repeats	5	11	0.9958	NA	2	5.2619	NA	NA
LR890214.1	ENA|LR890214|LR890214.1	2988	No terminal repeats	4	11	0.9919	NA	1	2.2083	NA	NA
LR890235.1	NA	NA	NA	NA	NA	NA	NA	NA	NA	NA	NA
LR890236.1	ENA|LR890236|LR890236.1	169535	No terminal repeats	187	11	0.9934	NA	4	61.7101	NA	NF000402
LR890237.1	NA	NA	NA	NA	NA	NA	NA	NA	NA	NA	NA
LR890238.1	NA	NA	NA	NA	NA	NA	NA	NA	NA	NA	NA
LR890239.1	ENA|LR890239|LR890239.1	3619	No terminal repeats	4	11	0.9931	NA	1	2.2083	NA	NA
LR890600.1	NA	NA	NA	NA	NA	NA	NA	NA	NA	NA	NA
LR890601.1	ENA|LR890601|LR890601.1	72169	No terminal repeats	84	11	0.9945	NA	5	51.8380	NA	NF000402;NF012178
LR890602.1	ENA|LR890602|LR890602.1	6615	No terminal repeats	12	11	0.9919	NA	1	2.2083	NA	NA
LR890627.1	NA	NA	NA	NA	NA	NA	NA	NA	NA	NA	NA
LR890628.1	ENA|LR890628|LR890628.1	231763	No terminal repeats	234	11	0.9935	NA	9	69.9195	F_traG;F_traH;F_traF;MOBH	NF033135;NF033105
LR890629.1	ENA|LR890629|LR890629.1	5164	No terminal repeats	5	11	0.9949	NA	1	3.7523	MOBQ	NA
LR890630.1	ENA|LR890630|LR890630.1	3972	No terminal repeats	8	11	0.9913	NA	2	3.2657	NA	NA
LR890631.1	NA	NA	NA	NA	NA	NA	NA	NA	NA	NA	NA
LR890679.1	NA	NA	NA	NA	NA	NA	NA	NA	NA	NA	NA
LR890680.1	ENA|LR890680|LR890680.1	243460	No terminal repeats	244	11	0.9943	NA	27	115.9142	F_traE;MOBF;F_traG;F_traH;F_traF;F_traN;F_trbC;F_traU;F_traW;virb4;F_traV;F_traK;F_traE;F_traL	NF000402;NF012171;NF000270;NF012174
LR890681.1	ENA|LR890681|LR890681.1	71104	No terminal repeats	82	11	0.9946	NA	5	50.5048	NA	NF000402;NF012178
LR890682.1	ENA|LR890682|LR890682.1	5783	No terminal repeats	7	11	0.9949	NA	2	4.8010	NA	NA
LR890683.1	ENA|LR890683|LR890683.1	3514	No terminal repeats	5	11	0.9945	NA	2	4.5840	MOBP1	NA
LR890684.1	ENA|LR890684|LR890684.1	3223	No terminal repeats	4	11	0.9955	NA	2	4.5840	MOBP1	NA
LR890685.1	NA	NA	NA	NA	NA	NA	NA	NA	NA	NA	NA
LR898867.1	NA	NA	NA	NA	NA	NA	NA	NA	NA	NA	NA
LS483298.1	NA	NA	NA	NA	NA	NA	NA	NA	NA	NA	NA
LS483301.1	NA	NA	NA	NA	NA	NA	NA	NA	NA	NA	NA
LS483307.1	NA	NA	NA	NA	NA	NA	NA	NA	NA	NA	NA
LS483317.1	NA	NA	NA	NA	NA	NA	NA	NA	NA	NA	NA
LS483319.1	NA	NA	NA	NA	NA	NA	NA	NA	NA	NA	NA
LS483320.1	NA	NA	NA	NA	NA	NA	NA	NA	NA	NA	NA
LS483322.1	NA	NA	NA	NA	NA	NA	NA	NA	NA	NA	NA
LS483323.1	NA	NA	NA	NA	NA	NA	NA	NA	NA	NA	NA
LS483326.1	NA	NA	NA	NA	NA	NA	NA	NA	NA	NA	NA
LS483327.1	NA	NA	NA	NA	NA	NA	NA	NA	NA	NA	NA
LS483331.1	NA	NA	NA	NA	NA	NA	NA	NA	NA	NA	NA
LS483335.1	NA	NA	NA	NA	NA	NA	NA	NA	NA	NA	NA
LS483338.1	NA	NA	NA	NA	NA	NA	NA	NA	NA	NA	NA
LS483342.1	NA	NA	NA	NA	NA	NA	NA	NA	NA	NA	NA
LS483347.1	NA	NA	NA	NA	NA	NA	NA	NA	NA	NA	NA
LS483352.1	NA	NA	NA	NA	NA	NA	NA	NA	NA	NA	NA
LS483355.1	NA	NA	NA	NA	NA	NA	NA	NA	NA	NA	NA
LS483357.1	NA	NA	NA	NA	NA	NA	NA	NA	NA	NA	NA
LS483359.1	NA	NA	NA	NA	NA	NA	NA	NA	NA	NA	NA
LS483360.1	NA	NA	NA	NA	NA	NA	NA	NA	NA	NA	NA
LS483362.1	NA	NA	NA	NA	NA	NA	NA	NA	NA	NA	NA
LS483374.1	NA	NA	NA	NA	NA	NA	NA	NA	NA	NA	NA
LS483379.1	NA	NA	NA	NA	NA	NA	NA	NA	NA	NA	NA
LS483382.1	NA	NA	NA	NA	NA	NA	NA	NA	NA	NA	NA
LS483384.1	NA	NA	NA	NA	NA	NA	NA	NA	NA	NA	NA
LS483386.1	NA	NA	NA	NA	NA	NA	NA	NA	NA	NA	NA
LS483387.1	NA	NA	NA	NA	NA	NA	NA	NA	NA	NA	NA
LS483389.1	NA	NA	NA	NA	NA	NA	NA	NA	NA	NA	NA
LS483390.1	NA	NA	NA	NA	NA	NA	NA	NA	NA	NA	NA
LS483392.1	NA	NA	NA	NA	NA	NA	NA	NA	NA	NA	NA
LS483394.1	NA	NA	NA	NA	NA	NA	NA	NA	NA	NA	NA
LS483401.1	NA	NA	NA	NA	NA	NA	NA	NA	NA	NA	NA
LS483407.1	NA	NA	NA	NA	NA	NA	NA	NA	NA	NA	NA
LS483411.1	NA	NA	NA	NA	NA	NA	NA	NA	NA	NA	NA
LS483415.1	NA	NA	NA	NA	NA	NA	NA	NA	NA	NA	NA
LS483417.1	NA	NA	NA	NA	NA	NA	NA	NA	NA	NA	NA
LS483432.1	NA	NA	NA	NA	NA	NA	NA	NA	NA	NA	NA
LS483437.1	NA	NA	NA	NA	NA	NA	NA	NA	NA	NA	NA
LS483438.1	NA	NA	NA	NA	NA	NA	NA	NA	NA	NA	NA
LS483442.1	NA	NA	NA	NA	NA	NA	NA	NA	NA	NA	NA
LS483445.1	NA	NA	NA	NA	NA	NA	NA	NA	NA	NA	NA
LS483448.1	NA	NA	NA	NA	NA	NA	NA	NA	NA	NA	NA
LS483449.1	NA	NA	NA	NA	NA	NA	NA	NA	NA	NA	NA
LS483480.1	NA	NA	NA	NA	NA	NA	NA	NA	NA	NA	NA
LS483486.1	NA	NA	NA	NA	NA	NA	NA	NA	NA	NA	NA
LS483488.1	NA	NA	NA	NA	NA	NA	NA	NA	NA	NA	NA
LS483496.1	NA	NA	NA	NA	NA	NA	NA	NA	NA	NA	NA
LS483498.1	NA	NA	NA	NA	NA	NA	NA	NA	NA	NA	NA
LS483521.1	NA	NA	NA	NA	NA	NA	NA	NA	NA	NA	NA
LS483522.1	NA	NA	NA	NA	NA	NA	NA	NA	NA	NA	NA
LS992175.1	NA	NA	NA	NA	NA	NA	NA	NA	NA	NA	NA
LS992176.1	ENA|LS992176|LS992176.1	159493	No terminal repeats	166	11	0.9932	NA	24	74.9658	F_traL;F_traE;F_traK;F_traV;F_traW;F_traU;F_traN;F_traN;F_traF;F_traH;F_traG;t4cp2;MOBF	NF012147;NF012178
LS992177.1	ENA|LS992177|LS992177.1	71403	No terminal repeats	87	11	0.9946	NA	9	56.7464	T_virB9;T_virB8;T_virB6;T_virB5;virb4;T_virB3;T_virB1	NF012147;NF012174;NF012147
LS992178.1	NA	NA	NA	NA	NA	NA	NA	NA	NA	NA	NA
LS992183.1	NA	NA	NA	NA	NA	NA	NA	NA	NA	NA	NA
LS992184.1	ENA|LS992184|LS992184.1	185156	No terminal repeats	215	11	0.9942	NA	22	99.0848	T_virB1;F_traG;F_traH;F_traF;F_traV;F_traB;F_traK;F_traE;F_traL;t4cp1;MOBH;F_traE	NF012174;NF033085;NF012171;NF012174;NF033144;NF012174;NF040806;NF000466;NF012174
LT545678.1	NA	NA	NA	NA	NA	NA	NA	NA	NA	NA	NA
LT571437.1	NA	NA	NA	NA	NA	NA	NA	NA	NA	NA	NA
LT591898.1	NA	NA	NA	NA	NA	NA	NA	NA	NA	NA	NA
LT591899.1	ENA|LT591899|LT591899.1	42004	No terminal repeats	49	11	0.9777	NA	9	16.3681	T_virB5;T_virB10;T_virB9;T_virB8;virb4;T_virB2;T_virB11	NA
LT591900.1	ENA|LT591900|LT591900.1	4207	No terminal repeats	9	11	0.9956	NA	3	9.8962	MOBP1	NA
LT591904.1	NA	NA	NA	NA	NA	NA	NA	NA	NA	NA	NA
LT591905.1	ENA|LT591905|LT591905.1	5597	No terminal repeats	8	11	0.9947	NA	2	5.8432	MOBQ	NA
LT591906.1	ENA|LT591906|LT591906.1	39015	No terminal repeats	46	11	0.9779	NA	9	16.3681	T_virB5;T_virB10;T_virB9;T_virB8;virb4;T_virB2;T_virB11	NA
LT591907.1	ENA|LT591907|LT591907.1	4153	No terminal repeats	9	11	0.9956	NA	3	9.8962	MOBP1	NA
LT591910.1	NA	NA	NA	NA	NA	NA	NA	NA	NA	NA	NA
LT591911.1	ENA|LT591911|LT591911.1	7449	No terminal repeats	10	11	0.9943	NA	2	5.8432	MOBQ	NA
LT591912.1	ENA|LT591912|LT591912.1	42004	No terminal repeats	49	11	0.9777	NA	9	16.3681	T_virB5;T_virB10;T_virB9;T_virB8;virb4;T_virB2;T_virB11	NA
LT591913.1	ENA|LT591913|LT591913.1	4207	No terminal repeats	9	11	0.9956	NA	3	9.8962	MOBP1	NA
LT592146.1	NA	NA	NA	NA	NA	NA	NA	NA	NA	NA	NA
LT592147.1	ENA|LT592147|LT592147.1	5598	No terminal repeats	8	11	0.9947	NA	2	5.8432	MOBQ	NA
LT592148.1	ENA|LT592148|LT592148.1	39015	No terminal repeats	46	11	0.9776	NA	9	16.3681	T_virB5;T_virB10;T_virB9;T_virB8;virb4;T_virB2;T_virB11	NA
LT592149.1	ENA|LT592149|LT592149.1	4207	No terminal repeats	9	11	0.9956	NA	3	9.8962	MOBP1	NA
LT592150.1	NA	NA	NA	NA	NA	NA	NA	NA	NA	NA	NA
LT592151.1	ENA|LT592151|LT592151.1	7427	No terminal repeats	10	11	0.9943	NA	2	5.8432	MOBQ	NA
LT592152.1	ENA|LT592152|LT592152.1	4153	No terminal repeats	9	11	0.9956	NA	3	9.8962	MOBP1	NA
LT592153.1	NA	NA	NA	NA	NA	NA	NA	NA	NA	NA	NA
LT592154.1	ENA|LT592154|LT592154.1	4153	No terminal repeats	9	11	0.9956	NA	3	9.8962	MOBP1	NA
LT592155.1	NA	NA	NA	NA	NA	NA	NA	NA	NA	NA	NA
LT592156.1	ENA|LT592156|LT592156.1	4153	No terminal repeats	9	11	0.9956	NA	3	9.8962	MOBP1	NA
LT592159.1	NA	NA	NA	NA	NA	NA	NA	NA	NA	NA	NA
LT592160.1	ENA|LT592160|LT592160.1	4153	No terminal repeats	9	11	0.9956	NA	3	9.8962	MOBP1	NA
LT592161.1	NA	NA	NA	NA	NA	NA	NA	NA	NA	NA	NA
LT592162.1	ENA|LT592162|LT592162.1	4153	No terminal repeats	9	11	0.9956	NA	3	9.8962	MOBP1	NA
LT592163.1	NA	NA	NA	NA	NA	NA	NA	NA	NA	NA	NA
LT592164.1	ENA|LT592164|LT592164.1	39054	No terminal repeats	46	11	0.9762	NA	9	16.3681	T_virB5;T_virB10;T_virB9;T_virB8;virb4;T_virB2;T_virB11	NA
LT592165.1	ENA|LT592165|LT592165.1	4153	No terminal repeats	9	11	0.9956	NA	3	9.8962	MOBP1	NA
LT598688.1	NA	NA	NA	NA	NA	NA	NA	NA	NA	NA	NA
LT635459.1	NA	NA	NA	NA	NA	NA	NA	NA	NA	NA	NA
LT635472.1	NA	NA	NA	NA	NA	NA	NA	NA	NA	NA	NA
LT635473.1	NA	NA	NA	NA	NA	NA	NA	NA	NA	NA	NA
LT635476.1	NA	NA	NA	NA	NA	NA	NA	NA	NA	NA	NA
LT635478.1	NA	NA	NA	NA	NA	NA	NA	NA	NA	NA	NA
LT714196.1	NA	NA	NA	NA	NA	NA	NA	NA	NA	NA	NA
LT897797.1	NA	NA	NA	NA	NA	NA	NA	NA	NA	NA	NA
LT897798.1	NA	NA	NA	NA	NA	NA	NA	NA	NA	NA	NA
LT905062.1	NA	NA	NA	NA	NA	NA	NA	NA	NA	NA	NA
LT905140.1	NA	NA	NA	NA	NA	NA	NA	NA	NA	NA	NA
LT906440.1	NA	NA	NA	NA	NA	NA	NA	NA	NA	NA	NA
LT906472.1	NA	NA	NA	NA	NA	NA	NA	NA	NA	NA	NA
LT906614.1	NA	NA	NA	NA	NA	NA	NA	NA	NA	NA	NA
LT906615.1	NA	NA	NA	NA	NA	NA	NA	NA	NA	NA	NA
LT907989.1	NA	NA	NA	NA	NA	NA	NA	NA	NA	NA	NA
LT907990.1	NA	NA	NA	NA	NA	NA	NA	NA	NA	NA	NA
LT992458.1	NA	NA	NA	NA	NA	NA	NA	NA	NA	NA	NA
LT992465.1	NA	NA	NA	NA	NA	NA	NA	NA	NA	NA	NA
LT992486.1	NA	NA	NA	NA	NA	NA	NA	NA	NA	NA	NA
LT992487.1	NA	NA	NA	NA	NA	NA	NA	NA	NA	NA	NA
LT992488.1	NA	NA	NA	NA	NA	NA	NA	NA	NA	NA	NA
LT992489.1	NA	NA	NA	NA	NA	NA	NA	NA	NA	NA	NA
LT992490.1	NA	NA	NA	NA	NA	NA	NA	NA	NA	NA	NA
LT992491.1	NA	NA	NA	NA	NA	NA	NA	NA	NA	NA	NA
LT992492.1	NA	NA	NA	NA	NA	NA	NA	NA	NA	NA	NA
LT992493.1	NA	NA	NA	NA	NA	NA	NA	NA	NA	NA	NA
LT996889.1	NA	NA	NA	NA	NA	NA	NA	NA	NA	NA	NA
LT996890.1	NA	NA	NA	NA	NA	NA	NA	NA	NA	NA	NA
MF344582.1	ENA|MF344582|MF344582.1	354045	No terminal repeats	362	11	0.9935	NA	18	192.8790	F_traE;F_traB;F_traV;virb4;F_traW;F_traU;F_trbC;MOBV;F_traH;F_traF;MOBH;t4cp1	NF000466;NF033693
OU015345.1	NA	NA	NA	NA	NA	NA	NA	NA	NA	NA	NA
OU015346.1	NA	NA	NA	NA	NA	NA	NA	NA	NA	NA	NA
OU015347.1	ENA|OU015347|OU015347.1	63427	No terminal repeats	76	11	0.9937	NA	2	38.3173	MOBP2	NA
OU015348.1	ENA|OU015348|OU015348.1	37193	No terminal repeats	48	11	0.9930	NA	3	15.7342	NA	NF033068
OU015349.1	ENA|OU015349|OU015349.1	10069	No terminal repeats	12	11	0.9929	NA	1	4.3998	NA	NA
OU015350.1	NA	NA	NA	NA	NA	NA	NA	NA	NA	NA	NA
OU015351.1	NA	NA	NA	NA	NA	NA	NA	NA	NA	NA	NA
OU015352.1	ENA|OU015352|OU015352.1	65209	No terminal repeats	78	11	0.9938	NA	2	38.3173	MOBP2	NA
OU015353.1	ENA|OU015353|OU015353.1	37193	No terminal repeats	48	11	0.9930	NA	3	15.7342	NA	NF033068
OU015354.1	ENA|OU015354|OU015354.1	10069	No terminal repeats	12	11	0.9929	NA	1	4.3998	NA	NA
OU015708.1	NA	NA	NA	NA	NA	NA	NA	NA	NA	NA	NA
OU015709.1	ENA|OU015709|OU015709.1	238492	No terminal repeats	268	11	0.9897	NA	3	64.1564	MOBP2;MOBV	NA
OU015710.1	ENA|OU015710|OU015710.1	101837	No terminal repeats	121	11	0.9863	NA	2	12.0344	NA	NA
OU015711.1	ENA|OU015711|OU015711.1	51289	No terminal repeats	63	11	0.9935	NA	4	23.9184	NA	NF033115
OU015712.1	ENA|OU015712|OU015712.1	7019	No terminal repeats	8	11	0.9943	NA	1	6.3127	NA	NA
OU015713.1	ENA|OU015713|OU015713.1	4374	No terminal repeats	6	11	0.9948	NA	1	5.9024	NA	NA
OU015714.1	NA	NA	NA	NA	NA	NA	NA	NA	NA	NA	NA
OU015715.1	NA	NA	NA	NA	NA	NA	NA	NA	NA	NA	NA
OU015716.1	NA	NA	NA	NA	NA	NA	NA	NA	NA	NA	NA
OU015946.1	NA	NA	NA	NA	NA	NA	NA	NA	NA	NA	NA
OU015947.1	ENA|OU015947|OU015947.1	202753	No terminal repeats	212	11	0.9902	NA	2	56.0563	MOBP2	NA
OU015948.1	ENA|OU015948|OU015948.1	47525	No terminal repeats	60	11	0.9929	NA	3	19.1986	NA	NF033115
OU015949.1	NA	NA	NA	NA	NA	NA	NA	NA	NA	NA	NA
OU015950.1	NA	NA	NA	NA	NA	NA	NA	NA	NA	NA	NA
OU015951.1	ENA|OU015951|OU015951.1	6174	No terminal repeats	8	11	0.9955	NA	1	9.3098	NA	NA
OU015952.1	ENA|OU015952|OU015952.1	4374	No terminal repeats	6	11	0.9951	NA	1	5.9024	NA	NA
OU015953.1	ENA|OU015953|OU015953.1	2947	No terminal repeats	4	11	0.9962	NA	1	5.9024	NA	NA
OU015954.1	NA	NA	NA	NA	NA	NA	NA	NA	NA	NA	NA
OU016027.1	NA	NA	NA	NA	NA	NA	NA	NA	NA	NA	NA
OU016028.1	ENA|OU016028|OU016028.1	202690	No terminal repeats	212	11	0.9902	NA	2	56.5919	MOBP2	NA
OU016029.1	ENA|OU016029|OU016029.1	47525	No terminal repeats	59	11	0.9935	NA	3	19.1986	NA	NF033115
OU016030.1	NA	NA	NA	NA	NA	NA	NA	NA	NA	NA	NA
OU016031.1	NA	NA	NA	NA	NA	NA	NA	NA	NA	NA	NA
OU016032.1	ENA|OU016032|OU016032.1	6174	No terminal repeats	8	11	0.9955	NA	1	9.3098	NA	NA
OU016033.1	ENA|OU016033|OU016033.1	4374	No terminal repeats	7	11	0.9944	NA	1	5.9024	NA	NA
OU016034.1	ENA|OU016034|OU016034.1	2947	No terminal repeats	4	11	0.9967	NA	1	5.9024	NA	NA
OU016035.1	NA	NA	NA	NA	NA	NA	NA	NA	NA	NA	NA
OU016036.1	NA	NA	NA	NA	NA	NA	NA	NA	NA	NA	NA
OU016037.1	ENA|OU016037|OU016037.1	204460	No terminal repeats	214	11	0.9902	NA	2	56.9164	MOBP2	NF033693
OU016038.1	ENA|OU016038|OU016038.1	103363	No terminal repeats	121	11	0.9852	NA	2	12.0344	NA	NA
OU016039.1	ENA|OU016039|OU016039.1	47525	No terminal repeats	59	11	0.9932	NA	3	19.1986	NA	NF033115
OU016040.1	NA	NA	NA	NA	NA	NA	NA	NA	NA	NA	NA
OU016041.1	NA	NA	NA	NA	NA	NA	NA	NA	NA	NA	NA
OU016042.1	ENA|OU016042|OU016042.1	6174	No terminal repeats	8	11	0.9955	NA	1	9.3098	NA	NA
OU016043.1	ENA|OU016043|OU016043.1	4374	No terminal repeats	6	11	0.9948	NA	1	5.9024	NA	NA
OU016044.1	ENA|OU016044|OU016044.1	2947	No terminal repeats	5	11	0.9960	NA	1	5.9024	NA	NA
OU016045.1	NA	NA	NA	NA	NA	NA	NA	NA	NA	NA	NA
OU532556.1	NA	NA	NA	NA	NA	NA	NA	NA	NA	NA	NA
OU532557.1	ENA|OU532557|OU532557.1	104639	No terminal repeats	129	11	0.9881	NA	5	40.1041	F_traG;F_trbC;F_traH;F_traG	NA
OV040584.1	NA	NA	NA	NA	NA	NA	NA	NA	NA	NA	NA
OV040719.1	NA	NA	NA	NA	NA	NA	NA	NA	NA	NA	NA
OV904788.1	NA	NA	NA	NA	NA	NA	NA	NA	NA	NA	NA
OW443147.1	NA	NA	NA	NA	NA	NA	NA	NA	NA	NA	NA
OW443148.1	NA	NA	NA	NA	NA	NA	NA	NA	NA	NA	NA
OW443149.1	ENA|OW443149|OW443149.1	139375	No terminal repeats	169	11	0.9928	NA	21	67.0877	MOBH;t4cp1;F_traL;F_traE;F_traK;F_traB;F_traV;virb4;F_traW;F_traU;F_trbC;F_traF;F_traH;F_traG;T_virB1	NF012178
OW443150.1	NA	NA	NA	NA	NA	NA	NA	NA	NA	NA	NA
OW443151.1	NA	NA	NA	NA	NA	NA	NA	NA	NA	NA	NA
OW704291.1	NA	NA	NA	NA	NA	NA	NA	NA	NA	NA	NA
OW848788.1	NA	NA	NA	NA	NA	NA	NA	NA	NA	NA	NA
OW848790.1	ENA|OW848790|OW848790.1	38483	No terminal repeats	49	11	0.9931	NA	2	19.5041	NA	NA
OW849082.1	NA	NA	NA	NA	NA	NA	NA	NA	NA	NA	NA
OW849083.1	ENA|OW849083|OW849083.1	197744	No terminal repeats	215	11	0.9936	NA	14	80.2506	F_traN;F_traF;F_traH;F_traG;t4cp2;MOBF	NA
OW849084.1	ENA|OW849084|OW849084.1	40203	No terminal repeats	51	11	0.9928	NA	2	19.5041	NA	NA
OW849085.1	NA	NA	NA	NA	NA	NA	NA	NA	NA	NA	NA
OW849099.1	NA	NA	NA	NA	NA	NA	NA	NA	NA	NA	NA
OW849100.1	ENA|OW849100|OW849100.1	74480	No terminal repeats	100	11	0.9924	NA	15	40.3168	I_trbB;I_trbA;MOBP1;I_traI;I_traK;I_traL;I_traN;I_traO;I_traP;I_traQ;I_traR;traU;I_traW;I_traY	NF012147
OW849111.1	NA	NA	NA	NA	NA	NA	NA	NA	NA	NA	NA
OW849112.1	ENA|OW849112|OW849112.1	70086	No terminal repeats	95	11	0.9920	NA	15	39.0599	I_trbB;I_trbA;MOBP1;I_traI;I_traK;I_traL;I_traN;I_traO;I_traP;I_traQ;I_traR;traU;I_traW;I_traY	NF012147
OW849113.1	ENA|OW849113|OW849113.1	3223	No terminal repeats	4	11	0.9954	NA	2	4.5840	MOBP1	NA
OW849114.1	NA	NA	NA	NA	NA	NA	NA	NA	NA	NA	NA
OW849139.1	NA	NA	NA	NA	NA	NA	NA	NA	NA	NA	NA
OW849140.1	NA	NA	NA	NA	NA	NA	NA	NA	NA	NA	NA
OW849141.1	ENA|OW849141|OW849141.1	5193	No terminal repeats	8	11	0.9924	NA	2	4.2235	MOBP1	NA
OW849155.1	NA	NA	NA	NA	NA	NA	NA	NA	NA	NA	NA
OW849156.1	ENA|OW849156|OW849156.1	68707	No terminal repeats	94	11	0.9922	NA	15	39.0599	I_trbB;I_trbA;MOBP1;I_traI;I_traK;I_traL;I_traN;I_traO;I_traP;I_traQ;I_traR;traU;I_traW;I_traY	NF012147
OW849157.1	ENA|OW849157|OW849157.1	19482	No terminal repeats	26	11	0.9937	NA	3	11.2520	NA	NA
OW849158.1	NA	NA	NA	NA	NA	NA	NA	NA	NA	NA	NA
OW849159.1	ENA|OW849159|OW849159.1	4783	No terminal repeats	6	11	0.9936	NA	2	3.1408	MOBP1	NA
OW849160.1	NA	NA	NA	NA	NA	NA	NA	NA	NA	NA	NA
OW849161.1	ENA|OW849161|OW849161.1	3223	No terminal repeats	5	11	0.9947	NA	2	4.5840	MOBP1	NA
OW849208.1	NA	NA	NA	NA	NA	NA	NA	NA	NA	NA	NA
OW849209.1	ENA|OW849209|OW849209.1	287088	No terminal repeats	308	11	0.9941	NA	17	198.3419	F_traE;F_traB;F_traV;virb4;F_traW;F_traU;F_trbC;F_traH;F_traF;MOBH;t4cp1	NF000153
OW849210.1	ENA|OW849210|OW849210.1	142948	No terminal repeats	150	11	0.9924	NA	1	27.1324	NA	NF012178
OW849211.1	NA	NA	NA	NA	NA	NA	NA	NA	NA	NA	NA
OW849212.1	ENA|OW849212|OW849212.1	63570	No terminal repeats	86	11	0.9919	NA	15	39.1630	I_trbB;I_trbA;MOBP1;I_traI;I_traK;I_traL;I_traN;I_traO;I_traP;I_traQ;I_traR;traU;I_traW;I_traY	NF040806
OW849213.1	ENA|OW849213|OW849213.1	3810	No terminal repeats	6	11	0.9937	NA	2	3.1408	MOBP1	NA
OW849214.1	NA	NA	NA	NA	NA	NA	NA	NA	NA	NA	NA
OW849256.1	NA	NA	NA	NA	NA	NA	NA	NA	NA	NA	NA
OW849257.1	ENA|OW849257|OW849257.1	290966	No terminal repeats	311	11	0.9939	NA	17	193.6055	F_traE;F_traB;F_traV;virb4;F_traW;F_traU;F_trbC;F_traH;F_traF;MOBH;t4cp1	NF000153
OW849258.1	NA	NA	NA	NA	NA	NA	NA	NA	NA	NA	NA
OW849259.1	ENA|OW849259|OW849259.1	87686	No terminal repeats	90	11	0.9925	NA	1	19.2784	NA	NA
OW849260.1	ENA|OW849260|OW849260.1	63570	No terminal repeats	86	11	0.9919	NA	15	39.1630	I_trbB;I_trbA;MOBP1;I_traI;I_traK;I_traL;I_traN;I_traO;I_traP;I_traQ;I_traR;traU;I_traW;I_traY	NF040806
OW849261.1	ENA|OW849261|OW849261.1	1335	No terminal repeats	3	11	0.9847	NA	2	1.9887	NA	NA
OW849491.1	NA	NA	NA	NA	NA	NA	NA	NA	NA	NA	NA
OW849492.1	ENA|OW849492|OW849492.1	194555	No terminal repeats	238	11	0.9913	NA	21	24.2655	F_traF;F_traH;F_traG;T_virB1;MOBH;t4cp1;F_traL;F_traE;F_traK;F_traB;F_traV;virb4;F_traW;F_traU;F_trbC	NF000153
OW849493.1	ENA|OW849493|OW849493.1	79391	No terminal repeats	104	11	0.9919	NA	15	41.2186	I_trbB;I_trbA;MOBP1;I_traI;I_traK;I_traL;I_traN;I_traO;I_traP;I_traQ;I_traR;traU;I_traW;I_traY	NF012147
OW849494.1	NA	NA	NA	NA	NA	NA	NA	NA	NA	NA	NA
OW849495.1	NA	NA	NA	NA	NA	NA	NA	NA	NA	NA	NA
OW849496.1	ENA|OW849496|OW849496.1	3223	No terminal repeats	4	11	0.9955	NA	2	4.5840	MOBP1	NA
OW849527.1	NA	NA	NA	NA	NA	NA	NA	NA	NA	NA	NA
OW849528.1	ENA|OW849528|OW849528.1	205393	No terminal repeats	271	11	0.9892	NA	12	45.4783	MOBH;t4cp1;F_traL;F_traE;F_traK;F_traB	NF000496;NF000270;NF033144
OW849529.1	ENA|OW849529|OW849529.1	149443	No terminal repeats	158	11	0.9943	NA	25	72.3431	F_traL;F_traE;F_traK;F_traV;F_traW;F_traU;F_traN;F_traN;F_traF;F_traH;F_traG;t4cp2;MOBF	NF012174
OW849530.1	ENA|OW849530|OW849530.1	63570	No terminal repeats	86	11	0.9920	NA	15	39.1630	I_trbB;I_trbA;MOBP1;I_traI;I_traK;I_traL;I_traN;I_traO;I_traP;I_traQ;I_traR;traU;I_traW;I_traY	NF040806
OW849531.1	ENA|OW849531|OW849531.1	3576	No terminal repeats	5	11	0.9928	NA	1	2.2083	NA	NA
OW967263.1	NA	NA	NA	NA	NA	NA	NA	NA	NA	NA	NA
OW967264.1	ENA|OW967264|OW967264.1	112775	No terminal repeats	134	11	0.9946	NA	25	77.7176	F_traV;F_traK;F_traE;F_traL;MOBF;t4cp2;F_traG;F_traH;F_traF;F_traN;F_traN;F_traU;F_traW;virb4;F_traV	NA
OW967265.1	ENA|OW967265|OW967265.1	99059	No terminal repeats	99	11	0.9926	NA	1	19.8870	NA	NF033144
OW967266.1	ENA|OW967266|OW967266.1	65352	No terminal repeats	94	11	0.9867	NA	8	35.0733	T_virB9;T_virB8;T_virB6;T_virB5;virb4;T_virB1	NA
OW967267.1	ENA|OW967267|OW967267.1	40836	No terminal repeats	51	11	0.9926	NA	2	19.0400	NA	NA
OW967268.1	ENA|OW967268|OW967268.1	3576	No terminal repeats	4	11	0.9933	NA	1	2.2083	NA	NA
OW967830.1	NA	NA	NA	NA	NA	NA	NA	NA	NA	NA	NA
OW967831.1	ENA|OW967831|OW967831.1	63570	No terminal repeats	86	11	0.9920	NA	15	39.1630	I_trbB;I_trbA;MOBP1;I_traI;I_traK;I_traL;I_traN;I_traO;I_traP;I_traQ;I_traR;traU;I_traW;I_traY	NF040806
OW967878.1	NA	NA	NA	NA	NA	NA	NA	NA	NA	NA	NA
OW967879.1	ENA|OW967879|OW967879.1	65499	No terminal repeats	87	11	0.9915	NA	15	39.1630	I_trbB;I_trbA;MOBP1;I_traI;I_traK;I_traL;I_traN;I_traO;I_traP;I_traQ;I_traR;traU;I_traW;I_traY	NF040806
OW967880.1	ENA|OW967880|OW967880.1	4831	No terminal repeats	8	11	0.9909	NA	2	4.2166	MOBP1	NA
OW967953.1	NA	NA	NA	NA	NA	NA	NA	NA	NA	NA	NA
OW967954.1	ENA|OW967954|OW967954.1	63589	No terminal repeats	86	11	0.9917	NA	15	39.1630	I_trbB;I_trbA;MOBP1;I_traI;I_traK;I_traL;I_traN;I_traO;I_traP;I_traQ;I_traR;traU;I_traW;I_traY	NF040806
OW968016.1	NA	NA	NA	NA	NA	NA	NA	NA	NA	NA	NA
OW968017.1	ENA|OW968017|OW968017.1	63570	No terminal repeats	86	11	0.9920	NA	15	39.1630	I_trbB;I_trbA;MOBP1;I_traI;I_traK;I_traL;I_traN;I_traO;I_traP;I_traQ;I_traR;traU;I_traW;I_traY	NF040806
OW969875.1	NA	NA	NA	NA	NA	NA	NA	NA	NA	NA	NA
OW969876.1	ENA|OW969876|OW969876.1	264758	No terminal repeats	292	11	0.9945	NA	31	198.5534	F_traE;F_traB;F_traV;virb4;F_traW;F_traU;F_trbC;T_virB10;T_virB9;T_virB8;T_virB6;T_virB5;virb4;T_virB3;T_virB2;T_virB11;t4cp2;T_virB10;T_virB9;T_virB8;T_virB6;T_virB5;virb4;T_virB3;T_virB2;T_virB11;t4cp2	NA
OW969877.1	ENA|OW969877|OW969877.1	158488	No terminal repeats	165	11	0.9934	NA	28	75.1148	MOBF;F_traG;F_traH;F_traF;F_traN;F_trbC;F_traU;F_traW;virb4;F_traV;F_traK;F_traE;F_traL	NF012178
OW969878.1	ENA|OW969878|OW969878.1	115963	No terminal repeats	144	11	0.9925	NA	13	34.3656	t4cp2;F_traH;F_traF;F_trbC;F_traU;F_trbC;virb4;F_traV;F_traK;F_traL	NA
OW969879.1	ENA|OW969879|OW969879.1	100558	No terminal repeats	122	11	0.9943	NA	24	73.2749	F_traL;F_traE;F_traK;F_traV;virb4;F_traW;F_traU;F_traN;F_traN;F_traF;F_traH;F_traG;t4cp2;MOBF	NA
OW969880.1	ENA|OW969880|OW969880.1	53579	No terminal repeats	64	11	0.9933	NA	8	39.8517	T_virB9;T_virB8;T_virB6;T_virB5;virb4;T_virB3	NF000270
OW969881.1	ENA|OW969881|OW969881.1	41032	No terminal repeats	52	11	0.9925	NA	2	19.5041	NA	NA
OW969882.1	NA	NA	NA	NA	NA	NA	NA	NA	NA	NA	NA
OW969904.1	NA	NA	NA	NA	NA	NA	NA	NA	NA	NA	NA
OW969905.1	ENA|OW969905|OW969905.1	191011	No terminal repeats	258	11	0.9896	NA	3	23.2662	NA	NA
OW969906.1	ENA|OW969906|OW969906.1	43157	No terminal repeats	54	11	0.9929	NA	2	19.5041	NA	NA
OW969907.1	NA	NA	NA	NA	NA	NA	NA	NA	NA	NA	NA
OW969908.1	ENA|OW969908|OW969908.1	7622	No terminal repeats	7	11	0.9945	NA	2	3.8141	MOBQ	NA
OW969909.1	NA	NA	NA	NA	NA	NA	NA	NA	NA	NA	NA
OW969910.1	ENA|OW969910|OW969910.1	6653	No terminal repeats	9	11	0.9942	NA	3	5.1747	MOBP1	NA
OW969911.1	NA	NA	NA	NA	NA	NA	NA	NA	NA	NA	NA
OW970436.1	NA	NA	NA	NA	NA	NA	NA	NA	NA	NA	NA
OW970437.1	ENA|OW970437|OW970437.1	121034	No terminal repeats	132	11	0.9935	NA	22	65.6437	F_traE;I_traI;I_traK;I_traL;I_traN;I_traO;I_traP;I_traQ;I_traR;traU;I_traW;I_traY;I_trbA;I_trbB;F_traE;MOBP1	NF000466;NF033144
OW970438.1	ENA|OW970438|OW970438.1	64662	No terminal repeats	67	11	0.9937	NA	1	17.3727	NA	NF012178
OW970439.1	ENA|OW970439|OW970439.1	63589	No terminal repeats	86	11	0.9917	NA	15	39.1630	I_trbB;I_trbA;MOBP1;I_traI;I_traK;I_traL;I_traN;I_traO;I_traP;I_traQ;I_traR;traU;I_traW;I_traY	NF040806
OW970440.1	NA	NA	NA	NA	NA	NA	NA	NA	NA	NA	NA
OW970441.1	ENA|OW970441|OW970441.1	7926	No terminal repeats	8	11	0.9943	NA	1	3.6515	NA	NA
OW970442.1	NA	NA	NA	NA	NA	NA	NA	NA	NA	NA	NA
OW970443.1	ENA|OW970443|OW970443.1	4167	No terminal repeats	5	11	0.9928	NA	2	3.6163	NA	NA
OW970452.1	NA	NA	NA	NA	NA	NA	NA	NA	NA	NA	NA
OW970453.1	ENA|OW970453|OW970453.1	117649	No terminal repeats	133	11	0.9938	NA	22	65.6753	F_traE;I_traI;I_traK;I_traL;I_traN;I_traO;I_traP;I_traQ;I_traR;traU;I_traW;I_traY;I_trbA;I_trbB;F_traE;MOBP1	NA
OW970454.1	ENA|OW970454|OW970454.1	64366	No terminal repeats	88	11	0.9921	NA	15	40.1551	I_trbB;I_trbA;MOBP1;I_traI;I_traK;I_traL;I_traN;I_traO;I_traP;I_traQ;I_traR;traU;I_traW;I_traY	NF040806
OW970455.1	ENA|OW970455|OW970455.1	58021	No terminal repeats	62	11	0.9934	NA	1	20.3428	NA	NF033144;NF000466;NF012178
OW970456.1	NA	NA	NA	NA	NA	NA	NA	NA	NA	NA	NA
OW970457.1	ENA|OW970457|OW970457.1	7926	No terminal repeats	9	11	0.9940	NA	1	3.6515	NA	NA
OW970458.1	NA	NA	NA	NA	NA	NA	NA	NA	NA	NA	NA
OW970459.1	ENA|OW970459|OW970459.1	4167	No terminal repeats	5	11	0.9922	NA	1	2.2083	NA	NA
OW995941.1	NA	NA	NA	NA	NA	NA	NA	NA	NA	NA	NA
OW995942.1	ENA|OW995942|OW995942.1	250090	No terminal repeats	266	11	0.9944	NA	17	187.8801	F_traE;F_traB;F_traV;virb4;F_traW;F_traU;F_trbC;F_traH;F_traF;MOBH;t4cp1	NF000153
OW995943.1	ENA|OW995943|OW995943.1	90277	No terminal repeats	119	11	0.9929	NA	14	29.9867	F_trbC;F_traF;F_traH;F_traH;t4cp2;F_traL;F_traK;F_traV;virb4;F_trbC;F_traU	NA
OW995944.1	ENA|OW995944|OW995944.1	86953	No terminal repeats	107	11	0.9939	NA	10	57.7793	T_virB1;T_virB3;virb4;T_virB5;T_virB6;T_virB8;T_virB9	NA
OW995945.1	ENA|OW995945|OW995945.1	63589	No terminal repeats	86	11	0.9916	NA	15	39.1630	I_trbB;I_trbA;MOBP1;I_traI;I_traK;I_traL;I_traN;I_traO;I_traP;I_traQ;I_traR;traU;I_traW;I_traY	NF040806
OX244288.1	NA	NA	NA	NA	NA	NA	NA	NA	NA	NA	NA
OX291470.1	NA	NA	NA	NA	NA	NA	NA	NA	NA	NA	NA
OX291471.1	NA	NA	NA	NA	NA	NA	NA	NA	NA	NA	NA
OX291472.1	NA	NA	NA	NA	NA	NA	NA	NA	NA	NA	NA
OX291473.1	ENA|OX291473|OX291473.1	3223	No terminal repeats	5	11	0.9948	NA	2	4.5840	MOBP1	NA
OX291474.1	NA	NA	NA	NA	NA	NA	NA	NA	NA	NA	NA
OX291475.1	ENA|OX291475|OX291475.1	96714	No terminal repeats	110	11	0.9930	NA	20	62.2235	I_traL;I_traM;I_traN;I_traO;I_traP;I_traQ;I_traR;traU;I_traW;I_traY;I_trbA;I_trbB;MOBP1;I_traI;I_traK	NA
OX291476.1	NA	NA	NA	NA	NA	NA	NA	NA	NA	NA	NA
OX291477.1	NA	NA	NA	NA	NA	NA	NA	NA	NA	NA	NA
OX291478.1	NA	NA	NA	NA	NA	NA	NA	NA	NA	NA	NA
OX291479.1	ENA|OX291479|OX291479.1	3223	No terminal repeats	5	11	0.9959	NA	3	6.3022	MOBP1;MOBP1	NA
OX291480.1	ENA|OX291480|OX291480.1	2495	No terminal repeats	4	11	0.9943	NA	1	3.1262	NA	NA
OX291528.1	NA	NA	NA	NA	NA	NA	NA	NA	NA	NA	NA
OX291529.1	NA	NA	NA	NA	NA	NA	NA	NA	NA	NA	NA
OX291530.1	NA	NA	NA	NA	NA	NA	NA	NA	NA	NA	NA
OX291531.1	ENA|OX291531|OX291531.1	3223	No terminal repeats	4	11	0.9954	NA	2	4.5840	MOBP1	NA
OX291532.1	NA	NA	NA	NA	NA	NA	NA	NA	NA	NA	NA
OX291533.1	ENA|OX291533|OX291533.1	96714	No terminal repeats	110	11	0.9930	NA	20	62.2235	MOBP1;I_trbB;I_trbA;I_traY;I_traW;traU;I_traR;I_traQ;I_traP;I_traO;I_traN;I_traM;I_traL;I_traK;I_traI	NA
OX291534.1	NA	NA	NA	NA	NA	NA	NA	NA	NA	NA	NA
OX291535.1	NA	NA	NA	NA	NA	NA	NA	NA	NA	NA	NA
OX291536.1	NA	NA	NA	NA	NA	NA	NA	NA	NA	NA	NA
OX291537.1	NA	NA	NA	NA	NA	NA	NA	NA	NA	NA	NA
OX291538.1	NA	NA	NA	NA	NA	NA	NA	NA	NA	NA	NA
OX291539.1	ENA|OX291539|OX291539.1	3223	No terminal repeats	4	11	0.9954	NA	2	4.5840	MOBP1	NA
OX291586.1	NA	NA	NA	NA	NA	NA	NA	NA	NA	NA	NA
OX291587.1	NA	NA	NA	NA	NA	NA	NA	NA	NA	NA	NA
OX291588.1	NA	NA	NA	NA	NA	NA	NA	NA	NA	NA	NA
OX291589.1	ENA|OX291589|OX291589.1	3223	No terminal repeats	4	11	0.9954	NA	2	4.5840	MOBP1	NA
OX291654.1	NA	NA	NA	NA	NA	NA	NA	NA	NA	NA	NA
OX291705.1	NA	NA	NA	NA	NA	NA	NA	NA	NA	NA	NA
OX291706.1	NA	NA	NA	NA	NA	NA	NA	NA	NA	NA	NA
OX291707.1	NA	NA	NA	NA	NA	NA	NA	NA	NA	NA	NA
OX291708.1	ENA|OX291708|OX291708.1	3223	No terminal repeats	5	11	0.9948	NA	2	4.5840	MOBP1	NA
OX291724.1	NA	NA	NA	NA	NA	NA	NA	NA	NA	NA	NA
OX291725.1	ENA|OX291725|OX291725.1	96714	No terminal repeats	110	11	0.9928	NA	20	62.2235	MOBP1;I_trbB;I_trbA;I_traY;I_traW;traU;I_traR;I_traQ;I_traP;I_traO;I_traN;I_traM;I_traL;I_traK;I_traI	NA
OX291726.1	NA	NA	NA	NA	NA	NA	NA	NA	NA	NA	NA
OX291727.1	NA	NA	NA	NA	NA	NA	NA	NA	NA	NA	NA
OX291728.1	NA	NA	NA	NA	NA	NA	NA	NA	NA	NA	NA
OX291729.1	ENA|OX291729|OX291729.1	2495	No terminal repeats	3	11	0.9954	NA	1	3.1262	NA	NA
OX291746.1	NA	NA	NA	NA	NA	NA	NA	NA	NA	NA	NA
OX291747.1	NA	NA	NA	NA	NA	NA	NA	NA	NA	NA	NA
OX291748.1	NA	NA	NA	NA	NA	NA	NA	NA	NA	NA	NA
OX291749.1	ENA|OX291749|OX291749.1	3223	No terminal repeats	5	11	0.9949	NA	2	4.5840	MOBP1	NA
OX291771.1	NA	NA	NA	NA	NA	NA	NA	NA	NA	NA	NA
OX291772.1	NA	NA	NA	NA	NA	NA	NA	NA	NA	NA	NA
OX291773.1	NA	NA	NA	NA	NA	NA	NA	NA	NA	NA	NA
OX291774.1	ENA|OX291774|OX291774.1	3223	No terminal repeats	5	11	0.9949	NA	2	4.5840	MOBP1	NA
OX291796.1	NA	NA	NA	NA	NA	NA	NA	NA	NA	NA	NA
OX291797.1	NA	NA	NA	NA	NA	NA	NA	NA	NA	NA	NA
OX291798.1	NA	NA	NA	NA	NA	NA	NA	NA	NA	NA	NA
OX291799.1	ENA|OX291799|OX291799.1	3223	No terminal repeats	5	11	0.9947	NA	2	4.5840	MOBP1	NA
OX419551.1	NA	NA	NA	NA	NA	NA	NA	NA	NA	NA	NA
OX419552.1	ENA|OX419552|OX419552.1	64136	No terminal repeats	88	11	0.9883	NA	2	27.0752	MOBP2;T_virB11	NF000145
OX419553.1	NA	NA	NA	NA	NA	NA	NA	NA	NA	NA	NA
OX419555.1	NA	NA	NA	NA	NA	NA	NA	NA	NA	NA	NA
OX419556.1	NA	NA	NA	NA	NA	NA	NA	NA	NA	NA	NA
OX419557.1	NA	NA	NA	NA	NA	NA	NA	NA	NA	NA	NA
OX419558.1	NA	NA	NA	NA	NA	NA	NA	NA	NA	NA	NA
OX419560.1	NA	NA	NA	NA	NA	NA	NA	NA	NA	NA	NA
OX419561.1	NA	NA	NA	NA	NA	NA	NA	NA	NA	NA	NA
OX419563.1	NA	NA	NA	NA	NA	NA	NA	NA	NA	NA	NA
OX419564.1	NA	NA	NA	NA	NA	NA	NA	NA	NA	NA	NA
OX419570.1	NA	NA	NA	NA	NA	NA	NA	NA	NA	NA	NA
OX419571.1	NA	NA	NA	NA	NA	NA	NA	NA	NA	NA	NA
OX419572.1	ENA|OX419572|OX419572.1	7241	No terminal repeats	10	11	0.9903	NA	1	2.0774	NA	NA
OX419575.1	NA	NA	NA	NA	NA	NA	NA	NA	NA	NA	NA
OX419578.1	NA	NA	NA	NA	NA	NA	NA	NA	NA	NA	NA
OX437058.1	NA	NA	NA	NA	NA	NA	NA	NA	NA	NA	NA
OX460906.1	NA	NA	NA	NA	NA	NA	NA	NA	NA	NA	NA
OX460907.1	ENA|OX460907|OX460907.1	3617	No terminal repeats	6	11	0.9825	NA	2	1.6330	NA	NA
OX460911.1	NA	NA	NA	NA	NA	NA	NA	NA	NA	NA	NA
OX460931.1	NA	NA	NA	NA	NA	NA	NA	NA	NA	NA	NA
OX460932.1	NA	NA	NA	NA	NA	NA	NA	NA	NA	NA	NA
OX460934.1	NA	NA	NA	NA	NA	NA	NA	NA	NA	NA	NA
OX460935.1	NA	NA	NA	NA	NA	NA	NA	NA	NA	NA	NA
OX460938.1	NA	NA	NA	NA	NA	NA	NA	NA	NA	NA	NA
OX460940.1	NA	NA	NA	NA	NA	NA	NA	NA	NA	NA	NA
OX460942.1	NA	NA	NA	NA	NA	NA	NA	NA	NA	NA	NA
OX460943.1	NA	NA	NA	NA	NA	NA	NA	NA	NA	NA	NA
OX460951.1	NA	NA	NA	NA	NA	NA	NA	NA	NA	NA	NA
OX460952.1	ENA|OX460952|OX460952.1	3126	No terminal repeats	5	11	0.9906	NA	1	1.6597	NA	NA
OX460960.1	NA	NA	NA	NA	NA	NA	NA	NA	NA	NA	NA
OX460961.1	ENA|OX460961|OX460961.1	3617	No terminal repeats	5	11	0.9849	NA	2	1.6330	NA	NA
OX460962.1	NA	NA	NA	NA	NA	NA	NA	NA	NA	NA	NA
OX460968.1	NA	NA	NA	NA	NA	NA	NA	NA	NA	NA	NA
OX460984.1	NA	NA	NA	NA	NA	NA	NA	NA	NA	NA	NA
OX460985.1	NA	NA	NA	NA	NA	NA	NA	NA	NA	NA	NA
OX461088.1	NA	NA	NA	NA	NA	NA	NA	NA	NA	NA	NA
OX461090.1	NA	NA	NA	NA	NA	NA	NA	NA	NA	NA	NA
OX461091.1	ENA|OX461091|OX461091.1	19091	No terminal repeats	17	11	0.9923	NA	3	7.9011	MOBP1	NA
OX461092.1	ENA|OX461092|OX461092.1	3973	No terminal repeats	5	11	0.9949	NA	1	4.4623	MOBV	NA
OX461103.1	NA	NA	NA	NA	NA	NA	NA	NA	NA	NA	NA
OX465025.1	NA	NA	NA	NA	NA	NA	NA	NA	NA	NA	NA
OX595791.1	NA	NA	NA	NA	NA	NA	NA	NA	NA	NA	NA
OY754852.1	NA	NA	NA	NA	NA	NA	NA	NA	NA	NA	NA
OY970406.1	NA	NA	NA	NA	NA	NA	NA	NA	NA	NA	NA
OY970407.1	ENA|OY970407|OY970407.1	148680	No terminal repeats	158	11	0.9921	NA	22	81.6709	F_traE;MOBF;t4cp2;F_traG;F_traH;F_traF;F_traN;F_traU;F_traW;F_traV;F_traB;F_traK;F_traL	NA
OY970408.1	ENA|OY970408|OY970408.1	105264	No terminal repeats	107	11	0.9938	NA	19	74.5513	MOBP1;I_traI;I_traK;I_traL;I_traN;I_traO;I_traP;I_traQ;I_traR;traU;I_traW;I_traY;I_trbA;I_trbB	NA
OY970409.1	ENA|OY970409|OY970409.1	100281	No terminal repeats	103	11	0.9936	NA	20	68.9959	MOBP1;I_trbB;I_trbA;I_traY;I_traW;traU;I_traR;I_traQ;I_traP;I_traO;I_traN;I_traM;I_traL;I_traK;I_traI	NA
OY970410.1	NA	NA	NA	NA	NA	NA	NA	NA	NA	NA	NA
OY970411.1	ENA|OY970411|OY970411.1	105712	No terminal repeats	106	11	0.9937	NA	21	65.0492	F_traL;F_traK;F_traB;F_traV;F_traW;F_traU;F_traN;F_traF;F_traH;F_traG;t4cp2;MOBF	NA
OY970412.1	ENA|OY970412|OY970412.1	105264	No terminal repeats	107	11	0.9938	NA	19	74.5513	MOBP1;I_traI;I_traK;I_traL;I_traN;I_traO;I_traP;I_traQ;I_traR;traU;I_traW;I_traY;I_trbA;I_trbB	NA
OY978234.1	NA	NA	NA	NA	NA	NA	NA	NA	NA	NA	NA
OY978235.1	ENA|OY978235|OY978235.1	233218	No terminal repeats	265	11	0.9931	NA	19	98.8572	t4cp1;MOBH;F_traF;F_traH;F_traE;F_traE;F_trbC;F_traU;F_traW;virb4;F_traV;F_traB;F_traK;F_traE	NA
OY978236.1	ENA|OY978236|OY978236.1	201365	No terminal repeats	224	11	0.9937	NA	18	111.5443	F_traE;T_virB9;T_virB8;T_virB6;T_virB5;virb4;T_virB3;T_virB1	NF000402;NF000466;NF033144
OY978237.1	ENA|OY978237|OY978237.1	41246	No terminal repeats	49	11	0.9931	NA	1	12.1724	NA	NA
OY978238.1	ENA|OY978238|OY978238.1	6141	No terminal repeats	7	11	0.9956	NA	2	5.5113	MOBP1	NF040806
OY978239.1	ENA|OY978239|OY978239.1	5459	No terminal repeats	7	11	0.9923	NA	1	2.2083	NA	NA
OY978240.1	ENA|OY978240|OY978240.1	4473	No terminal repeats	5	11	0.9927	NA	1	2.2083	NA	NA
OZ059823.1	NA	NA	NA	NA	NA	NA	NA	NA	NA	NA	NA
OZ111304.1	NA	NA	NA	NA	NA	NA	NA	NA	NA	NA	NA
OZ111305.1	ENA|OZ111305|OZ111305.1	155570	No terminal repeats	176	11	0.9947	NA	29	118.6625	F_traL;F_traE;F_traK;F_traV;virb4;F_traW;F_traU;F_trbC;F_traN;F_traF;F_traH;F_traG;MOBF	NF012178
OZ111306.1	ENA|OZ111306|OZ111306.1	65133	No terminal repeats	82	11	0.9938	NA	2	26.0786	MOBC	NF040806
OZ111307.1	NA	NA	NA	NA	NA	NA	NA	NA	NA	NA	NA
OZ111308.1	ENA|OZ111308|OZ111308.1	5359	No terminal repeats	8	11	0.9943	NA	2	3.7314	MOBP1	NA
OZ111309.1	ENA|OZ111309|OZ111309.1	3541	No terminal repeats	4	11	0.9923	NA	1	2.2083	NA	NA
OZ111324.1	NA	NA	NA	NA	NA	NA	NA	NA	NA	NA	NA
OZ111325.1	ENA|OZ111325|OZ111325.1	226769	No terminal repeats	252	11	0.9944	NA	28	128.3484	MOBF;F_traG;F_traH;F_traF;F_traN;F_trbC;F_traU;F_traW;virb4;F_traV;F_traK;F_traE;F_traL	NF000402;NF012174;NF000270;NF012178;NF012171
OZ111326.1	NA	NA	NA	NA	NA	NA	NA	NA	NA	NA	NA
OZ111327.1	ENA|OZ111327|OZ111327.1	94438	No terminal repeats	114	11	0.9931	NA	15	47.4593	I_trbB;I_trbA;MOBP1;I_traI;I_traK;I_traL;I_traN;I_traO;I_traP;I_traQ;I_traR;traU;I_traW;I_traY	NF012171;NF012178;NF012147;NF033144;NF000270
OZ111328.1	ENA|OZ111328|OZ111328.1	9294	No terminal repeats	12	11	0.9952	NA	3	9.1824	MOBC	NA
OZ111397.1	NA	NA	NA	NA	NA	NA	NA	NA	NA	NA	NA
OZ111398.1	ENA|OZ111398|OZ111398.1	264905	No terminal repeats	292	11	0.9944	NA	17	194.5029	t4cp1;MOBH;F_traF;F_traH;F_traE;F_traB;F_traV;virb4;F_traW;F_traU;F_trbC	NF012171;NF012147;NF033144
OZ111399.1	ENA|OZ111399|OZ111399.1	210617	No terminal repeats	233	11	0.9931	NA	19	88.8186	t4cp1;MOBH;F_traF;F_traH;F_traG;F_trbC;F_traU;F_traW;virb4;F_traV;F_traB;F_traK;F_traE	NA
OZ111400.1	ENA|OZ111400|OZ111400.1	157952	No terminal repeats	168	11	0.9945	NA	23	88.7606	F_traW;F_traU;F_trbC;F_traN;F_traF;F_traH;F_traG;MOBF;F_traE;F_traL	NF000402
OZ111401.1	NA	NA	NA	NA	NA	NA	NA	NA	NA	NA	NA
OZ111402.1	ENA|OZ111402|OZ111402.1	63589	No terminal repeats	86	11	0.9917	NA	15	39.1630	I_trbB;I_trbA;MOBP1;I_traI;I_traK;I_traL;I_traN;I_traO;I_traP;I_traQ;I_traR;traU;I_traW;I_traY	NF040806
OZ111403.1	ENA|OZ111403|OZ111403.1	39251	No terminal repeats	38	11	0.9937	NA	1	15.8209	NA	NA
OZ111404.1	NA	NA	NA	NA	NA	NA	NA	NA	NA	NA	NA
OZ111405.1	NA	NA	NA	NA	NA	NA	NA	NA	NA	NA	NA
OZ111406.1	NA	NA	NA	NA	NA	NA	NA	NA	NA	NA	NA
OZ111407.1	NA	NA	NA	NA	NA	NA	NA	NA	NA	NA	NA
OZ111475.1	NA	NA	NA	NA	NA	NA	NA	NA	NA	NA	NA
OZ111476.1	ENA|OZ111476|OZ111476.1	271925	No terminal repeats	295	11	0.9944	NA	17	191.0500	t4cp1;MOBH;F_traF;F_traH;F_traE;F_traB;F_traV;virb4;F_traW;F_traU;F_trbC	NF012171;NF012147;NF033144
OZ111477.1	ENA|OZ111477|OZ111477.1	160303	No terminal repeats	166	11	0.9936	NA	18	84.7573	F_trbC;F_traU;F_traW;virb4;F_traV;F_traB;F_traK;F_traE;t4cp1;MOBH;F_traF;F_traH;F_traG	NA
OZ111478.1	ENA|OZ111478|OZ111478.1	153381	No terminal repeats	164	11	0.9945	NA	23	88.0802	F_traW;F_traU;F_trbC;F_traN;F_traF;F_traH;F_traG;MOBF;F_traE;F_traL	NF000402
OZ111479.1	NA	NA	NA	NA	NA	NA	NA	NA	NA	NA	NA
OZ111480.1	ENA|OZ111480|OZ111480.1	63589	No terminal repeats	86	11	0.9917	NA	15	39.1630	I_trbB;I_trbA;MOBP1;I_traI;I_traK;I_traL;I_traN;I_traO;I_traP;I_traQ;I_traR;traU;I_traW;I_traY	NF040806
OZ111481.1	ENA|OZ111481|OZ111481.1	39252	No terminal repeats	39	11	0.9939	NA	1	15.8209	NA	NA
OZ111482.1	NA	NA	NA	NA	NA	NA	NA	NA	NA	NA	NA
OZ111483.1	NA	NA	NA	NA	NA	NA	NA	NA	NA	NA	NA
OZ111484.1	NA	NA	NA	NA	NA	NA	NA	NA	NA	NA	NA
OZ111485.1	NA	NA	NA	NA	NA	NA	NA	NA	NA	NA	NA
OZ111486.1	NA	NA	NA	NA	NA	NA	NA	NA	NA	NA	NA
OZ111487.1	ENA|OZ111487|OZ111487.1	83774	No terminal repeats	116	11	0.9930	NA	3	32.0958	MOBC	NF040806;NF000270
OZ111488.1	NA	NA	NA	NA	NA	NA	NA	NA	NA	NA	NA
OZ111489.1	ENA|OZ111489|OZ111489.1	5137	No terminal repeats	8	11	0.9942	NA	2	3.7314	MOBP1	NA
OZ111490.1	ENA|OZ111490|OZ111490.1	3319	No terminal repeats	4	11	0.9909	NA	1	2.2083	NA	NA
OZ111550.1	NA	NA	NA	NA	NA	NA	NA	NA	NA	NA	NA
OZ111551.1	ENA|OZ111551|OZ111551.1	203788	No terminal repeats	230	11	0.9936	NA	19	87.3354	t4cp1;MOBH;F_traF;F_traH;F_traG;F_trbC;F_traU;F_traW;virb4;F_traV;F_traB;F_traK;F_traE	NA
OZ111552.1	ENA|OZ111552|OZ111552.1	192630	No terminal repeats	203	11	0.9944	NA	24	103.9011	F_traW;F_traU;F_trbC;F_traN;F_traF;F_traH;F_traG;MOBF;F_traE;F_traL	NF000402
OZ111553.1	ENA|OZ111553|OZ111553.1	94861	No terminal repeats	113	11	0.9930	NA	15	46.4672	I_trbB;I_trbA;MOBP1;I_traI;I_traK;I_traL;I_traN;I_traO;I_traP;I_traQ;I_traR;traU;I_traW;I_traY	NF012171;NF012178;NF012147;NF033144;NF000270
OZ111554.1	NA	NA	NA	NA	NA	NA	NA	NA	NA	NA	NA
OZ111555.1	NA	NA	NA	NA	NA	NA	NA	NA	NA	NA	NA
OZ111556.1	ENA|OZ111556|OZ111556.1	2460	No terminal repeats	3	11	0.9940	NA	1	1.9016	NA	NA
OZ197087.1	NA	NA	NA	NA	NA	NA	NA	NA	NA	NA	NA
OZ197092.1	NA	NA	NA	NA	NA	NA	NA	NA	NA	NA	NA
OZ197095.1	NA	NA	NA	NA	NA	NA	NA	NA	NA	NA	NA
OZ241822.1	NA	NA	NA	NA	NA	NA	NA	NA	NA	NA	NA
OZ241823.1	NA	NA	NA	NA	NA	NA	NA	NA	NA	NA	NA
OZ242472.1	NA	NA	NA	NA	NA	NA	NA	NA	NA	NA	NA
OZ242473.1	NA	NA	NA	NA	NA	NA	NA	NA	NA	NA	NA
OZ242525.1	NA	NA	NA	NA	NA	NA	NA	NA	NA	NA	NA
OZ242526.1	NA	NA	NA	NA	NA	NA	NA	NA	NA	NA	NA
OZ242548.1	NA	NA	NA	NA	NA	NA	NA	NA	NA	NA	NA
OZ282462.1	NA	NA	NA	NA	NA	NA	NA	NA	NA	NA	NA
OZ282463.1	ENA|OZ282463|OZ282463.1	70177	No terminal repeats	74	11	0.9909	NA	2	20.0287	NA	NF012176
OZ282464.1	ENA|OZ282464|OZ282464.1	36331	No terminal repeats	36	11	0.9877	NA	1	3.0564	NA	NF012176
OZ282467.1	NA	NA	NA	NA	NA	NA	NA	NA	NA	NA	NA
OZ282468.1	ENA|OZ282468|OZ282468.1	54220	No terminal repeats	58	11	0.9940	NA	5	22.6006	MOBV	NF012176;NF000027;NF000460;NF012171;NF040806;NF012167
OZ282469.1	NA	NA	NA	NA	NA	NA	NA	NA	NA	NA	NA
OZ282470.1	ENA|OZ282470|OZ282470.1	208043	No terminal repeats	224	11	0.9897	NA	3	49.4089	MOBP2;MOBV	NA
OZ282471.1	ENA|OZ282471|OZ282471.1	10366	No terminal repeats	12	11	0.9931	NA	1	6.3127	NA	NA
OZ345263.1	NA	NA	NA	NA	NA	NA	NA	NA	NA	NA	NA
QWKQ00000000	NA	NA	NA	NA	NA	NA	NA	NA	NA	NA	NA
